[2026-05-15T21:39:07Z] intake: issue=#45 title='T103 — Runtime correctness hotfixes for daemon checkpoint and branch isolation' branch=ticket/T103-t103-runtime-correctness-hotfixes-for-daemon-check
[2026-05-15T21:39:07Z] intake: done
[2026-05-15T21:39:07Z] bootstrap checkpoint completed
[2026-05-15T21:39:09Z] checkpoint push for T103
[2026-05-15T21:39:09Z] commit-checkpoint: skipped missing scope paths: package.json, package-lock.json
[2026-05-15T21:39:10Z] commit-checkpoint: sha=a8524d6 message='T103: checkpoint [INIT] — update workflow artifacts'
[2026-05-15T21:39:10Z] auto-run start: state=INIT
[2026-05-15T21:39:10Z] auto-run: running step=planner
[2026-05-15T21:39:10Z] prompt: resolved=prompts/generic/planner.md source=generic
[2026-05-15T21:39:10Z] prompt: generic fallback — injecting runs/T103/ticket.md
[2026-05-15T21:39:10Z] compose: global-context=docs/ai/global-context.md
[2026-05-15T21:39:10Z] compose: role=ai/roles/planner.md
[2026-05-15T21:39:10Z] compose: skill=ai/skills/workflow-discipline.md
[2026-05-15T21:39:10Z] compose: skill=ai/skills/architecture-discipline.md
[2026-05-15T21:39:10Z] compose: skill=ai/skills/documentation.md
[2026-05-15T21:39:10Z] compose: task (canonical prompt)
[2026-05-15T21:39:10Z] snapshot: runtime-prompt=runs/T103/prompts/planner-attempt-1.md
[2026-05-15T21:43:33Z] auto-run: step=planner done rc=0
[2026-05-15T21:43:33Z] planner validation success
[2026-05-15T21:43:33Z] auto-run: transition INIT → PLAN_REVIEW_NEEDED
[2026-05-15T21:45:30Z] commit-checkpoint: skipped missing scope paths: package.json, package-lock.json
[2026-05-15T21:45:30Z] commit-checkpoint: sha=219bfea message='T103: checkpoint [PLAN_REVIEW_NEEDED] — update workflow artifacts'
[2026-05-15T21:45:30Z] push: pushing branch=ticket/T103-t103-runtime-correctness-hotfixes-for-daemon-check
[2026-05-15T21:45:32Z] push: done branch=ticket/T103-t103-runtime-correctness-hotfixes-for-daemon-check
[2026-05-15T21:49:39Z] human-approval: request-plan-fix — PLAN_REVIEW_NEEDED → PLAN_FIX_REQUIRED
[2026-05-15T21:49:40Z] auto-run start: state=PLAN_FIX_REQUIRED
[2026-05-15T21:49:40Z] auto-run: running step=planner
[2026-05-15T21:49:40Z] auto-run: fix artifact missing: no file matching runs/T103/reviews/plan-review*.md
[2026-05-15T21:50:11Z] auto-run start: state=PLAN_FIX_REQUIRED
[2026-05-15T21:50:11Z] auto-run: running step=planner
[2026-05-15T21:50:11Z] auto-run: fix artifact missing: no file matching runs/T103/reviews/plan-review*.md
[2026-05-15T21:50:42Z] auto-run start: state=PLAN_FIX_REQUIRED
[2026-05-15T21:50:42Z] auto-run: running step=planner
[2026-05-15T21:50:42Z] auto-run: fix artifact missing: no file matching runs/T103/reviews/plan-review*.md
[2026-05-15T21:51:01Z] commit-checkpoint: skipped missing scope paths: package.json, package-lock.json
[2026-05-15T21:51:02Z] commit-checkpoint: sha=df7ad00 message='T103: checkpoint [PLAN_FIX_REQUIRED] — update workflow artifacts'
[2026-05-15T21:51:02Z] push: pushing branch=ticket/T103-t103-runtime-correctness-hotfixes-for-daemon-check
[2026-05-15T21:51:04Z] push: done branch=ticket/T103-t103-runtime-correctness-hotfixes-for-daemon-check
[2026-05-15T21:51:12Z] auto-run start: state=PLAN_FIX_REQUIRED
[2026-05-15T21:51:12Z] auto-run: running step=planner
[2026-05-15T21:51:12Z] auto-run: fix context: previous_output=runs/T103/plan.md
[2026-05-15T21:51:12Z] auto-run: fix context: review=runs/T103/reviews/plan-review-1.md
[2026-05-15T21:51:12Z] auto-run: fix context: fix_instructions=runs/T103/fixes/plan-fix-1.md
[2026-05-15T21:51:12Z] auto-run: fix context: context_file=runs/T103/fixes/context-20260515T215112Z.md
[2026-05-15T21:51:12Z] prompt: resolved=prompts/generic/planner.md source=generic
[2026-05-15T21:51:12Z] prompt: generic fallback — injecting runs/T103/ticket.md
[2026-05-15T21:51:12Z] compose: global-context=docs/ai/global-context.md
[2026-05-15T21:51:12Z] compose: role=ai/roles/planner.md
[2026-05-15T21:51:12Z] compose: skill=ai/skills/workflow-discipline.md
[2026-05-15T21:51:12Z] compose: skill=ai/skills/architecture-discipline.md
[2026-05-15T21:51:12Z] compose: skill=ai/skills/documentation.md
[2026-05-15T21:51:12Z] compose: task (canonical prompt)
[2026-05-15T21:51:12Z] compose: extra-context=runs/T103/fixes/context-20260515T215112Z.md
[2026-05-15T21:51:12Z] snapshot: runtime-prompt=runs/T103/prompts/planner-attempt-2.md
[2026-05-15T21:54:42Z] auto-run: step=planner done rc=0
[2026-05-15T21:54:42Z] planner validation success
[2026-05-15T21:54:42Z] auto-run: transition PLAN_FIX_REQUIRED → PLAN_REVIEW_NEEDED
[2026-05-15T21:57:06Z] commit-checkpoint: skipped missing scope paths: package.json, package-lock.json
[2026-05-15T21:57:06Z] commit-checkpoint: sha=ae8836f message='T103: checkpoint [PLAN_REVIEW_NEEDED] — update workflow artifacts'
[2026-05-15T21:57:10Z] push: pushing branch=ticket/T103-t103-runtime-correctness-hotfixes-for-daemon-check
[2026-05-15T21:57:12Z] push: done branch=ticket/T103-t103-runtime-correctness-hotfixes-for-daemon-check
[2026-05-15T21:57:41Z] human-approval: approve-plan — PLAN_REVIEW_NEEDED → PLAN_APPROVED
[2026-05-15T21:57:45Z] auto-run start: state=PLAN_APPROVED
[2026-05-15T21:57:45Z] auto-run: running step=coder
[2026-05-15T21:57:46Z] prompt: resolved=prompts/generic/coder.md source=generic
[2026-05-15T21:57:46Z] prompt: generic fallback — injecting runs/T103/ticket.md
[2026-05-15T21:57:46Z] compose: global-context=docs/ai/global-context.md
[2026-05-15T21:57:46Z] compose: role=ai/roles/coder.md
[2026-05-15T21:57:46Z] compose: skill=ai/skills/workflow-discipline.md
[2026-05-15T21:57:46Z] compose: skill=ai/skills/git-discipline.md
[2026-05-15T21:57:46Z] compose: skill=ai/skills/code-quality.md
[2026-05-15T21:57:46Z] compose: skill=ai/skills/refactor-safety.md
[2026-05-15T21:57:46Z] compose: skill=ai/skills/security.md
[2026-05-15T21:57:46Z] compose: task (canonical prompt)
[2026-05-15T21:57:46Z] snapshot: runtime-prompt=runs/T103/prompts/coder-attempt-1.md
[2026-05-15T22:00:44Z] auto-run: step=coder done rc=0
[2026-05-15T22:00:44Z] auto-run: transition PLAN_APPROVED → IMPLEMENTATION_REVIEW_NEEDED
[2026-05-15T22:01:14Z] commit-checkpoint: skipped missing scope paths: package.json, package-lock.json
[2026-05-15T22:01:15Z] commit-checkpoint: sha=1a5e379 message='T103: checkpoint [IMPLEMENTATION_REVIEW_NEEDED] — update workflow artifacts'
[2026-05-15T22:01:15Z] auto-run start: state=IMPLEMENTATION_REVIEW_NEEDED
[2026-05-15T22:01:15Z] auto-run: running step=review
[2026-05-15T22:01:15Z] auto-run: review decision context: context_file=runs/T103/reviews/review-decision-context-IMPLEMENTATION_REVIEW_NEEDED.md
[2026-05-15T22:01:15Z] prompt: resolved=prompts/generic/review.md source=generic
[2026-05-15T22:01:15Z] prompt: generic fallback — injecting runs/T103/ticket.md
[2026-05-15T22:01:15Z] compose: global-context=docs/ai/global-context.md
[2026-05-15T22:01:15Z] compose: role=ai/roles/reviewer.md
[2026-05-15T22:01:15Z] compose: skill=ai/skills/workflow-discipline.md
[2026-05-15T22:01:15Z] compose: skill=ai/skills/code-quality.md
[2026-05-15T22:01:15Z] compose: skill=ai/skills/refactor-safety.md
[2026-05-15T22:01:15Z] compose: skill=ai/skills/security.md
[2026-05-15T22:01:15Z] compose: task (canonical prompt)
[2026-05-15T22:01:15Z] compose: extra-context=runs/T103/reviews/review-decision-context-IMPLEMENTATION_REVIEW_NEEDED.md
[2026-05-15T22:01:15Z] snapshot: runtime-prompt=runs/T103/prompts/review-attempt-1.md
[2026-05-15T22:05:45Z] auto-run: step=review done rc=0
[2026-05-15T22:05:45Z] auto-run: review parsed from: runs/T103/reviews/implementation-review.md
[2026-05-15T22:05:45Z] auto-run: no keyword found in runs/T103/reviews/implementation-review.md
[2026-05-15T22:06:16Z] commit-checkpoint: skipped missing scope paths: package.json, package-lock.json
[2026-05-15T22:06:16Z] commit-checkpoint: sha=d23fb55 message='T103: checkpoint [IMPLEMENTATION_REVIEW_NEEDED] — update workflow artifacts'
[2026-05-15T22:06:16Z] auto-run start: state=IMPLEMENTATION_REVIEW_NEEDED
[2026-05-15T22:06:16Z] auto-run: running step=review
[2026-05-15T22:06:16Z] auto-run: review decision context: context_file=runs/T103/reviews/review-decision-context-IMPLEMENTATION_REVIEW_NEEDED.md
[2026-05-15T22:06:16Z] prompt: resolved=prompts/generic/review.md source=generic
[2026-05-15T22:06:16Z] prompt: generic fallback — injecting runs/T103/ticket.md
[2026-05-15T22:06:16Z] compose: global-context=docs/ai/global-context.md
[2026-05-15T22:06:16Z] compose: role=ai/roles/reviewer.md
[2026-05-15T22:06:16Z] compose: skill=ai/skills/workflow-discipline.md
[2026-05-15T22:06:16Z] compose: skill=ai/skills/code-quality.md
[2026-05-15T22:06:16Z] compose: skill=ai/skills/refactor-safety.md
[2026-05-15T22:06:16Z] compose: skill=ai/skills/security.md
[2026-05-15T22:06:16Z] compose: task (canonical prompt)
[2026-05-15T22:06:16Z] compose: extra-context=runs/T103/reviews/review-decision-context-IMPLEMENTATION_REVIEW_NEEDED.md
[2026-05-15T22:06:16Z] snapshot: runtime-prompt=runs/T103/prompts/review-attempt-2.md
[2026-05-15T22:11:59Z] auto-run: step=review done rc=0
[2026-05-15T22:11:59Z] auto-run: review parsed from: runs/T103/reviews/implementation-review.md
[2026-05-15T22:11:59Z] auto-run: review keyword detected: IMPLEMENTATION_FIX_REQUIRED
[2026-05-15T22:11:59Z] auto-run: transition IMPLEMENTATION_REVIEW_NEEDED → IMPLEMENTATION_FIX_REQUIRED
[2026-05-15T22:11:59Z] auto-run: fix artifact written: runs/T103/fixes/implementation-fix-1.md
[2026-05-15T22:12:30Z] commit-checkpoint: skipped missing scope paths: package.json, package-lock.json
[2026-05-15T22:12:30Z] commit-checkpoint: sha=7bef270 message='T103: checkpoint [IMPLEMENTATION_FIX_REQUIRED] — update workflow artifacts'
[2026-05-15T22:12:31Z] auto-run start: state=IMPLEMENTATION_FIX_REQUIRED
[2026-05-15T22:12:31Z] auto-run: running step=coder
[2026-05-15T22:12:31Z] auto-run: fix context: previous_output=runs/T103/implementation-output.md
[2026-05-15T22:12:31Z] auto-run: fix context: review=runs/T103/reviews/implementation-review.md
[2026-05-15T22:12:31Z] auto-run: fix context: fix_instructions=runs/T103/fixes/implementation-fix-1.md
[2026-05-15T22:12:31Z] auto-run: fix context: context_file=runs/T103/fixes/context-20260515T221231Z.md
[2026-05-15T22:12:31Z] prompt: resolved=prompts/generic/coder.md source=generic
[2026-05-15T22:12:31Z] prompt: generic fallback — injecting runs/T103/ticket.md
[2026-05-15T22:12:31Z] compose: global-context=docs/ai/global-context.md
[2026-05-15T22:12:31Z] compose: role=ai/roles/coder.md
[2026-05-15T22:12:31Z] compose: skill=ai/skills/workflow-discipline.md
[2026-05-15T22:12:31Z] compose: skill=ai/skills/git-discipline.md
[2026-05-15T22:12:31Z] compose: skill=ai/skills/code-quality.md
[2026-05-15T22:12:31Z] compose: skill=ai/skills/refactor-safety.md
[2026-05-15T22:12:31Z] compose: skill=ai/skills/security.md
[2026-05-15T22:12:31Z] compose: task (canonical prompt)
[2026-05-15T22:12:31Z] compose: extra-context=runs/T103/fixes/context-20260515T221231Z.md
[2026-05-15T22:12:31Z] snapshot: runtime-prompt=runs/T103/prompts/coder-attempt-2.md
[2026-05-15T22:14:04Z] auto-run: step=coder done rc=0
[2026-05-15T22:14:04Z] auto-run: transition IMPLEMENTATION_FIX_REQUIRED → IMPLEMENTATION_REVIEW_NEEDED
[2026-05-15T22:14:35Z] commit-checkpoint: skipped missing scope paths: package.json, package-lock.json
[2026-05-15T22:14:35Z] commit-checkpoint: sha=3fd16e7 message='T103: checkpoint [IMPLEMENTATION_REVIEW_NEEDED] — update workflow artifacts'
[2026-05-15T22:14:35Z] auto-run start: state=IMPLEMENTATION_REVIEW_NEEDED
[2026-05-15T22:14:35Z] auto-run: running step=review
[2026-05-15T22:14:35Z] auto-run: review decision context: context_file=runs/T103/reviews/review-decision-context-IMPLEMENTATION_REVIEW_NEEDED.md
[2026-05-15T22:14:35Z] prompt: resolved=prompts/generic/review.md source=generic
[2026-05-15T22:14:35Z] prompt: generic fallback — injecting runs/T103/ticket.md
[2026-05-15T22:14:35Z] compose: global-context=docs/ai/global-context.md
[2026-05-15T22:14:35Z] compose: role=ai/roles/reviewer.md
[2026-05-15T22:14:35Z] compose: skill=ai/skills/workflow-discipline.md
[2026-05-15T22:14:35Z] compose: skill=ai/skills/code-quality.md
[2026-05-15T22:14:35Z] compose: skill=ai/skills/refactor-safety.md
[2026-05-15T22:14:35Z] compose: skill=ai/skills/security.md
[2026-05-15T22:14:35Z] compose: task (canonical prompt)
[2026-05-15T22:14:35Z] compose: extra-context=runs/T103/reviews/review-decision-context-IMPLEMENTATION_REVIEW_NEEDED.md
[2026-05-15T22:14:35Z] snapshot: runtime-prompt=runs/T103/prompts/review-attempt-3.md
[2026-05-15T22:17:01Z] auto-run: step=review done rc=0
[2026-05-15T22:17:01Z] auto-run: review parsed from: runs/T103/reviews/implementation-review.md
[2026-05-15T22:17:01Z] auto-run: review keyword detected: IMPLEMENTATION_APPROVED
[2026-05-15T22:17:01Z] auto-run: transition IMPLEMENTATION_REVIEW_NEEDED → IMPLEMENTATION_APPROVED
[2026-05-15T22:17:32Z] commit-checkpoint: skipped missing scope paths: package.json, package-lock.json
[2026-05-15T22:17:32Z] commit-checkpoint: sha=8f8095d message='T103: checkpoint [IMPLEMENTATION_APPROVED] — update workflow artifacts'
[2026-05-15T22:17:32Z] auto-run start: state=IMPLEMENTATION_APPROVED
[2026-05-15T22:17:32Z] auto-run: running step=tester
[2026-05-15T22:17:32Z] prompt: resolved=prompts/generic/tester.md source=generic
[2026-05-15T22:17:32Z] prompt: generic fallback — injecting runs/T103/ticket.md
[2026-05-15T22:17:32Z] compose: global-context=docs/ai/global-context.md
[2026-05-15T22:17:32Z] compose: role=ai/roles/tester.md
[2026-05-15T22:17:32Z] compose: skill=ai/skills/workflow-discipline.md
[2026-05-15T22:17:32Z] compose: skill=ai/skills/testing.md
[2026-05-15T22:17:32Z] compose: skill=ai/skills/debugging.md
[2026-05-15T22:17:32Z] compose: task (canonical prompt)
[2026-05-15T22:17:32Z] snapshot: runtime-prompt=runs/T103/prompts/tester-attempt-1.md
[2026-05-15T22:22:10Z] auto-run: step=tester done rc=0
[2026-05-15T22:22:10Z] auto-run: transition IMPLEMENTATION_APPROVED → TEST_COMPLETE
[2026-05-15T22:22:40Z] commit-checkpoint: skipped missing scope paths: package.json, package-lock.json
[2026-05-15T22:22:41Z] commit-checkpoint: sha=748e97a message='T103: checkpoint [TEST_COMPLETE] — update workflow artifacts'
[2026-05-15T22:22:41Z] push: pushing branch=ticket/T103-t103-runtime-correctness-hotfixes-for-daemon-check
[2026-05-15T22:22:43Z] push: done branch=ticket/T103-t103-runtime-correctness-hotfixes-for-daemon-check
[2026-05-15T22:23:30Z] commit-checkpoint: refused — current branch 'ticket/T107-t104-per-ticket-worker-worktrees-and-isolated-runt' does not match state branch 'ticket/T103-t103-runtime-correctness-hotfixes-for-daemon-check'
[2026-05-15T22:44:11Z] commit-checkpoint: refused — current branch 'ticket/T107-t107-project-guardian-regression-agent' does not match state branch 'ticket/T103-t103-runtime-correctness-hotfixes-for-daemon-check'
[2026-05-15T22:52:43Z] commit-checkpoint: refused — current branch 'ticket/T107-t107-project-guardian-regression-agent' does not match state branch 'ticket/T103-t103-runtime-correctness-hotfixes-for-daemon-check'
[2026-05-15T22:57:32Z] commit-checkpoint: refused — current branch 'ticket/T104-t104-per-ticket-worker-worktrees-and-isolated-runt' does not match state branch 'ticket/T103-t103-runtime-correctness-hotfixes-for-daemon-check'
[2026-05-15T23:04:11Z] commit-checkpoint: refused — current branch 'ticket/T104-t104-per-ticket-worker-worktrees-and-isolated-runt' does not match state branch 'ticket/T103-t103-runtime-correctness-hotfixes-for-daemon-check'
[2026-05-15T23:04:48Z] commit-checkpoint: refused — current branch 'ticket/T105-t105-automatic-merge-after-test-complete' does not match state branch 'ticket/T103-t103-runtime-correctness-hotfixes-for-daemon-check'
[2026-05-15T23:08:15Z] commit-checkpoint: refused — current branch 'ticket/T105-t105-automatic-merge-after-test-complete' does not match state branch 'ticket/T103-t103-runtime-correctness-hotfixes-for-daemon-check'
[2026-05-15T23:08:51Z] commit-checkpoint: refused — current branch 'ticket/T106-t106-project-issue-tree-agent-and-dependency-map' does not match state branch 'ticket/T103-t103-runtime-correctness-hotfixes-for-daemon-check'
[2026-05-15T23:18:24Z] commit-checkpoint: refused — current branch 'main' does not match state branch 'ticket/T103-t103-runtime-correctness-hotfixes-for-daemon-check'
[2026-05-15T23:34:12Z] commit-checkpoint: refused — current branch 'main' does not match state branch 'ticket/T103-t103-runtime-correctness-hotfixes-for-daemon-check'
[2026-05-15T23:42:45Z] commit-checkpoint: refused — current branch 'main' does not match state branch 'ticket/T103-t103-runtime-correctness-hotfixes-for-daemon-check'
[2026-05-15T23:47:03Z] commit-checkpoint: refused — current branch 'ticket/T104-t104-per-ticket-worker-worktrees-and-isolated-runt' does not match state branch 'ticket/T103-t103-runtime-correctness-hotfixes-for-daemon-check'
[2026-05-15T23:51:09Z] commit-checkpoint: refused — current branch 'ticket/T104-t104-per-ticket-worker-worktrees-and-isolated-runt' does not match state branch 'ticket/T103-t103-runtime-correctness-hotfixes-for-daemon-check'
[2026-05-15T23:56:31Z] commit-checkpoint: refused — current branch 'main' does not match state branch 'ticket/T103-t103-runtime-correctness-hotfixes-for-daemon-check'
[2026-05-15T23:57:02Z] commit-checkpoint: refused — current branch 'main' does not match state branch 'ticket/T103-t103-runtime-correctness-hotfixes-for-daemon-check'
[2026-05-15T23:57:33Z] commit-checkpoint: refused — current branch 'main' does not match state branch 'ticket/T103-t103-runtime-correctness-hotfixes-for-daemon-check'
[2026-05-15T23:58:04Z] commit-checkpoint: refused — current branch 'main' does not match state branch 'ticket/T103-t103-runtime-correctness-hotfixes-for-daemon-check'
[2026-05-15T23:58:34Z] commit-checkpoint: refused — current branch 'main' does not match state branch 'ticket/T103-t103-runtime-correctness-hotfixes-for-daemon-check'
[2026-05-15T23:59:05Z] commit-checkpoint: refused — current branch 'main' does not match state branch 'ticket/T103-t103-runtime-correctness-hotfixes-for-daemon-check'
[2026-05-15T23:59:36Z] commit-checkpoint: refused — current branch 'main' does not match state branch 'ticket/T103-t103-runtime-correctness-hotfixes-for-daemon-check'
[2026-05-16T00:00:07Z] commit-checkpoint: refused — current branch 'main' does not match state branch 'ticket/T103-t103-runtime-correctness-hotfixes-for-daemon-check'
[2026-05-16T00:00:37Z] commit-checkpoint: refused — current branch 'main' does not match state branch 'ticket/T103-t103-runtime-correctness-hotfixes-for-daemon-check'
[2026-05-16T00:01:08Z] commit-checkpoint: refused — current branch 'main' does not match state branch 'ticket/T103-t103-runtime-correctness-hotfixes-for-daemon-check'
[2026-05-16T00:01:39Z] commit-checkpoint: refused — current branch 'main' does not match state branch 'ticket/T103-t103-runtime-correctness-hotfixes-for-daemon-check'
[2026-05-16T00:02:10Z] commit-checkpoint: refused — current branch 'main' does not match state branch 'ticket/T103-t103-runtime-correctness-hotfixes-for-daemon-check'
[2026-05-16T00:02:41Z] commit-checkpoint: refused — current branch 'main' does not match state branch 'ticket/T103-t103-runtime-correctness-hotfixes-for-daemon-check'
[2026-05-16T00:03:11Z] commit-checkpoint: refused — current branch 'main' does not match state branch 'ticket/T103-t103-runtime-correctness-hotfixes-for-daemon-check'
[2026-05-16T00:03:42Z] commit-checkpoint: refused — current branch 'main' does not match state branch 'ticket/T103-t103-runtime-correctness-hotfixes-for-daemon-check'
[2026-05-16T00:04:13Z] commit-checkpoint: refused — current branch 'main' does not match state branch 'ticket/T103-t103-runtime-correctness-hotfixes-for-daemon-check'
[2026-05-16T00:04:44Z] commit-checkpoint: refused — current branch 'main' does not match state branch 'ticket/T103-t103-runtime-correctness-hotfixes-for-daemon-check'
[2026-05-16T00:05:15Z] commit-checkpoint: refused — current branch 'main' does not match state branch 'ticket/T103-t103-runtime-correctness-hotfixes-for-daemon-check'
[2026-05-16T00:05:45Z] commit-checkpoint: refused — current branch 'main' does not match state branch 'ticket/T103-t103-runtime-correctness-hotfixes-for-daemon-check'
[2026-05-16T00:06:16Z] commit-checkpoint: refused — current branch 'main' does not match state branch 'ticket/T103-t103-runtime-correctness-hotfixes-for-daemon-check'
[2026-05-16T00:06:47Z] commit-checkpoint: refused — current branch 'main' does not match state branch 'ticket/T103-t103-runtime-correctness-hotfixes-for-daemon-check'
[2026-05-16T00:07:18Z] commit-checkpoint: refused — current branch 'main' does not match state branch 'ticket/T103-t103-runtime-correctness-hotfixes-for-daemon-check'
[2026-05-16T00:07:49Z] commit-checkpoint: refused — current branch 'main' does not match state branch 'ticket/T103-t103-runtime-correctness-hotfixes-for-daemon-check'
[2026-05-16T00:08:19Z] commit-checkpoint: refused — current branch 'main' does not match state branch 'ticket/T103-t103-runtime-correctness-hotfixes-for-daemon-check'
[2026-05-16T00:08:50Z] commit-checkpoint: refused — current branch 'main' does not match state branch 'ticket/T103-t103-runtime-correctness-hotfixes-for-daemon-check'
[2026-05-16T00:09:21Z] commit-checkpoint: refused — current branch 'main' does not match state branch 'ticket/T103-t103-runtime-correctness-hotfixes-for-daemon-check'
[2026-05-16T00:09:52Z] commit-checkpoint: refused — current branch 'main' does not match state branch 'ticket/T103-t103-runtime-correctness-hotfixes-for-daemon-check'
[2026-05-16T00:10:23Z] commit-checkpoint: refused — current branch 'main' does not match state branch 'ticket/T103-t103-runtime-correctness-hotfixes-for-daemon-check'
[2026-05-16T00:10:53Z] commit-checkpoint: refused — current branch 'main' does not match state branch 'ticket/T103-t103-runtime-correctness-hotfixes-for-daemon-check'
[2026-05-16T00:11:24Z] commit-checkpoint: refused — current branch 'main' does not match state branch 'ticket/T103-t103-runtime-correctness-hotfixes-for-daemon-check'
[2026-05-16T00:11:55Z] commit-checkpoint: refused — current branch 'main' does not match state branch 'ticket/T103-t103-runtime-correctness-hotfixes-for-daemon-check'
[2026-05-16T00:12:26Z] commit-checkpoint: refused — current branch 'main' does not match state branch 'ticket/T103-t103-runtime-correctness-hotfixes-for-daemon-check'
[2026-05-16T00:12:56Z] commit-checkpoint: refused — current branch 'main' does not match state branch 'ticket/T103-t103-runtime-correctness-hotfixes-for-daemon-check'
[2026-05-16T00:13:27Z] commit-checkpoint: refused — current branch 'main' does not match state branch 'ticket/T103-t103-runtime-correctness-hotfixes-for-daemon-check'
[2026-05-16T00:13:58Z] commit-checkpoint: refused — current branch 'main' does not match state branch 'ticket/T103-t103-runtime-correctness-hotfixes-for-daemon-check'
[2026-05-16T00:14:29Z] commit-checkpoint: refused — current branch 'main' does not match state branch 'ticket/T103-t103-runtime-correctness-hotfixes-for-daemon-check'
[2026-05-16T00:15:00Z] commit-checkpoint: refused — current branch 'main' does not match state branch 'ticket/T103-t103-runtime-correctness-hotfixes-for-daemon-check'
[2026-05-16T00:15:30Z] commit-checkpoint: refused — current branch 'main' does not match state branch 'ticket/T103-t103-runtime-correctness-hotfixes-for-daemon-check'
[2026-05-16T00:16:01Z] commit-checkpoint: refused — current branch 'main' does not match state branch 'ticket/T103-t103-runtime-correctness-hotfixes-for-daemon-check'
[2026-05-16T00:16:32Z] commit-checkpoint: refused — current branch 'main' does not match state branch 'ticket/T103-t103-runtime-correctness-hotfixes-for-daemon-check'
[2026-05-16T00:17:03Z] commit-checkpoint: refused — current branch 'main' does not match state branch 'ticket/T103-t103-runtime-correctness-hotfixes-for-daemon-check'
[2026-05-16T00:17:34Z] commit-checkpoint: refused — current branch 'main' does not match state branch 'ticket/T103-t103-runtime-correctness-hotfixes-for-daemon-check'
[2026-05-16T00:18:04Z] commit-checkpoint: refused — current branch 'main' does not match state branch 'ticket/T103-t103-runtime-correctness-hotfixes-for-daemon-check'
[2026-05-16T00:18:35Z] commit-checkpoint: refused — current branch 'main' does not match state branch 'ticket/T103-t103-runtime-correctness-hotfixes-for-daemon-check'
[2026-05-16T00:19:06Z] commit-checkpoint: refused — current branch 'main' does not match state branch 'ticket/T103-t103-runtime-correctness-hotfixes-for-daemon-check'
[2026-05-16T00:19:37Z] commit-checkpoint: refused — current branch 'main' does not match state branch 'ticket/T103-t103-runtime-correctness-hotfixes-for-daemon-check'
[2026-05-16T00:20:08Z] commit-checkpoint: refused — current branch 'main' does not match state branch 'ticket/T103-t103-runtime-correctness-hotfixes-for-daemon-check'
[2026-05-16T00:20:38Z] commit-checkpoint: refused — current branch 'main' does not match state branch 'ticket/T103-t103-runtime-correctness-hotfixes-for-daemon-check'
[2026-05-16T00:21:09Z] commit-checkpoint: refused — current branch 'main' does not match state branch 'ticket/T103-t103-runtime-correctness-hotfixes-for-daemon-check'
[2026-05-16T00:21:40Z] commit-checkpoint: refused — current branch 'main' does not match state branch 'ticket/T103-t103-runtime-correctness-hotfixes-for-daemon-check'
[2026-05-16T00:22:11Z] commit-checkpoint: refused — current branch 'main' does not match state branch 'ticket/T103-t103-runtime-correctness-hotfixes-for-daemon-check'
[2026-05-16T00:22:42Z] commit-checkpoint: refused — current branch 'main' does not match state branch 'ticket/T103-t103-runtime-correctness-hotfixes-for-daemon-check'
[2026-05-16T00:23:13Z] commit-checkpoint: refused — current branch 'main' does not match state branch 'ticket/T103-t103-runtime-correctness-hotfixes-for-daemon-check'
[2026-05-16T00:23:44Z] commit-checkpoint: refused — current branch 'main' does not match state branch 'ticket/T103-t103-runtime-correctness-hotfixes-for-daemon-check'
[2026-05-16T00:24:14Z] commit-checkpoint: refused — current branch 'main' does not match state branch 'ticket/T103-t103-runtime-correctness-hotfixes-for-daemon-check'
[2026-05-16T00:24:45Z] commit-checkpoint: refused — current branch 'main' does not match state branch 'ticket/T103-t103-runtime-correctness-hotfixes-for-daemon-check'
[2026-05-16T00:25:16Z] commit-checkpoint: refused — current branch 'main' does not match state branch 'ticket/T103-t103-runtime-correctness-hotfixes-for-daemon-check'
[2026-05-16T00:25:47Z] commit-checkpoint: refused — current branch 'main' does not match state branch 'ticket/T103-t103-runtime-correctness-hotfixes-for-daemon-check'
[2026-05-16T00:26:17Z] commit-checkpoint: refused — current branch 'main' does not match state branch 'ticket/T103-t103-runtime-correctness-hotfixes-for-daemon-check'
[2026-05-16T00:26:48Z] commit-checkpoint: refused — current branch 'main' does not match state branch 'ticket/T103-t103-runtime-correctness-hotfixes-for-daemon-check'
[2026-05-16T00:27:19Z] commit-checkpoint: refused — current branch 'main' does not match state branch 'ticket/T103-t103-runtime-correctness-hotfixes-for-daemon-check'
[2026-05-16T00:27:50Z] commit-checkpoint: refused — current branch 'main' does not match state branch 'ticket/T103-t103-runtime-correctness-hotfixes-for-daemon-check'
[2026-05-16T00:28:21Z] commit-checkpoint: refused — current branch 'main' does not match state branch 'ticket/T103-t103-runtime-correctness-hotfixes-for-daemon-check'
[2026-05-16T00:28:51Z] commit-checkpoint: refused — current branch 'main' does not match state branch 'ticket/T103-t103-runtime-correctness-hotfixes-for-daemon-check'
[2026-05-16T00:29:22Z] commit-checkpoint: refused — current branch 'main' does not match state branch 'ticket/T103-t103-runtime-correctness-hotfixes-for-daemon-check'
[2026-05-16T00:29:53Z] commit-checkpoint: refused — current branch 'main' does not match state branch 'ticket/T103-t103-runtime-correctness-hotfixes-for-daemon-check'
[2026-05-16T00:30:24Z] commit-checkpoint: refused — current branch 'main' does not match state branch 'ticket/T103-t103-runtime-correctness-hotfixes-for-daemon-check'
[2026-05-16T00:30:55Z] commit-checkpoint: refused — current branch 'main' does not match state branch 'ticket/T103-t103-runtime-correctness-hotfixes-for-daemon-check'
[2026-05-16T00:31:25Z] commit-checkpoint: refused — current branch 'main' does not match state branch 'ticket/T103-t103-runtime-correctness-hotfixes-for-daemon-check'
[2026-05-16T00:31:56Z] commit-checkpoint: refused — current branch 'main' does not match state branch 'ticket/T103-t103-runtime-correctness-hotfixes-for-daemon-check'
[2026-05-16T00:32:27Z] commit-checkpoint: refused — current branch 'main' does not match state branch 'ticket/T103-t103-runtime-correctness-hotfixes-for-daemon-check'
[2026-05-16T00:32:58Z] commit-checkpoint: refused — current branch 'main' does not match state branch 'ticket/T103-t103-runtime-correctness-hotfixes-for-daemon-check'
[2026-05-16T00:33:29Z] commit-checkpoint: refused — current branch 'main' does not match state branch 'ticket/T103-t103-runtime-correctness-hotfixes-for-daemon-check'
[2026-05-16T00:33:59Z] commit-checkpoint: refused — current branch 'main' does not match state branch 'ticket/T103-t103-runtime-correctness-hotfixes-for-daemon-check'
[2026-05-16T00:34:30Z] commit-checkpoint: refused — current branch 'main' does not match state branch 'ticket/T103-t103-runtime-correctness-hotfixes-for-daemon-check'
[2026-05-16T00:35:01Z] commit-checkpoint: refused — current branch 'main' does not match state branch 'ticket/T103-t103-runtime-correctness-hotfixes-for-daemon-check'
[2026-05-16T00:35:32Z] commit-checkpoint: refused — current branch 'main' does not match state branch 'ticket/T103-t103-runtime-correctness-hotfixes-for-daemon-check'
[2026-05-16T00:36:03Z] commit-checkpoint: refused — current branch 'main' does not match state branch 'ticket/T103-t103-runtime-correctness-hotfixes-for-daemon-check'
[2026-05-16T00:36:33Z] commit-checkpoint: refused — current branch 'main' does not match state branch 'ticket/T103-t103-runtime-correctness-hotfixes-for-daemon-check'
[2026-05-16T00:37:04Z] commit-checkpoint: refused — current branch 'main' does not match state branch 'ticket/T103-t103-runtime-correctness-hotfixes-for-daemon-check'
[2026-05-16T00:37:35Z] commit-checkpoint: refused — current branch 'main' does not match state branch 'ticket/T103-t103-runtime-correctness-hotfixes-for-daemon-check'
[2026-05-16T00:38:06Z] commit-checkpoint: refused — current branch 'main' does not match state branch 'ticket/T103-t103-runtime-correctness-hotfixes-for-daemon-check'
[2026-05-16T00:38:37Z] commit-checkpoint: refused — current branch 'main' does not match state branch 'ticket/T103-t103-runtime-correctness-hotfixes-for-daemon-check'
[2026-05-16T00:39:07Z] commit-checkpoint: refused — current branch 'main' does not match state branch 'ticket/T103-t103-runtime-correctness-hotfixes-for-daemon-check'
[2026-05-16T00:39:38Z] commit-checkpoint: refused — current branch 'main' does not match state branch 'ticket/T103-t103-runtime-correctness-hotfixes-for-daemon-check'
[2026-05-16T00:40:09Z] commit-checkpoint: refused — current branch 'main' does not match state branch 'ticket/T103-t103-runtime-correctness-hotfixes-for-daemon-check'
[2026-05-16T00:40:40Z] commit-checkpoint: refused — current branch 'main' does not match state branch 'ticket/T103-t103-runtime-correctness-hotfixes-for-daemon-check'
[2026-05-16T00:41:11Z] commit-checkpoint: refused — current branch 'main' does not match state branch 'ticket/T103-t103-runtime-correctness-hotfixes-for-daemon-check'
[2026-05-16T00:41:41Z] commit-checkpoint: refused — current branch 'main' does not match state branch 'ticket/T103-t103-runtime-correctness-hotfixes-for-daemon-check'
[2026-05-16T00:42:12Z] commit-checkpoint: refused — current branch 'main' does not match state branch 'ticket/T103-t103-runtime-correctness-hotfixes-for-daemon-check'
[2026-05-16T00:42:43Z] commit-checkpoint: refused — current branch 'main' does not match state branch 'ticket/T103-t103-runtime-correctness-hotfixes-for-daemon-check'
[2026-05-16T00:43:13Z] commit-checkpoint: refused — current branch 'main' does not match state branch 'ticket/T103-t103-runtime-correctness-hotfixes-for-daemon-check'
[2026-05-16T00:43:44Z] commit-checkpoint: refused — current branch 'main' does not match state branch 'ticket/T103-t103-runtime-correctness-hotfixes-for-daemon-check'
[2026-05-16T00:44:15Z] commit-checkpoint: refused — current branch 'main' does not match state branch 'ticket/T103-t103-runtime-correctness-hotfixes-for-daemon-check'
[2026-05-16T00:44:46Z] commit-checkpoint: refused — current branch 'main' does not match state branch 'ticket/T103-t103-runtime-correctness-hotfixes-for-daemon-check'
[2026-05-16T00:45:16Z] commit-checkpoint: refused — current branch 'main' does not match state branch 'ticket/T103-t103-runtime-correctness-hotfixes-for-daemon-check'
[2026-05-16T00:45:47Z] commit-checkpoint: refused — current branch 'main' does not match state branch 'ticket/T103-t103-runtime-correctness-hotfixes-for-daemon-check'
[2026-05-16T00:46:18Z] commit-checkpoint: refused — current branch 'main' does not match state branch 'ticket/T103-t103-runtime-correctness-hotfixes-for-daemon-check'
[2026-05-16T00:46:49Z] commit-checkpoint: refused — current branch 'main' does not match state branch 'ticket/T103-t103-runtime-correctness-hotfixes-for-daemon-check'
[2026-05-16T00:47:20Z] commit-checkpoint: refused — current branch 'main' does not match state branch 'ticket/T103-t103-runtime-correctness-hotfixes-for-daemon-check'
[2026-05-16T00:47:51Z] commit-checkpoint: refused — current branch 'main' does not match state branch 'ticket/T103-t103-runtime-correctness-hotfixes-for-daemon-check'
[2026-05-16T00:48:21Z] commit-checkpoint: refused — current branch 'main' does not match state branch 'ticket/T103-t103-runtime-correctness-hotfixes-for-daemon-check'
[2026-05-16T00:48:52Z] commit-checkpoint: refused — current branch 'main' does not match state branch 'ticket/T103-t103-runtime-correctness-hotfixes-for-daemon-check'
[2026-05-16T00:49:23Z] commit-checkpoint: refused — current branch 'main' does not match state branch 'ticket/T103-t103-runtime-correctness-hotfixes-for-daemon-check'
[2026-05-16T00:49:54Z] commit-checkpoint: refused — current branch 'main' does not match state branch 'ticket/T103-t103-runtime-correctness-hotfixes-for-daemon-check'
[2026-05-16T00:50:24Z] commit-checkpoint: refused — current branch 'main' does not match state branch 'ticket/T103-t103-runtime-correctness-hotfixes-for-daemon-check'
[2026-05-16T00:50:55Z] commit-checkpoint: refused — current branch 'main' does not match state branch 'ticket/T103-t103-runtime-correctness-hotfixes-for-daemon-check'
[2026-05-16T00:51:26Z] commit-checkpoint: refused — current branch 'main' does not match state branch 'ticket/T103-t103-runtime-correctness-hotfixes-for-daemon-check'
[2026-05-16T00:51:57Z] commit-checkpoint: refused — current branch 'main' does not match state branch 'ticket/T103-t103-runtime-correctness-hotfixes-for-daemon-check'
[2026-05-16T00:52:27Z] commit-checkpoint: refused — current branch 'main' does not match state branch 'ticket/T103-t103-runtime-correctness-hotfixes-for-daemon-check'
[2026-05-16T00:52:58Z] commit-checkpoint: refused — current branch 'main' does not match state branch 'ticket/T103-t103-runtime-correctness-hotfixes-for-daemon-check'
[2026-05-16T00:53:29Z] commit-checkpoint: refused — current branch 'main' does not match state branch 'ticket/T103-t103-runtime-correctness-hotfixes-for-daemon-check'
[2026-05-16T00:54:00Z] commit-checkpoint: refused — current branch 'main' does not match state branch 'ticket/T103-t103-runtime-correctness-hotfixes-for-daemon-check'
[2026-05-16T00:54:31Z] commit-checkpoint: refused — current branch 'main' does not match state branch 'ticket/T103-t103-runtime-correctness-hotfixes-for-daemon-check'
[2026-05-16T00:55:01Z] commit-checkpoint: refused — current branch 'main' does not match state branch 'ticket/T103-t103-runtime-correctness-hotfixes-for-daemon-check'
[2026-05-16T00:55:32Z] commit-checkpoint: refused — current branch 'main' does not match state branch 'ticket/T103-t103-runtime-correctness-hotfixes-for-daemon-check'
[2026-05-16T00:56:03Z] commit-checkpoint: refused — current branch 'main' does not match state branch 'ticket/T103-t103-runtime-correctness-hotfixes-for-daemon-check'
[2026-05-16T00:56:34Z] commit-checkpoint: refused — current branch 'main' does not match state branch 'ticket/T103-t103-runtime-correctness-hotfixes-for-daemon-check'
[2026-05-16T00:57:04Z] commit-checkpoint: refused — current branch 'main' does not match state branch 'ticket/T103-t103-runtime-correctness-hotfixes-for-daemon-check'
[2026-05-16T00:57:35Z] commit-checkpoint: refused — current branch 'main' does not match state branch 'ticket/T103-t103-runtime-correctness-hotfixes-for-daemon-check'
[2026-05-16T00:58:06Z] commit-checkpoint: refused — current branch 'main' does not match state branch 'ticket/T103-t103-runtime-correctness-hotfixes-for-daemon-check'
[2026-05-16T00:58:37Z] commit-checkpoint: refused — current branch 'main' does not match state branch 'ticket/T103-t103-runtime-correctness-hotfixes-for-daemon-check'
[2026-05-16T00:59:08Z] commit-checkpoint: refused — current branch 'main' does not match state branch 'ticket/T103-t103-runtime-correctness-hotfixes-for-daemon-check'
[2026-05-16T00:59:38Z] commit-checkpoint: refused — current branch 'main' does not match state branch 'ticket/T103-t103-runtime-correctness-hotfixes-for-daemon-check'
[2026-05-16T01:00:09Z] commit-checkpoint: refused — current branch 'main' does not match state branch 'ticket/T103-t103-runtime-correctness-hotfixes-for-daemon-check'
[2026-05-16T01:00:40Z] commit-checkpoint: refused — current branch 'main' does not match state branch 'ticket/T103-t103-runtime-correctness-hotfixes-for-daemon-check'
[2026-05-16T01:01:11Z] commit-checkpoint: refused — current branch 'main' does not match state branch 'ticket/T103-t103-runtime-correctness-hotfixes-for-daemon-check'
[2026-05-16T01:01:42Z] commit-checkpoint: refused — current branch 'main' does not match state branch 'ticket/T103-t103-runtime-correctness-hotfixes-for-daemon-check'
[2026-05-16T01:02:12Z] commit-checkpoint: refused — current branch 'main' does not match state branch 'ticket/T103-t103-runtime-correctness-hotfixes-for-daemon-check'
[2026-05-16T01:02:43Z] commit-checkpoint: refused — current branch 'main' does not match state branch 'ticket/T103-t103-runtime-correctness-hotfixes-for-daemon-check'
[2026-05-16T01:03:14Z] commit-checkpoint: refused — current branch 'main' does not match state branch 'ticket/T103-t103-runtime-correctness-hotfixes-for-daemon-check'
[2026-05-16T01:03:45Z] commit-checkpoint: refused — current branch 'main' does not match state branch 'ticket/T103-t103-runtime-correctness-hotfixes-for-daemon-check'
[2026-05-16T01:04:16Z] commit-checkpoint: refused — current branch 'main' does not match state branch 'ticket/T103-t103-runtime-correctness-hotfixes-for-daemon-check'
[2026-05-16T01:04:46Z] commit-checkpoint: refused — current branch 'main' does not match state branch 'ticket/T103-t103-runtime-correctness-hotfixes-for-daemon-check'
[2026-05-16T01:05:17Z] commit-checkpoint: refused — current branch 'main' does not match state branch 'ticket/T103-t103-runtime-correctness-hotfixes-for-daemon-check'
[2026-05-16T01:05:48Z] commit-checkpoint: refused — current branch 'main' does not match state branch 'ticket/T103-t103-runtime-correctness-hotfixes-for-daemon-check'
[2026-05-16T01:06:19Z] commit-checkpoint: refused — current branch 'main' does not match state branch 'ticket/T103-t103-runtime-correctness-hotfixes-for-daemon-check'
[2026-05-16T01:06:49Z] commit-checkpoint: refused — current branch 'main' does not match state branch 'ticket/T103-t103-runtime-correctness-hotfixes-for-daemon-check'
[2026-05-16T01:07:20Z] commit-checkpoint: refused — current branch 'main' does not match state branch 'ticket/T103-t103-runtime-correctness-hotfixes-for-daemon-check'
[2026-05-16T01:07:51Z] commit-checkpoint: refused — current branch 'main' does not match state branch 'ticket/T103-t103-runtime-correctness-hotfixes-for-daemon-check'
[2026-05-16T01:08:22Z] commit-checkpoint: refused — current branch 'main' does not match state branch 'ticket/T103-t103-runtime-correctness-hotfixes-for-daemon-check'
[2026-05-16T01:08:53Z] commit-checkpoint: refused — current branch 'main' does not match state branch 'ticket/T103-t103-runtime-correctness-hotfixes-for-daemon-check'
[2026-05-16T01:09:23Z] commit-checkpoint: refused — current branch 'main' does not match state branch 'ticket/T103-t103-runtime-correctness-hotfixes-for-daemon-check'
[2026-05-16T01:09:54Z] commit-checkpoint: refused — current branch 'main' does not match state branch 'ticket/T103-t103-runtime-correctness-hotfixes-for-daemon-check'
[2026-05-16T01:10:25Z] commit-checkpoint: refused — current branch 'main' does not match state branch 'ticket/T103-t103-runtime-correctness-hotfixes-for-daemon-check'
[2026-05-16T01:10:56Z] commit-checkpoint: refused — current branch 'main' does not match state branch 'ticket/T103-t103-runtime-correctness-hotfixes-for-daemon-check'
[2026-05-16T01:11:27Z] commit-checkpoint: refused — current branch 'main' does not match state branch 'ticket/T103-t103-runtime-correctness-hotfixes-for-daemon-check'
[2026-05-16T01:11:57Z] commit-checkpoint: refused — current branch 'main' does not match state branch 'ticket/T103-t103-runtime-correctness-hotfixes-for-daemon-check'
[2026-05-16T01:12:28Z] commit-checkpoint: refused — current branch 'main' does not match state branch 'ticket/T103-t103-runtime-correctness-hotfixes-for-daemon-check'
[2026-05-16T01:12:59Z] commit-checkpoint: refused — current branch 'main' does not match state branch 'ticket/T103-t103-runtime-correctness-hotfixes-for-daemon-check'
[2026-05-16T01:13:30Z] commit-checkpoint: refused — current branch 'main' does not match state branch 'ticket/T103-t103-runtime-correctness-hotfixes-for-daemon-check'
[2026-05-16T01:14:01Z] commit-checkpoint: refused — current branch 'main' does not match state branch 'ticket/T103-t103-runtime-correctness-hotfixes-for-daemon-check'
[2026-05-16T01:14:31Z] commit-checkpoint: refused — current branch 'main' does not match state branch 'ticket/T103-t103-runtime-correctness-hotfixes-for-daemon-check'
[2026-05-16T01:15:02Z] commit-checkpoint: refused — current branch 'main' does not match state branch 'ticket/T103-t103-runtime-correctness-hotfixes-for-daemon-check'
[2026-05-16T01:15:33Z] commit-checkpoint: refused — current branch 'main' does not match state branch 'ticket/T103-t103-runtime-correctness-hotfixes-for-daemon-check'
[2026-05-16T01:16:04Z] commit-checkpoint: refused — current branch 'main' does not match state branch 'ticket/T103-t103-runtime-correctness-hotfixes-for-daemon-check'
[2026-05-16T01:16:35Z] commit-checkpoint: refused — current branch 'main' does not match state branch 'ticket/T103-t103-runtime-correctness-hotfixes-for-daemon-check'
[2026-05-16T01:17:06Z] commit-checkpoint: refused — current branch 'main' does not match state branch 'ticket/T103-t103-runtime-correctness-hotfixes-for-daemon-check'
[2026-05-16T01:17:36Z] commit-checkpoint: refused — current branch 'main' does not match state branch 'ticket/T103-t103-runtime-correctness-hotfixes-for-daemon-check'
[2026-05-16T01:18:07Z] commit-checkpoint: refused — current branch 'main' does not match state branch 'ticket/T103-t103-runtime-correctness-hotfixes-for-daemon-check'
[2026-05-16T01:18:38Z] commit-checkpoint: refused — current branch 'main' does not match state branch 'ticket/T103-t103-runtime-correctness-hotfixes-for-daemon-check'
[2026-05-16T01:19:09Z] commit-checkpoint: refused — current branch 'main' does not match state branch 'ticket/T103-t103-runtime-correctness-hotfixes-for-daemon-check'
[2026-05-16T01:19:39Z] commit-checkpoint: refused — current branch 'main' does not match state branch 'ticket/T103-t103-runtime-correctness-hotfixes-for-daemon-check'
[2026-05-16T01:20:10Z] commit-checkpoint: refused — current branch 'main' does not match state branch 'ticket/T103-t103-runtime-correctness-hotfixes-for-daemon-check'
[2026-05-16T01:20:41Z] commit-checkpoint: refused — current branch 'main' does not match state branch 'ticket/T103-t103-runtime-correctness-hotfixes-for-daemon-check'
[2026-05-16T01:21:12Z] commit-checkpoint: refused — current branch 'main' does not match state branch 'ticket/T103-t103-runtime-correctness-hotfixes-for-daemon-check'
[2026-05-16T01:21:43Z] commit-checkpoint: refused — current branch 'main' does not match state branch 'ticket/T103-t103-runtime-correctness-hotfixes-for-daemon-check'
[2026-05-16T01:22:14Z] commit-checkpoint: refused — current branch 'main' does not match state branch 'ticket/T103-t103-runtime-correctness-hotfixes-for-daemon-check'
[2026-05-16T01:22:44Z] commit-checkpoint: refused — current branch 'main' does not match state branch 'ticket/T103-t103-runtime-correctness-hotfixes-for-daemon-check'
[2026-05-16T01:23:15Z] commit-checkpoint: refused — current branch 'main' does not match state branch 'ticket/T103-t103-runtime-correctness-hotfixes-for-daemon-check'
[2026-05-16T01:23:46Z] commit-checkpoint: refused — current branch 'main' does not match state branch 'ticket/T103-t103-runtime-correctness-hotfixes-for-daemon-check'
[2026-05-16T01:24:16Z] commit-checkpoint: refused — current branch 'main' does not match state branch 'ticket/T103-t103-runtime-correctness-hotfixes-for-daemon-check'
[2026-05-16T01:24:47Z] commit-checkpoint: refused — current branch 'main' does not match state branch 'ticket/T103-t103-runtime-correctness-hotfixes-for-daemon-check'
[2026-05-16T01:25:18Z] commit-checkpoint: refused — current branch 'main' does not match state branch 'ticket/T103-t103-runtime-correctness-hotfixes-for-daemon-check'
[2026-05-16T01:25:49Z] commit-checkpoint: refused — current branch 'main' does not match state branch 'ticket/T103-t103-runtime-correctness-hotfixes-for-daemon-check'
[2026-05-16T01:26:19Z] commit-checkpoint: refused — current branch 'main' does not match state branch 'ticket/T103-t103-runtime-correctness-hotfixes-for-daemon-check'
[2026-05-16T01:26:50Z] commit-checkpoint: refused — current branch 'main' does not match state branch 'ticket/T103-t103-runtime-correctness-hotfixes-for-daemon-check'
[2026-05-16T01:27:21Z] commit-checkpoint: refused — current branch 'main' does not match state branch 'ticket/T103-t103-runtime-correctness-hotfixes-for-daemon-check'
[2026-05-16T01:27:52Z] commit-checkpoint: refused — current branch 'main' does not match state branch 'ticket/T103-t103-runtime-correctness-hotfixes-for-daemon-check'
[2026-05-16T01:28:23Z] commit-checkpoint: refused — current branch 'main' does not match state branch 'ticket/T103-t103-runtime-correctness-hotfixes-for-daemon-check'
[2026-05-16T01:28:53Z] commit-checkpoint: refused — current branch 'main' does not match state branch 'ticket/T103-t103-runtime-correctness-hotfixes-for-daemon-check'
[2026-05-16T01:29:24Z] commit-checkpoint: refused — current branch 'main' does not match state branch 'ticket/T103-t103-runtime-correctness-hotfixes-for-daemon-check'
[2026-05-16T01:29:55Z] commit-checkpoint: refused — current branch 'main' does not match state branch 'ticket/T103-t103-runtime-correctness-hotfixes-for-daemon-check'
[2026-05-16T01:30:26Z] commit-checkpoint: refused — current branch 'main' does not match state branch 'ticket/T103-t103-runtime-correctness-hotfixes-for-daemon-check'
[2026-05-16T01:30:56Z] commit-checkpoint: refused — current branch 'main' does not match state branch 'ticket/T103-t103-runtime-correctness-hotfixes-for-daemon-check'
[2026-05-16T01:31:27Z] commit-checkpoint: refused — current branch 'main' does not match state branch 'ticket/T103-t103-runtime-correctness-hotfixes-for-daemon-check'
[2026-05-16T01:31:58Z] commit-checkpoint: refused — current branch 'main' does not match state branch 'ticket/T103-t103-runtime-correctness-hotfixes-for-daemon-check'
[2026-05-16T01:32:29Z] commit-checkpoint: refused — current branch 'main' does not match state branch 'ticket/T103-t103-runtime-correctness-hotfixes-for-daemon-check'
[2026-05-16T01:33:00Z] commit-checkpoint: refused — current branch 'main' does not match state branch 'ticket/T103-t103-runtime-correctness-hotfixes-for-daemon-check'
[2026-05-16T01:33:31Z] commit-checkpoint: refused — current branch 'main' does not match state branch 'ticket/T103-t103-runtime-correctness-hotfixes-for-daemon-check'
[2026-05-16T01:34:01Z] commit-checkpoint: refused — current branch 'main' does not match state branch 'ticket/T103-t103-runtime-correctness-hotfixes-for-daemon-check'
[2026-05-16T01:34:33Z] commit-checkpoint: refused — current branch 'main' does not match state branch 'ticket/T103-t103-runtime-correctness-hotfixes-for-daemon-check'
[2026-05-16T01:35:03Z] commit-checkpoint: refused — current branch 'main' does not match state branch 'ticket/T103-t103-runtime-correctness-hotfixes-for-daemon-check'
[2026-05-16T01:35:34Z] commit-checkpoint: refused — current branch 'main' does not match state branch 'ticket/T103-t103-runtime-correctness-hotfixes-for-daemon-check'
[2026-05-16T01:36:05Z] commit-checkpoint: refused — current branch 'main' does not match state branch 'ticket/T103-t103-runtime-correctness-hotfixes-for-daemon-check'
[2026-05-16T01:36:36Z] commit-checkpoint: refused — current branch 'main' does not match state branch 'ticket/T103-t103-runtime-correctness-hotfixes-for-daemon-check'
[2026-05-16T01:37:07Z] commit-checkpoint: refused — current branch 'main' does not match state branch 'ticket/T103-t103-runtime-correctness-hotfixes-for-daemon-check'
[2026-05-16T01:37:37Z] commit-checkpoint: refused — current branch 'main' does not match state branch 'ticket/T103-t103-runtime-correctness-hotfixes-for-daemon-check'
[2026-05-16T01:38:08Z] commit-checkpoint: refused — current branch 'main' does not match state branch 'ticket/T103-t103-runtime-correctness-hotfixes-for-daemon-check'
[2026-05-16T01:38:39Z] commit-checkpoint: refused — current branch 'main' does not match state branch 'ticket/T103-t103-runtime-correctness-hotfixes-for-daemon-check'
[2026-05-16T01:39:09Z] commit-checkpoint: refused — current branch 'main' does not match state branch 'ticket/T103-t103-runtime-correctness-hotfixes-for-daemon-check'
[2026-05-16T01:39:40Z] commit-checkpoint: refused — current branch 'main' does not match state branch 'ticket/T103-t103-runtime-correctness-hotfixes-for-daemon-check'
[2026-05-16T01:40:11Z] commit-checkpoint: refused — current branch 'main' does not match state branch 'ticket/T103-t103-runtime-correctness-hotfixes-for-daemon-check'
[2026-05-16T01:40:42Z] commit-checkpoint: refused — current branch 'main' does not match state branch 'ticket/T103-t103-runtime-correctness-hotfixes-for-daemon-check'
[2026-05-16T01:41:13Z] commit-checkpoint: refused — current branch 'main' does not match state branch 'ticket/T103-t103-runtime-correctness-hotfixes-for-daemon-check'
[2026-05-16T01:41:43Z] commit-checkpoint: refused — current branch 'main' does not match state branch 'ticket/T103-t103-runtime-correctness-hotfixes-for-daemon-check'
[2026-05-16T01:42:14Z] commit-checkpoint: refused — current branch 'main' does not match state branch 'ticket/T103-t103-runtime-correctness-hotfixes-for-daemon-check'
[2026-05-16T01:42:45Z] commit-checkpoint: refused — current branch 'main' does not match state branch 'ticket/T103-t103-runtime-correctness-hotfixes-for-daemon-check'
[2026-05-16T01:43:16Z] commit-checkpoint: refused — current branch 'main' does not match state branch 'ticket/T103-t103-runtime-correctness-hotfixes-for-daemon-check'
[2026-05-16T01:43:47Z] commit-checkpoint: refused — current branch 'main' does not match state branch 'ticket/T103-t103-runtime-correctness-hotfixes-for-daemon-check'
[2026-05-16T01:44:17Z] commit-checkpoint: refused — current branch 'main' does not match state branch 'ticket/T103-t103-runtime-correctness-hotfixes-for-daemon-check'
[2026-05-16T01:44:48Z] commit-checkpoint: refused — current branch 'main' does not match state branch 'ticket/T103-t103-runtime-correctness-hotfixes-for-daemon-check'
[2026-05-16T01:45:19Z] commit-checkpoint: refused — current branch 'main' does not match state branch 'ticket/T103-t103-runtime-correctness-hotfixes-for-daemon-check'
[2026-05-16T01:45:50Z] commit-checkpoint: refused — current branch 'main' does not match state branch 'ticket/T103-t103-runtime-correctness-hotfixes-for-daemon-check'
[2026-05-16T01:46:20Z] commit-checkpoint: refused — current branch 'main' does not match state branch 'ticket/T103-t103-runtime-correctness-hotfixes-for-daemon-check'
[2026-05-16T01:46:51Z] commit-checkpoint: refused — current branch 'main' does not match state branch 'ticket/T103-t103-runtime-correctness-hotfixes-for-daemon-check'
[2026-05-16T01:47:22Z] commit-checkpoint: refused — current branch 'main' does not match state branch 'ticket/T103-t103-runtime-correctness-hotfixes-for-daemon-check'
[2026-05-16T01:47:53Z] commit-checkpoint: refused — current branch 'main' does not match state branch 'ticket/T103-t103-runtime-correctness-hotfixes-for-daemon-check'
[2026-05-16T01:48:23Z] commit-checkpoint: refused — current branch 'main' does not match state branch 'ticket/T103-t103-runtime-correctness-hotfixes-for-daemon-check'
[2026-05-16T01:48:54Z] commit-checkpoint: refused — current branch 'main' does not match state branch 'ticket/T103-t103-runtime-correctness-hotfixes-for-daemon-check'
[2026-05-16T01:49:25Z] commit-checkpoint: refused — current branch 'main' does not match state branch 'ticket/T103-t103-runtime-correctness-hotfixes-for-daemon-check'
[2026-05-16T01:49:56Z] commit-checkpoint: refused — current branch 'main' does not match state branch 'ticket/T103-t103-runtime-correctness-hotfixes-for-daemon-check'
[2026-05-16T01:50:27Z] commit-checkpoint: refused — current branch 'main' does not match state branch 'ticket/T103-t103-runtime-correctness-hotfixes-for-daemon-check'
[2026-05-16T01:50:57Z] commit-checkpoint: refused — current branch 'main' does not match state branch 'ticket/T103-t103-runtime-correctness-hotfixes-for-daemon-check'
[2026-05-16T01:51:28Z] commit-checkpoint: refused — current branch 'main' does not match state branch 'ticket/T103-t103-runtime-correctness-hotfixes-for-daemon-check'
[2026-05-16T01:51:59Z] commit-checkpoint: refused — current branch 'main' does not match state branch 'ticket/T103-t103-runtime-correctness-hotfixes-for-daemon-check'
[2026-05-16T01:52:30Z] commit-checkpoint: refused — current branch 'main' does not match state branch 'ticket/T103-t103-runtime-correctness-hotfixes-for-daemon-check'
[2026-05-16T01:53:01Z] commit-checkpoint: refused — current branch 'main' does not match state branch 'ticket/T103-t103-runtime-correctness-hotfixes-for-daemon-check'
[2026-05-16T01:53:31Z] commit-checkpoint: refused — current branch 'main' does not match state branch 'ticket/T103-t103-runtime-correctness-hotfixes-for-daemon-check'
[2026-05-16T01:54:02Z] commit-checkpoint: refused — current branch 'main' does not match state branch 'ticket/T103-t103-runtime-correctness-hotfixes-for-daemon-check'
[2026-05-16T01:54:33Z] commit-checkpoint: refused — current branch 'main' does not match state branch 'ticket/T103-t103-runtime-correctness-hotfixes-for-daemon-check'
[2026-05-16T01:55:04Z] commit-checkpoint: refused — current branch 'main' does not match state branch 'ticket/T103-t103-runtime-correctness-hotfixes-for-daemon-check'
[2026-05-16T01:55:34Z] commit-checkpoint: refused — current branch 'main' does not match state branch 'ticket/T103-t103-runtime-correctness-hotfixes-for-daemon-check'
[2026-05-16T01:56:05Z] commit-checkpoint: refused — current branch 'main' does not match state branch 'ticket/T103-t103-runtime-correctness-hotfixes-for-daemon-check'
[2026-05-16T01:56:36Z] commit-checkpoint: refused — current branch 'main' does not match state branch 'ticket/T103-t103-runtime-correctness-hotfixes-for-daemon-check'
[2026-05-16T01:57:07Z] commit-checkpoint: refused — current branch 'main' does not match state branch 'ticket/T103-t103-runtime-correctness-hotfixes-for-daemon-check'
[2026-05-16T01:57:38Z] commit-checkpoint: refused — current branch 'main' does not match state branch 'ticket/T103-t103-runtime-correctness-hotfixes-for-daemon-check'
[2026-05-16T01:58:08Z] commit-checkpoint: refused — current branch 'main' does not match state branch 'ticket/T103-t103-runtime-correctness-hotfixes-for-daemon-check'
[2026-05-16T01:58:39Z] commit-checkpoint: refused — current branch 'main' does not match state branch 'ticket/T103-t103-runtime-correctness-hotfixes-for-daemon-check'
[2026-05-16T01:59:10Z] commit-checkpoint: refused — current branch 'main' does not match state branch 'ticket/T103-t103-runtime-correctness-hotfixes-for-daemon-check'
[2026-05-16T01:59:41Z] commit-checkpoint: refused — current branch 'main' does not match state branch 'ticket/T103-t103-runtime-correctness-hotfixes-for-daemon-check'
[2026-05-16T02:00:11Z] commit-checkpoint: refused — current branch 'main' does not match state branch 'ticket/T103-t103-runtime-correctness-hotfixes-for-daemon-check'
[2026-05-16T02:00:42Z] commit-checkpoint: refused — current branch 'main' does not match state branch 'ticket/T103-t103-runtime-correctness-hotfixes-for-daemon-check'
[2026-05-16T02:01:13Z] commit-checkpoint: refused — current branch 'main' does not match state branch 'ticket/T103-t103-runtime-correctness-hotfixes-for-daemon-check'
[2026-05-16T02:01:44Z] commit-checkpoint: refused — current branch 'main' does not match state branch 'ticket/T103-t103-runtime-correctness-hotfixes-for-daemon-check'
[2026-05-16T02:02:15Z] commit-checkpoint: refused — current branch 'main' does not match state branch 'ticket/T103-t103-runtime-correctness-hotfixes-for-daemon-check'
[2026-05-16T02:02:46Z] commit-checkpoint: refused — current branch 'main' does not match state branch 'ticket/T103-t103-runtime-correctness-hotfixes-for-daemon-check'
[2026-05-16T02:03:17Z] commit-checkpoint: refused — current branch 'main' does not match state branch 'ticket/T103-t103-runtime-correctness-hotfixes-for-daemon-check'
[2026-05-16T02:03:48Z] commit-checkpoint: refused — current branch 'main' does not match state branch 'ticket/T103-t103-runtime-correctness-hotfixes-for-daemon-check'
[2026-05-16T02:04:19Z] commit-checkpoint: refused — current branch 'main' does not match state branch 'ticket/T103-t103-runtime-correctness-hotfixes-for-daemon-check'
[2026-05-16T02:04:49Z] commit-checkpoint: refused — current branch 'main' does not match state branch 'ticket/T103-t103-runtime-correctness-hotfixes-for-daemon-check'
[2026-05-16T02:05:20Z] commit-checkpoint: refused — current branch 'main' does not match state branch 'ticket/T103-t103-runtime-correctness-hotfixes-for-daemon-check'
[2026-05-16T02:05:51Z] commit-checkpoint: refused — current branch 'main' does not match state branch 'ticket/T103-t103-runtime-correctness-hotfixes-for-daemon-check'
[2026-05-16T02:06:22Z] commit-checkpoint: refused — current branch 'main' does not match state branch 'ticket/T103-t103-runtime-correctness-hotfixes-for-daemon-check'
[2026-05-16T02:06:53Z] commit-checkpoint: refused — current branch 'main' does not match state branch 'ticket/T103-t103-runtime-correctness-hotfixes-for-daemon-check'
[2026-05-16T02:07:23Z] commit-checkpoint: refused — current branch 'main' does not match state branch 'ticket/T103-t103-runtime-correctness-hotfixes-for-daemon-check'
[2026-05-16T02:07:54Z] commit-checkpoint: refused — current branch 'main' does not match state branch 'ticket/T103-t103-runtime-correctness-hotfixes-for-daemon-check'
[2026-05-16T02:08:25Z] commit-checkpoint: refused — current branch 'main' does not match state branch 'ticket/T103-t103-runtime-correctness-hotfixes-for-daemon-check'
[2026-05-16T02:08:56Z] commit-checkpoint: refused — current branch 'main' does not match state branch 'ticket/T103-t103-runtime-correctness-hotfixes-for-daemon-check'
[2026-05-16T02:09:26Z] commit-checkpoint: refused — current branch 'main' does not match state branch 'ticket/T103-t103-runtime-correctness-hotfixes-for-daemon-check'
[2026-05-16T02:09:57Z] commit-checkpoint: refused — current branch 'main' does not match state branch 'ticket/T103-t103-runtime-correctness-hotfixes-for-daemon-check'
[2026-05-16T02:10:28Z] commit-checkpoint: refused — current branch 'main' does not match state branch 'ticket/T103-t103-runtime-correctness-hotfixes-for-daemon-check'
[2026-05-16T02:10:59Z] commit-checkpoint: refused — current branch 'main' does not match state branch 'ticket/T103-t103-runtime-correctness-hotfixes-for-daemon-check'
[2026-05-16T02:11:29Z] commit-checkpoint: refused — current branch 'main' does not match state branch 'ticket/T103-t103-runtime-correctness-hotfixes-for-daemon-check'
[2026-05-16T02:12:00Z] commit-checkpoint: refused — current branch 'main' does not match state branch 'ticket/T103-t103-runtime-correctness-hotfixes-for-daemon-check'
[2026-05-16T02:12:31Z] commit-checkpoint: refused — current branch 'main' does not match state branch 'ticket/T103-t103-runtime-correctness-hotfixes-for-daemon-check'
[2026-05-16T02:13:02Z] commit-checkpoint: refused — current branch 'main' does not match state branch 'ticket/T103-t103-runtime-correctness-hotfixes-for-daemon-check'
[2026-05-16T02:13:32Z] commit-checkpoint: refused — current branch 'main' does not match state branch 'ticket/T103-t103-runtime-correctness-hotfixes-for-daemon-check'
[2026-05-16T02:14:03Z] commit-checkpoint: refused — current branch 'main' does not match state branch 'ticket/T103-t103-runtime-correctness-hotfixes-for-daemon-check'
[2026-05-16T02:14:34Z] commit-checkpoint: refused — current branch 'main' does not match state branch 'ticket/T103-t103-runtime-correctness-hotfixes-for-daemon-check'
[2026-05-16T02:15:05Z] commit-checkpoint: refused — current branch 'main' does not match state branch 'ticket/T103-t103-runtime-correctness-hotfixes-for-daemon-check'
[2026-05-16T02:15:35Z] commit-checkpoint: refused — current branch 'main' does not match state branch 'ticket/T103-t103-runtime-correctness-hotfixes-for-daemon-check'
[2026-05-16T02:16:06Z] commit-checkpoint: refused — current branch 'main' does not match state branch 'ticket/T103-t103-runtime-correctness-hotfixes-for-daemon-check'
[2026-05-16T02:16:37Z] commit-checkpoint: refused — current branch 'main' does not match state branch 'ticket/T103-t103-runtime-correctness-hotfixes-for-daemon-check'
[2026-05-16T02:17:08Z] commit-checkpoint: refused — current branch 'main' does not match state branch 'ticket/T103-t103-runtime-correctness-hotfixes-for-daemon-check'
[2026-05-16T02:17:38Z] commit-checkpoint: refused — current branch 'main' does not match state branch 'ticket/T103-t103-runtime-correctness-hotfixes-for-daemon-check'
[2026-05-16T02:18:09Z] commit-checkpoint: refused — current branch 'main' does not match state branch 'ticket/T103-t103-runtime-correctness-hotfixes-for-daemon-check'
[2026-05-16T02:18:40Z] commit-checkpoint: refused — current branch 'main' does not match state branch 'ticket/T103-t103-runtime-correctness-hotfixes-for-daemon-check'
[2026-05-16T02:19:11Z] commit-checkpoint: refused — current branch 'main' does not match state branch 'ticket/T103-t103-runtime-correctness-hotfixes-for-daemon-check'
[2026-05-16T02:19:42Z] commit-checkpoint: refused — current branch 'main' does not match state branch 'ticket/T103-t103-runtime-correctness-hotfixes-for-daemon-check'
[2026-05-16T02:20:13Z] commit-checkpoint: refused — current branch 'main' does not match state branch 'ticket/T103-t103-runtime-correctness-hotfixes-for-daemon-check'
[2026-05-16T02:20:43Z] commit-checkpoint: refused — current branch 'main' does not match state branch 'ticket/T103-t103-runtime-correctness-hotfixes-for-daemon-check'
[2026-05-16T02:21:14Z] commit-checkpoint: refused — current branch 'main' does not match state branch 'ticket/T103-t103-runtime-correctness-hotfixes-for-daemon-check'
[2026-05-16T02:21:45Z] commit-checkpoint: refused — current branch 'main' does not match state branch 'ticket/T103-t103-runtime-correctness-hotfixes-for-daemon-check'
[2026-05-16T02:22:15Z] commit-checkpoint: refused — current branch 'main' does not match state branch 'ticket/T103-t103-runtime-correctness-hotfixes-for-daemon-check'
[2026-05-16T02:22:46Z] commit-checkpoint: refused — current branch 'main' does not match state branch 'ticket/T103-t103-runtime-correctness-hotfixes-for-daemon-check'
[2026-05-16T02:23:17Z] commit-checkpoint: refused — current branch 'main' does not match state branch 'ticket/T103-t103-runtime-correctness-hotfixes-for-daemon-check'
[2026-05-16T02:23:48Z] commit-checkpoint: refused — current branch 'main' does not match state branch 'ticket/T103-t103-runtime-correctness-hotfixes-for-daemon-check'
[2026-05-16T02:24:19Z] commit-checkpoint: refused — current branch 'main' does not match state branch 'ticket/T103-t103-runtime-correctness-hotfixes-for-daemon-check'
[2026-05-16T02:24:49Z] commit-checkpoint: refused — current branch 'main' does not match state branch 'ticket/T103-t103-runtime-correctness-hotfixes-for-daemon-check'
[2026-05-16T02:25:20Z] commit-checkpoint: refused — current branch 'main' does not match state branch 'ticket/T103-t103-runtime-correctness-hotfixes-for-daemon-check'
[2026-05-16T02:25:51Z] commit-checkpoint: refused — current branch 'main' does not match state branch 'ticket/T103-t103-runtime-correctness-hotfixes-for-daemon-check'
[2026-05-16T02:26:22Z] commit-checkpoint: refused — current branch 'main' does not match state branch 'ticket/T103-t103-runtime-correctness-hotfixes-for-daemon-check'
[2026-05-16T02:26:53Z] commit-checkpoint: refused — current branch 'main' does not match state branch 'ticket/T103-t103-runtime-correctness-hotfixes-for-daemon-check'
[2026-05-16T02:27:24Z] commit-checkpoint: refused — current branch 'main' does not match state branch 'ticket/T103-t103-runtime-correctness-hotfixes-for-daemon-check'
[2026-05-16T02:27:54Z] commit-checkpoint: refused — current branch 'main' does not match state branch 'ticket/T103-t103-runtime-correctness-hotfixes-for-daemon-check'
[2026-05-16T02:28:25Z] commit-checkpoint: refused — current branch 'main' does not match state branch 'ticket/T103-t103-runtime-correctness-hotfixes-for-daemon-check'
[2026-05-16T02:28:56Z] commit-checkpoint: refused — current branch 'main' does not match state branch 'ticket/T103-t103-runtime-correctness-hotfixes-for-daemon-check'
[2026-05-16T02:29:27Z] commit-checkpoint: refused — current branch 'main' does not match state branch 'ticket/T103-t103-runtime-correctness-hotfixes-for-daemon-check'
[2026-05-16T02:29:58Z] commit-checkpoint: refused — current branch 'main' does not match state branch 'ticket/T103-t103-runtime-correctness-hotfixes-for-daemon-check'
[2026-05-16T02:30:29Z] commit-checkpoint: refused — current branch 'main' does not match state branch 'ticket/T103-t103-runtime-correctness-hotfixes-for-daemon-check'
[2026-05-16T02:30:59Z] commit-checkpoint: refused — current branch 'main' does not match state branch 'ticket/T103-t103-runtime-correctness-hotfixes-for-daemon-check'
[2026-05-16T02:31:30Z] commit-checkpoint: refused — current branch 'main' does not match state branch 'ticket/T103-t103-runtime-correctness-hotfixes-for-daemon-check'
[2026-05-16T02:32:01Z] commit-checkpoint: refused — current branch 'main' does not match state branch 'ticket/T103-t103-runtime-correctness-hotfixes-for-daemon-check'
[2026-05-16T02:32:32Z] commit-checkpoint: refused — current branch 'main' does not match state branch 'ticket/T103-t103-runtime-correctness-hotfixes-for-daemon-check'
[2026-05-16T02:33:02Z] commit-checkpoint: refused — current branch 'main' does not match state branch 'ticket/T103-t103-runtime-correctness-hotfixes-for-daemon-check'
[2026-05-16T02:33:33Z] commit-checkpoint: refused — current branch 'main' does not match state branch 'ticket/T103-t103-runtime-correctness-hotfixes-for-daemon-check'
[2026-05-16T02:34:04Z] commit-checkpoint: refused — current branch 'main' does not match state branch 'ticket/T103-t103-runtime-correctness-hotfixes-for-daemon-check'
[2026-05-16T02:34:35Z] commit-checkpoint: refused — current branch 'main' does not match state branch 'ticket/T103-t103-runtime-correctness-hotfixes-for-daemon-check'
[2026-05-16T02:35:05Z] commit-checkpoint: refused — current branch 'main' does not match state branch 'ticket/T103-t103-runtime-correctness-hotfixes-for-daemon-check'
[2026-05-16T02:35:36Z] commit-checkpoint: refused — current branch 'main' does not match state branch 'ticket/T103-t103-runtime-correctness-hotfixes-for-daemon-check'
[2026-05-16T02:36:07Z] commit-checkpoint: refused — current branch 'main' does not match state branch 'ticket/T103-t103-runtime-correctness-hotfixes-for-daemon-check'
[2026-05-16T02:36:38Z] commit-checkpoint: refused — current branch 'main' does not match state branch 'ticket/T103-t103-runtime-correctness-hotfixes-for-daemon-check'
[2026-05-16T02:37:09Z] commit-checkpoint: refused — current branch 'main' does not match state branch 'ticket/T103-t103-runtime-correctness-hotfixes-for-daemon-check'
[2026-05-16T02:37:39Z] commit-checkpoint: refused — current branch 'main' does not match state branch 'ticket/T103-t103-runtime-correctness-hotfixes-for-daemon-check'
[2026-05-16T02:38:10Z] commit-checkpoint: refused — current branch 'main' does not match state branch 'ticket/T103-t103-runtime-correctness-hotfixes-for-daemon-check'
[2026-05-16T02:38:41Z] commit-checkpoint: refused — current branch 'main' does not match state branch 'ticket/T103-t103-runtime-correctness-hotfixes-for-daemon-check'
[2026-05-16T02:39:12Z] commit-checkpoint: refused — current branch 'main' does not match state branch 'ticket/T103-t103-runtime-correctness-hotfixes-for-daemon-check'
[2026-05-16T02:39:42Z] commit-checkpoint: refused — current branch 'main' does not match state branch 'ticket/T103-t103-runtime-correctness-hotfixes-for-daemon-check'
[2026-05-16T02:40:13Z] commit-checkpoint: refused — current branch 'main' does not match state branch 'ticket/T103-t103-runtime-correctness-hotfixes-for-daemon-check'
[2026-05-16T02:40:44Z] commit-checkpoint: refused — current branch 'main' does not match state branch 'ticket/T103-t103-runtime-correctness-hotfixes-for-daemon-check'
[2026-05-16T02:41:15Z] commit-checkpoint: refused — current branch 'main' does not match state branch 'ticket/T103-t103-runtime-correctness-hotfixes-for-daemon-check'
[2026-05-16T02:41:45Z] commit-checkpoint: refused — current branch 'main' does not match state branch 'ticket/T103-t103-runtime-correctness-hotfixes-for-daemon-check'
[2026-05-16T02:42:16Z] commit-checkpoint: refused — current branch 'main' does not match state branch 'ticket/T103-t103-runtime-correctness-hotfixes-for-daemon-check'
[2026-05-16T02:42:47Z] commit-checkpoint: refused — current branch 'main' does not match state branch 'ticket/T103-t103-runtime-correctness-hotfixes-for-daemon-check'
[2026-05-16T02:43:18Z] commit-checkpoint: refused — current branch 'main' does not match state branch 'ticket/T103-t103-runtime-correctness-hotfixes-for-daemon-check'
[2026-05-16T02:43:49Z] commit-checkpoint: refused — current branch 'main' does not match state branch 'ticket/T103-t103-runtime-correctness-hotfixes-for-daemon-check'
[2026-05-16T02:44:20Z] commit-checkpoint: refused — current branch 'main' does not match state branch 'ticket/T103-t103-runtime-correctness-hotfixes-for-daemon-check'
[2026-05-16T02:44:51Z] commit-checkpoint: refused — current branch 'main' does not match state branch 'ticket/T103-t103-runtime-correctness-hotfixes-for-daemon-check'
[2026-05-16T02:45:21Z] commit-checkpoint: refused — current branch 'main' does not match state branch 'ticket/T103-t103-runtime-correctness-hotfixes-for-daemon-check'
[2026-05-16T02:45:52Z] commit-checkpoint: refused — current branch 'main' does not match state branch 'ticket/T103-t103-runtime-correctness-hotfixes-for-daemon-check'
[2026-05-16T02:46:23Z] commit-checkpoint: refused — current branch 'main' does not match state branch 'ticket/T103-t103-runtime-correctness-hotfixes-for-daemon-check'
[2026-05-16T02:46:54Z] commit-checkpoint: refused — current branch 'main' does not match state branch 'ticket/T103-t103-runtime-correctness-hotfixes-for-daemon-check'
[2026-05-16T02:47:25Z] commit-checkpoint: refused — current branch 'main' does not match state branch 'ticket/T103-t103-runtime-correctness-hotfixes-for-daemon-check'
[2026-05-16T02:47:55Z] commit-checkpoint: refused — current branch 'main' does not match state branch 'ticket/T103-t103-runtime-correctness-hotfixes-for-daemon-check'
[2026-05-16T02:48:26Z] commit-checkpoint: refused — current branch 'main' does not match state branch 'ticket/T103-t103-runtime-correctness-hotfixes-for-daemon-check'
[2026-05-16T02:48:57Z] commit-checkpoint: refused — current branch 'main' does not match state branch 'ticket/T103-t103-runtime-correctness-hotfixes-for-daemon-check'
[2026-05-16T02:49:28Z] commit-checkpoint: refused — current branch 'main' does not match state branch 'ticket/T103-t103-runtime-correctness-hotfixes-for-daemon-check'
[2026-05-16T02:49:58Z] commit-checkpoint: refused — current branch 'main' does not match state branch 'ticket/T103-t103-runtime-correctness-hotfixes-for-daemon-check'
[2026-05-16T02:50:29Z] commit-checkpoint: refused — current branch 'main' does not match state branch 'ticket/T103-t103-runtime-correctness-hotfixes-for-daemon-check'
[2026-05-16T02:51:00Z] commit-checkpoint: refused — current branch 'main' does not match state branch 'ticket/T103-t103-runtime-correctness-hotfixes-for-daemon-check'
[2026-05-16T02:51:31Z] commit-checkpoint: refused — current branch 'main' does not match state branch 'ticket/T103-t103-runtime-correctness-hotfixes-for-daemon-check'
[2026-05-16T02:52:01Z] commit-checkpoint: refused — current branch 'main' does not match state branch 'ticket/T103-t103-runtime-correctness-hotfixes-for-daemon-check'
[2026-05-16T02:52:32Z] commit-checkpoint: refused — current branch 'main' does not match state branch 'ticket/T103-t103-runtime-correctness-hotfixes-for-daemon-check'
[2026-05-16T02:53:03Z] commit-checkpoint: refused — current branch 'main' does not match state branch 'ticket/T103-t103-runtime-correctness-hotfixes-for-daemon-check'
[2026-05-16T02:53:34Z] commit-checkpoint: refused — current branch 'main' does not match state branch 'ticket/T103-t103-runtime-correctness-hotfixes-for-daemon-check'
[2026-05-16T02:54:04Z] commit-checkpoint: refused — current branch 'main' does not match state branch 'ticket/T103-t103-runtime-correctness-hotfixes-for-daemon-check'
[2026-05-16T02:54:35Z] commit-checkpoint: refused — current branch 'main' does not match state branch 'ticket/T103-t103-runtime-correctness-hotfixes-for-daemon-check'
[2026-05-16T02:55:06Z] commit-checkpoint: refused — current branch 'main' does not match state branch 'ticket/T103-t103-runtime-correctness-hotfixes-for-daemon-check'
[2026-05-16T02:55:37Z] commit-checkpoint: refused — current branch 'main' does not match state branch 'ticket/T103-t103-runtime-correctness-hotfixes-for-daemon-check'
[2026-05-16T02:56:07Z] commit-checkpoint: refused — current branch 'main' does not match state branch 'ticket/T103-t103-runtime-correctness-hotfixes-for-daemon-check'
[2026-05-16T02:56:38Z] commit-checkpoint: refused — current branch 'main' does not match state branch 'ticket/T103-t103-runtime-correctness-hotfixes-for-daemon-check'
[2026-05-16T02:57:09Z] commit-checkpoint: refused — current branch 'main' does not match state branch 'ticket/T103-t103-runtime-correctness-hotfixes-for-daemon-check'
[2026-05-16T02:57:40Z] commit-checkpoint: refused — current branch 'main' does not match state branch 'ticket/T103-t103-runtime-correctness-hotfixes-for-daemon-check'
[2026-05-16T02:58:11Z] commit-checkpoint: refused — current branch 'main' does not match state branch 'ticket/T103-t103-runtime-correctness-hotfixes-for-daemon-check'
[2026-05-16T02:58:41Z] commit-checkpoint: refused — current branch 'main' does not match state branch 'ticket/T103-t103-runtime-correctness-hotfixes-for-daemon-check'
[2026-05-16T02:59:12Z] commit-checkpoint: refused — current branch 'main' does not match state branch 'ticket/T103-t103-runtime-correctness-hotfixes-for-daemon-check'
[2026-05-16T02:59:43Z] commit-checkpoint: refused — current branch 'main' does not match state branch 'ticket/T103-t103-runtime-correctness-hotfixes-for-daemon-check'
[2026-05-16T03:00:14Z] commit-checkpoint: refused — current branch 'main' does not match state branch 'ticket/T103-t103-runtime-correctness-hotfixes-for-daemon-check'
[2026-05-16T03:00:44Z] commit-checkpoint: refused — current branch 'main' does not match state branch 'ticket/T103-t103-runtime-correctness-hotfixes-for-daemon-check'
[2026-05-16T03:01:15Z] commit-checkpoint: refused — current branch 'main' does not match state branch 'ticket/T103-t103-runtime-correctness-hotfixes-for-daemon-check'
[2026-05-16T03:01:46Z] commit-checkpoint: refused — current branch 'main' does not match state branch 'ticket/T103-t103-runtime-correctness-hotfixes-for-daemon-check'
[2026-05-16T03:02:17Z] commit-checkpoint: refused — current branch 'main' does not match state branch 'ticket/T103-t103-runtime-correctness-hotfixes-for-daemon-check'
[2026-05-16T03:02:47Z] commit-checkpoint: refused — current branch 'main' does not match state branch 'ticket/T103-t103-runtime-correctness-hotfixes-for-daemon-check'
[2026-05-16T03:03:18Z] commit-checkpoint: refused — current branch 'main' does not match state branch 'ticket/T103-t103-runtime-correctness-hotfixes-for-daemon-check'
[2026-05-16T03:03:49Z] commit-checkpoint: refused — current branch 'main' does not match state branch 'ticket/T103-t103-runtime-correctness-hotfixes-for-daemon-check'
[2026-05-16T03:04:20Z] commit-checkpoint: refused — current branch 'main' does not match state branch 'ticket/T103-t103-runtime-correctness-hotfixes-for-daemon-check'
[2026-05-16T03:04:50Z] commit-checkpoint: refused — current branch 'main' does not match state branch 'ticket/T103-t103-runtime-correctness-hotfixes-for-daemon-check'
[2026-05-16T03:05:21Z] commit-checkpoint: refused — current branch 'main' does not match state branch 'ticket/T103-t103-runtime-correctness-hotfixes-for-daemon-check'
[2026-05-16T03:05:52Z] commit-checkpoint: refused — current branch 'main' does not match state branch 'ticket/T103-t103-runtime-correctness-hotfixes-for-daemon-check'
[2026-05-16T03:06:23Z] commit-checkpoint: refused — current branch 'main' does not match state branch 'ticket/T103-t103-runtime-correctness-hotfixes-for-daemon-check'
[2026-05-16T03:06:54Z] commit-checkpoint: refused — current branch 'main' does not match state branch 'ticket/T103-t103-runtime-correctness-hotfixes-for-daemon-check'
[2026-05-16T03:07:24Z] commit-checkpoint: refused — current branch 'main' does not match state branch 'ticket/T103-t103-runtime-correctness-hotfixes-for-daemon-check'
[2026-05-16T03:07:55Z] commit-checkpoint: refused — current branch 'main' does not match state branch 'ticket/T103-t103-runtime-correctness-hotfixes-for-daemon-check'
[2026-05-16T03:08:26Z] commit-checkpoint: refused — current branch 'main' does not match state branch 'ticket/T103-t103-runtime-correctness-hotfixes-for-daemon-check'
[2026-05-16T03:08:57Z] commit-checkpoint: refused — current branch 'main' does not match state branch 'ticket/T103-t103-runtime-correctness-hotfixes-for-daemon-check'
[2026-05-16T03:09:28Z] commit-checkpoint: refused — current branch 'main' does not match state branch 'ticket/T103-t103-runtime-correctness-hotfixes-for-daemon-check'
[2026-05-16T03:09:59Z] commit-checkpoint: refused — current branch 'main' does not match state branch 'ticket/T103-t103-runtime-correctness-hotfixes-for-daemon-check'
[2026-05-16T03:10:29Z] commit-checkpoint: refused — current branch 'main' does not match state branch 'ticket/T103-t103-runtime-correctness-hotfixes-for-daemon-check'
[2026-05-16T03:11:00Z] commit-checkpoint: refused — current branch 'main' does not match state branch 'ticket/T103-t103-runtime-correctness-hotfixes-for-daemon-check'
[2026-05-16T03:11:31Z] commit-checkpoint: refused — current branch 'main' does not match state branch 'ticket/T103-t103-runtime-correctness-hotfixes-for-daemon-check'
[2026-05-16T03:12:02Z] commit-checkpoint: refused — current branch 'main' does not match state branch 'ticket/T103-t103-runtime-correctness-hotfixes-for-daemon-check'
[2026-05-16T03:12:32Z] commit-checkpoint: refused — current branch 'main' does not match state branch 'ticket/T103-t103-runtime-correctness-hotfixes-for-daemon-check'
[2026-05-16T03:13:03Z] commit-checkpoint: refused — current branch 'main' does not match state branch 'ticket/T103-t103-runtime-correctness-hotfixes-for-daemon-check'
[2026-05-16T03:13:34Z] commit-checkpoint: refused — current branch 'main' does not match state branch 'ticket/T103-t103-runtime-correctness-hotfixes-for-daemon-check'
[2026-05-16T03:14:05Z] commit-checkpoint: refused — current branch 'main' does not match state branch 'ticket/T103-t103-runtime-correctness-hotfixes-for-daemon-check'
[2026-05-16T03:14:35Z] commit-checkpoint: refused — current branch 'main' does not match state branch 'ticket/T103-t103-runtime-correctness-hotfixes-for-daemon-check'
[2026-05-16T03:15:07Z] commit-checkpoint: refused — current branch 'main' does not match state branch 'ticket/T103-t103-runtime-correctness-hotfixes-for-daemon-check'
[2026-05-16T03:15:37Z] commit-checkpoint: refused — current branch 'main' does not match state branch 'ticket/T103-t103-runtime-correctness-hotfixes-for-daemon-check'
[2026-05-16T03:16:08Z] commit-checkpoint: refused — current branch 'main' does not match state branch 'ticket/T103-t103-runtime-correctness-hotfixes-for-daemon-check'
[2026-05-16T03:16:39Z] commit-checkpoint: refused — current branch 'main' does not match state branch 'ticket/T103-t103-runtime-correctness-hotfixes-for-daemon-check'
[2026-05-16T03:17:10Z] commit-checkpoint: refused — current branch 'main' does not match state branch 'ticket/T103-t103-runtime-correctness-hotfixes-for-daemon-check'
[2026-05-16T03:17:41Z] commit-checkpoint: refused — current branch 'main' does not match state branch 'ticket/T103-t103-runtime-correctness-hotfixes-for-daemon-check'
[2026-05-16T03:18:12Z] commit-checkpoint: refused — current branch 'main' does not match state branch 'ticket/T103-t103-runtime-correctness-hotfixes-for-daemon-check'
[2026-05-16T03:18:43Z] commit-checkpoint: refused — current branch 'main' does not match state branch 'ticket/T103-t103-runtime-correctness-hotfixes-for-daemon-check'
[2026-05-16T03:19:13Z] commit-checkpoint: refused — current branch 'main' does not match state branch 'ticket/T103-t103-runtime-correctness-hotfixes-for-daemon-check'
[2026-05-16T03:19:44Z] commit-checkpoint: refused — current branch 'main' does not match state branch 'ticket/T103-t103-runtime-correctness-hotfixes-for-daemon-check'
[2026-05-16T03:20:15Z] commit-checkpoint: refused — current branch 'main' does not match state branch 'ticket/T103-t103-runtime-correctness-hotfixes-for-daemon-check'
[2026-05-16T03:20:46Z] commit-checkpoint: refused — current branch 'main' does not match state branch 'ticket/T103-t103-runtime-correctness-hotfixes-for-daemon-check'
[2026-05-16T03:21:17Z] commit-checkpoint: refused — current branch 'main' does not match state branch 'ticket/T103-t103-runtime-correctness-hotfixes-for-daemon-check'
[2026-05-16T03:21:47Z] commit-checkpoint: refused — current branch 'main' does not match state branch 'ticket/T103-t103-runtime-correctness-hotfixes-for-daemon-check'
[2026-05-16T03:22:18Z] commit-checkpoint: refused — current branch 'main' does not match state branch 'ticket/T103-t103-runtime-correctness-hotfixes-for-daemon-check'
[2026-05-16T03:22:49Z] commit-checkpoint: refused — current branch 'main' does not match state branch 'ticket/T103-t103-runtime-correctness-hotfixes-for-daemon-check'
[2026-05-16T03:23:20Z] commit-checkpoint: refused — current branch 'main' does not match state branch 'ticket/T103-t103-runtime-correctness-hotfixes-for-daemon-check'
[2026-05-16T03:23:50Z] commit-checkpoint: refused — current branch 'main' does not match state branch 'ticket/T103-t103-runtime-correctness-hotfixes-for-daemon-check'
[2026-05-16T03:24:21Z] commit-checkpoint: refused — current branch 'main' does not match state branch 'ticket/T103-t103-runtime-correctness-hotfixes-for-daemon-check'
[2026-05-16T03:24:52Z] commit-checkpoint: refused — current branch 'main' does not match state branch 'ticket/T103-t103-runtime-correctness-hotfixes-for-daemon-check'
[2026-05-16T03:25:23Z] commit-checkpoint: refused — current branch 'main' does not match state branch 'ticket/T103-t103-runtime-correctness-hotfixes-for-daemon-check'
[2026-05-16T03:25:53Z] commit-checkpoint: refused — current branch 'main' does not match state branch 'ticket/T103-t103-runtime-correctness-hotfixes-for-daemon-check'
[2026-05-16T03:26:24Z] commit-checkpoint: refused — current branch 'main' does not match state branch 'ticket/T103-t103-runtime-correctness-hotfixes-for-daemon-check'
[2026-05-16T03:26:55Z] commit-checkpoint: refused — current branch 'main' does not match state branch 'ticket/T103-t103-runtime-correctness-hotfixes-for-daemon-check'
[2026-05-16T03:27:26Z] commit-checkpoint: refused — current branch 'main' does not match state branch 'ticket/T103-t103-runtime-correctness-hotfixes-for-daemon-check'
[2026-05-16T03:27:57Z] commit-checkpoint: refused — current branch 'main' does not match state branch 'ticket/T103-t103-runtime-correctness-hotfixes-for-daemon-check'
[2026-05-16T03:28:28Z] commit-checkpoint: refused — current branch 'main' does not match state branch 'ticket/T103-t103-runtime-correctness-hotfixes-for-daemon-check'
[2026-05-16T03:28:59Z] commit-checkpoint: refused — current branch 'main' does not match state branch 'ticket/T103-t103-runtime-correctness-hotfixes-for-daemon-check'
[2026-05-16T03:29:29Z] commit-checkpoint: refused — current branch 'main' does not match state branch 'ticket/T103-t103-runtime-correctness-hotfixes-for-daemon-check'
[2026-05-16T03:30:00Z] commit-checkpoint: refused — current branch 'main' does not match state branch 'ticket/T103-t103-runtime-correctness-hotfixes-for-daemon-check'
[2026-05-16T03:30:31Z] commit-checkpoint: refused — current branch 'main' does not match state branch 'ticket/T103-t103-runtime-correctness-hotfixes-for-daemon-check'
[2026-05-16T03:31:02Z] commit-checkpoint: refused — current branch 'main' does not match state branch 'ticket/T103-t103-runtime-correctness-hotfixes-for-daemon-check'
[2026-05-16T03:31:32Z] commit-checkpoint: refused — current branch 'main' does not match state branch 'ticket/T103-t103-runtime-correctness-hotfixes-for-daemon-check'
[2026-05-16T03:32:03Z] commit-checkpoint: refused — current branch 'main' does not match state branch 'ticket/T103-t103-runtime-correctness-hotfixes-for-daemon-check'
[2026-05-16T03:32:34Z] commit-checkpoint: refused — current branch 'main' does not match state branch 'ticket/T103-t103-runtime-correctness-hotfixes-for-daemon-check'
[2026-05-16T03:33:05Z] commit-checkpoint: refused — current branch 'main' does not match state branch 'ticket/T103-t103-runtime-correctness-hotfixes-for-daemon-check'
[2026-05-16T03:33:35Z] commit-checkpoint: refused — current branch 'main' does not match state branch 'ticket/T103-t103-runtime-correctness-hotfixes-for-daemon-check'
[2026-05-16T03:34:06Z] commit-checkpoint: refused — current branch 'main' does not match state branch 'ticket/T103-t103-runtime-correctness-hotfixes-for-daemon-check'
[2026-05-16T03:34:37Z] commit-checkpoint: refused — current branch 'main' does not match state branch 'ticket/T103-t103-runtime-correctness-hotfixes-for-daemon-check'
[2026-05-16T03:35:08Z] commit-checkpoint: refused — current branch 'main' does not match state branch 'ticket/T103-t103-runtime-correctness-hotfixes-for-daemon-check'
[2026-05-16T03:35:39Z] commit-checkpoint: refused — current branch 'main' does not match state branch 'ticket/T103-t103-runtime-correctness-hotfixes-for-daemon-check'
[2026-05-16T03:36:09Z] commit-checkpoint: refused — current branch 'main' does not match state branch 'ticket/T103-t103-runtime-correctness-hotfixes-for-daemon-check'
[2026-05-16T03:36:40Z] commit-checkpoint: refused — current branch 'main' does not match state branch 'ticket/T103-t103-runtime-correctness-hotfixes-for-daemon-check'
[2026-05-16T03:37:11Z] commit-checkpoint: refused — current branch 'main' does not match state branch 'ticket/T103-t103-runtime-correctness-hotfixes-for-daemon-check'
[2026-05-16T03:37:42Z] commit-checkpoint: refused — current branch 'main' does not match state branch 'ticket/T103-t103-runtime-correctness-hotfixes-for-daemon-check'
[2026-05-16T03:38:13Z] commit-checkpoint: refused — current branch 'main' does not match state branch 'ticket/T103-t103-runtime-correctness-hotfixes-for-daemon-check'
[2026-05-16T03:38:44Z] commit-checkpoint: refused — current branch 'main' does not match state branch 'ticket/T103-t103-runtime-correctness-hotfixes-for-daemon-check'
[2026-05-16T03:39:15Z] commit-checkpoint: refused — current branch 'main' does not match state branch 'ticket/T103-t103-runtime-correctness-hotfixes-for-daemon-check'
[2026-05-16T03:39:45Z] commit-checkpoint: refused — current branch 'main' does not match state branch 'ticket/T103-t103-runtime-correctness-hotfixes-for-daemon-check'
[2026-05-16T03:40:16Z] commit-checkpoint: refused — current branch 'main' does not match state branch 'ticket/T103-t103-runtime-correctness-hotfixes-for-daemon-check'
[2026-05-16T03:40:47Z] commit-checkpoint: refused — current branch 'main' does not match state branch 'ticket/T103-t103-runtime-correctness-hotfixes-for-daemon-check'
[2026-05-16T03:41:18Z] commit-checkpoint: refused — current branch 'main' does not match state branch 'ticket/T103-t103-runtime-correctness-hotfixes-for-daemon-check'
[2026-05-16T03:41:48Z] commit-checkpoint: refused — current branch 'main' does not match state branch 'ticket/T103-t103-runtime-correctness-hotfixes-for-daemon-check'
[2026-05-16T03:42:19Z] commit-checkpoint: refused — current branch 'main' does not match state branch 'ticket/T103-t103-runtime-correctness-hotfixes-for-daemon-check'
[2026-05-16T03:42:53Z] commit-checkpoint: refused — current branch 'main' does not match state branch 'ticket/T103-t103-runtime-correctness-hotfixes-for-daemon-check'
[2026-05-16T03:43:23Z] commit-checkpoint: refused — current branch 'main' does not match state branch 'ticket/T103-t103-runtime-correctness-hotfixes-for-daemon-check'
[2026-05-16T03:43:54Z] commit-checkpoint: refused — current branch 'main' does not match state branch 'ticket/T103-t103-runtime-correctness-hotfixes-for-daemon-check'
[2026-05-16T03:44:25Z] commit-checkpoint: refused — current branch 'main' does not match state branch 'ticket/T103-t103-runtime-correctness-hotfixes-for-daemon-check'
[2026-05-16T03:44:56Z] commit-checkpoint: refused — current branch 'main' does not match state branch 'ticket/T103-t103-runtime-correctness-hotfixes-for-daemon-check'
[2026-05-16T03:45:27Z] commit-checkpoint: refused — current branch 'main' does not match state branch 'ticket/T103-t103-runtime-correctness-hotfixes-for-daemon-check'
[2026-05-16T03:45:58Z] commit-checkpoint: refused — current branch 'main' does not match state branch 'ticket/T103-t103-runtime-correctness-hotfixes-for-daemon-check'
[2026-05-16T03:46:29Z] commit-checkpoint: refused — current branch 'main' does not match state branch 'ticket/T103-t103-runtime-correctness-hotfixes-for-daemon-check'
[2026-05-16T03:46:59Z] commit-checkpoint: refused — current branch 'main' does not match state branch 'ticket/T103-t103-runtime-correctness-hotfixes-for-daemon-check'
[2026-05-16T03:47:30Z] commit-checkpoint: refused — current branch 'main' does not match state branch 'ticket/T103-t103-runtime-correctness-hotfixes-for-daemon-check'
[2026-05-16T03:48:01Z] commit-checkpoint: refused — current branch 'main' does not match state branch 'ticket/T103-t103-runtime-correctness-hotfixes-for-daemon-check'
[2026-05-16T03:48:32Z] commit-checkpoint: refused — current branch 'main' does not match state branch 'ticket/T103-t103-runtime-correctness-hotfixes-for-daemon-check'
[2026-05-16T03:49:02Z] commit-checkpoint: refused — current branch 'main' does not match state branch 'ticket/T103-t103-runtime-correctness-hotfixes-for-daemon-check'
[2026-05-16T03:49:33Z] commit-checkpoint: refused — current branch 'main' does not match state branch 'ticket/T103-t103-runtime-correctness-hotfixes-for-daemon-check'
[2026-05-16T03:50:04Z] commit-checkpoint: refused — current branch 'main' does not match state branch 'ticket/T103-t103-runtime-correctness-hotfixes-for-daemon-check'
[2026-05-16T03:50:35Z] commit-checkpoint: refused — current branch 'main' does not match state branch 'ticket/T103-t103-runtime-correctness-hotfixes-for-daemon-check'
[2026-05-16T03:51:06Z] commit-checkpoint: refused — current branch 'main' does not match state branch 'ticket/T103-t103-runtime-correctness-hotfixes-for-daemon-check'
[2026-05-16T03:51:36Z] commit-checkpoint: refused — current branch 'main' does not match state branch 'ticket/T103-t103-runtime-correctness-hotfixes-for-daemon-check'
[2026-05-16T03:52:07Z] commit-checkpoint: refused — current branch 'main' does not match state branch 'ticket/T103-t103-runtime-correctness-hotfixes-for-daemon-check'
[2026-05-16T03:52:38Z] commit-checkpoint: refused — current branch 'main' does not match state branch 'ticket/T103-t103-runtime-correctness-hotfixes-for-daemon-check'
[2026-05-16T03:53:09Z] commit-checkpoint: refused — current branch 'main' does not match state branch 'ticket/T103-t103-runtime-correctness-hotfixes-for-daemon-check'
[2026-05-16T03:53:40Z] commit-checkpoint: refused — current branch 'main' does not match state branch 'ticket/T103-t103-runtime-correctness-hotfixes-for-daemon-check'
[2026-05-16T03:54:10Z] commit-checkpoint: refused — current branch 'main' does not match state branch 'ticket/T103-t103-runtime-correctness-hotfixes-for-daemon-check'
[2026-05-16T03:54:41Z] commit-checkpoint: refused — current branch 'main' does not match state branch 'ticket/T103-t103-runtime-correctness-hotfixes-for-daemon-check'
[2026-05-16T03:55:12Z] commit-checkpoint: refused — current branch 'main' does not match state branch 'ticket/T103-t103-runtime-correctness-hotfixes-for-daemon-check'
[2026-05-16T03:55:43Z] commit-checkpoint: refused — current branch 'main' does not match state branch 'ticket/T103-t103-runtime-correctness-hotfixes-for-daemon-check'
[2026-05-16T03:56:13Z] commit-checkpoint: refused — current branch 'main' does not match state branch 'ticket/T103-t103-runtime-correctness-hotfixes-for-daemon-check'
[2026-05-16T03:56:44Z] commit-checkpoint: refused — current branch 'main' does not match state branch 'ticket/T103-t103-runtime-correctness-hotfixes-for-daemon-check'
[2026-05-16T03:57:15Z] commit-checkpoint: refused — current branch 'main' does not match state branch 'ticket/T103-t103-runtime-correctness-hotfixes-for-daemon-check'
[2026-05-16T03:57:46Z] commit-checkpoint: refused — current branch 'main' does not match state branch 'ticket/T103-t103-runtime-correctness-hotfixes-for-daemon-check'
[2026-05-16T03:58:17Z] commit-checkpoint: refused — current branch 'main' does not match state branch 'ticket/T103-t103-runtime-correctness-hotfixes-for-daemon-check'
[2026-05-16T03:58:48Z] commit-checkpoint: refused — current branch 'main' does not match state branch 'ticket/T103-t103-runtime-correctness-hotfixes-for-daemon-check'
[2026-05-16T03:59:18Z] commit-checkpoint: refused — current branch 'main' does not match state branch 'ticket/T103-t103-runtime-correctness-hotfixes-for-daemon-check'
[2026-05-16T03:59:49Z] commit-checkpoint: refused — current branch 'main' does not match state branch 'ticket/T103-t103-runtime-correctness-hotfixes-for-daemon-check'
[2026-05-16T04:00:20Z] commit-checkpoint: refused — current branch 'main' does not match state branch 'ticket/T103-t103-runtime-correctness-hotfixes-for-daemon-check'
[2026-05-16T04:00:51Z] commit-checkpoint: refused — current branch 'main' does not match state branch 'ticket/T103-t103-runtime-correctness-hotfixes-for-daemon-check'
[2026-05-16T04:01:21Z] commit-checkpoint: refused — current branch 'main' does not match state branch 'ticket/T103-t103-runtime-correctness-hotfixes-for-daemon-check'
[2026-05-16T04:01:52Z] commit-checkpoint: refused — current branch 'main' does not match state branch 'ticket/T103-t103-runtime-correctness-hotfixes-for-daemon-check'
[2026-05-16T04:02:23Z] commit-checkpoint: refused — current branch 'main' does not match state branch 'ticket/T103-t103-runtime-correctness-hotfixes-for-daemon-check'
[2026-05-16T04:02:54Z] commit-checkpoint: refused — current branch 'main' does not match state branch 'ticket/T103-t103-runtime-correctness-hotfixes-for-daemon-check'
[2026-05-16T04:03:24Z] commit-checkpoint: refused — current branch 'main' does not match state branch 'ticket/T103-t103-runtime-correctness-hotfixes-for-daemon-check'
[2026-05-16T04:03:55Z] commit-checkpoint: refused — current branch 'main' does not match state branch 'ticket/T103-t103-runtime-correctness-hotfixes-for-daemon-check'
[2026-05-16T04:04:26Z] commit-checkpoint: refused — current branch 'main' does not match state branch 'ticket/T103-t103-runtime-correctness-hotfixes-for-daemon-check'
[2026-05-16T04:04:57Z] commit-checkpoint: refused — current branch 'main' does not match state branch 'ticket/T103-t103-runtime-correctness-hotfixes-for-daemon-check'
[2026-05-16T04:05:28Z] commit-checkpoint: refused — current branch 'main' does not match state branch 'ticket/T103-t103-runtime-correctness-hotfixes-for-daemon-check'
[2026-05-16T04:05:58Z] commit-checkpoint: refused — current branch 'main' does not match state branch 'ticket/T103-t103-runtime-correctness-hotfixes-for-daemon-check'
[2026-05-16T04:06:29Z] commit-checkpoint: refused — current branch 'main' does not match state branch 'ticket/T103-t103-runtime-correctness-hotfixes-for-daemon-check'
[2026-05-16T04:07:00Z] commit-checkpoint: refused — current branch 'main' does not match state branch 'ticket/T103-t103-runtime-correctness-hotfixes-for-daemon-check'
[2026-05-16T04:07:31Z] commit-checkpoint: refused — current branch 'main' does not match state branch 'ticket/T103-t103-runtime-correctness-hotfixes-for-daemon-check'
[2026-05-16T04:08:02Z] commit-checkpoint: refused — current branch 'main' does not match state branch 'ticket/T103-t103-runtime-correctness-hotfixes-for-daemon-check'
[2026-05-16T04:08:32Z] commit-checkpoint: refused — current branch 'main' does not match state branch 'ticket/T103-t103-runtime-correctness-hotfixes-for-daemon-check'
[2026-05-16T04:09:03Z] commit-checkpoint: refused — current branch 'main' does not match state branch 'ticket/T103-t103-runtime-correctness-hotfixes-for-daemon-check'
[2026-05-16T04:09:34Z] commit-checkpoint: refused — current branch 'main' does not match state branch 'ticket/T103-t103-runtime-correctness-hotfixes-for-daemon-check'
[2026-05-16T04:10:04Z] commit-checkpoint: refused — current branch 'main' does not match state branch 'ticket/T103-t103-runtime-correctness-hotfixes-for-daemon-check'
[2026-05-16T04:10:35Z] commit-checkpoint: refused — current branch 'main' does not match state branch 'ticket/T103-t103-runtime-correctness-hotfixes-for-daemon-check'
[2026-05-16T04:11:06Z] commit-checkpoint: refused — current branch 'main' does not match state branch 'ticket/T103-t103-runtime-correctness-hotfixes-for-daemon-check'
[2026-05-16T04:11:37Z] commit-checkpoint: refused — current branch 'main' does not match state branch 'ticket/T103-t103-runtime-correctness-hotfixes-for-daemon-check'
[2026-05-16T04:12:08Z] commit-checkpoint: refused — current branch 'main' does not match state branch 'ticket/T103-t103-runtime-correctness-hotfixes-for-daemon-check'
[2026-05-16T04:12:39Z] commit-checkpoint: refused — current branch 'main' does not match state branch 'ticket/T103-t103-runtime-correctness-hotfixes-for-daemon-check'
[2026-05-16T04:13:10Z] commit-checkpoint: refused — current branch 'main' does not match state branch 'ticket/T103-t103-runtime-correctness-hotfixes-for-daemon-check'
[2026-05-16T04:13:41Z] commit-checkpoint: refused — current branch 'main' does not match state branch 'ticket/T103-t103-runtime-correctness-hotfixes-for-daemon-check'
[2026-05-16T04:14:11Z] commit-checkpoint: refused — current branch 'main' does not match state branch 'ticket/T103-t103-runtime-correctness-hotfixes-for-daemon-check'
[2026-05-16T04:14:42Z] commit-checkpoint: refused — current branch 'main' does not match state branch 'ticket/T103-t103-runtime-correctness-hotfixes-for-daemon-check'
[2026-05-16T04:15:13Z] commit-checkpoint: refused — current branch 'main' does not match state branch 'ticket/T103-t103-runtime-correctness-hotfixes-for-daemon-check'
[2026-05-16T04:15:44Z] commit-checkpoint: refused — current branch 'main' does not match state branch 'ticket/T103-t103-runtime-correctness-hotfixes-for-daemon-check'
[2026-05-16T04:16:15Z] commit-checkpoint: refused — current branch 'main' does not match state branch 'ticket/T103-t103-runtime-correctness-hotfixes-for-daemon-check'
[2026-05-16T04:16:46Z] commit-checkpoint: refused — current branch 'main' does not match state branch 'ticket/T103-t103-runtime-correctness-hotfixes-for-daemon-check'
[2026-05-16T04:17:17Z] commit-checkpoint: refused — current branch 'main' does not match state branch 'ticket/T103-t103-runtime-correctness-hotfixes-for-daemon-check'
[2026-05-16T04:17:47Z] commit-checkpoint: refused — current branch 'main' does not match state branch 'ticket/T103-t103-runtime-correctness-hotfixes-for-daemon-check'
[2026-05-16T04:18:18Z] commit-checkpoint: refused — current branch 'main' does not match state branch 'ticket/T103-t103-runtime-correctness-hotfixes-for-daemon-check'
[2026-05-16T04:18:49Z] commit-checkpoint: refused — current branch 'main' does not match state branch 'ticket/T103-t103-runtime-correctness-hotfixes-for-daemon-check'
[2026-05-16T04:19:20Z] commit-checkpoint: refused — current branch 'main' does not match state branch 'ticket/T103-t103-runtime-correctness-hotfixes-for-daemon-check'
[2026-05-16T04:19:50Z] commit-checkpoint: refused — current branch 'main' does not match state branch 'ticket/T103-t103-runtime-correctness-hotfixes-for-daemon-check'
[2026-05-16T04:20:21Z] commit-checkpoint: refused — current branch 'main' does not match state branch 'ticket/T103-t103-runtime-correctness-hotfixes-for-daemon-check'
[2026-05-16T04:20:52Z] commit-checkpoint: refused — current branch 'main' does not match state branch 'ticket/T103-t103-runtime-correctness-hotfixes-for-daemon-check'
[2026-05-16T04:21:23Z] commit-checkpoint: refused — current branch 'main' does not match state branch 'ticket/T103-t103-runtime-correctness-hotfixes-for-daemon-check'
[2026-05-16T04:21:53Z] commit-checkpoint: refused — current branch 'main' does not match state branch 'ticket/T103-t103-runtime-correctness-hotfixes-for-daemon-check'
[2026-05-16T04:22:24Z] commit-checkpoint: refused — current branch 'main' does not match state branch 'ticket/T103-t103-runtime-correctness-hotfixes-for-daemon-check'
[2026-05-16T04:22:55Z] commit-checkpoint: refused — current branch 'main' does not match state branch 'ticket/T103-t103-runtime-correctness-hotfixes-for-daemon-check'
[2026-05-16T04:23:26Z] commit-checkpoint: refused — current branch 'main' does not match state branch 'ticket/T103-t103-runtime-correctness-hotfixes-for-daemon-check'
[2026-05-16T04:23:57Z] commit-checkpoint: refused — current branch 'main' does not match state branch 'ticket/T103-t103-runtime-correctness-hotfixes-for-daemon-check'
[2026-05-16T04:24:27Z] commit-checkpoint: refused — current branch 'main' does not match state branch 'ticket/T103-t103-runtime-correctness-hotfixes-for-daemon-check'
[2026-05-16T04:24:58Z] commit-checkpoint: refused — current branch 'main' does not match state branch 'ticket/T103-t103-runtime-correctness-hotfixes-for-daemon-check'
[2026-05-16T04:25:29Z] commit-checkpoint: refused — current branch 'main' does not match state branch 'ticket/T103-t103-runtime-correctness-hotfixes-for-daemon-check'
[2026-05-16T04:26:00Z] commit-checkpoint: refused — current branch 'main' does not match state branch 'ticket/T103-t103-runtime-correctness-hotfixes-for-daemon-check'
[2026-05-16T04:26:31Z] commit-checkpoint: refused — current branch 'main' does not match state branch 'ticket/T103-t103-runtime-correctness-hotfixes-for-daemon-check'
[2026-05-16T04:27:01Z] commit-checkpoint: refused — current branch 'main' does not match state branch 'ticket/T103-t103-runtime-correctness-hotfixes-for-daemon-check'
[2026-05-16T04:27:32Z] commit-checkpoint: refused — current branch 'main' does not match state branch 'ticket/T103-t103-runtime-correctness-hotfixes-for-daemon-check'
[2026-05-16T04:28:03Z] commit-checkpoint: refused — current branch 'main' does not match state branch 'ticket/T103-t103-runtime-correctness-hotfixes-for-daemon-check'
[2026-05-16T04:28:34Z] commit-checkpoint: refused — current branch 'main' does not match state branch 'ticket/T103-t103-runtime-correctness-hotfixes-for-daemon-check'
[2026-05-16T04:29:05Z] commit-checkpoint: refused — current branch 'main' does not match state branch 'ticket/T103-t103-runtime-correctness-hotfixes-for-daemon-check'
[2026-05-16T04:29:35Z] commit-checkpoint: refused — current branch 'main' does not match state branch 'ticket/T103-t103-runtime-correctness-hotfixes-for-daemon-check'
[2026-05-16T04:30:06Z] commit-checkpoint: refused — current branch 'main' does not match state branch 'ticket/T103-t103-runtime-correctness-hotfixes-for-daemon-check'
[2026-05-16T04:30:37Z] commit-checkpoint: refused — current branch 'main' does not match state branch 'ticket/T103-t103-runtime-correctness-hotfixes-for-daemon-check'
[2026-05-16T04:31:08Z] commit-checkpoint: refused — current branch 'main' does not match state branch 'ticket/T103-t103-runtime-correctness-hotfixes-for-daemon-check'
[2026-05-16T04:31:39Z] commit-checkpoint: refused — current branch 'main' does not match state branch 'ticket/T103-t103-runtime-correctness-hotfixes-for-daemon-check'
[2026-05-16T04:32:10Z] commit-checkpoint: refused — current branch 'main' does not match state branch 'ticket/T103-t103-runtime-correctness-hotfixes-for-daemon-check'
[2026-05-16T04:32:41Z] commit-checkpoint: refused — current branch 'main' does not match state branch 'ticket/T103-t103-runtime-correctness-hotfixes-for-daemon-check'
[2026-05-16T04:33:11Z] commit-checkpoint: refused — current branch 'main' does not match state branch 'ticket/T103-t103-runtime-correctness-hotfixes-for-daemon-check'
[2026-05-16T04:33:42Z] commit-checkpoint: refused — current branch 'main' does not match state branch 'ticket/T103-t103-runtime-correctness-hotfixes-for-daemon-check'
[2026-05-16T04:34:13Z] commit-checkpoint: refused — current branch 'main' does not match state branch 'ticket/T103-t103-runtime-correctness-hotfixes-for-daemon-check'
[2026-05-16T04:34:44Z] commit-checkpoint: refused — current branch 'main' does not match state branch 'ticket/T103-t103-runtime-correctness-hotfixes-for-daemon-check'
[2026-05-16T04:35:14Z] commit-checkpoint: refused — current branch 'main' does not match state branch 'ticket/T103-t103-runtime-correctness-hotfixes-for-daemon-check'
[2026-05-16T04:35:45Z] commit-checkpoint: refused — current branch 'main' does not match state branch 'ticket/T103-t103-runtime-correctness-hotfixes-for-daemon-check'
[2026-05-16T04:36:16Z] commit-checkpoint: refused — current branch 'main' does not match state branch 'ticket/T103-t103-runtime-correctness-hotfixes-for-daemon-check'
[2026-05-16T04:36:47Z] commit-checkpoint: refused — current branch 'main' does not match state branch 'ticket/T103-t103-runtime-correctness-hotfixes-for-daemon-check'
[2026-05-16T04:37:17Z] commit-checkpoint: refused — current branch 'main' does not match state branch 'ticket/T103-t103-runtime-correctness-hotfixes-for-daemon-check'
[2026-05-16T04:37:48Z] commit-checkpoint: refused — current branch 'main' does not match state branch 'ticket/T103-t103-runtime-correctness-hotfixes-for-daemon-check'
[2026-05-16T04:38:19Z] commit-checkpoint: refused — current branch 'main' does not match state branch 'ticket/T103-t103-runtime-correctness-hotfixes-for-daemon-check'
[2026-05-16T04:38:50Z] commit-checkpoint: refused — current branch 'main' does not match state branch 'ticket/T103-t103-runtime-correctness-hotfixes-for-daemon-check'
[2026-05-16T04:39:21Z] commit-checkpoint: refused — current branch 'main' does not match state branch 'ticket/T103-t103-runtime-correctness-hotfixes-for-daemon-check'
[2026-05-16T04:39:52Z] commit-checkpoint: refused — current branch 'main' does not match state branch 'ticket/T103-t103-runtime-correctness-hotfixes-for-daemon-check'
[2026-05-16T04:40:22Z] commit-checkpoint: refused — current branch 'main' does not match state branch 'ticket/T103-t103-runtime-correctness-hotfixes-for-daemon-check'
[2026-05-16T04:40:53Z] commit-checkpoint: refused — current branch 'main' does not match state branch 'ticket/T103-t103-runtime-correctness-hotfixes-for-daemon-check'
[2026-05-16T04:41:24Z] commit-checkpoint: refused — current branch 'main' does not match state branch 'ticket/T103-t103-runtime-correctness-hotfixes-for-daemon-check'
[2026-05-16T04:41:55Z] commit-checkpoint: refused — current branch 'main' does not match state branch 'ticket/T103-t103-runtime-correctness-hotfixes-for-daemon-check'
[2026-05-16T04:42:26Z] commit-checkpoint: refused — current branch 'main' does not match state branch 'ticket/T103-t103-runtime-correctness-hotfixes-for-daemon-check'
[2026-05-16T04:42:56Z] commit-checkpoint: refused — current branch 'main' does not match state branch 'ticket/T103-t103-runtime-correctness-hotfixes-for-daemon-check'
[2026-05-16T04:43:27Z] commit-checkpoint: refused — current branch 'main' does not match state branch 'ticket/T103-t103-runtime-correctness-hotfixes-for-daemon-check'
[2026-05-16T04:43:58Z] commit-checkpoint: refused — current branch 'main' does not match state branch 'ticket/T103-t103-runtime-correctness-hotfixes-for-daemon-check'
[2026-05-16T04:44:29Z] commit-checkpoint: refused — current branch 'main' does not match state branch 'ticket/T103-t103-runtime-correctness-hotfixes-for-daemon-check'
[2026-05-16T04:45:00Z] commit-checkpoint: refused — current branch 'main' does not match state branch 'ticket/T103-t103-runtime-correctness-hotfixes-for-daemon-check'
[2026-05-16T04:45:31Z] commit-checkpoint: refused — current branch 'main' does not match state branch 'ticket/T103-t103-runtime-correctness-hotfixes-for-daemon-check'
[2026-05-16T04:46:02Z] commit-checkpoint: refused — current branch 'main' does not match state branch 'ticket/T103-t103-runtime-correctness-hotfixes-for-daemon-check'
[2026-05-16T04:46:33Z] commit-checkpoint: refused — current branch 'main' does not match state branch 'ticket/T103-t103-runtime-correctness-hotfixes-for-daemon-check'
[2026-05-16T04:47:04Z] commit-checkpoint: refused — current branch 'main' does not match state branch 'ticket/T103-t103-runtime-correctness-hotfixes-for-daemon-check'
[2026-05-16T04:47:35Z] commit-checkpoint: refused — current branch 'main' does not match state branch 'ticket/T103-t103-runtime-correctness-hotfixes-for-daemon-check'
[2026-05-16T04:48:05Z] commit-checkpoint: refused — current branch 'main' does not match state branch 'ticket/T103-t103-runtime-correctness-hotfixes-for-daemon-check'
[2026-05-16T04:48:36Z] commit-checkpoint: refused — current branch 'main' does not match state branch 'ticket/T103-t103-runtime-correctness-hotfixes-for-daemon-check'
[2026-05-16T04:49:07Z] commit-checkpoint: refused — current branch 'main' does not match state branch 'ticket/T103-t103-runtime-correctness-hotfixes-for-daemon-check'
[2026-05-16T04:49:38Z] commit-checkpoint: refused — current branch 'main' does not match state branch 'ticket/T103-t103-runtime-correctness-hotfixes-for-daemon-check'
[2026-05-16T04:50:08Z] commit-checkpoint: refused — current branch 'main' does not match state branch 'ticket/T103-t103-runtime-correctness-hotfixes-for-daemon-check'
[2026-05-16T04:50:39Z] commit-checkpoint: refused — current branch 'main' does not match state branch 'ticket/T103-t103-runtime-correctness-hotfixes-for-daemon-check'
[2026-05-16T04:51:10Z] commit-checkpoint: refused — current branch 'main' does not match state branch 'ticket/T103-t103-runtime-correctness-hotfixes-for-daemon-check'
[2026-05-16T04:51:41Z] commit-checkpoint: refused — current branch 'main' does not match state branch 'ticket/T103-t103-runtime-correctness-hotfixes-for-daemon-check'
[2026-05-16T04:52:11Z] commit-checkpoint: refused — current branch 'main' does not match state branch 'ticket/T103-t103-runtime-correctness-hotfixes-for-daemon-check'
[2026-05-16T04:52:42Z] commit-checkpoint: refused — current branch 'main' does not match state branch 'ticket/T103-t103-runtime-correctness-hotfixes-for-daemon-check'
[2026-05-16T04:53:13Z] commit-checkpoint: refused — current branch 'main' does not match state branch 'ticket/T103-t103-runtime-correctness-hotfixes-for-daemon-check'
[2026-05-16T04:53:44Z] commit-checkpoint: refused — current branch 'main' does not match state branch 'ticket/T103-t103-runtime-correctness-hotfixes-for-daemon-check'
[2026-05-16T04:54:14Z] commit-checkpoint: refused — current branch 'main' does not match state branch 'ticket/T103-t103-runtime-correctness-hotfixes-for-daemon-check'
[2026-05-16T04:54:45Z] commit-checkpoint: refused — current branch 'main' does not match state branch 'ticket/T103-t103-runtime-correctness-hotfixes-for-daemon-check'
[2026-05-16T04:55:16Z] commit-checkpoint: refused — current branch 'main' does not match state branch 'ticket/T103-t103-runtime-correctness-hotfixes-for-daemon-check'
[2026-05-16T04:55:47Z] commit-checkpoint: refused — current branch 'main' does not match state branch 'ticket/T103-t103-runtime-correctness-hotfixes-for-daemon-check'
[2026-05-16T04:56:17Z] commit-checkpoint: refused — current branch 'main' does not match state branch 'ticket/T103-t103-runtime-correctness-hotfixes-for-daemon-check'
[2026-05-16T04:56:48Z] commit-checkpoint: refused — current branch 'main' does not match state branch 'ticket/T103-t103-runtime-correctness-hotfixes-for-daemon-check'
[2026-05-16T04:57:19Z] commit-checkpoint: refused — current branch 'main' does not match state branch 'ticket/T103-t103-runtime-correctness-hotfixes-for-daemon-check'
[2026-05-16T04:57:50Z] commit-checkpoint: refused — current branch 'main' does not match state branch 'ticket/T103-t103-runtime-correctness-hotfixes-for-daemon-check'
[2026-05-16T04:58:21Z] commit-checkpoint: refused — current branch 'main' does not match state branch 'ticket/T103-t103-runtime-correctness-hotfixes-for-daemon-check'
[2026-05-16T04:58:52Z] commit-checkpoint: refused — current branch 'main' does not match state branch 'ticket/T103-t103-runtime-correctness-hotfixes-for-daemon-check'
[2026-05-16T04:59:22Z] commit-checkpoint: refused — current branch 'main' does not match state branch 'ticket/T103-t103-runtime-correctness-hotfixes-for-daemon-check'
[2026-05-16T04:59:53Z] commit-checkpoint: refused — current branch 'main' does not match state branch 'ticket/T103-t103-runtime-correctness-hotfixes-for-daemon-check'
[2026-05-16T05:00:24Z] commit-checkpoint: refused — current branch 'main' does not match state branch 'ticket/T103-t103-runtime-correctness-hotfixes-for-daemon-check'
[2026-05-16T05:00:55Z] commit-checkpoint: refused — current branch 'main' does not match state branch 'ticket/T103-t103-runtime-correctness-hotfixes-for-daemon-check'
[2026-05-16T05:01:25Z] commit-checkpoint: refused — current branch 'main' does not match state branch 'ticket/T103-t103-runtime-correctness-hotfixes-for-daemon-check'
[2026-05-16T05:01:56Z] commit-checkpoint: refused — current branch 'main' does not match state branch 'ticket/T103-t103-runtime-correctness-hotfixes-for-daemon-check'
[2026-05-16T05:02:27Z] commit-checkpoint: refused — current branch 'main' does not match state branch 'ticket/T103-t103-runtime-correctness-hotfixes-for-daemon-check'
[2026-05-16T05:02:58Z] commit-checkpoint: refused — current branch 'main' does not match state branch 'ticket/T103-t103-runtime-correctness-hotfixes-for-daemon-check'
[2026-05-16T05:03:29Z] commit-checkpoint: refused — current branch 'main' does not match state branch 'ticket/T103-t103-runtime-correctness-hotfixes-for-daemon-check'
[2026-05-16T05:03:59Z] commit-checkpoint: refused — current branch 'main' does not match state branch 'ticket/T103-t103-runtime-correctness-hotfixes-for-daemon-check'
[2026-05-16T05:04:30Z] commit-checkpoint: refused — current branch 'main' does not match state branch 'ticket/T103-t103-runtime-correctness-hotfixes-for-daemon-check'
[2026-05-16T05:05:01Z] commit-checkpoint: refused — current branch 'main' does not match state branch 'ticket/T103-t103-runtime-correctness-hotfixes-for-daemon-check'
[2026-05-16T05:05:32Z] commit-checkpoint: refused — current branch 'main' does not match state branch 'ticket/T103-t103-runtime-correctness-hotfixes-for-daemon-check'
[2026-05-16T05:06:03Z] commit-checkpoint: refused — current branch 'main' does not match state branch 'ticket/T103-t103-runtime-correctness-hotfixes-for-daemon-check'
[2026-05-16T05:06:33Z] commit-checkpoint: refused — current branch 'main' does not match state branch 'ticket/T103-t103-runtime-correctness-hotfixes-for-daemon-check'
[2026-05-16T05:07:04Z] commit-checkpoint: refused — current branch 'main' does not match state branch 'ticket/T103-t103-runtime-correctness-hotfixes-for-daemon-check'
[2026-05-16T05:07:35Z] commit-checkpoint: refused — current branch 'main' does not match state branch 'ticket/T103-t103-runtime-correctness-hotfixes-for-daemon-check'
[2026-05-16T05:08:06Z] commit-checkpoint: refused — current branch 'main' does not match state branch 'ticket/T103-t103-runtime-correctness-hotfixes-for-daemon-check'
[2026-05-16T05:08:37Z] commit-checkpoint: refused — current branch 'main' does not match state branch 'ticket/T103-t103-runtime-correctness-hotfixes-for-daemon-check'
[2026-05-16T05:09:07Z] commit-checkpoint: refused — current branch 'main' does not match state branch 'ticket/T103-t103-runtime-correctness-hotfixes-for-daemon-check'
[2026-05-16T05:09:38Z] commit-checkpoint: refused — current branch 'main' does not match state branch 'ticket/T103-t103-runtime-correctness-hotfixes-for-daemon-check'
[2026-05-16T05:10:09Z] commit-checkpoint: refused — current branch 'main' does not match state branch 'ticket/T103-t103-runtime-correctness-hotfixes-for-daemon-check'
[2026-05-16T05:10:40Z] commit-checkpoint: refused — current branch 'main' does not match state branch 'ticket/T103-t103-runtime-correctness-hotfixes-for-daemon-check'
[2026-05-16T05:11:11Z] commit-checkpoint: refused — current branch 'main' does not match state branch 'ticket/T103-t103-runtime-correctness-hotfixes-for-daemon-check'
[2026-05-16T05:11:41Z] commit-checkpoint: refused — current branch 'main' does not match state branch 'ticket/T103-t103-runtime-correctness-hotfixes-for-daemon-check'
[2026-05-16T05:12:12Z] commit-checkpoint: refused — current branch 'main' does not match state branch 'ticket/T103-t103-runtime-correctness-hotfixes-for-daemon-check'
[2026-05-16T05:12:43Z] commit-checkpoint: refused — current branch 'main' does not match state branch 'ticket/T103-t103-runtime-correctness-hotfixes-for-daemon-check'
[2026-05-16T05:13:14Z] commit-checkpoint: refused — current branch 'main' does not match state branch 'ticket/T103-t103-runtime-correctness-hotfixes-for-daemon-check'
[2026-05-16T05:13:44Z] commit-checkpoint: refused — current branch 'main' does not match state branch 'ticket/T103-t103-runtime-correctness-hotfixes-for-daemon-check'
[2026-05-16T05:14:15Z] commit-checkpoint: refused — current branch 'main' does not match state branch 'ticket/T103-t103-runtime-correctness-hotfixes-for-daemon-check'
[2026-05-16T05:14:46Z] commit-checkpoint: refused — current branch 'main' does not match state branch 'ticket/T103-t103-runtime-correctness-hotfixes-for-daemon-check'
[2026-05-16T05:15:17Z] commit-checkpoint: refused — current branch 'main' does not match state branch 'ticket/T103-t103-runtime-correctness-hotfixes-for-daemon-check'
[2026-05-16T05:15:48Z] commit-checkpoint: refused — current branch 'main' does not match state branch 'ticket/T103-t103-runtime-correctness-hotfixes-for-daemon-check'
[2026-05-16T05:16:18Z] commit-checkpoint: refused — current branch 'main' does not match state branch 'ticket/T103-t103-runtime-correctness-hotfixes-for-daemon-check'
[2026-05-16T05:16:49Z] commit-checkpoint: refused — current branch 'main' does not match state branch 'ticket/T103-t103-runtime-correctness-hotfixes-for-daemon-check'
[2026-05-16T05:17:20Z] commit-checkpoint: refused — current branch 'main' does not match state branch 'ticket/T103-t103-runtime-correctness-hotfixes-for-daemon-check'
[2026-05-16T05:17:51Z] commit-checkpoint: refused — current branch 'main' does not match state branch 'ticket/T103-t103-runtime-correctness-hotfixes-for-daemon-check'
[2026-05-16T05:18:21Z] commit-checkpoint: refused — current branch 'main' does not match state branch 'ticket/T103-t103-runtime-correctness-hotfixes-for-daemon-check'
[2026-05-16T05:18:52Z] commit-checkpoint: refused — current branch 'main' does not match state branch 'ticket/T103-t103-runtime-correctness-hotfixes-for-daemon-check'
[2026-05-16T05:19:24Z] commit-checkpoint: refused — current branch 'main' does not match state branch 'ticket/T103-t103-runtime-correctness-hotfixes-for-daemon-check'
[2026-05-16T05:19:54Z] commit-checkpoint: refused — current branch 'main' does not match state branch 'ticket/T103-t103-runtime-correctness-hotfixes-for-daemon-check'
[2026-05-16T05:20:25Z] commit-checkpoint: refused — current branch 'main' does not match state branch 'ticket/T103-t103-runtime-correctness-hotfixes-for-daemon-check'
[2026-05-16T05:20:56Z] commit-checkpoint: refused — current branch 'main' does not match state branch 'ticket/T103-t103-runtime-correctness-hotfixes-for-daemon-check'
[2026-05-16T05:21:27Z] commit-checkpoint: refused — current branch 'main' does not match state branch 'ticket/T103-t103-runtime-correctness-hotfixes-for-daemon-check'
[2026-05-16T05:21:57Z] commit-checkpoint: refused — current branch 'main' does not match state branch 'ticket/T103-t103-runtime-correctness-hotfixes-for-daemon-check'
[2026-05-16T05:22:28Z] commit-checkpoint: refused — current branch 'main' does not match state branch 'ticket/T103-t103-runtime-correctness-hotfixes-for-daemon-check'
[2026-05-16T05:22:59Z] commit-checkpoint: refused — current branch 'main' does not match state branch 'ticket/T103-t103-runtime-correctness-hotfixes-for-daemon-check'
[2026-05-16T05:23:30Z] commit-checkpoint: refused — current branch 'main' does not match state branch 'ticket/T103-t103-runtime-correctness-hotfixes-for-daemon-check'
[2026-05-16T05:24:00Z] commit-checkpoint: refused — current branch 'main' does not match state branch 'ticket/T103-t103-runtime-correctness-hotfixes-for-daemon-check'
[2026-05-16T05:24:31Z] commit-checkpoint: refused — current branch 'main' does not match state branch 'ticket/T103-t103-runtime-correctness-hotfixes-for-daemon-check'
[2026-05-16T05:25:02Z] commit-checkpoint: refused — current branch 'main' does not match state branch 'ticket/T103-t103-runtime-correctness-hotfixes-for-daemon-check'
[2026-05-16T05:25:33Z] commit-checkpoint: refused — current branch 'main' does not match state branch 'ticket/T103-t103-runtime-correctness-hotfixes-for-daemon-check'
[2026-05-16T05:26:04Z] commit-checkpoint: refused — current branch 'main' does not match state branch 'ticket/T103-t103-runtime-correctness-hotfixes-for-daemon-check'
[2026-05-16T05:26:35Z] commit-checkpoint: refused — current branch 'main' does not match state branch 'ticket/T103-t103-runtime-correctness-hotfixes-for-daemon-check'
[2026-05-16T05:27:06Z] commit-checkpoint: refused — current branch 'main' does not match state branch 'ticket/T103-t103-runtime-correctness-hotfixes-for-daemon-check'
[2026-05-16T05:27:36Z] commit-checkpoint: refused — current branch 'main' does not match state branch 'ticket/T103-t103-runtime-correctness-hotfixes-for-daemon-check'
[2026-05-16T05:28:07Z] commit-checkpoint: refused — current branch 'main' does not match state branch 'ticket/T103-t103-runtime-correctness-hotfixes-for-daemon-check'
[2026-05-16T05:28:38Z] commit-checkpoint: refused — current branch 'main' does not match state branch 'ticket/T103-t103-runtime-correctness-hotfixes-for-daemon-check'
[2026-05-16T05:29:09Z] commit-checkpoint: refused — current branch 'main' does not match state branch 'ticket/T103-t103-runtime-correctness-hotfixes-for-daemon-check'
[2026-05-16T05:29:39Z] commit-checkpoint: refused — current branch 'main' does not match state branch 'ticket/T103-t103-runtime-correctness-hotfixes-for-daemon-check'
[2026-05-16T05:30:10Z] commit-checkpoint: refused — current branch 'main' does not match state branch 'ticket/T103-t103-runtime-correctness-hotfixes-for-daemon-check'
[2026-05-16T05:30:41Z] commit-checkpoint: refused — current branch 'main' does not match state branch 'ticket/T103-t103-runtime-correctness-hotfixes-for-daemon-check'
[2026-05-16T05:31:12Z] commit-checkpoint: refused — current branch 'main' does not match state branch 'ticket/T103-t103-runtime-correctness-hotfixes-for-daemon-check'
[2026-05-16T05:31:43Z] commit-checkpoint: refused — current branch 'main' does not match state branch 'ticket/T103-t103-runtime-correctness-hotfixes-for-daemon-check'
[2026-05-16T05:32:13Z] commit-checkpoint: refused — current branch 'main' does not match state branch 'ticket/T103-t103-runtime-correctness-hotfixes-for-daemon-check'
[2026-05-16T05:32:44Z] commit-checkpoint: refused — current branch 'main' does not match state branch 'ticket/T103-t103-runtime-correctness-hotfixes-for-daemon-check'
[2026-05-16T05:33:15Z] commit-checkpoint: refused — current branch 'main' does not match state branch 'ticket/T103-t103-runtime-correctness-hotfixes-for-daemon-check'
[2026-05-16T05:33:46Z] commit-checkpoint: refused — current branch 'main' does not match state branch 'ticket/T103-t103-runtime-correctness-hotfixes-for-daemon-check'
[2026-05-16T05:34:17Z] commit-checkpoint: refused — current branch 'main' does not match state branch 'ticket/T103-t103-runtime-correctness-hotfixes-for-daemon-check'
[2026-05-16T05:34:47Z] commit-checkpoint: refused — current branch 'main' does not match state branch 'ticket/T103-t103-runtime-correctness-hotfixes-for-daemon-check'
[2026-05-16T05:35:18Z] commit-checkpoint: refused — current branch 'main' does not match state branch 'ticket/T103-t103-runtime-correctness-hotfixes-for-daemon-check'
[2026-05-16T05:35:49Z] commit-checkpoint: refused — current branch 'main' does not match state branch 'ticket/T103-t103-runtime-correctness-hotfixes-for-daemon-check'
[2026-05-16T05:36:20Z] commit-checkpoint: refused — current branch 'main' does not match state branch 'ticket/T103-t103-runtime-correctness-hotfixes-for-daemon-check'
[2026-05-16T05:36:51Z] commit-checkpoint: refused — current branch 'main' does not match state branch 'ticket/T103-t103-runtime-correctness-hotfixes-for-daemon-check'
[2026-05-16T05:37:21Z] commit-checkpoint: refused — current branch 'main' does not match state branch 'ticket/T103-t103-runtime-correctness-hotfixes-for-daemon-check'
[2026-05-16T05:37:52Z] commit-checkpoint: refused — current branch 'main' does not match state branch 'ticket/T103-t103-runtime-correctness-hotfixes-for-daemon-check'
[2026-05-16T05:38:23Z] commit-checkpoint: refused — current branch 'main' does not match state branch 'ticket/T103-t103-runtime-correctness-hotfixes-for-daemon-check'
[2026-05-16T05:38:54Z] commit-checkpoint: refused — current branch 'main' does not match state branch 'ticket/T103-t103-runtime-correctness-hotfixes-for-daemon-check'
[2026-05-16T05:39:24Z] commit-checkpoint: refused — current branch 'main' does not match state branch 'ticket/T103-t103-runtime-correctness-hotfixes-for-daemon-check'
[2026-05-16T05:39:55Z] commit-checkpoint: refused — current branch 'main' does not match state branch 'ticket/T103-t103-runtime-correctness-hotfixes-for-daemon-check'
[2026-05-16T05:40:26Z] commit-checkpoint: refused — current branch 'main' does not match state branch 'ticket/T103-t103-runtime-correctness-hotfixes-for-daemon-check'
[2026-05-16T05:40:57Z] commit-checkpoint: refused — current branch 'main' does not match state branch 'ticket/T103-t103-runtime-correctness-hotfixes-for-daemon-check'
[2026-05-16T05:41:28Z] commit-checkpoint: refused — current branch 'main' does not match state branch 'ticket/T103-t103-runtime-correctness-hotfixes-for-daemon-check'
[2026-05-16T05:41:58Z] commit-checkpoint: refused — current branch 'main' does not match state branch 'ticket/T103-t103-runtime-correctness-hotfixes-for-daemon-check'
[2026-05-16T05:42:29Z] commit-checkpoint: refused — current branch 'main' does not match state branch 'ticket/T103-t103-runtime-correctness-hotfixes-for-daemon-check'
[2026-05-16T05:43:00Z] commit-checkpoint: refused — current branch 'main' does not match state branch 'ticket/T103-t103-runtime-correctness-hotfixes-for-daemon-check'
[2026-05-16T05:43:31Z] commit-checkpoint: refused — current branch 'main' does not match state branch 'ticket/T103-t103-runtime-correctness-hotfixes-for-daemon-check'
[2026-05-16T05:44:02Z] commit-checkpoint: refused — current branch 'main' does not match state branch 'ticket/T103-t103-runtime-correctness-hotfixes-for-daemon-check'
[2026-05-16T05:44:33Z] commit-checkpoint: refused — current branch 'main' does not match state branch 'ticket/T103-t103-runtime-correctness-hotfixes-for-daemon-check'
[2026-05-16T05:45:03Z] commit-checkpoint: refused — current branch 'main' does not match state branch 'ticket/T103-t103-runtime-correctness-hotfixes-for-daemon-check'
[2026-05-16T05:45:34Z] commit-checkpoint: refused — current branch 'main' does not match state branch 'ticket/T103-t103-runtime-correctness-hotfixes-for-daemon-check'
[2026-05-16T05:46:05Z] commit-checkpoint: refused — current branch 'main' does not match state branch 'ticket/T103-t103-runtime-correctness-hotfixes-for-daemon-check'
[2026-05-16T05:46:36Z] commit-checkpoint: refused — current branch 'main' does not match state branch 'ticket/T103-t103-runtime-correctness-hotfixes-for-daemon-check'
[2026-05-16T05:47:07Z] commit-checkpoint: refused — current branch 'main' does not match state branch 'ticket/T103-t103-runtime-correctness-hotfixes-for-daemon-check'
[2026-05-16T05:47:37Z] commit-checkpoint: refused — current branch 'main' does not match state branch 'ticket/T103-t103-runtime-correctness-hotfixes-for-daemon-check'
[2026-05-16T05:48:08Z] commit-checkpoint: refused — current branch 'main' does not match state branch 'ticket/T103-t103-runtime-correctness-hotfixes-for-daemon-check'
[2026-05-16T05:48:39Z] commit-checkpoint: refused — current branch 'main' does not match state branch 'ticket/T103-t103-runtime-correctness-hotfixes-for-daemon-check'
[2026-05-16T05:49:10Z] commit-checkpoint: refused — current branch 'main' does not match state branch 'ticket/T103-t103-runtime-correctness-hotfixes-for-daemon-check'
[2026-05-16T05:49:40Z] commit-checkpoint: refused — current branch 'main' does not match state branch 'ticket/T103-t103-runtime-correctness-hotfixes-for-daemon-check'
[2026-05-16T05:50:11Z] commit-checkpoint: refused — current branch 'main' does not match state branch 'ticket/T103-t103-runtime-correctness-hotfixes-for-daemon-check'
[2026-05-16T05:50:42Z] commit-checkpoint: refused — current branch 'main' does not match state branch 'ticket/T103-t103-runtime-correctness-hotfixes-for-daemon-check'
[2026-05-16T05:51:13Z] commit-checkpoint: refused — current branch 'main' does not match state branch 'ticket/T103-t103-runtime-correctness-hotfixes-for-daemon-check'
[2026-05-16T05:51:44Z] commit-checkpoint: refused — current branch 'main' does not match state branch 'ticket/T103-t103-runtime-correctness-hotfixes-for-daemon-check'
[2026-05-16T05:52:15Z] commit-checkpoint: refused — current branch 'main' does not match state branch 'ticket/T103-t103-runtime-correctness-hotfixes-for-daemon-check'
[2026-05-16T05:52:45Z] commit-checkpoint: refused — current branch 'main' does not match state branch 'ticket/T103-t103-runtime-correctness-hotfixes-for-daemon-check'
[2026-05-16T05:53:16Z] commit-checkpoint: refused — current branch 'main' does not match state branch 'ticket/T103-t103-runtime-correctness-hotfixes-for-daemon-check'
[2026-05-16T05:53:47Z] commit-checkpoint: refused — current branch 'main' does not match state branch 'ticket/T103-t103-runtime-correctness-hotfixes-for-daemon-check'
[2026-05-16T05:54:18Z] commit-checkpoint: refused — current branch 'main' does not match state branch 'ticket/T103-t103-runtime-correctness-hotfixes-for-daemon-check'
[2026-05-16T05:54:48Z] commit-checkpoint: refused — current branch 'main' does not match state branch 'ticket/T103-t103-runtime-correctness-hotfixes-for-daemon-check'
[2026-05-16T05:55:19Z] commit-checkpoint: refused — current branch 'main' does not match state branch 'ticket/T103-t103-runtime-correctness-hotfixes-for-daemon-check'
[2026-05-16T05:55:50Z] commit-checkpoint: refused — current branch 'main' does not match state branch 'ticket/T103-t103-runtime-correctness-hotfixes-for-daemon-check'
[2026-05-16T05:56:21Z] commit-checkpoint: refused — current branch 'main' does not match state branch 'ticket/T103-t103-runtime-correctness-hotfixes-for-daemon-check'
[2026-05-16T05:56:52Z] commit-checkpoint: refused — current branch 'main' does not match state branch 'ticket/T103-t103-runtime-correctness-hotfixes-for-daemon-check'
[2026-05-16T05:57:22Z] commit-checkpoint: refused — current branch 'main' does not match state branch 'ticket/T103-t103-runtime-correctness-hotfixes-for-daemon-check'
[2026-05-16T05:57:53Z] commit-checkpoint: refused — current branch 'main' does not match state branch 'ticket/T103-t103-runtime-correctness-hotfixes-for-daemon-check'
[2026-05-16T05:58:24Z] commit-checkpoint: refused — current branch 'main' does not match state branch 'ticket/T103-t103-runtime-correctness-hotfixes-for-daemon-check'
[2026-05-16T05:58:55Z] commit-checkpoint: refused — current branch 'main' does not match state branch 'ticket/T103-t103-runtime-correctness-hotfixes-for-daemon-check'
[2026-05-16T05:59:25Z] commit-checkpoint: refused — current branch 'main' does not match state branch 'ticket/T103-t103-runtime-correctness-hotfixes-for-daemon-check'
[2026-05-16T05:59:56Z] commit-checkpoint: refused — current branch 'main' does not match state branch 'ticket/T103-t103-runtime-correctness-hotfixes-for-daemon-check'
[2026-05-16T06:00:27Z] commit-checkpoint: refused — current branch 'main' does not match state branch 'ticket/T103-t103-runtime-correctness-hotfixes-for-daemon-check'
[2026-05-16T06:00:58Z] commit-checkpoint: refused — current branch 'main' does not match state branch 'ticket/T103-t103-runtime-correctness-hotfixes-for-daemon-check'
[2026-05-16T06:01:28Z] commit-checkpoint: refused — current branch 'main' does not match state branch 'ticket/T103-t103-runtime-correctness-hotfixes-for-daemon-check'
[2026-05-16T06:01:59Z] commit-checkpoint: refused — current branch 'main' does not match state branch 'ticket/T103-t103-runtime-correctness-hotfixes-for-daemon-check'
[2026-05-16T06:02:30Z] commit-checkpoint: refused — current branch 'main' does not match state branch 'ticket/T103-t103-runtime-correctness-hotfixes-for-daemon-check'
[2026-05-16T06:03:01Z] commit-checkpoint: refused — current branch 'main' does not match state branch 'ticket/T103-t103-runtime-correctness-hotfixes-for-daemon-check'
[2026-05-16T06:03:32Z] commit-checkpoint: refused — current branch 'main' does not match state branch 'ticket/T103-t103-runtime-correctness-hotfixes-for-daemon-check'
[2026-05-16T06:04:02Z] commit-checkpoint: refused — current branch 'main' does not match state branch 'ticket/T103-t103-runtime-correctness-hotfixes-for-daemon-check'
[2026-05-16T06:04:33Z] commit-checkpoint: refused — current branch 'main' does not match state branch 'ticket/T103-t103-runtime-correctness-hotfixes-for-daemon-check'
[2026-05-16T06:05:04Z] commit-checkpoint: refused — current branch 'main' does not match state branch 'ticket/T103-t103-runtime-correctness-hotfixes-for-daemon-check'
[2026-05-16T06:05:35Z] commit-checkpoint: refused — current branch 'main' does not match state branch 'ticket/T103-t103-runtime-correctness-hotfixes-for-daemon-check'
[2026-05-16T06:06:05Z] commit-checkpoint: refused — current branch 'main' does not match state branch 'ticket/T103-t103-runtime-correctness-hotfixes-for-daemon-check'
[2026-05-16T06:06:36Z] commit-checkpoint: refused — current branch 'main' does not match state branch 'ticket/T103-t103-runtime-correctness-hotfixes-for-daemon-check'
[2026-05-16T06:07:07Z] commit-checkpoint: refused — current branch 'main' does not match state branch 'ticket/T103-t103-runtime-correctness-hotfixes-for-daemon-check'
[2026-05-16T06:07:38Z] commit-checkpoint: refused — current branch 'main' does not match state branch 'ticket/T103-t103-runtime-correctness-hotfixes-for-daemon-check'
[2026-05-16T06:08:09Z] commit-checkpoint: refused — current branch 'main' does not match state branch 'ticket/T103-t103-runtime-correctness-hotfixes-for-daemon-check'
[2026-05-16T06:08:39Z] commit-checkpoint: refused — current branch 'main' does not match state branch 'ticket/T103-t103-runtime-correctness-hotfixes-for-daemon-check'
[2026-05-16T06:09:10Z] commit-checkpoint: refused — current branch 'main' does not match state branch 'ticket/T103-t103-runtime-correctness-hotfixes-for-daemon-check'
[2026-05-16T06:09:41Z] commit-checkpoint: refused — current branch 'main' does not match state branch 'ticket/T103-t103-runtime-correctness-hotfixes-for-daemon-check'
[2026-05-16T06:10:12Z] commit-checkpoint: refused — current branch 'main' does not match state branch 'ticket/T103-t103-runtime-correctness-hotfixes-for-daemon-check'
[2026-05-16T06:10:42Z] commit-checkpoint: refused — current branch 'main' does not match state branch 'ticket/T103-t103-runtime-correctness-hotfixes-for-daemon-check'
[2026-05-16T06:11:13Z] commit-checkpoint: refused — current branch 'main' does not match state branch 'ticket/T103-t103-runtime-correctness-hotfixes-for-daemon-check'
[2026-05-16T06:11:44Z] commit-checkpoint: refused — current branch 'main' does not match state branch 'ticket/T103-t103-runtime-correctness-hotfixes-for-daemon-check'
[2026-05-16T06:12:15Z] commit-checkpoint: refused — current branch 'main' does not match state branch 'ticket/T103-t103-runtime-correctness-hotfixes-for-daemon-check'
[2026-05-16T06:12:46Z] commit-checkpoint: refused — current branch 'main' does not match state branch 'ticket/T103-t103-runtime-correctness-hotfixes-for-daemon-check'
[2026-05-16T06:13:16Z] commit-checkpoint: refused — current branch 'main' does not match state branch 'ticket/T103-t103-runtime-correctness-hotfixes-for-daemon-check'
[2026-05-16T06:13:47Z] commit-checkpoint: refused — current branch 'main' does not match state branch 'ticket/T103-t103-runtime-correctness-hotfixes-for-daemon-check'
[2026-05-16T06:14:18Z] commit-checkpoint: refused — current branch 'main' does not match state branch 'ticket/T103-t103-runtime-correctness-hotfixes-for-daemon-check'
[2026-05-16T06:14:49Z] commit-checkpoint: refused — current branch 'main' does not match state branch 'ticket/T103-t103-runtime-correctness-hotfixes-for-daemon-check'
[2026-05-16T06:15:19Z] commit-checkpoint: refused — current branch 'main' does not match state branch 'ticket/T103-t103-runtime-correctness-hotfixes-for-daemon-check'
[2026-05-16T06:15:50Z] commit-checkpoint: refused — current branch 'main' does not match state branch 'ticket/T103-t103-runtime-correctness-hotfixes-for-daemon-check'
[2026-05-16T06:16:21Z] commit-checkpoint: refused — current branch 'main' does not match state branch 'ticket/T103-t103-runtime-correctness-hotfixes-for-daemon-check'
[2026-05-16T06:16:52Z] commit-checkpoint: refused — current branch 'main' does not match state branch 'ticket/T103-t103-runtime-correctness-hotfixes-for-daemon-check'
[2026-05-16T06:17:23Z] commit-checkpoint: refused — current branch 'main' does not match state branch 'ticket/T103-t103-runtime-correctness-hotfixes-for-daemon-check'
[2026-05-16T06:17:53Z] commit-checkpoint: refused — current branch 'main' does not match state branch 'ticket/T103-t103-runtime-correctness-hotfixes-for-daemon-check'
[2026-05-16T06:18:24Z] commit-checkpoint: refused — current branch 'main' does not match state branch 'ticket/T103-t103-runtime-correctness-hotfixes-for-daemon-check'
[2026-05-16T06:18:55Z] commit-checkpoint: refused — current branch 'main' does not match state branch 'ticket/T103-t103-runtime-correctness-hotfixes-for-daemon-check'
[2026-05-16T06:19:26Z] commit-checkpoint: refused — current branch 'main' does not match state branch 'ticket/T103-t103-runtime-correctness-hotfixes-for-daemon-check'
[2026-05-16T06:19:57Z] commit-checkpoint: refused — current branch 'main' does not match state branch 'ticket/T103-t103-runtime-correctness-hotfixes-for-daemon-check'
[2026-05-16T06:20:27Z] commit-checkpoint: refused — current branch 'main' does not match state branch 'ticket/T103-t103-runtime-correctness-hotfixes-for-daemon-check'
[2026-05-16T06:20:58Z] commit-checkpoint: refused — current branch 'main' does not match state branch 'ticket/T103-t103-runtime-correctness-hotfixes-for-daemon-check'
[2026-05-16T06:21:29Z] commit-checkpoint: refused — current branch 'main' does not match state branch 'ticket/T103-t103-runtime-correctness-hotfixes-for-daemon-check'
[2026-05-16T06:22:00Z] commit-checkpoint: refused — current branch 'main' does not match state branch 'ticket/T103-t103-runtime-correctness-hotfixes-for-daemon-check'
[2026-05-16T06:22:30Z] commit-checkpoint: refused — current branch 'main' does not match state branch 'ticket/T103-t103-runtime-correctness-hotfixes-for-daemon-check'
[2026-05-16T06:23:01Z] commit-checkpoint: refused — current branch 'main' does not match state branch 'ticket/T103-t103-runtime-correctness-hotfixes-for-daemon-check'
[2026-05-16T06:23:32Z] commit-checkpoint: refused — current branch 'main' does not match state branch 'ticket/T103-t103-runtime-correctness-hotfixes-for-daemon-check'
[2026-05-16T06:24:03Z] commit-checkpoint: refused — current branch 'main' does not match state branch 'ticket/T103-t103-runtime-correctness-hotfixes-for-daemon-check'
[2026-05-16T06:24:33Z] commit-checkpoint: refused — current branch 'main' does not match state branch 'ticket/T103-t103-runtime-correctness-hotfixes-for-daemon-check'
[2026-05-16T06:25:04Z] commit-checkpoint: refused — current branch 'main' does not match state branch 'ticket/T103-t103-runtime-correctness-hotfixes-for-daemon-check'
[2026-05-16T06:25:35Z] commit-checkpoint: refused — current branch 'main' does not match state branch 'ticket/T103-t103-runtime-correctness-hotfixes-for-daemon-check'
[2026-05-16T06:26:06Z] commit-checkpoint: refused — current branch 'main' does not match state branch 'ticket/T103-t103-runtime-correctness-hotfixes-for-daemon-check'
[2026-05-16T06:26:37Z] commit-checkpoint: refused — current branch 'main' does not match state branch 'ticket/T103-t103-runtime-correctness-hotfixes-for-daemon-check'
[2026-05-16T06:27:07Z] commit-checkpoint: refused — current branch 'main' does not match state branch 'ticket/T103-t103-runtime-correctness-hotfixes-for-daemon-check'
[2026-05-16T06:27:38Z] commit-checkpoint: refused — current branch 'main' does not match state branch 'ticket/T103-t103-runtime-correctness-hotfixes-for-daemon-check'
[2026-05-16T06:28:09Z] commit-checkpoint: refused — current branch 'main' does not match state branch 'ticket/T103-t103-runtime-correctness-hotfixes-for-daemon-check'
[2026-05-16T06:28:40Z] commit-checkpoint: refused — current branch 'main' does not match state branch 'ticket/T103-t103-runtime-correctness-hotfixes-for-daemon-check'
[2026-05-16T06:29:10Z] commit-checkpoint: refused — current branch 'main' does not match state branch 'ticket/T103-t103-runtime-correctness-hotfixes-for-daemon-check'
[2026-05-16T06:29:41Z] commit-checkpoint: refused — current branch 'main' does not match state branch 'ticket/T103-t103-runtime-correctness-hotfixes-for-daemon-check'
[2026-05-16T06:30:12Z] commit-checkpoint: refused — current branch 'main' does not match state branch 'ticket/T103-t103-runtime-correctness-hotfixes-for-daemon-check'
[2026-05-16T06:30:43Z] commit-checkpoint: refused — current branch 'main' does not match state branch 'ticket/T103-t103-runtime-correctness-hotfixes-for-daemon-check'
[2026-05-16T06:31:14Z] commit-checkpoint: refused — current branch 'main' does not match state branch 'ticket/T103-t103-runtime-correctness-hotfixes-for-daemon-check'
[2026-05-16T06:31:44Z] commit-checkpoint: refused — current branch 'main' does not match state branch 'ticket/T103-t103-runtime-correctness-hotfixes-for-daemon-check'
[2026-05-16T06:32:15Z] commit-checkpoint: refused — current branch 'main' does not match state branch 'ticket/T103-t103-runtime-correctness-hotfixes-for-daemon-check'
[2026-05-16T06:32:46Z] commit-checkpoint: refused — current branch 'main' does not match state branch 'ticket/T103-t103-runtime-correctness-hotfixes-for-daemon-check'
[2026-05-16T06:33:17Z] commit-checkpoint: refused — current branch 'main' does not match state branch 'ticket/T103-t103-runtime-correctness-hotfixes-for-daemon-check'
[2026-05-16T06:33:47Z] commit-checkpoint: refused — current branch 'main' does not match state branch 'ticket/T103-t103-runtime-correctness-hotfixes-for-daemon-check'
[2026-05-16T06:34:18Z] commit-checkpoint: refused — current branch 'main' does not match state branch 'ticket/T103-t103-runtime-correctness-hotfixes-for-daemon-check'
[2026-05-16T06:34:49Z] commit-checkpoint: refused — current branch 'main' does not match state branch 'ticket/T103-t103-runtime-correctness-hotfixes-for-daemon-check'
[2026-05-16T06:35:20Z] commit-checkpoint: refused — current branch 'main' does not match state branch 'ticket/T103-t103-runtime-correctness-hotfixes-for-daemon-check'
[2026-05-16T06:35:51Z] commit-checkpoint: refused — current branch 'main' does not match state branch 'ticket/T103-t103-runtime-correctness-hotfixes-for-daemon-check'
[2026-05-16T06:36:21Z] commit-checkpoint: refused — current branch 'main' does not match state branch 'ticket/T103-t103-runtime-correctness-hotfixes-for-daemon-check'
[2026-05-16T06:36:52Z] commit-checkpoint: refused — current branch 'main' does not match state branch 'ticket/T103-t103-runtime-correctness-hotfixes-for-daemon-check'
[2026-05-16T06:37:23Z] commit-checkpoint: refused — current branch 'main' does not match state branch 'ticket/T103-t103-runtime-correctness-hotfixes-for-daemon-check'
[2026-05-16T06:37:54Z] commit-checkpoint: refused — current branch 'main' does not match state branch 'ticket/T103-t103-runtime-correctness-hotfixes-for-daemon-check'
[2026-05-16T06:38:24Z] commit-checkpoint: refused — current branch 'main' does not match state branch 'ticket/T103-t103-runtime-correctness-hotfixes-for-daemon-check'
[2026-05-16T06:38:55Z] commit-checkpoint: refused — current branch 'main' does not match state branch 'ticket/T103-t103-runtime-correctness-hotfixes-for-daemon-check'
[2026-05-16T06:39:26Z] commit-checkpoint: refused — current branch 'main' does not match state branch 'ticket/T103-t103-runtime-correctness-hotfixes-for-daemon-check'
[2026-05-16T06:39:57Z] commit-checkpoint: refused — current branch 'main' does not match state branch 'ticket/T103-t103-runtime-correctness-hotfixes-for-daemon-check'
[2026-05-16T06:40:27Z] commit-checkpoint: refused — current branch 'main' does not match state branch 'ticket/T103-t103-runtime-correctness-hotfixes-for-daemon-check'
[2026-05-16T06:40:58Z] commit-checkpoint: refused — current branch 'main' does not match state branch 'ticket/T103-t103-runtime-correctness-hotfixes-for-daemon-check'
[2026-05-16T06:41:29Z] commit-checkpoint: refused — current branch 'main' does not match state branch 'ticket/T103-t103-runtime-correctness-hotfixes-for-daemon-check'
[2026-05-17T21:01:13Z] commit-checkpoint: refused — current branch 'main' does not match state branch 'ticket/T103-t103-runtime-correctness-hotfixes-for-daemon-check'
[2026-05-17T21:01:44Z] commit-checkpoint: refused — current branch 'main' does not match state branch 'ticket/T103-t103-runtime-correctness-hotfixes-for-daemon-check'
[2026-05-17T21:02:15Z] commit-checkpoint: refused — current branch 'main' does not match state branch 'ticket/T103-t103-runtime-correctness-hotfixes-for-daemon-check'
[2026-05-17T21:02:45Z] commit-checkpoint: refused — current branch 'main' does not match state branch 'ticket/T103-t103-runtime-correctness-hotfixes-for-daemon-check'
[2026-05-17T21:03:18Z] commit-checkpoint: refused — current branch 'main' does not match state branch 'ticket/T103-t103-runtime-correctness-hotfixes-for-daemon-check'
[2026-05-17T21:03:49Z] commit-checkpoint: refused — current branch 'main' does not match state branch 'ticket/T103-t103-runtime-correctness-hotfixes-for-daemon-check'
[2026-05-17T21:04:20Z] commit-checkpoint: refused — current branch 'main' does not match state branch 'ticket/T103-t103-runtime-correctness-hotfixes-for-daemon-check'
[2026-05-17T21:04:50Z] commit-checkpoint: refused — current branch 'main' does not match state branch 'ticket/T103-t103-runtime-correctness-hotfixes-for-daemon-check'
[2026-05-17T21:05:21Z] commit-checkpoint: refused — current branch 'main' does not match state branch 'ticket/T103-t103-runtime-correctness-hotfixes-for-daemon-check'
[2026-05-17T21:05:52Z] commit-checkpoint: refused — current branch 'main' does not match state branch 'ticket/T103-t103-runtime-correctness-hotfixes-for-daemon-check'
[2026-05-17T21:06:23Z] commit-checkpoint: refused — current branch 'main' does not match state branch 'ticket/T103-t103-runtime-correctness-hotfixes-for-daemon-check'
[2026-05-17T21:06:53Z] commit-checkpoint: refused — current branch 'main' does not match state branch 'ticket/T103-t103-runtime-correctness-hotfixes-for-daemon-check'
[2026-05-17T21:07:24Z] commit-checkpoint: refused — current branch 'main' does not match state branch 'ticket/T103-t103-runtime-correctness-hotfixes-for-daemon-check'
[2026-05-17T21:16:20Z] commit-checkpoint: refused — current branch 'ticket/T104-t104-per-ticket-worker-worktrees-and-isolated-runt' does not match state branch 'ticket/T103-t103-runtime-correctness-hotfixes-for-daemon-check'
[2026-05-17T21:16:56Z] commit-checkpoint: refused — current branch 'main' does not match state branch 'ticket/T103-t103-runtime-correctness-hotfixes-for-daemon-check'
[2026-05-17T21:17:28Z] commit-checkpoint: refused — current branch 'main' does not match state branch 'ticket/T103-t103-runtime-correctness-hotfixes-for-daemon-check'
[2026-05-17T21:18:01Z] commit-checkpoint: refused — current branch 'main' does not match state branch 'ticket/T103-t103-runtime-correctness-hotfixes-for-daemon-check'
[2026-05-17T21:18:33Z] commit-checkpoint: refused — current branch 'main' does not match state branch 'ticket/T103-t103-runtime-correctness-hotfixes-for-daemon-check'
[2026-05-17T21:19:06Z] commit-checkpoint: refused — current branch 'main' does not match state branch 'ticket/T103-t103-runtime-correctness-hotfixes-for-daemon-check'
[2026-05-17T21:19:38Z] commit-checkpoint: refused — current branch 'main' does not match state branch 'ticket/T103-t103-runtime-correctness-hotfixes-for-daemon-check'
[2026-05-17T21:20:11Z] commit-checkpoint: refused — current branch 'main' does not match state branch 'ticket/T103-t103-runtime-correctness-hotfixes-for-daemon-check'
[2026-05-17T21:20:44Z] commit-checkpoint: refused — current branch 'main' does not match state branch 'ticket/T103-t103-runtime-correctness-hotfixes-for-daemon-check'
[2026-05-17T21:21:29Z] commit-checkpoint: refused — current branch 'main' does not match state branch 'ticket/T103-t103-runtime-correctness-hotfixes-for-daemon-check'
[2026-05-17T21:22:01Z] commit-checkpoint: refused — current branch 'main' does not match state branch 'ticket/T103-t103-runtime-correctness-hotfixes-for-daemon-check'
[2026-05-17T21:22:34Z] commit-checkpoint: refused — current branch 'main' does not match state branch 'ticket/T103-t103-runtime-correctness-hotfixes-for-daemon-check'
[2026-05-17T21:23:06Z] commit-checkpoint: refused — current branch 'main' does not match state branch 'ticket/T103-t103-runtime-correctness-hotfixes-for-daemon-check'
[2026-05-17T21:23:39Z] commit-checkpoint: refused — current branch 'main' does not match state branch 'ticket/T103-t103-runtime-correctness-hotfixes-for-daemon-check'
[2026-05-17T21:24:11Z] commit-checkpoint: refused — current branch 'main' does not match state branch 'ticket/T103-t103-runtime-correctness-hotfixes-for-daemon-check'
[2026-05-17T21:24:44Z] commit-checkpoint: refused — current branch 'main' does not match state branch 'ticket/T103-t103-runtime-correctness-hotfixes-for-daemon-check'
[2026-05-17T21:25:16Z] commit-checkpoint: refused — current branch 'main' does not match state branch 'ticket/T103-t103-runtime-correctness-hotfixes-for-daemon-check'
[2026-05-17T21:25:49Z] commit-checkpoint: refused — current branch 'main' does not match state branch 'ticket/T103-t103-runtime-correctness-hotfixes-for-daemon-check'
[2026-05-17T21:26:21Z] commit-checkpoint: refused — current branch 'main' does not match state branch 'ticket/T103-t103-runtime-correctness-hotfixes-for-daemon-check'
[2026-05-17T21:26:54Z] commit-checkpoint: refused — current branch 'main' does not match state branch 'ticket/T103-t103-runtime-correctness-hotfixes-for-daemon-check'
[2026-05-17T21:27:26Z] commit-checkpoint: refused — current branch 'main' does not match state branch 'ticket/T103-t103-runtime-correctness-hotfixes-for-daemon-check'
[2026-05-17T21:27:59Z] commit-checkpoint: refused — current branch 'main' does not match state branch 'ticket/T103-t103-runtime-correctness-hotfixes-for-daemon-check'
[2026-05-17T21:32:44Z] commit-checkpoint: refused — current branch 'main' does not match state branch 'ticket/T103-t103-runtime-correctness-hotfixes-for-daemon-check'
[2026-05-17T21:33:16Z] commit-checkpoint: refused — current branch 'main' does not match state branch 'ticket/T103-t103-runtime-correctness-hotfixes-for-daemon-check'
[2026-05-17T21:33:49Z] commit-checkpoint: refused — current branch 'main' does not match state branch 'ticket/T103-t103-runtime-correctness-hotfixes-for-daemon-check'
[2026-05-17T21:34:21Z] commit-checkpoint: refused — current branch 'main' does not match state branch 'ticket/T103-t103-runtime-correctness-hotfixes-for-daemon-check'
[2026-05-17T21:34:54Z] commit-checkpoint: refused — current branch 'main' does not match state branch 'ticket/T103-t103-runtime-correctness-hotfixes-for-daemon-check'
[2026-05-17T21:35:26Z] commit-checkpoint: refused — current branch 'main' does not match state branch 'ticket/T103-t103-runtime-correctness-hotfixes-for-daemon-check'
[2026-05-17T21:36:10Z] commit-checkpoint: refused — current branch 'main' does not match state branch 'ticket/T103-t103-runtime-correctness-hotfixes-for-daemon-check'
[2026-05-17T21:47:01Z] commit-checkpoint: refused — current branch 'main' does not match state branch 'ticket/T103-t103-runtime-correctness-hotfixes-for-daemon-check'
[2026-05-17T21:47:32Z] commit-checkpoint: refused — current branch 'main' does not match state branch 'ticket/T103-t103-runtime-correctness-hotfixes-for-daemon-check'
[2026-05-17T21:48:02Z] commit-checkpoint: refused — current branch 'main' does not match state branch 'ticket/T103-t103-runtime-correctness-hotfixes-for-daemon-check'
[2026-05-17T21:48:33Z] commit-checkpoint: refused — current branch 'main' does not match state branch 'ticket/T103-t103-runtime-correctness-hotfixes-for-daemon-check'
[2026-05-17T21:49:06Z] commit-checkpoint: refused — current branch 'main' does not match state branch 'ticket/T103-t103-runtime-correctness-hotfixes-for-daemon-check'
[2026-05-17T21:49:38Z] commit-checkpoint: refused — current branch 'main' does not match state branch 'ticket/T103-t103-runtime-correctness-hotfixes-for-daemon-check'
[2026-05-17T21:50:11Z] commit-checkpoint: refused — current branch 'main' does not match state branch 'ticket/T103-t103-runtime-correctness-hotfixes-for-daemon-check'
[2026-05-17T21:50:44Z] commit-checkpoint: refused — current branch 'main' does not match state branch 'ticket/T103-t103-runtime-correctness-hotfixes-for-daemon-check'
[2026-05-17T21:51:17Z] commit-checkpoint: refused — current branch 'main' does not match state branch 'ticket/T103-t103-runtime-correctness-hotfixes-for-daemon-check'
[2026-05-17T21:53:03Z] commit-checkpoint: refused — current branch 'main' does not match state branch 'ticket/T103-t103-runtime-correctness-hotfixes-for-daemon-check'
[2026-05-17T21:58:36Z] commit-checkpoint: refused — current branch 'main' does not match state branch 'ticket/T103-t103-runtime-correctness-hotfixes-for-daemon-check'
[2026-05-17T21:59:09Z] commit-checkpoint: refused — current branch 'main' does not match state branch 'ticket/T103-t103-runtime-correctness-hotfixes-for-daemon-check'
[2026-05-17T21:59:41Z] commit-checkpoint: refused — current branch 'main' does not match state branch 'ticket/T103-t103-runtime-correctness-hotfixes-for-daemon-check'
[2026-05-17T22:00:13Z] commit-checkpoint: refused — current branch 'main' does not match state branch 'ticket/T103-t103-runtime-correctness-hotfixes-for-daemon-check'
[2026-05-17T22:00:46Z] commit-checkpoint: refused — current branch 'main' does not match state branch 'ticket/T103-t103-runtime-correctness-hotfixes-for-daemon-check'
[2026-05-17T22:01:18Z] commit-checkpoint: refused — current branch 'main' does not match state branch 'ticket/T103-t103-runtime-correctness-hotfixes-for-daemon-check'
[2026-05-17T22:01:51Z] commit-checkpoint: refused — current branch 'main' does not match state branch 'ticket/T103-t103-runtime-correctness-hotfixes-for-daemon-check'
[2026-05-17T22:02:23Z] commit-checkpoint: refused — current branch 'main' does not match state branch 'ticket/T103-t103-runtime-correctness-hotfixes-for-daemon-check'
[2026-05-17T22:02:55Z] commit-checkpoint: refused — current branch 'main' does not match state branch 'ticket/T103-t103-runtime-correctness-hotfixes-for-daemon-check'
[2026-05-17T22:03:28Z] commit-checkpoint: refused — current branch 'main' does not match state branch 'ticket/T103-t103-runtime-correctness-hotfixes-for-daemon-check'
[2026-05-17T22:04:00Z] commit-checkpoint: refused — current branch 'main' does not match state branch 'ticket/T103-t103-runtime-correctness-hotfixes-for-daemon-check'
[2026-05-17T22:04:33Z] commit-checkpoint: refused — current branch 'main' does not match state branch 'ticket/T103-t103-runtime-correctness-hotfixes-for-daemon-check'
[2026-05-17T22:11:30Z] commit-checkpoint: refused — current branch 'main' does not match state branch 'ticket/T103-t103-runtime-correctness-hotfixes-for-daemon-check'
[2026-05-17T22:12:02Z] commit-checkpoint: refused — current branch 'main' does not match state branch 'ticket/T103-t103-runtime-correctness-hotfixes-for-daemon-check'
[2026-05-17T22:12:35Z] commit-checkpoint: refused — current branch 'main' does not match state branch 'ticket/T103-t103-runtime-correctness-hotfixes-for-daemon-check'
[2026-05-17T22:13:07Z] commit-checkpoint: refused — current branch 'main' does not match state branch 'ticket/T103-t103-runtime-correctness-hotfixes-for-daemon-check'
[2026-05-17T22:13:39Z] commit-checkpoint: refused — current branch 'main' does not match state branch 'ticket/T103-t103-runtime-correctness-hotfixes-for-daemon-check'
[2026-05-17T22:14:12Z] commit-checkpoint: refused — current branch 'main' does not match state branch 'ticket/T103-t103-runtime-correctness-hotfixes-for-daemon-check'
[2026-05-17T22:14:44Z] commit-checkpoint: refused — current branch 'main' does not match state branch 'ticket/T103-t103-runtime-correctness-hotfixes-for-daemon-check'
[2026-05-17T22:15:17Z] commit-checkpoint: refused — current branch 'main' does not match state branch 'ticket/T103-t103-runtime-correctness-hotfixes-for-daemon-check'
[2026-05-17T22:15:49Z] commit-checkpoint: refused — current branch 'main' does not match state branch 'ticket/T103-t103-runtime-correctness-hotfixes-for-daemon-check'
[2026-05-17T22:34:51Z] commit-checkpoint: refused — current branch 'main' does not match state branch 'ticket/T103-t103-runtime-correctness-hotfixes-for-daemon-check'
[2026-05-17T22:35:24Z] commit-checkpoint: refused — current branch 'main' does not match state branch 'ticket/T103-t103-runtime-correctness-hotfixes-for-daemon-check'
[2026-05-17T22:35:56Z] commit-checkpoint: refused — current branch 'main' does not match state branch 'ticket/T103-t103-runtime-correctness-hotfixes-for-daemon-check'
[2026-05-17T22:36:29Z] commit-checkpoint: refused — current branch 'main' does not match state branch 'ticket/T103-t103-runtime-correctness-hotfixes-for-daemon-check'
[2026-05-17T22:37:01Z] commit-checkpoint: refused — current branch 'main' does not match state branch 'ticket/T103-t103-runtime-correctness-hotfixes-for-daemon-check'
[2026-05-17T22:37:34Z] commit-checkpoint: refused — current branch 'main' does not match state branch 'ticket/T103-t103-runtime-correctness-hotfixes-for-daemon-check'
[2026-05-17T22:41:49Z] commit-checkpoint: refused — current branch 'main' does not match state branch 'ticket/T103-t103-runtime-correctness-hotfixes-for-daemon-check'
[2026-05-17T22:42:21Z] commit-checkpoint: refused — current branch 'main' does not match state branch 'ticket/T103-t103-runtime-correctness-hotfixes-for-daemon-check'
[2026-05-17T22:46:25Z] commit-checkpoint: refused — current branch 'main' does not match state branch 'ticket/T103-t103-runtime-correctness-hotfixes-for-daemon-check'
[2026-05-17T22:47:01Z] commit-checkpoint: refused — current branch 'main' does not match state branch 'ticket/T103-t103-runtime-correctness-hotfixes-for-daemon-check'
[2026-05-17T22:47:35Z] commit-checkpoint: refused — current branch 'main' does not match state branch 'ticket/T103-t103-runtime-correctness-hotfixes-for-daemon-check'
[2026-05-17T22:48:10Z] commit-checkpoint: refused — current branch 'main' does not match state branch 'ticket/T103-t103-runtime-correctness-hotfixes-for-daemon-check'
[2026-05-17T22:48:40Z] commit-checkpoint: refused — current branch 'main' does not match state branch 'ticket/T103-t103-runtime-correctness-hotfixes-for-daemon-check'
[2026-05-17T22:49:11Z] commit-checkpoint: refused — current branch 'main' does not match state branch 'ticket/T103-t103-runtime-correctness-hotfixes-for-daemon-check'
[2026-05-17T22:49:42Z] commit-checkpoint: refused — current branch 'main' does not match state branch 'ticket/T103-t103-runtime-correctness-hotfixes-for-daemon-check'
[2026-05-17T22:50:12Z] commit-checkpoint: refused — current branch 'main' does not match state branch 'ticket/T103-t103-runtime-correctness-hotfixes-for-daemon-check'
[2026-05-17T22:50:48Z] commit-checkpoint: refused — current branch 'main' does not match state branch 'ticket/T103-t103-runtime-correctness-hotfixes-for-daemon-check'
[2026-05-17T22:56:19Z] commit-checkpoint: refused — current branch 'main' does not match state branch 'ticket/T103-t103-runtime-correctness-hotfixes-for-daemon-check'
[2026-05-17T23:01:59Z] commit-checkpoint: refused — current branch 'main' does not match state branch 'ticket/T103-t103-runtime-correctness-hotfixes-for-daemon-check'
[2026-05-17T23:16:22Z] commit-checkpoint: refused — current branch 'main' does not match state branch 'ticket/T103-t103-runtime-correctness-hotfixes-for-daemon-check'
[2026-05-17T23:16:59Z] commit-checkpoint: refused — current branch 'main' does not match state branch 'ticket/T103-t103-runtime-correctness-hotfixes-for-daemon-check'
[2026-05-17T23:17:35Z] commit-checkpoint: refused — current branch 'main' does not match state branch 'ticket/T103-t103-runtime-correctness-hotfixes-for-daemon-check'
[2026-05-17T23:18:11Z] commit-checkpoint: refused — current branch 'main' does not match state branch 'ticket/T103-t103-runtime-correctness-hotfixes-for-daemon-check'
[2026-05-17T23:18:47Z] commit-checkpoint: refused — current branch 'main' does not match state branch 'ticket/T103-t103-runtime-correctness-hotfixes-for-daemon-check'
[2026-05-17T23:19:23Z] commit-checkpoint: refused — current branch 'main' does not match state branch 'ticket/T103-t103-runtime-correctness-hotfixes-for-daemon-check'
[2026-05-17T23:19:59Z] commit-checkpoint: refused — current branch 'main' does not match state branch 'ticket/T103-t103-runtime-correctness-hotfixes-for-daemon-check'
[2026-05-17T23:20:35Z] commit-checkpoint: refused — current branch 'main' does not match state branch 'ticket/T103-t103-runtime-correctness-hotfixes-for-daemon-check'
[2026-05-17T23:21:11Z] commit-checkpoint: refused — current branch 'main' does not match state branch 'ticket/T103-t103-runtime-correctness-hotfixes-for-daemon-check'
[2026-05-17T23:21:47Z] commit-checkpoint: refused — current branch 'main' does not match state branch 'ticket/T103-t103-runtime-correctness-hotfixes-for-daemon-check'
[2026-05-17T23:22:23Z] commit-checkpoint: refused — current branch 'main' does not match state branch 'ticket/T103-t103-runtime-correctness-hotfixes-for-daemon-check'
[2026-05-17T23:22:59Z] commit-checkpoint: refused — current branch 'main' does not match state branch 'ticket/T103-t103-runtime-correctness-hotfixes-for-daemon-check'
[2026-05-17T23:23:35Z] commit-checkpoint: refused — current branch 'main' does not match state branch 'ticket/T103-t103-runtime-correctness-hotfixes-for-daemon-check'
[2026-05-17T23:24:11Z] commit-checkpoint: refused — current branch 'main' does not match state branch 'ticket/T103-t103-runtime-correctness-hotfixes-for-daemon-check'
[2026-05-17T23:24:47Z] commit-checkpoint: refused — current branch 'main' does not match state branch 'ticket/T103-t103-runtime-correctness-hotfixes-for-daemon-check'
[2026-05-17T23:25:23Z] commit-checkpoint: refused — current branch 'main' does not match state branch 'ticket/T103-t103-runtime-correctness-hotfixes-for-daemon-check'
[2026-05-17T23:25:59Z] commit-checkpoint: refused — current branch 'main' does not match state branch 'ticket/T103-t103-runtime-correctness-hotfixes-for-daemon-check'
[2026-05-17T23:26:35Z] commit-checkpoint: refused — current branch 'main' does not match state branch 'ticket/T103-t103-runtime-correctness-hotfixes-for-daemon-check'
[2026-05-17T23:27:11Z] commit-checkpoint: refused — current branch 'main' does not match state branch 'ticket/T103-t103-runtime-correctness-hotfixes-for-daemon-check'
[2026-05-17T23:27:47Z] commit-checkpoint: refused — current branch 'main' does not match state branch 'ticket/T103-t103-runtime-correctness-hotfixes-for-daemon-check'
[2026-05-17T23:28:23Z] commit-checkpoint: refused — current branch 'main' does not match state branch 'ticket/T103-t103-runtime-correctness-hotfixes-for-daemon-check'
[2026-05-17T23:29:00Z] commit-checkpoint: refused — current branch 'main' does not match state branch 'ticket/T103-t103-runtime-correctness-hotfixes-for-daemon-check'
[2026-05-17T23:29:36Z] commit-checkpoint: refused — current branch 'main' does not match state branch 'ticket/T103-t103-runtime-correctness-hotfixes-for-daemon-check'
[2026-05-17T23:30:12Z] commit-checkpoint: refused — current branch 'main' does not match state branch 'ticket/T103-t103-runtime-correctness-hotfixes-for-daemon-check'
[2026-05-17T23:30:48Z] commit-checkpoint: refused — current branch 'main' does not match state branch 'ticket/T103-t103-runtime-correctness-hotfixes-for-daemon-check'
[2026-05-17T23:31:24Z] commit-checkpoint: refused — current branch 'main' does not match state branch 'ticket/T103-t103-runtime-correctness-hotfixes-for-daemon-check'
[2026-05-17T23:32:00Z] commit-checkpoint: refused — current branch 'main' does not match state branch 'ticket/T103-t103-runtime-correctness-hotfixes-for-daemon-check'
[2026-05-17T23:32:36Z] commit-checkpoint: refused — current branch 'main' does not match state branch 'ticket/T103-t103-runtime-correctness-hotfixes-for-daemon-check'
[2026-05-17T23:33:12Z] commit-checkpoint: refused — current branch 'main' does not match state branch 'ticket/T103-t103-runtime-correctness-hotfixes-for-daemon-check'
[2026-05-17T23:33:48Z] commit-checkpoint: refused — current branch 'main' does not match state branch 'ticket/T103-t103-runtime-correctness-hotfixes-for-daemon-check'
[2026-05-17T23:34:24Z] commit-checkpoint: refused — current branch 'main' does not match state branch 'ticket/T103-t103-runtime-correctness-hotfixes-for-daemon-check'
[2026-05-17T23:35:00Z] commit-checkpoint: refused — current branch 'main' does not match state branch 'ticket/T103-t103-runtime-correctness-hotfixes-for-daemon-check'
[2026-05-17T23:35:36Z] commit-checkpoint: refused — current branch 'main' does not match state branch 'ticket/T103-t103-runtime-correctness-hotfixes-for-daemon-check'
[2026-05-17T23:36:12Z] commit-checkpoint: refused — current branch 'main' does not match state branch 'ticket/T103-t103-runtime-correctness-hotfixes-for-daemon-check'
[2026-05-17T23:36:48Z] commit-checkpoint: refused — current branch 'main' does not match state branch 'ticket/T103-t103-runtime-correctness-hotfixes-for-daemon-check'
[2026-05-17T23:37:24Z] commit-checkpoint: refused — current branch 'main' does not match state branch 'ticket/T103-t103-runtime-correctness-hotfixes-for-daemon-check'
[2026-05-17T23:38:00Z] commit-checkpoint: refused — current branch 'main' does not match state branch 'ticket/T103-t103-runtime-correctness-hotfixes-for-daemon-check'
[2026-05-17T23:38:36Z] commit-checkpoint: refused — current branch 'main' does not match state branch 'ticket/T103-t103-runtime-correctness-hotfixes-for-daemon-check'
[2026-05-17T23:39:12Z] commit-checkpoint: refused — current branch 'main' does not match state branch 'ticket/T103-t103-runtime-correctness-hotfixes-for-daemon-check'
[2026-05-17T23:39:48Z] commit-checkpoint: refused — current branch 'main' does not match state branch 'ticket/T103-t103-runtime-correctness-hotfixes-for-daemon-check'
[2026-05-17T23:40:24Z] commit-checkpoint: refused — current branch 'main' does not match state branch 'ticket/T103-t103-runtime-correctness-hotfixes-for-daemon-check'
[2026-05-17T23:41:00Z] commit-checkpoint: refused — current branch 'main' does not match state branch 'ticket/T103-t103-runtime-correctness-hotfixes-for-daemon-check'
[2026-05-17T23:41:36Z] commit-checkpoint: refused — current branch 'main' does not match state branch 'ticket/T103-t103-runtime-correctness-hotfixes-for-daemon-check'
[2026-05-17T23:42:13Z] commit-checkpoint: refused — current branch 'main' does not match state branch 'ticket/T103-t103-runtime-correctness-hotfixes-for-daemon-check'
[2026-05-17T23:42:49Z] commit-checkpoint: refused — current branch 'main' does not match state branch 'ticket/T103-t103-runtime-correctness-hotfixes-for-daemon-check'
[2026-05-17T23:43:24Z] commit-checkpoint: refused — current branch 'main' does not match state branch 'ticket/T103-t103-runtime-correctness-hotfixes-for-daemon-check'
[2026-05-17T23:44:00Z] commit-checkpoint: refused — current branch 'main' does not match state branch 'ticket/T103-t103-runtime-correctness-hotfixes-for-daemon-check'
[2026-05-17T23:44:36Z] commit-checkpoint: refused — current branch 'main' does not match state branch 'ticket/T103-t103-runtime-correctness-hotfixes-for-daemon-check'
[2026-05-17T23:45:12Z] commit-checkpoint: refused — current branch 'main' does not match state branch 'ticket/T103-t103-runtime-correctness-hotfixes-for-daemon-check'
[2026-05-17T23:45:48Z] commit-checkpoint: refused — current branch 'main' does not match state branch 'ticket/T103-t103-runtime-correctness-hotfixes-for-daemon-check'
[2026-05-17T23:46:24Z] commit-checkpoint: refused — current branch 'main' does not match state branch 'ticket/T103-t103-runtime-correctness-hotfixes-for-daemon-check'
[2026-05-17T23:47:00Z] commit-checkpoint: refused — current branch 'main' does not match state branch 'ticket/T103-t103-runtime-correctness-hotfixes-for-daemon-check'
[2026-05-17T23:47:36Z] commit-checkpoint: refused — current branch 'main' does not match state branch 'ticket/T103-t103-runtime-correctness-hotfixes-for-daemon-check'
[2026-05-17T23:48:13Z] commit-checkpoint: refused — current branch 'main' does not match state branch 'ticket/T103-t103-runtime-correctness-hotfixes-for-daemon-check'
[2026-05-17T23:48:49Z] commit-checkpoint: refused — current branch 'main' does not match state branch 'ticket/T103-t103-runtime-correctness-hotfixes-for-daemon-check'
[2026-05-17T23:49:25Z] commit-checkpoint: refused — current branch 'main' does not match state branch 'ticket/T103-t103-runtime-correctness-hotfixes-for-daemon-check'
[2026-05-17T23:50:01Z] commit-checkpoint: refused — current branch 'main' does not match state branch 'ticket/T103-t103-runtime-correctness-hotfixes-for-daemon-check'
[2026-05-17T23:50:37Z] commit-checkpoint: refused — current branch 'main' does not match state branch 'ticket/T103-t103-runtime-correctness-hotfixes-for-daemon-check'
[2026-05-17T23:51:13Z] commit-checkpoint: refused — current branch 'main' does not match state branch 'ticket/T103-t103-runtime-correctness-hotfixes-for-daemon-check'
[2026-05-17T23:51:49Z] commit-checkpoint: refused — current branch 'main' does not match state branch 'ticket/T103-t103-runtime-correctness-hotfixes-for-daemon-check'
[2026-05-17T23:52:25Z] commit-checkpoint: refused — current branch 'main' does not match state branch 'ticket/T103-t103-runtime-correctness-hotfixes-for-daemon-check'
[2026-05-17T23:53:01Z] commit-checkpoint: refused — current branch 'main' does not match state branch 'ticket/T103-t103-runtime-correctness-hotfixes-for-daemon-check'
[2026-05-17T23:53:37Z] commit-checkpoint: refused — current branch 'main' does not match state branch 'ticket/T103-t103-runtime-correctness-hotfixes-for-daemon-check'
[2026-05-17T23:54:13Z] commit-checkpoint: refused — current branch 'main' does not match state branch 'ticket/T103-t103-runtime-correctness-hotfixes-for-daemon-check'
[2026-05-17T23:54:49Z] commit-checkpoint: refused — current branch 'main' does not match state branch 'ticket/T103-t103-runtime-correctness-hotfixes-for-daemon-check'
[2026-05-17T23:55:25Z] commit-checkpoint: refused — current branch 'main' does not match state branch 'ticket/T103-t103-runtime-correctness-hotfixes-for-daemon-check'
[2026-05-17T23:56:01Z] commit-checkpoint: refused — current branch 'main' does not match state branch 'ticket/T103-t103-runtime-correctness-hotfixes-for-daemon-check'
[2026-05-17T23:56:37Z] commit-checkpoint: refused — current branch 'main' does not match state branch 'ticket/T103-t103-runtime-correctness-hotfixes-for-daemon-check'
[2026-05-17T23:57:13Z] commit-checkpoint: refused — current branch 'main' does not match state branch 'ticket/T103-t103-runtime-correctness-hotfixes-for-daemon-check'
[2026-05-17T23:57:49Z] commit-checkpoint: refused — current branch 'main' does not match state branch 'ticket/T103-t103-runtime-correctness-hotfixes-for-daemon-check'
[2026-05-17T23:58:25Z] commit-checkpoint: refused — current branch 'main' does not match state branch 'ticket/T103-t103-runtime-correctness-hotfixes-for-daemon-check'
[2026-05-17T23:59:02Z] commit-checkpoint: refused — current branch 'main' does not match state branch 'ticket/T103-t103-runtime-correctness-hotfixes-for-daemon-check'
[2026-05-17T23:59:38Z] commit-checkpoint: refused — current branch 'main' does not match state branch 'ticket/T103-t103-runtime-correctness-hotfixes-for-daemon-check'
[2026-05-18T00:00:15Z] commit-checkpoint: refused — current branch 'main' does not match state branch 'ticket/T103-t103-runtime-correctness-hotfixes-for-daemon-check'
[2026-05-18T00:00:51Z] commit-checkpoint: refused — current branch 'main' does not match state branch 'ticket/T103-t103-runtime-correctness-hotfixes-for-daemon-check'
[2026-05-18T00:01:27Z] commit-checkpoint: refused — current branch 'main' does not match state branch 'ticket/T103-t103-runtime-correctness-hotfixes-for-daemon-check'
[2026-05-18T00:02:03Z] commit-checkpoint: refused — current branch 'main' does not match state branch 'ticket/T103-t103-runtime-correctness-hotfixes-for-daemon-check'
[2026-05-18T00:02:39Z] commit-checkpoint: refused — current branch 'main' does not match state branch 'ticket/T103-t103-runtime-correctness-hotfixes-for-daemon-check'
[2026-05-18T00:03:15Z] commit-checkpoint: refused — current branch 'main' does not match state branch 'ticket/T103-t103-runtime-correctness-hotfixes-for-daemon-check'
[2026-05-18T00:03:51Z] commit-checkpoint: refused — current branch 'main' does not match state branch 'ticket/T103-t103-runtime-correctness-hotfixes-for-daemon-check'
[2026-05-18T00:04:27Z] commit-checkpoint: refused — current branch 'main' does not match state branch 'ticket/T103-t103-runtime-correctness-hotfixes-for-daemon-check'
[2026-05-18T00:05:03Z] commit-checkpoint: refused — current branch 'main' does not match state branch 'ticket/T103-t103-runtime-correctness-hotfixes-for-daemon-check'
[2026-05-18T00:05:39Z] commit-checkpoint: refused — current branch 'main' does not match state branch 'ticket/T103-t103-runtime-correctness-hotfixes-for-daemon-check'
[2026-05-18T00:06:16Z] commit-checkpoint: refused — current branch 'main' does not match state branch 'ticket/T103-t103-runtime-correctness-hotfixes-for-daemon-check'
[2026-05-18T00:06:52Z] commit-checkpoint: refused — current branch 'main' does not match state branch 'ticket/T103-t103-runtime-correctness-hotfixes-for-daemon-check'
[2026-05-18T00:07:28Z] commit-checkpoint: refused — current branch 'main' does not match state branch 'ticket/T103-t103-runtime-correctness-hotfixes-for-daemon-check'
[2026-05-18T00:08:04Z] commit-checkpoint: refused — current branch 'main' does not match state branch 'ticket/T103-t103-runtime-correctness-hotfixes-for-daemon-check'
[2026-05-18T00:08:40Z] commit-checkpoint: refused — current branch 'main' does not match state branch 'ticket/T103-t103-runtime-correctness-hotfixes-for-daemon-check'
[2026-05-18T00:09:16Z] commit-checkpoint: refused — current branch 'main' does not match state branch 'ticket/T103-t103-runtime-correctness-hotfixes-for-daemon-check'
[2026-05-18T00:09:52Z] commit-checkpoint: refused — current branch 'main' does not match state branch 'ticket/T103-t103-runtime-correctness-hotfixes-for-daemon-check'
[2026-05-18T00:10:28Z] commit-checkpoint: refused — current branch 'main' does not match state branch 'ticket/T103-t103-runtime-correctness-hotfixes-for-daemon-check'
[2026-05-18T00:11:05Z] commit-checkpoint: refused — current branch 'main' does not match state branch 'ticket/T103-t103-runtime-correctness-hotfixes-for-daemon-check'
[2026-05-18T00:11:41Z] commit-checkpoint: refused — current branch 'main' does not match state branch 'ticket/T103-t103-runtime-correctness-hotfixes-for-daemon-check'
[2026-05-18T00:12:17Z] commit-checkpoint: refused — current branch 'main' does not match state branch 'ticket/T103-t103-runtime-correctness-hotfixes-for-daemon-check'
[2026-05-18T00:12:53Z] commit-checkpoint: refused — current branch 'main' does not match state branch 'ticket/T103-t103-runtime-correctness-hotfixes-for-daemon-check'
[2026-05-18T00:13:30Z] commit-checkpoint: refused — current branch 'main' does not match state branch 'ticket/T103-t103-runtime-correctness-hotfixes-for-daemon-check'
[2026-05-18T00:14:06Z] commit-checkpoint: refused — current branch 'main' does not match state branch 'ticket/T103-t103-runtime-correctness-hotfixes-for-daemon-check'
[2026-05-18T00:14:42Z] commit-checkpoint: refused — current branch 'main' does not match state branch 'ticket/T103-t103-runtime-correctness-hotfixes-for-daemon-check'
[2026-05-18T00:15:18Z] commit-checkpoint: refused — current branch 'main' does not match state branch 'ticket/T103-t103-runtime-correctness-hotfixes-for-daemon-check'
[2026-05-18T00:15:54Z] commit-checkpoint: refused — current branch 'main' does not match state branch 'ticket/T103-t103-runtime-correctness-hotfixes-for-daemon-check'
[2026-05-18T00:16:30Z] commit-checkpoint: refused — current branch 'main' does not match state branch 'ticket/T103-t103-runtime-correctness-hotfixes-for-daemon-check'
[2026-05-18T00:17:06Z] commit-checkpoint: refused — current branch 'main' does not match state branch 'ticket/T103-t103-runtime-correctness-hotfixes-for-daemon-check'
[2026-05-18T00:17:42Z] commit-checkpoint: refused — current branch 'main' does not match state branch 'ticket/T103-t103-runtime-correctness-hotfixes-for-daemon-check'
[2026-05-18T00:18:18Z] commit-checkpoint: refused — current branch 'main' does not match state branch 'ticket/T103-t103-runtime-correctness-hotfixes-for-daemon-check'
[2026-05-18T00:18:55Z] commit-checkpoint: refused — current branch 'main' does not match state branch 'ticket/T103-t103-runtime-correctness-hotfixes-for-daemon-check'
[2026-05-18T00:19:31Z] commit-checkpoint: refused — current branch 'main' does not match state branch 'ticket/T103-t103-runtime-correctness-hotfixes-for-daemon-check'
[2026-05-18T00:20:07Z] commit-checkpoint: refused — current branch 'main' does not match state branch 'ticket/T103-t103-runtime-correctness-hotfixes-for-daemon-check'
[2026-05-18T00:20:43Z] commit-checkpoint: refused — current branch 'main' does not match state branch 'ticket/T103-t103-runtime-correctness-hotfixes-for-daemon-check'
[2026-05-18T00:21:19Z] commit-checkpoint: refused — current branch 'main' does not match state branch 'ticket/T103-t103-runtime-correctness-hotfixes-for-daemon-check'
[2026-05-18T00:21:55Z] commit-checkpoint: refused — current branch 'main' does not match state branch 'ticket/T103-t103-runtime-correctness-hotfixes-for-daemon-check'
[2026-05-18T00:22:31Z] commit-checkpoint: refused — current branch 'main' does not match state branch 'ticket/T103-t103-runtime-correctness-hotfixes-for-daemon-check'
[2026-05-18T00:23:07Z] commit-checkpoint: refused — current branch 'main' does not match state branch 'ticket/T103-t103-runtime-correctness-hotfixes-for-daemon-check'
[2026-05-18T00:23:43Z] commit-checkpoint: refused — current branch 'main' does not match state branch 'ticket/T103-t103-runtime-correctness-hotfixes-for-daemon-check'
[2026-05-18T00:24:19Z] commit-checkpoint: refused — current branch 'main' does not match state branch 'ticket/T103-t103-runtime-correctness-hotfixes-for-daemon-check'
[2026-05-18T00:24:55Z] commit-checkpoint: refused — current branch 'main' does not match state branch 'ticket/T103-t103-runtime-correctness-hotfixes-for-daemon-check'
[2026-05-18T00:25:31Z] commit-checkpoint: refused — current branch 'main' does not match state branch 'ticket/T103-t103-runtime-correctness-hotfixes-for-daemon-check'
[2026-05-18T00:26:07Z] commit-checkpoint: refused — current branch 'main' does not match state branch 'ticket/T103-t103-runtime-correctness-hotfixes-for-daemon-check'
[2026-05-18T00:26:43Z] commit-checkpoint: refused — current branch 'main' does not match state branch 'ticket/T103-t103-runtime-correctness-hotfixes-for-daemon-check'
[2026-05-18T00:27:19Z] commit-checkpoint: refused — current branch 'main' does not match state branch 'ticket/T103-t103-runtime-correctness-hotfixes-for-daemon-check'
[2026-05-18T00:27:55Z] commit-checkpoint: refused — current branch 'main' does not match state branch 'ticket/T103-t103-runtime-correctness-hotfixes-for-daemon-check'
[2026-05-18T00:28:31Z] commit-checkpoint: refused — current branch 'main' does not match state branch 'ticket/T103-t103-runtime-correctness-hotfixes-for-daemon-check'
[2026-05-18T00:29:07Z] commit-checkpoint: refused — current branch 'main' does not match state branch 'ticket/T103-t103-runtime-correctness-hotfixes-for-daemon-check'
[2026-05-18T00:29:43Z] commit-checkpoint: refused — current branch 'main' does not match state branch 'ticket/T103-t103-runtime-correctness-hotfixes-for-daemon-check'
[2026-05-18T00:30:19Z] commit-checkpoint: refused — current branch 'main' does not match state branch 'ticket/T103-t103-runtime-correctness-hotfixes-for-daemon-check'
[2026-05-18T00:30:55Z] commit-checkpoint: refused — current branch 'main' does not match state branch 'ticket/T103-t103-runtime-correctness-hotfixes-for-daemon-check'
[2026-05-18T00:31:31Z] commit-checkpoint: refused — current branch 'main' does not match state branch 'ticket/T103-t103-runtime-correctness-hotfixes-for-daemon-check'
[2026-05-18T00:32:07Z] commit-checkpoint: refused — current branch 'main' does not match state branch 'ticket/T103-t103-runtime-correctness-hotfixes-for-daemon-check'
[2026-05-18T00:32:43Z] commit-checkpoint: refused — current branch 'main' does not match state branch 'ticket/T103-t103-runtime-correctness-hotfixes-for-daemon-check'
[2026-05-18T00:33:19Z] commit-checkpoint: refused — current branch 'main' does not match state branch 'ticket/T103-t103-runtime-correctness-hotfixes-for-daemon-check'
[2026-05-18T00:33:56Z] commit-checkpoint: refused — current branch 'main' does not match state branch 'ticket/T103-t103-runtime-correctness-hotfixes-for-daemon-check'
[2026-05-18T00:34:32Z] commit-checkpoint: refused — current branch 'main' does not match state branch 'ticket/T103-t103-runtime-correctness-hotfixes-for-daemon-check'
[2026-05-18T00:35:08Z] commit-checkpoint: refused — current branch 'main' does not match state branch 'ticket/T103-t103-runtime-correctness-hotfixes-for-daemon-check'
[2026-05-18T00:35:44Z] commit-checkpoint: refused — current branch 'main' does not match state branch 'ticket/T103-t103-runtime-correctness-hotfixes-for-daemon-check'
[2026-05-18T00:36:20Z] commit-checkpoint: refused — current branch 'main' does not match state branch 'ticket/T103-t103-runtime-correctness-hotfixes-for-daemon-check'
[2026-05-18T00:36:56Z] commit-checkpoint: refused — current branch 'main' does not match state branch 'ticket/T103-t103-runtime-correctness-hotfixes-for-daemon-check'
[2026-05-18T00:37:32Z] commit-checkpoint: refused — current branch 'main' does not match state branch 'ticket/T103-t103-runtime-correctness-hotfixes-for-daemon-check'
[2026-05-18T00:38:08Z] commit-checkpoint: refused — current branch 'main' does not match state branch 'ticket/T103-t103-runtime-correctness-hotfixes-for-daemon-check'
[2026-05-18T00:38:44Z] commit-checkpoint: refused — current branch 'main' does not match state branch 'ticket/T103-t103-runtime-correctness-hotfixes-for-daemon-check'
[2026-05-18T00:39:20Z] commit-checkpoint: refused — current branch 'main' does not match state branch 'ticket/T103-t103-runtime-correctness-hotfixes-for-daemon-check'
[2026-05-18T00:39:56Z] commit-checkpoint: refused — current branch 'main' does not match state branch 'ticket/T103-t103-runtime-correctness-hotfixes-for-daemon-check'
[2026-05-18T00:40:32Z] commit-checkpoint: refused — current branch 'main' does not match state branch 'ticket/T103-t103-runtime-correctness-hotfixes-for-daemon-check'
[2026-05-18T00:41:08Z] commit-checkpoint: refused — current branch 'main' does not match state branch 'ticket/T103-t103-runtime-correctness-hotfixes-for-daemon-check'
[2026-05-18T00:41:44Z] commit-checkpoint: refused — current branch 'main' does not match state branch 'ticket/T103-t103-runtime-correctness-hotfixes-for-daemon-check'
[2026-05-18T00:42:20Z] commit-checkpoint: refused — current branch 'main' does not match state branch 'ticket/T103-t103-runtime-correctness-hotfixes-for-daemon-check'
[2026-05-18T00:42:56Z] commit-checkpoint: refused — current branch 'main' does not match state branch 'ticket/T103-t103-runtime-correctness-hotfixes-for-daemon-check'
[2026-05-18T00:43:32Z] commit-checkpoint: refused — current branch 'main' does not match state branch 'ticket/T103-t103-runtime-correctness-hotfixes-for-daemon-check'
[2026-05-18T00:44:08Z] commit-checkpoint: refused — current branch 'main' does not match state branch 'ticket/T103-t103-runtime-correctness-hotfixes-for-daemon-check'
[2026-05-18T00:44:44Z] commit-checkpoint: refused — current branch 'main' does not match state branch 'ticket/T103-t103-runtime-correctness-hotfixes-for-daemon-check'
[2026-05-18T00:45:20Z] commit-checkpoint: refused — current branch 'main' does not match state branch 'ticket/T103-t103-runtime-correctness-hotfixes-for-daemon-check'
[2026-05-18T00:45:56Z] commit-checkpoint: refused — current branch 'main' does not match state branch 'ticket/T103-t103-runtime-correctness-hotfixes-for-daemon-check'
[2026-05-18T00:46:32Z] commit-checkpoint: refused — current branch 'main' does not match state branch 'ticket/T103-t103-runtime-correctness-hotfixes-for-daemon-check'
[2026-05-18T00:47:08Z] commit-checkpoint: refused — current branch 'main' does not match state branch 'ticket/T103-t103-runtime-correctness-hotfixes-for-daemon-check'
[2026-05-18T00:47:44Z] commit-checkpoint: refused — current branch 'main' does not match state branch 'ticket/T103-t103-runtime-correctness-hotfixes-for-daemon-check'
[2026-05-18T00:48:20Z] commit-checkpoint: refused — current branch 'main' does not match state branch 'ticket/T103-t103-runtime-correctness-hotfixes-for-daemon-check'
[2026-05-18T00:48:56Z] commit-checkpoint: refused — current branch 'main' does not match state branch 'ticket/T103-t103-runtime-correctness-hotfixes-for-daemon-check'
[2026-05-18T00:49:32Z] commit-checkpoint: refused — current branch 'main' does not match state branch 'ticket/T103-t103-runtime-correctness-hotfixes-for-daemon-check'
[2026-05-18T00:50:08Z] commit-checkpoint: refused — current branch 'main' does not match state branch 'ticket/T103-t103-runtime-correctness-hotfixes-for-daemon-check'
[2026-05-18T00:50:44Z] commit-checkpoint: refused — current branch 'main' does not match state branch 'ticket/T103-t103-runtime-correctness-hotfixes-for-daemon-check'
[2026-05-18T00:51:20Z] commit-checkpoint: refused — current branch 'main' does not match state branch 'ticket/T103-t103-runtime-correctness-hotfixes-for-daemon-check'
[2026-05-18T00:51:56Z] commit-checkpoint: refused — current branch 'main' does not match state branch 'ticket/T103-t103-runtime-correctness-hotfixes-for-daemon-check'
[2026-05-18T00:52:33Z] commit-checkpoint: refused — current branch 'main' does not match state branch 'ticket/T103-t103-runtime-correctness-hotfixes-for-daemon-check'
[2026-05-18T00:53:09Z] commit-checkpoint: refused — current branch 'main' does not match state branch 'ticket/T103-t103-runtime-correctness-hotfixes-for-daemon-check'
[2026-05-18T00:53:45Z] commit-checkpoint: refused — current branch 'main' does not match state branch 'ticket/T103-t103-runtime-correctness-hotfixes-for-daemon-check'
[2026-05-18T00:54:21Z] commit-checkpoint: refused — current branch 'main' does not match state branch 'ticket/T103-t103-runtime-correctness-hotfixes-for-daemon-check'
[2026-05-18T00:54:57Z] commit-checkpoint: refused — current branch 'main' does not match state branch 'ticket/T103-t103-runtime-correctness-hotfixes-for-daemon-check'
[2026-05-18T00:55:33Z] commit-checkpoint: refused — current branch 'main' does not match state branch 'ticket/T103-t103-runtime-correctness-hotfixes-for-daemon-check'
[2026-05-18T00:56:09Z] commit-checkpoint: refused — current branch 'main' does not match state branch 'ticket/T103-t103-runtime-correctness-hotfixes-for-daemon-check'
[2026-05-18T00:56:45Z] commit-checkpoint: refused — current branch 'main' does not match state branch 'ticket/T103-t103-runtime-correctness-hotfixes-for-daemon-check'
[2026-05-18T00:57:21Z] commit-checkpoint: refused — current branch 'main' does not match state branch 'ticket/T103-t103-runtime-correctness-hotfixes-for-daemon-check'
[2026-05-18T00:57:58Z] commit-checkpoint: refused — current branch 'main' does not match state branch 'ticket/T103-t103-runtime-correctness-hotfixes-for-daemon-check'
[2026-05-18T00:58:33Z] commit-checkpoint: refused — current branch 'main' does not match state branch 'ticket/T103-t103-runtime-correctness-hotfixes-for-daemon-check'
[2026-05-18T00:59:10Z] commit-checkpoint: refused — current branch 'main' does not match state branch 'ticket/T103-t103-runtime-correctness-hotfixes-for-daemon-check'
[2026-05-18T00:59:46Z] commit-checkpoint: refused — current branch 'main' does not match state branch 'ticket/T103-t103-runtime-correctness-hotfixes-for-daemon-check'
[2026-05-18T01:00:22Z] commit-checkpoint: refused — current branch 'main' does not match state branch 'ticket/T103-t103-runtime-correctness-hotfixes-for-daemon-check'
[2026-05-18T01:00:58Z] commit-checkpoint: refused — current branch 'main' does not match state branch 'ticket/T103-t103-runtime-correctness-hotfixes-for-daemon-check'
[2026-05-18T01:01:34Z] commit-checkpoint: refused — current branch 'main' does not match state branch 'ticket/T103-t103-runtime-correctness-hotfixes-for-daemon-check'
[2026-05-18T01:02:10Z] commit-checkpoint: refused — current branch 'main' does not match state branch 'ticket/T103-t103-runtime-correctness-hotfixes-for-daemon-check'
[2026-05-18T01:02:46Z] commit-checkpoint: refused — current branch 'main' does not match state branch 'ticket/T103-t103-runtime-correctness-hotfixes-for-daemon-check'
[2026-05-18T01:03:22Z] commit-checkpoint: refused — current branch 'main' does not match state branch 'ticket/T103-t103-runtime-correctness-hotfixes-for-daemon-check'
[2026-05-18T01:03:58Z] commit-checkpoint: refused — current branch 'main' does not match state branch 'ticket/T103-t103-runtime-correctness-hotfixes-for-daemon-check'
[2026-05-18T01:04:34Z] commit-checkpoint: refused — current branch 'main' does not match state branch 'ticket/T103-t103-runtime-correctness-hotfixes-for-daemon-check'
[2026-05-18T01:05:11Z] commit-checkpoint: refused — current branch 'main' does not match state branch 'ticket/T103-t103-runtime-correctness-hotfixes-for-daemon-check'
[2026-05-18T01:05:47Z] commit-checkpoint: refused — current branch 'main' does not match state branch 'ticket/T103-t103-runtime-correctness-hotfixes-for-daemon-check'
[2026-05-18T01:06:23Z] commit-checkpoint: refused — current branch 'main' does not match state branch 'ticket/T103-t103-runtime-correctness-hotfixes-for-daemon-check'
[2026-05-18T01:06:59Z] commit-checkpoint: refused — current branch 'main' does not match state branch 'ticket/T103-t103-runtime-correctness-hotfixes-for-daemon-check'
[2026-05-18T01:07:35Z] commit-checkpoint: refused — current branch 'main' does not match state branch 'ticket/T103-t103-runtime-correctness-hotfixes-for-daemon-check'
[2026-05-18T01:08:11Z] commit-checkpoint: refused — current branch 'main' does not match state branch 'ticket/T103-t103-runtime-correctness-hotfixes-for-daemon-check'
[2026-05-18T01:08:47Z] commit-checkpoint: refused — current branch 'main' does not match state branch 'ticket/T103-t103-runtime-correctness-hotfixes-for-daemon-check'
[2026-05-18T01:09:24Z] commit-checkpoint: refused — current branch 'main' does not match state branch 'ticket/T103-t103-runtime-correctness-hotfixes-for-daemon-check'
[2026-05-18T01:10:00Z] commit-checkpoint: refused — current branch 'main' does not match state branch 'ticket/T103-t103-runtime-correctness-hotfixes-for-daemon-check'
[2026-05-18T01:10:36Z] commit-checkpoint: refused — current branch 'main' does not match state branch 'ticket/T103-t103-runtime-correctness-hotfixes-for-daemon-check'
[2026-05-18T01:11:12Z] commit-checkpoint: refused — current branch 'main' does not match state branch 'ticket/T103-t103-runtime-correctness-hotfixes-for-daemon-check'
[2026-05-18T01:11:48Z] commit-checkpoint: refused — current branch 'main' does not match state branch 'ticket/T103-t103-runtime-correctness-hotfixes-for-daemon-check'
[2026-05-18T01:12:24Z] commit-checkpoint: refused — current branch 'main' does not match state branch 'ticket/T103-t103-runtime-correctness-hotfixes-for-daemon-check'
[2026-05-18T01:13:01Z] commit-checkpoint: refused — current branch 'main' does not match state branch 'ticket/T103-t103-runtime-correctness-hotfixes-for-daemon-check'
[2026-05-18T01:13:36Z] commit-checkpoint: refused — current branch 'main' does not match state branch 'ticket/T103-t103-runtime-correctness-hotfixes-for-daemon-check'
[2026-05-18T01:14:13Z] commit-checkpoint: refused — current branch 'main' does not match state branch 'ticket/T103-t103-runtime-correctness-hotfixes-for-daemon-check'
[2026-05-18T01:14:49Z] commit-checkpoint: refused — current branch 'main' does not match state branch 'ticket/T103-t103-runtime-correctness-hotfixes-for-daemon-check'
[2026-05-18T01:15:25Z] commit-checkpoint: refused — current branch 'main' does not match state branch 'ticket/T103-t103-runtime-correctness-hotfixes-for-daemon-check'
[2026-05-18T01:16:01Z] commit-checkpoint: refused — current branch 'main' does not match state branch 'ticket/T103-t103-runtime-correctness-hotfixes-for-daemon-check'
[2026-05-18T01:16:37Z] commit-checkpoint: refused — current branch 'main' does not match state branch 'ticket/T103-t103-runtime-correctness-hotfixes-for-daemon-check'
[2026-05-18T01:17:13Z] commit-checkpoint: refused — current branch 'main' does not match state branch 'ticket/T103-t103-runtime-correctness-hotfixes-for-daemon-check'
[2026-05-18T01:17:49Z] commit-checkpoint: refused — current branch 'main' does not match state branch 'ticket/T103-t103-runtime-correctness-hotfixes-for-daemon-check'
[2026-05-18T01:18:25Z] commit-checkpoint: refused — current branch 'main' does not match state branch 'ticket/T103-t103-runtime-correctness-hotfixes-for-daemon-check'
[2026-05-18T01:19:02Z] commit-checkpoint: refused — current branch 'main' does not match state branch 'ticket/T103-t103-runtime-correctness-hotfixes-for-daemon-check'
[2026-05-18T01:19:37Z] commit-checkpoint: refused — current branch 'main' does not match state branch 'ticket/T103-t103-runtime-correctness-hotfixes-for-daemon-check'
[2026-05-18T01:20:13Z] commit-checkpoint: refused — current branch 'main' does not match state branch 'ticket/T103-t103-runtime-correctness-hotfixes-for-daemon-check'
[2026-05-18T01:20:50Z] commit-checkpoint: refused — current branch 'main' does not match state branch 'ticket/T103-t103-runtime-correctness-hotfixes-for-daemon-check'
[2026-05-18T01:21:26Z] commit-checkpoint: refused — current branch 'main' does not match state branch 'ticket/T103-t103-runtime-correctness-hotfixes-for-daemon-check'
[2026-05-18T01:22:02Z] commit-checkpoint: refused — current branch 'main' does not match state branch 'ticket/T103-t103-runtime-correctness-hotfixes-for-daemon-check'
[2026-05-18T01:22:38Z] commit-checkpoint: refused — current branch 'main' does not match state branch 'ticket/T103-t103-runtime-correctness-hotfixes-for-daemon-check'
[2026-05-18T01:23:14Z] commit-checkpoint: refused — current branch 'main' does not match state branch 'ticket/T103-t103-runtime-correctness-hotfixes-for-daemon-check'
[2026-05-18T01:23:50Z] commit-checkpoint: refused — current branch 'main' does not match state branch 'ticket/T103-t103-runtime-correctness-hotfixes-for-daemon-check'
[2026-05-18T01:24:26Z] commit-checkpoint: refused — current branch 'main' does not match state branch 'ticket/T103-t103-runtime-correctness-hotfixes-for-daemon-check'
[2026-05-18T01:25:03Z] commit-checkpoint: refused — current branch 'main' does not match state branch 'ticket/T103-t103-runtime-correctness-hotfixes-for-daemon-check'
[2026-05-18T01:25:38Z] commit-checkpoint: refused — current branch 'main' does not match state branch 'ticket/T103-t103-runtime-correctness-hotfixes-for-daemon-check'
[2026-05-18T01:26:15Z] commit-checkpoint: refused — current branch 'main' does not match state branch 'ticket/T103-t103-runtime-correctness-hotfixes-for-daemon-check'
[2026-05-18T01:26:50Z] commit-checkpoint: refused — current branch 'main' does not match state branch 'ticket/T103-t103-runtime-correctness-hotfixes-for-daemon-check'
[2026-05-18T01:27:27Z] commit-checkpoint: refused — current branch 'main' does not match state branch 'ticket/T103-t103-runtime-correctness-hotfixes-for-daemon-check'
[2026-05-18T01:28:03Z] commit-checkpoint: refused — current branch 'main' does not match state branch 'ticket/T103-t103-runtime-correctness-hotfixes-for-daemon-check'
[2026-05-18T01:28:39Z] commit-checkpoint: refused — current branch 'main' does not match state branch 'ticket/T103-t103-runtime-correctness-hotfixes-for-daemon-check'
[2026-05-18T01:29:15Z] commit-checkpoint: refused — current branch 'main' does not match state branch 'ticket/T103-t103-runtime-correctness-hotfixes-for-daemon-check'
[2026-05-18T01:29:51Z] commit-checkpoint: refused — current branch 'main' does not match state branch 'ticket/T103-t103-runtime-correctness-hotfixes-for-daemon-check'
[2026-05-18T01:30:27Z] commit-checkpoint: refused — current branch 'main' does not match state branch 'ticket/T103-t103-runtime-correctness-hotfixes-for-daemon-check'
[2026-05-18T01:31:03Z] commit-checkpoint: refused — current branch 'main' does not match state branch 'ticket/T103-t103-runtime-correctness-hotfixes-for-daemon-check'
[2026-05-18T01:31:39Z] commit-checkpoint: refused — current branch 'main' does not match state branch 'ticket/T103-t103-runtime-correctness-hotfixes-for-daemon-check'
[2026-05-18T01:32:15Z] commit-checkpoint: refused — current branch 'main' does not match state branch 'ticket/T103-t103-runtime-correctness-hotfixes-for-daemon-check'
[2026-05-18T01:32:51Z] commit-checkpoint: refused — current branch 'main' does not match state branch 'ticket/T103-t103-runtime-correctness-hotfixes-for-daemon-check'
[2026-05-18T01:33:27Z] commit-checkpoint: refused — current branch 'main' does not match state branch 'ticket/T103-t103-runtime-correctness-hotfixes-for-daemon-check'
[2026-05-18T01:34:03Z] commit-checkpoint: refused — current branch 'main' does not match state branch 'ticket/T103-t103-runtime-correctness-hotfixes-for-daemon-check'
[2026-05-18T01:34:40Z] commit-checkpoint: refused — current branch 'main' does not match state branch 'ticket/T103-t103-runtime-correctness-hotfixes-for-daemon-check'
[2026-05-18T01:35:16Z] commit-checkpoint: refused — current branch 'main' does not match state branch 'ticket/T103-t103-runtime-correctness-hotfixes-for-daemon-check'
[2026-05-18T01:35:52Z] commit-checkpoint: refused — current branch 'main' does not match state branch 'ticket/T103-t103-runtime-correctness-hotfixes-for-daemon-check'
[2026-05-18T01:36:28Z] commit-checkpoint: refused — current branch 'main' does not match state branch 'ticket/T103-t103-runtime-correctness-hotfixes-for-daemon-check'
[2026-05-18T01:37:05Z] commit-checkpoint: refused — current branch 'main' does not match state branch 'ticket/T103-t103-runtime-correctness-hotfixes-for-daemon-check'
[2026-05-18T01:37:41Z] commit-checkpoint: refused — current branch 'main' does not match state branch 'ticket/T103-t103-runtime-correctness-hotfixes-for-daemon-check'
[2026-05-18T01:38:17Z] commit-checkpoint: refused — current branch 'main' does not match state branch 'ticket/T103-t103-runtime-correctness-hotfixes-for-daemon-check'
[2026-05-18T01:38:53Z] commit-checkpoint: refused — current branch 'main' does not match state branch 'ticket/T103-t103-runtime-correctness-hotfixes-for-daemon-check'
[2026-05-18T01:39:29Z] commit-checkpoint: refused — current branch 'main' does not match state branch 'ticket/T103-t103-runtime-correctness-hotfixes-for-daemon-check'
[2026-05-18T01:40:05Z] commit-checkpoint: refused — current branch 'main' does not match state branch 'ticket/T103-t103-runtime-correctness-hotfixes-for-daemon-check'
[2026-05-18T01:40:41Z] commit-checkpoint: refused — current branch 'main' does not match state branch 'ticket/T103-t103-runtime-correctness-hotfixes-for-daemon-check'
[2026-05-18T01:41:17Z] commit-checkpoint: refused — current branch 'main' does not match state branch 'ticket/T103-t103-runtime-correctness-hotfixes-for-daemon-check'
[2026-05-18T01:41:53Z] commit-checkpoint: refused — current branch 'main' does not match state branch 'ticket/T103-t103-runtime-correctness-hotfixes-for-daemon-check'
[2026-05-18T01:42:29Z] commit-checkpoint: refused — current branch 'main' does not match state branch 'ticket/T103-t103-runtime-correctness-hotfixes-for-daemon-check'
[2026-05-18T01:43:05Z] commit-checkpoint: refused — current branch 'main' does not match state branch 'ticket/T103-t103-runtime-correctness-hotfixes-for-daemon-check'
[2026-05-18T01:43:41Z] commit-checkpoint: refused — current branch 'main' does not match state branch 'ticket/T103-t103-runtime-correctness-hotfixes-for-daemon-check'
[2026-05-18T01:44:17Z] commit-checkpoint: refused — current branch 'main' does not match state branch 'ticket/T103-t103-runtime-correctness-hotfixes-for-daemon-check'
[2026-05-18T01:44:53Z] commit-checkpoint: refused — current branch 'main' does not match state branch 'ticket/T103-t103-runtime-correctness-hotfixes-for-daemon-check'
[2026-05-18T01:45:29Z] commit-checkpoint: refused — current branch 'main' does not match state branch 'ticket/T103-t103-runtime-correctness-hotfixes-for-daemon-check'
[2026-05-18T01:46:05Z] commit-checkpoint: refused — current branch 'main' does not match state branch 'ticket/T103-t103-runtime-correctness-hotfixes-for-daemon-check'
[2026-05-18T01:46:42Z] commit-checkpoint: refused — current branch 'main' does not match state branch 'ticket/T103-t103-runtime-correctness-hotfixes-for-daemon-check'
[2026-05-18T01:47:18Z] commit-checkpoint: refused — current branch 'main' does not match state branch 'ticket/T103-t103-runtime-correctness-hotfixes-for-daemon-check'
[2026-05-18T01:47:55Z] commit-checkpoint: refused — current branch 'main' does not match state branch 'ticket/T103-t103-runtime-correctness-hotfixes-for-daemon-check'
[2026-05-18T01:48:30Z] commit-checkpoint: refused — current branch 'main' does not match state branch 'ticket/T103-t103-runtime-correctness-hotfixes-for-daemon-check'
[2026-05-18T01:49:07Z] commit-checkpoint: refused — current branch 'main' does not match state branch 'ticket/T103-t103-runtime-correctness-hotfixes-for-daemon-check'
[2026-05-18T01:49:43Z] commit-checkpoint: refused — current branch 'main' does not match state branch 'ticket/T103-t103-runtime-correctness-hotfixes-for-daemon-check'
[2026-05-18T01:50:19Z] commit-checkpoint: refused — current branch 'main' does not match state branch 'ticket/T103-t103-runtime-correctness-hotfixes-for-daemon-check'
[2026-05-18T01:50:55Z] commit-checkpoint: refused — current branch 'main' does not match state branch 'ticket/T103-t103-runtime-correctness-hotfixes-for-daemon-check'
[2026-05-18T01:51:31Z] commit-checkpoint: refused — current branch 'main' does not match state branch 'ticket/T103-t103-runtime-correctness-hotfixes-for-daemon-check'
[2026-05-18T01:52:07Z] commit-checkpoint: refused — current branch 'main' does not match state branch 'ticket/T103-t103-runtime-correctness-hotfixes-for-daemon-check'
[2026-05-18T01:52:43Z] commit-checkpoint: refused — current branch 'main' does not match state branch 'ticket/T103-t103-runtime-correctness-hotfixes-for-daemon-check'
[2026-05-18T01:53:19Z] commit-checkpoint: refused — current branch 'main' does not match state branch 'ticket/T103-t103-runtime-correctness-hotfixes-for-daemon-check'
[2026-05-18T01:53:55Z] commit-checkpoint: refused — current branch 'main' does not match state branch 'ticket/T103-t103-runtime-correctness-hotfixes-for-daemon-check'
[2026-05-18T01:54:31Z] commit-checkpoint: refused — current branch 'main' does not match state branch 'ticket/T103-t103-runtime-correctness-hotfixes-for-daemon-check'
[2026-05-18T01:55:07Z] commit-checkpoint: refused — current branch 'main' does not match state branch 'ticket/T103-t103-runtime-correctness-hotfixes-for-daemon-check'
[2026-05-18T01:55:43Z] commit-checkpoint: refused — current branch 'main' does not match state branch 'ticket/T103-t103-runtime-correctness-hotfixes-for-daemon-check'
[2026-05-18T01:56:19Z] commit-checkpoint: refused — current branch 'main' does not match state branch 'ticket/T103-t103-runtime-correctness-hotfixes-for-daemon-check'
[2026-05-18T01:56:55Z] commit-checkpoint: refused — current branch 'main' does not match state branch 'ticket/T103-t103-runtime-correctness-hotfixes-for-daemon-check'
[2026-05-18T01:57:31Z] commit-checkpoint: refused — current branch 'main' does not match state branch 'ticket/T103-t103-runtime-correctness-hotfixes-for-daemon-check'
[2026-05-18T01:58:07Z] commit-checkpoint: refused — current branch 'main' does not match state branch 'ticket/T103-t103-runtime-correctness-hotfixes-for-daemon-check'
[2026-05-18T01:58:43Z] commit-checkpoint: refused — current branch 'main' does not match state branch 'ticket/T103-t103-runtime-correctness-hotfixes-for-daemon-check'
[2026-05-18T01:59:19Z] commit-checkpoint: refused — current branch 'main' does not match state branch 'ticket/T103-t103-runtime-correctness-hotfixes-for-daemon-check'
[2026-05-18T01:59:55Z] commit-checkpoint: refused — current branch 'main' does not match state branch 'ticket/T103-t103-runtime-correctness-hotfixes-for-daemon-check'
[2026-05-18T02:00:31Z] commit-checkpoint: refused — current branch 'main' does not match state branch 'ticket/T103-t103-runtime-correctness-hotfixes-for-daemon-check'
[2026-05-18T02:01:11Z] commit-checkpoint: refused — current branch 'main' does not match state branch 'ticket/T103-t103-runtime-correctness-hotfixes-for-daemon-check'
[2026-05-18T02:01:47Z] commit-checkpoint: refused — current branch 'main' does not match state branch 'ticket/T103-t103-runtime-correctness-hotfixes-for-daemon-check'
[2026-05-18T02:02:23Z] commit-checkpoint: refused — current branch 'main' does not match state branch 'ticket/T103-t103-runtime-correctness-hotfixes-for-daemon-check'
[2026-05-18T02:03:00Z] commit-checkpoint: refused — current branch 'main' does not match state branch 'ticket/T103-t103-runtime-correctness-hotfixes-for-daemon-check'
[2026-05-18T02:03:36Z] commit-checkpoint: refused — current branch 'main' does not match state branch 'ticket/T103-t103-runtime-correctness-hotfixes-for-daemon-check'
[2026-05-18T02:04:12Z] commit-checkpoint: refused — current branch 'main' does not match state branch 'ticket/T103-t103-runtime-correctness-hotfixes-for-daemon-check'
[2026-05-18T02:04:48Z] commit-checkpoint: refused — current branch 'main' does not match state branch 'ticket/T103-t103-runtime-correctness-hotfixes-for-daemon-check'
[2026-05-18T02:05:25Z] commit-checkpoint: refused — current branch 'main' does not match state branch 'ticket/T103-t103-runtime-correctness-hotfixes-for-daemon-check'
[2026-05-18T02:06:01Z] commit-checkpoint: refused — current branch 'main' does not match state branch 'ticket/T103-t103-runtime-correctness-hotfixes-for-daemon-check'
[2026-05-18T02:06:37Z] commit-checkpoint: refused — current branch 'main' does not match state branch 'ticket/T103-t103-runtime-correctness-hotfixes-for-daemon-check'
[2026-05-18T02:07:13Z] commit-checkpoint: refused — current branch 'main' does not match state branch 'ticket/T103-t103-runtime-correctness-hotfixes-for-daemon-check'
[2026-05-18T02:07:49Z] commit-checkpoint: refused — current branch 'main' does not match state branch 'ticket/T103-t103-runtime-correctness-hotfixes-for-daemon-check'
[2026-05-18T02:08:25Z] commit-checkpoint: refused — current branch 'main' does not match state branch 'ticket/T103-t103-runtime-correctness-hotfixes-for-daemon-check'
[2026-05-18T02:09:01Z] commit-checkpoint: refused — current branch 'main' does not match state branch 'ticket/T103-t103-runtime-correctness-hotfixes-for-daemon-check'
[2026-05-18T02:09:38Z] commit-checkpoint: refused — current branch 'main' does not match state branch 'ticket/T103-t103-runtime-correctness-hotfixes-for-daemon-check'
[2026-05-18T02:10:14Z] commit-checkpoint: refused — current branch 'main' does not match state branch 'ticket/T103-t103-runtime-correctness-hotfixes-for-daemon-check'
[2026-05-18T02:10:50Z] commit-checkpoint: refused — current branch 'main' does not match state branch 'ticket/T103-t103-runtime-correctness-hotfixes-for-daemon-check'
[2026-05-18T02:11:26Z] commit-checkpoint: refused — current branch 'main' does not match state branch 'ticket/T103-t103-runtime-correctness-hotfixes-for-daemon-check'
[2026-05-18T02:12:02Z] commit-checkpoint: refused — current branch 'main' does not match state branch 'ticket/T103-t103-runtime-correctness-hotfixes-for-daemon-check'
[2026-05-18T02:12:38Z] commit-checkpoint: refused — current branch 'main' does not match state branch 'ticket/T103-t103-runtime-correctness-hotfixes-for-daemon-check'
[2026-05-18T02:13:14Z] commit-checkpoint: refused — current branch 'main' does not match state branch 'ticket/T103-t103-runtime-correctness-hotfixes-for-daemon-check'
[2026-05-18T02:13:50Z] commit-checkpoint: refused — current branch 'main' does not match state branch 'ticket/T103-t103-runtime-correctness-hotfixes-for-daemon-check'
[2026-05-18T02:14:27Z] commit-checkpoint: refused — current branch 'main' does not match state branch 'ticket/T103-t103-runtime-correctness-hotfixes-for-daemon-check'
[2026-05-18T02:15:03Z] commit-checkpoint: refused — current branch 'main' does not match state branch 'ticket/T103-t103-runtime-correctness-hotfixes-for-daemon-check'
[2026-05-18T02:15:39Z] commit-checkpoint: refused — current branch 'main' does not match state branch 'ticket/T103-t103-runtime-correctness-hotfixes-for-daemon-check'
[2026-05-18T02:16:15Z] commit-checkpoint: refused — current branch 'main' does not match state branch 'ticket/T103-t103-runtime-correctness-hotfixes-for-daemon-check'
[2026-05-18T02:16:51Z] commit-checkpoint: refused — current branch 'main' does not match state branch 'ticket/T103-t103-runtime-correctness-hotfixes-for-daemon-check'
[2026-05-18T02:17:27Z] commit-checkpoint: refused — current branch 'main' does not match state branch 'ticket/T103-t103-runtime-correctness-hotfixes-for-daemon-check'
[2026-05-18T02:18:03Z] commit-checkpoint: refused — current branch 'main' does not match state branch 'ticket/T103-t103-runtime-correctness-hotfixes-for-daemon-check'
[2026-05-18T02:18:39Z] commit-checkpoint: refused — current branch 'main' does not match state branch 'ticket/T103-t103-runtime-correctness-hotfixes-for-daemon-check'
[2026-05-18T02:19:15Z] commit-checkpoint: refused — current branch 'main' does not match state branch 'ticket/T103-t103-runtime-correctness-hotfixes-for-daemon-check'
[2026-05-18T02:19:51Z] commit-checkpoint: refused — current branch 'main' does not match state branch 'ticket/T103-t103-runtime-correctness-hotfixes-for-daemon-check'
[2026-05-18T02:20:27Z] commit-checkpoint: refused — current branch 'main' does not match state branch 'ticket/T103-t103-runtime-correctness-hotfixes-for-daemon-check'
[2026-05-18T02:21:03Z] commit-checkpoint: refused — current branch 'main' does not match state branch 'ticket/T103-t103-runtime-correctness-hotfixes-for-daemon-check'
[2026-05-18T02:21:39Z] commit-checkpoint: refused — current branch 'main' does not match state branch 'ticket/T103-t103-runtime-correctness-hotfixes-for-daemon-check'
[2026-05-18T02:22:15Z] commit-checkpoint: refused — current branch 'main' does not match state branch 'ticket/T103-t103-runtime-correctness-hotfixes-for-daemon-check'
[2026-05-18T02:22:51Z] commit-checkpoint: refused — current branch 'main' does not match state branch 'ticket/T103-t103-runtime-correctness-hotfixes-for-daemon-check'
[2026-05-18T02:23:27Z] commit-checkpoint: refused — current branch 'main' does not match state branch 'ticket/T103-t103-runtime-correctness-hotfixes-for-daemon-check'
[2026-05-18T02:24:04Z] commit-checkpoint: refused — current branch 'main' does not match state branch 'ticket/T103-t103-runtime-correctness-hotfixes-for-daemon-check'
[2026-05-18T02:24:40Z] commit-checkpoint: refused — current branch 'main' does not match state branch 'ticket/T103-t103-runtime-correctness-hotfixes-for-daemon-check'
[2026-05-18T02:25:16Z] commit-checkpoint: refused — current branch 'main' does not match state branch 'ticket/T103-t103-runtime-correctness-hotfixes-for-daemon-check'
[2026-05-18T02:25:52Z] commit-checkpoint: refused — current branch 'main' does not match state branch 'ticket/T103-t103-runtime-correctness-hotfixes-for-daemon-check'
[2026-05-18T02:26:28Z] commit-checkpoint: refused — current branch 'main' does not match state branch 'ticket/T103-t103-runtime-correctness-hotfixes-for-daemon-check'
[2026-05-18T02:27:04Z] commit-checkpoint: refused — current branch 'main' does not match state branch 'ticket/T103-t103-runtime-correctness-hotfixes-for-daemon-check'
[2026-05-18T02:27:40Z] commit-checkpoint: refused — current branch 'main' does not match state branch 'ticket/T103-t103-runtime-correctness-hotfixes-for-daemon-check'
[2026-05-18T02:28:16Z] commit-checkpoint: refused — current branch 'main' does not match state branch 'ticket/T103-t103-runtime-correctness-hotfixes-for-daemon-check'
[2026-05-18T02:28:51Z] commit-checkpoint: refused — current branch 'main' does not match state branch 'ticket/T103-t103-runtime-correctness-hotfixes-for-daemon-check'
[2026-05-18T02:29:27Z] commit-checkpoint: refused — current branch 'main' does not match state branch 'ticket/T103-t103-runtime-correctness-hotfixes-for-daemon-check'
[2026-05-18T02:30:03Z] commit-checkpoint: refused — current branch 'main' does not match state branch 'ticket/T103-t103-runtime-correctness-hotfixes-for-daemon-check'
[2026-05-18T02:30:39Z] commit-checkpoint: refused — current branch 'main' does not match state branch 'ticket/T103-t103-runtime-correctness-hotfixes-for-daemon-check'
[2026-05-18T02:31:16Z] commit-checkpoint: refused — current branch 'main' does not match state branch 'ticket/T103-t103-runtime-correctness-hotfixes-for-daemon-check'
[2026-05-18T02:31:52Z] commit-checkpoint: refused — current branch 'main' does not match state branch 'ticket/T103-t103-runtime-correctness-hotfixes-for-daemon-check'
[2026-05-18T02:32:28Z] commit-checkpoint: refused — current branch 'main' does not match state branch 'ticket/T103-t103-runtime-correctness-hotfixes-for-daemon-check'
[2026-05-18T02:33:04Z] commit-checkpoint: refused — current branch 'main' does not match state branch 'ticket/T103-t103-runtime-correctness-hotfixes-for-daemon-check'
[2026-05-18T02:33:40Z] commit-checkpoint: refused — current branch 'main' does not match state branch 'ticket/T103-t103-runtime-correctness-hotfixes-for-daemon-check'
[2026-05-18T02:34:16Z] commit-checkpoint: refused — current branch 'main' does not match state branch 'ticket/T103-t103-runtime-correctness-hotfixes-for-daemon-check'
[2026-05-18T02:34:52Z] commit-checkpoint: refused — current branch 'main' does not match state branch 'ticket/T103-t103-runtime-correctness-hotfixes-for-daemon-check'
[2026-05-18T02:35:28Z] commit-checkpoint: refused — current branch 'main' does not match state branch 'ticket/T103-t103-runtime-correctness-hotfixes-for-daemon-check'
[2026-05-18T02:36:04Z] commit-checkpoint: refused — current branch 'main' does not match state branch 'ticket/T103-t103-runtime-correctness-hotfixes-for-daemon-check'
[2026-05-18T02:36:40Z] commit-checkpoint: refused — current branch 'main' does not match state branch 'ticket/T103-t103-runtime-correctness-hotfixes-for-daemon-check'
[2026-05-18T02:37:16Z] commit-checkpoint: refused — current branch 'main' does not match state branch 'ticket/T103-t103-runtime-correctness-hotfixes-for-daemon-check'
[2026-05-18T02:37:52Z] commit-checkpoint: refused — current branch 'main' does not match state branch 'ticket/T103-t103-runtime-correctness-hotfixes-for-daemon-check'
[2026-05-18T02:38:28Z] commit-checkpoint: refused — current branch 'main' does not match state branch 'ticket/T103-t103-runtime-correctness-hotfixes-for-daemon-check'
[2026-05-18T02:39:04Z] commit-checkpoint: refused — current branch 'main' does not match state branch 'ticket/T103-t103-runtime-correctness-hotfixes-for-daemon-check'
[2026-05-18T02:39:40Z] commit-checkpoint: refused — current branch 'main' does not match state branch 'ticket/T103-t103-runtime-correctness-hotfixes-for-daemon-check'
[2026-05-18T02:40:16Z] commit-checkpoint: refused — current branch 'main' does not match state branch 'ticket/T103-t103-runtime-correctness-hotfixes-for-daemon-check'
[2026-05-18T02:40:52Z] commit-checkpoint: refused — current branch 'main' does not match state branch 'ticket/T103-t103-runtime-correctness-hotfixes-for-daemon-check'
[2026-05-18T02:41:28Z] commit-checkpoint: refused — current branch 'main' does not match state branch 'ticket/T103-t103-runtime-correctness-hotfixes-for-daemon-check'
[2026-05-18T02:42:04Z] commit-checkpoint: refused — current branch 'main' does not match state branch 'ticket/T103-t103-runtime-correctness-hotfixes-for-daemon-check'
[2026-05-18T02:42:40Z] commit-checkpoint: refused — current branch 'main' does not match state branch 'ticket/T103-t103-runtime-correctness-hotfixes-for-daemon-check'
[2026-05-18T02:43:16Z] commit-checkpoint: refused — current branch 'main' does not match state branch 'ticket/T103-t103-runtime-correctness-hotfixes-for-daemon-check'
[2026-05-18T02:43:52Z] commit-checkpoint: refused — current branch 'main' does not match state branch 'ticket/T103-t103-runtime-correctness-hotfixes-for-daemon-check'
[2026-05-18T02:44:28Z] commit-checkpoint: refused — current branch 'main' does not match state branch 'ticket/T103-t103-runtime-correctness-hotfixes-for-daemon-check'
[2026-05-18T02:45:04Z] commit-checkpoint: refused — current branch 'main' does not match state branch 'ticket/T103-t103-runtime-correctness-hotfixes-for-daemon-check'
[2026-05-18T02:45:40Z] commit-checkpoint: refused — current branch 'main' does not match state branch 'ticket/T103-t103-runtime-correctness-hotfixes-for-daemon-check'
[2026-05-18T02:46:16Z] commit-checkpoint: refused — current branch 'main' does not match state branch 'ticket/T103-t103-runtime-correctness-hotfixes-for-daemon-check'
[2026-05-18T02:46:52Z] commit-checkpoint: refused — current branch 'main' does not match state branch 'ticket/T103-t103-runtime-correctness-hotfixes-for-daemon-check'
[2026-05-18T02:47:28Z] commit-checkpoint: refused — current branch 'main' does not match state branch 'ticket/T103-t103-runtime-correctness-hotfixes-for-daemon-check'
[2026-05-18T02:48:04Z] commit-checkpoint: refused — current branch 'main' does not match state branch 'ticket/T103-t103-runtime-correctness-hotfixes-for-daemon-check'
[2026-05-18T02:48:40Z] commit-checkpoint: refused — current branch 'main' does not match state branch 'ticket/T103-t103-runtime-correctness-hotfixes-for-daemon-check'
[2026-05-18T02:49:16Z] commit-checkpoint: refused — current branch 'main' does not match state branch 'ticket/T103-t103-runtime-correctness-hotfixes-for-daemon-check'
[2026-05-18T02:49:53Z] commit-checkpoint: refused — current branch 'main' does not match state branch 'ticket/T103-t103-runtime-correctness-hotfixes-for-daemon-check'
[2026-05-18T02:50:29Z] commit-checkpoint: refused — current branch 'main' does not match state branch 'ticket/T103-t103-runtime-correctness-hotfixes-for-daemon-check'
[2026-05-18T02:51:05Z] commit-checkpoint: refused — current branch 'main' does not match state branch 'ticket/T103-t103-runtime-correctness-hotfixes-for-daemon-check'
[2026-05-18T02:51:41Z] commit-checkpoint: refused — current branch 'main' does not match state branch 'ticket/T103-t103-runtime-correctness-hotfixes-for-daemon-check'
[2026-05-18T02:52:17Z] commit-checkpoint: refused — current branch 'main' does not match state branch 'ticket/T103-t103-runtime-correctness-hotfixes-for-daemon-check'
[2026-05-18T02:52:53Z] commit-checkpoint: refused — current branch 'main' does not match state branch 'ticket/T103-t103-runtime-correctness-hotfixes-for-daemon-check'
[2026-05-18T02:53:29Z] commit-checkpoint: refused — current branch 'main' does not match state branch 'ticket/T103-t103-runtime-correctness-hotfixes-for-daemon-check'
[2026-05-18T02:54:05Z] commit-checkpoint: refused — current branch 'main' does not match state branch 'ticket/T103-t103-runtime-correctness-hotfixes-for-daemon-check'
[2026-05-18T02:54:41Z] commit-checkpoint: refused — current branch 'main' does not match state branch 'ticket/T103-t103-runtime-correctness-hotfixes-for-daemon-check'
[2026-05-18T02:55:17Z] commit-checkpoint: refused — current branch 'main' does not match state branch 'ticket/T103-t103-runtime-correctness-hotfixes-for-daemon-check'
[2026-05-18T02:55:53Z] commit-checkpoint: refused — current branch 'main' does not match state branch 'ticket/T103-t103-runtime-correctness-hotfixes-for-daemon-check'
[2026-05-18T02:56:29Z] commit-checkpoint: refused — current branch 'main' does not match state branch 'ticket/T103-t103-runtime-correctness-hotfixes-for-daemon-check'
[2026-05-18T02:57:05Z] commit-checkpoint: refused — current branch 'main' does not match state branch 'ticket/T103-t103-runtime-correctness-hotfixes-for-daemon-check'
[2026-05-18T02:57:41Z] commit-checkpoint: refused — current branch 'main' does not match state branch 'ticket/T103-t103-runtime-correctness-hotfixes-for-daemon-check'
[2026-05-18T02:58:18Z] commit-checkpoint: refused — current branch 'main' does not match state branch 'ticket/T103-t103-runtime-correctness-hotfixes-for-daemon-check'
[2026-05-18T02:58:54Z] commit-checkpoint: refused — current branch 'main' does not match state branch 'ticket/T103-t103-runtime-correctness-hotfixes-for-daemon-check'
[2026-05-18T02:59:30Z] commit-checkpoint: refused — current branch 'main' does not match state branch 'ticket/T103-t103-runtime-correctness-hotfixes-for-daemon-check'
[2026-05-18T03:00:06Z] commit-checkpoint: refused — current branch 'main' does not match state branch 'ticket/T103-t103-runtime-correctness-hotfixes-for-daemon-check'
[2026-05-18T03:00:42Z] commit-checkpoint: refused — current branch 'main' does not match state branch 'ticket/T103-t103-runtime-correctness-hotfixes-for-daemon-check'
[2026-05-18T03:01:18Z] commit-checkpoint: refused — current branch 'main' does not match state branch 'ticket/T103-t103-runtime-correctness-hotfixes-for-daemon-check'
[2026-05-18T03:01:54Z] commit-checkpoint: refused — current branch 'main' does not match state branch 'ticket/T103-t103-runtime-correctness-hotfixes-for-daemon-check'
[2026-05-18T03:02:30Z] commit-checkpoint: refused — current branch 'main' does not match state branch 'ticket/T103-t103-runtime-correctness-hotfixes-for-daemon-check'
[2026-05-18T03:03:07Z] commit-checkpoint: refused — current branch 'main' does not match state branch 'ticket/T103-t103-runtime-correctness-hotfixes-for-daemon-check'
[2026-05-18T03:03:43Z] commit-checkpoint: refused — current branch 'main' does not match state branch 'ticket/T103-t103-runtime-correctness-hotfixes-for-daemon-check'
[2026-05-18T03:04:19Z] commit-checkpoint: refused — current branch 'main' does not match state branch 'ticket/T103-t103-runtime-correctness-hotfixes-for-daemon-check'
[2026-05-18T03:04:55Z] commit-checkpoint: refused — current branch 'main' does not match state branch 'ticket/T103-t103-runtime-correctness-hotfixes-for-daemon-check'
[2026-05-18T03:05:31Z] commit-checkpoint: refused — current branch 'main' does not match state branch 'ticket/T103-t103-runtime-correctness-hotfixes-for-daemon-check'
[2026-05-18T03:06:07Z] commit-checkpoint: refused — current branch 'main' does not match state branch 'ticket/T103-t103-runtime-correctness-hotfixes-for-daemon-check'
[2026-05-18T03:06:43Z] commit-checkpoint: refused — current branch 'main' does not match state branch 'ticket/T103-t103-runtime-correctness-hotfixes-for-daemon-check'
[2026-05-18T03:07:19Z] commit-checkpoint: refused — current branch 'main' does not match state branch 'ticket/T103-t103-runtime-correctness-hotfixes-for-daemon-check'
[2026-05-18T03:07:55Z] commit-checkpoint: refused — current branch 'main' does not match state branch 'ticket/T103-t103-runtime-correctness-hotfixes-for-daemon-check'
[2026-05-18T03:08:32Z] commit-checkpoint: refused — current branch 'main' does not match state branch 'ticket/T103-t103-runtime-correctness-hotfixes-for-daemon-check'
[2026-05-18T03:09:08Z] commit-checkpoint: refused — current branch 'main' does not match state branch 'ticket/T103-t103-runtime-correctness-hotfixes-for-daemon-check'
[2026-05-18T03:09:44Z] commit-checkpoint: refused — current branch 'main' does not match state branch 'ticket/T103-t103-runtime-correctness-hotfixes-for-daemon-check'
[2026-05-18T03:10:20Z] commit-checkpoint: refused — current branch 'main' does not match state branch 'ticket/T103-t103-runtime-correctness-hotfixes-for-daemon-check'
[2026-05-18T03:10:56Z] commit-checkpoint: refused — current branch 'main' does not match state branch 'ticket/T103-t103-runtime-correctness-hotfixes-for-daemon-check'
[2026-05-18T03:11:32Z] commit-checkpoint: refused — current branch 'main' does not match state branch 'ticket/T103-t103-runtime-correctness-hotfixes-for-daemon-check'
[2026-05-18T03:12:09Z] commit-checkpoint: refused — current branch 'main' does not match state branch 'ticket/T103-t103-runtime-correctness-hotfixes-for-daemon-check'
[2026-05-18T03:12:45Z] commit-checkpoint: refused — current branch 'main' does not match state branch 'ticket/T103-t103-runtime-correctness-hotfixes-for-daemon-check'
[2026-05-18T03:13:21Z] commit-checkpoint: refused — current branch 'main' does not match state branch 'ticket/T103-t103-runtime-correctness-hotfixes-for-daemon-check'
[2026-05-18T03:13:57Z] commit-checkpoint: refused — current branch 'main' does not match state branch 'ticket/T103-t103-runtime-correctness-hotfixes-for-daemon-check'
[2026-05-18T03:14:33Z] commit-checkpoint: refused — current branch 'main' does not match state branch 'ticket/T103-t103-runtime-correctness-hotfixes-for-daemon-check'
[2026-05-18T03:15:09Z] commit-checkpoint: refused — current branch 'main' does not match state branch 'ticket/T103-t103-runtime-correctness-hotfixes-for-daemon-check'
[2026-05-18T03:15:46Z] commit-checkpoint: refused — current branch 'main' does not match state branch 'ticket/T103-t103-runtime-correctness-hotfixes-for-daemon-check'
[2026-05-18T03:16:22Z] commit-checkpoint: refused — current branch 'main' does not match state branch 'ticket/T103-t103-runtime-correctness-hotfixes-for-daemon-check'
[2026-05-18T03:16:58Z] commit-checkpoint: refused — current branch 'main' does not match state branch 'ticket/T103-t103-runtime-correctness-hotfixes-for-daemon-check'
[2026-05-18T03:17:34Z] commit-checkpoint: refused — current branch 'main' does not match state branch 'ticket/T103-t103-runtime-correctness-hotfixes-for-daemon-check'
[2026-05-18T03:18:10Z] commit-checkpoint: refused — current branch 'main' does not match state branch 'ticket/T103-t103-runtime-correctness-hotfixes-for-daemon-check'
[2026-05-18T03:18:46Z] commit-checkpoint: refused — current branch 'main' does not match state branch 'ticket/T103-t103-runtime-correctness-hotfixes-for-daemon-check'
[2026-05-18T03:19:22Z] commit-checkpoint: refused — current branch 'main' does not match state branch 'ticket/T103-t103-runtime-correctness-hotfixes-for-daemon-check'
[2026-05-18T03:19:58Z] commit-checkpoint: refused — current branch 'main' does not match state branch 'ticket/T103-t103-runtime-correctness-hotfixes-for-daemon-check'
[2026-05-18T03:20:34Z] commit-checkpoint: refused — current branch 'main' does not match state branch 'ticket/T103-t103-runtime-correctness-hotfixes-for-daemon-check'
[2026-05-18T03:21:10Z] commit-checkpoint: refused — current branch 'main' does not match state branch 'ticket/T103-t103-runtime-correctness-hotfixes-for-daemon-check'
[2026-05-18T03:21:46Z] commit-checkpoint: refused — current branch 'main' does not match state branch 'ticket/T103-t103-runtime-correctness-hotfixes-for-daemon-check'
[2026-05-18T03:22:22Z] commit-checkpoint: refused — current branch 'main' does not match state branch 'ticket/T103-t103-runtime-correctness-hotfixes-for-daemon-check'
[2026-05-18T03:22:58Z] commit-checkpoint: refused — current branch 'main' does not match state branch 'ticket/T103-t103-runtime-correctness-hotfixes-for-daemon-check'
[2026-05-18T03:23:33Z] commit-checkpoint: refused — current branch 'main' does not match state branch 'ticket/T103-t103-runtime-correctness-hotfixes-for-daemon-check'
[2026-05-18T03:24:10Z] commit-checkpoint: refused — current branch 'main' does not match state branch 'ticket/T103-t103-runtime-correctness-hotfixes-for-daemon-check'
[2026-05-18T03:24:46Z] commit-checkpoint: refused — current branch 'main' does not match state branch 'ticket/T103-t103-runtime-correctness-hotfixes-for-daemon-check'
[2026-05-18T03:25:22Z] commit-checkpoint: refused — current branch 'main' does not match state branch 'ticket/T103-t103-runtime-correctness-hotfixes-for-daemon-check'
[2026-05-18T03:25:58Z] commit-checkpoint: refused — current branch 'main' does not match state branch 'ticket/T103-t103-runtime-correctness-hotfixes-for-daemon-check'
[2026-05-18T03:26:34Z] commit-checkpoint: refused — current branch 'main' does not match state branch 'ticket/T103-t103-runtime-correctness-hotfixes-for-daemon-check'
[2026-05-18T03:27:11Z] commit-checkpoint: refused — current branch 'main' does not match state branch 'ticket/T103-t103-runtime-correctness-hotfixes-for-daemon-check'
[2026-05-18T03:27:46Z] commit-checkpoint: refused — current branch 'main' does not match state branch 'ticket/T103-t103-runtime-correctness-hotfixes-for-daemon-check'
[2026-05-18T03:28:22Z] commit-checkpoint: refused — current branch 'main' does not match state branch 'ticket/T103-t103-runtime-correctness-hotfixes-for-daemon-check'
[2026-05-18T03:28:58Z] commit-checkpoint: refused — current branch 'main' does not match state branch 'ticket/T103-t103-runtime-correctness-hotfixes-for-daemon-check'
[2026-05-18T03:29:34Z] commit-checkpoint: refused — current branch 'main' does not match state branch 'ticket/T103-t103-runtime-correctness-hotfixes-for-daemon-check'
[2026-05-18T03:30:10Z] commit-checkpoint: refused — current branch 'main' does not match state branch 'ticket/T103-t103-runtime-correctness-hotfixes-for-daemon-check'
[2026-05-18T03:30:46Z] commit-checkpoint: refused — current branch 'main' does not match state branch 'ticket/T103-t103-runtime-correctness-hotfixes-for-daemon-check'
[2026-05-18T03:31:22Z] commit-checkpoint: refused — current branch 'main' does not match state branch 'ticket/T103-t103-runtime-correctness-hotfixes-for-daemon-check'
[2026-05-18T03:31:58Z] commit-checkpoint: refused — current branch 'main' does not match state branch 'ticket/T103-t103-runtime-correctness-hotfixes-for-daemon-check'
[2026-05-18T03:32:34Z] commit-checkpoint: refused — current branch 'main' does not match state branch 'ticket/T103-t103-runtime-correctness-hotfixes-for-daemon-check'
[2026-05-18T03:33:10Z] commit-checkpoint: refused — current branch 'main' does not match state branch 'ticket/T103-t103-runtime-correctness-hotfixes-for-daemon-check'
[2026-05-18T03:33:46Z] commit-checkpoint: refused — current branch 'main' does not match state branch 'ticket/T103-t103-runtime-correctness-hotfixes-for-daemon-check'
[2026-05-18T03:34:22Z] commit-checkpoint: refused — current branch 'main' does not match state branch 'ticket/T103-t103-runtime-correctness-hotfixes-for-daemon-check'
[2026-05-18T03:34:58Z] commit-checkpoint: refused — current branch 'main' does not match state branch 'ticket/T103-t103-runtime-correctness-hotfixes-for-daemon-check'
[2026-05-18T03:35:34Z] commit-checkpoint: refused — current branch 'main' does not match state branch 'ticket/T103-t103-runtime-correctness-hotfixes-for-daemon-check'
[2026-05-18T03:36:10Z] commit-checkpoint: refused — current branch 'main' does not match state branch 'ticket/T103-t103-runtime-correctness-hotfixes-for-daemon-check'
[2026-05-18T03:36:46Z] commit-checkpoint: refused — current branch 'main' does not match state branch 'ticket/T103-t103-runtime-correctness-hotfixes-for-daemon-check'
[2026-05-18T03:37:22Z] commit-checkpoint: refused — current branch 'main' does not match state branch 'ticket/T103-t103-runtime-correctness-hotfixes-for-daemon-check'
[2026-05-18T03:37:58Z] commit-checkpoint: refused — current branch 'main' does not match state branch 'ticket/T103-t103-runtime-correctness-hotfixes-for-daemon-check'
[2026-05-18T03:38:35Z] commit-checkpoint: refused — current branch 'main' does not match state branch 'ticket/T103-t103-runtime-correctness-hotfixes-for-daemon-check'
[2026-05-18T03:39:11Z] commit-checkpoint: refused — current branch 'main' does not match state branch 'ticket/T103-t103-runtime-correctness-hotfixes-for-daemon-check'
[2026-05-18T03:39:47Z] commit-checkpoint: refused — current branch 'main' does not match state branch 'ticket/T103-t103-runtime-correctness-hotfixes-for-daemon-check'
[2026-05-18T03:40:23Z] commit-checkpoint: refused — current branch 'main' does not match state branch 'ticket/T103-t103-runtime-correctness-hotfixes-for-daemon-check'
[2026-05-18T03:40:59Z] commit-checkpoint: refused — current branch 'main' does not match state branch 'ticket/T103-t103-runtime-correctness-hotfixes-for-daemon-check'
[2026-05-18T03:41:35Z] commit-checkpoint: refused — current branch 'main' does not match state branch 'ticket/T103-t103-runtime-correctness-hotfixes-for-daemon-check'
[2026-05-18T03:42:11Z] commit-checkpoint: refused — current branch 'main' does not match state branch 'ticket/T103-t103-runtime-correctness-hotfixes-for-daemon-check'
[2026-05-18T03:42:48Z] commit-checkpoint: refused — current branch 'main' does not match state branch 'ticket/T103-t103-runtime-correctness-hotfixes-for-daemon-check'
[2026-05-18T03:43:24Z] commit-checkpoint: refused — current branch 'main' does not match state branch 'ticket/T103-t103-runtime-correctness-hotfixes-for-daemon-check'
[2026-05-18T03:44:00Z] commit-checkpoint: refused — current branch 'main' does not match state branch 'ticket/T103-t103-runtime-correctness-hotfixes-for-daemon-check'
[2026-05-18T03:44:36Z] commit-checkpoint: refused — current branch 'main' does not match state branch 'ticket/T103-t103-runtime-correctness-hotfixes-for-daemon-check'
[2026-05-18T03:45:12Z] commit-checkpoint: refused — current branch 'main' does not match state branch 'ticket/T103-t103-runtime-correctness-hotfixes-for-daemon-check'
[2026-05-18T03:45:48Z] commit-checkpoint: refused — current branch 'main' does not match state branch 'ticket/T103-t103-runtime-correctness-hotfixes-for-daemon-check'
[2026-05-18T03:46:24Z] commit-checkpoint: refused — current branch 'main' does not match state branch 'ticket/T103-t103-runtime-correctness-hotfixes-for-daemon-check'
[2026-05-18T03:47:00Z] commit-checkpoint: refused — current branch 'main' does not match state branch 'ticket/T103-t103-runtime-correctness-hotfixes-for-daemon-check'
[2026-05-18T03:47:36Z] commit-checkpoint: refused — current branch 'main' does not match state branch 'ticket/T103-t103-runtime-correctness-hotfixes-for-daemon-check'
[2026-05-18T03:48:12Z] commit-checkpoint: refused — current branch 'main' does not match state branch 'ticket/T103-t103-runtime-correctness-hotfixes-for-daemon-check'
[2026-05-18T03:48:48Z] commit-checkpoint: refused — current branch 'main' does not match state branch 'ticket/T103-t103-runtime-correctness-hotfixes-for-daemon-check'
[2026-05-18T03:49:24Z] commit-checkpoint: refused — current branch 'main' does not match state branch 'ticket/T103-t103-runtime-correctness-hotfixes-for-daemon-check'
[2026-05-18T03:50:00Z] commit-checkpoint: refused — current branch 'main' does not match state branch 'ticket/T103-t103-runtime-correctness-hotfixes-for-daemon-check'
[2026-05-18T03:50:36Z] commit-checkpoint: refused — current branch 'main' does not match state branch 'ticket/T103-t103-runtime-correctness-hotfixes-for-daemon-check'
[2026-05-18T03:51:12Z] commit-checkpoint: refused — current branch 'main' does not match state branch 'ticket/T103-t103-runtime-correctness-hotfixes-for-daemon-check'
[2026-05-18T03:51:49Z] commit-checkpoint: refused — current branch 'main' does not match state branch 'ticket/T103-t103-runtime-correctness-hotfixes-for-daemon-check'
[2026-05-18T03:52:24Z] commit-checkpoint: refused — current branch 'main' does not match state branch 'ticket/T103-t103-runtime-correctness-hotfixes-for-daemon-check'
[2026-05-18T03:53:01Z] commit-checkpoint: refused — current branch 'main' does not match state branch 'ticket/T103-t103-runtime-correctness-hotfixes-for-daemon-check'
[2026-05-18T03:53:37Z] commit-checkpoint: refused — current branch 'main' does not match state branch 'ticket/T103-t103-runtime-correctness-hotfixes-for-daemon-check'
[2026-05-18T03:54:13Z] commit-checkpoint: refused — current branch 'main' does not match state branch 'ticket/T103-t103-runtime-correctness-hotfixes-for-daemon-check'
[2026-05-18T03:54:49Z] commit-checkpoint: refused — current branch 'main' does not match state branch 'ticket/T103-t103-runtime-correctness-hotfixes-for-daemon-check'
[2026-05-18T03:55:25Z] commit-checkpoint: refused — current branch 'main' does not match state branch 'ticket/T103-t103-runtime-correctness-hotfixes-for-daemon-check'
[2026-05-18T03:56:01Z] commit-checkpoint: refused — current branch 'main' does not match state branch 'ticket/T103-t103-runtime-correctness-hotfixes-for-daemon-check'
[2026-05-18T03:56:37Z] commit-checkpoint: refused — current branch 'main' does not match state branch 'ticket/T103-t103-runtime-correctness-hotfixes-for-daemon-check'
[2026-05-18T03:57:13Z] commit-checkpoint: refused — current branch 'main' does not match state branch 'ticket/T103-t103-runtime-correctness-hotfixes-for-daemon-check'
[2026-05-18T03:57:49Z] commit-checkpoint: refused — current branch 'main' does not match state branch 'ticket/T103-t103-runtime-correctness-hotfixes-for-daemon-check'
[2026-05-18T03:58:25Z] commit-checkpoint: refused — current branch 'main' does not match state branch 'ticket/T103-t103-runtime-correctness-hotfixes-for-daemon-check'
[2026-05-18T03:59:02Z] commit-checkpoint: refused — current branch 'main' does not match state branch 'ticket/T103-t103-runtime-correctness-hotfixes-for-daemon-check'
[2026-05-18T03:59:38Z] commit-checkpoint: refused — current branch 'main' does not match state branch 'ticket/T103-t103-runtime-correctness-hotfixes-for-daemon-check'
[2026-05-18T04:00:14Z] commit-checkpoint: refused — current branch 'main' does not match state branch 'ticket/T103-t103-runtime-correctness-hotfixes-for-daemon-check'
[2026-05-18T04:00:50Z] commit-checkpoint: refused — current branch 'main' does not match state branch 'ticket/T103-t103-runtime-correctness-hotfixes-for-daemon-check'
[2026-05-18T04:01:26Z] commit-checkpoint: refused — current branch 'main' does not match state branch 'ticket/T103-t103-runtime-correctness-hotfixes-for-daemon-check'
[2026-05-18T04:02:02Z] commit-checkpoint: refused — current branch 'main' does not match state branch 'ticket/T103-t103-runtime-correctness-hotfixes-for-daemon-check'
[2026-05-18T04:02:38Z] commit-checkpoint: refused — current branch 'main' does not match state branch 'ticket/T103-t103-runtime-correctness-hotfixes-for-daemon-check'
[2026-05-18T04:03:14Z] commit-checkpoint: refused — current branch 'main' does not match state branch 'ticket/T103-t103-runtime-correctness-hotfixes-for-daemon-check'
[2026-05-18T04:03:50Z] commit-checkpoint: refused — current branch 'main' does not match state branch 'ticket/T103-t103-runtime-correctness-hotfixes-for-daemon-check'
[2026-05-18T04:04:26Z] commit-checkpoint: refused — current branch 'main' does not match state branch 'ticket/T103-t103-runtime-correctness-hotfixes-for-daemon-check'
[2026-05-18T04:05:02Z] commit-checkpoint: refused — current branch 'main' does not match state branch 'ticket/T103-t103-runtime-correctness-hotfixes-for-daemon-check'
[2026-05-18T04:05:38Z] commit-checkpoint: refused — current branch 'main' does not match state branch 'ticket/T103-t103-runtime-correctness-hotfixes-for-daemon-check'
[2026-05-18T04:06:14Z] commit-checkpoint: refused — current branch 'main' does not match state branch 'ticket/T103-t103-runtime-correctness-hotfixes-for-daemon-check'
[2026-05-18T04:06:50Z] commit-checkpoint: refused — current branch 'main' does not match state branch 'ticket/T103-t103-runtime-correctness-hotfixes-for-daemon-check'
[2026-05-18T04:07:27Z] commit-checkpoint: refused — current branch 'main' does not match state branch 'ticket/T103-t103-runtime-correctness-hotfixes-for-daemon-check'
[2026-05-18T04:08:03Z] commit-checkpoint: refused — current branch 'main' does not match state branch 'ticket/T103-t103-runtime-correctness-hotfixes-for-daemon-check'
[2026-05-18T04:08:39Z] commit-checkpoint: refused — current branch 'main' does not match state branch 'ticket/T103-t103-runtime-correctness-hotfixes-for-daemon-check'
[2026-05-18T04:09:15Z] commit-checkpoint: refused — current branch 'main' does not match state branch 'ticket/T103-t103-runtime-correctness-hotfixes-for-daemon-check'
[2026-05-18T04:09:51Z] commit-checkpoint: refused — current branch 'main' does not match state branch 'ticket/T103-t103-runtime-correctness-hotfixes-for-daemon-check'
[2026-05-18T04:10:27Z] commit-checkpoint: refused — current branch 'main' does not match state branch 'ticket/T103-t103-runtime-correctness-hotfixes-for-daemon-check'
[2026-05-18T04:11:03Z] commit-checkpoint: refused — current branch 'main' does not match state branch 'ticket/T103-t103-runtime-correctness-hotfixes-for-daemon-check'
[2026-05-18T04:11:40Z] commit-checkpoint: refused — current branch 'main' does not match state branch 'ticket/T103-t103-runtime-correctness-hotfixes-for-daemon-check'
[2026-05-18T04:12:16Z] commit-checkpoint: refused — current branch 'main' does not match state branch 'ticket/T103-t103-runtime-correctness-hotfixes-for-daemon-check'
[2026-05-18T04:12:52Z] commit-checkpoint: refused — current branch 'main' does not match state branch 'ticket/T103-t103-runtime-correctness-hotfixes-for-daemon-check'
[2026-05-18T04:13:28Z] commit-checkpoint: refused — current branch 'main' does not match state branch 'ticket/T103-t103-runtime-correctness-hotfixes-for-daemon-check'
[2026-05-18T04:14:04Z] commit-checkpoint: refused — current branch 'main' does not match state branch 'ticket/T103-t103-runtime-correctness-hotfixes-for-daemon-check'
[2026-05-18T04:14:40Z] commit-checkpoint: refused — current branch 'main' does not match state branch 'ticket/T103-t103-runtime-correctness-hotfixes-for-daemon-check'
[2026-05-18T04:15:16Z] commit-checkpoint: refused — current branch 'main' does not match state branch 'ticket/T103-t103-runtime-correctness-hotfixes-for-daemon-check'
[2026-05-18T04:15:52Z] commit-checkpoint: refused — current branch 'main' does not match state branch 'ticket/T103-t103-runtime-correctness-hotfixes-for-daemon-check'
[2026-05-18T04:16:29Z] commit-checkpoint: refused — current branch 'main' does not match state branch 'ticket/T103-t103-runtime-correctness-hotfixes-for-daemon-check'
[2026-05-18T04:17:05Z] commit-checkpoint: refused — current branch 'main' does not match state branch 'ticket/T103-t103-runtime-correctness-hotfixes-for-daemon-check'
[2026-05-18T04:17:41Z] commit-checkpoint: refused — current branch 'main' does not match state branch 'ticket/T103-t103-runtime-correctness-hotfixes-for-daemon-check'
[2026-05-18T04:18:17Z] commit-checkpoint: refused — current branch 'main' does not match state branch 'ticket/T103-t103-runtime-correctness-hotfixes-for-daemon-check'
[2026-05-18T04:18:53Z] commit-checkpoint: refused — current branch 'main' does not match state branch 'ticket/T103-t103-runtime-correctness-hotfixes-for-daemon-check'
[2026-05-18T04:19:29Z] commit-checkpoint: refused — current branch 'main' does not match state branch 'ticket/T103-t103-runtime-correctness-hotfixes-for-daemon-check'
[2026-05-18T04:20:05Z] commit-checkpoint: refused — current branch 'main' does not match state branch 'ticket/T103-t103-runtime-correctness-hotfixes-for-daemon-check'
[2026-05-18T04:20:41Z] commit-checkpoint: refused — current branch 'main' does not match state branch 'ticket/T103-t103-runtime-correctness-hotfixes-for-daemon-check'
[2026-05-18T04:21:17Z] commit-checkpoint: refused — current branch 'main' does not match state branch 'ticket/T103-t103-runtime-correctness-hotfixes-for-daemon-check'
[2026-05-18T04:21:52Z] commit-checkpoint: refused — current branch 'main' does not match state branch 'ticket/T103-t103-runtime-correctness-hotfixes-for-daemon-check'
[2026-05-18T04:22:28Z] commit-checkpoint: refused — current branch 'main' does not match state branch 'ticket/T103-t103-runtime-correctness-hotfixes-for-daemon-check'
[2026-05-18T04:23:05Z] commit-checkpoint: refused — current branch 'main' does not match state branch 'ticket/T103-t103-runtime-correctness-hotfixes-for-daemon-check'
[2026-05-18T04:23:41Z] commit-checkpoint: refused — current branch 'main' does not match state branch 'ticket/T103-t103-runtime-correctness-hotfixes-for-daemon-check'
[2026-05-18T04:24:17Z] commit-checkpoint: refused — current branch 'main' does not match state branch 'ticket/T103-t103-runtime-correctness-hotfixes-for-daemon-check'
[2026-05-18T04:24:53Z] commit-checkpoint: refused — current branch 'main' does not match state branch 'ticket/T103-t103-runtime-correctness-hotfixes-for-daemon-check'
[2026-05-18T04:25:29Z] commit-checkpoint: refused — current branch 'main' does not match state branch 'ticket/T103-t103-runtime-correctness-hotfixes-for-daemon-check'
[2026-05-18T04:26:05Z] commit-checkpoint: refused — current branch 'main' does not match state branch 'ticket/T103-t103-runtime-correctness-hotfixes-for-daemon-check'
[2026-05-18T04:26:41Z] commit-checkpoint: refused — current branch 'main' does not match state branch 'ticket/T103-t103-runtime-correctness-hotfixes-for-daemon-check'
[2026-05-18T04:27:17Z] commit-checkpoint: refused — current branch 'main' does not match state branch 'ticket/T103-t103-runtime-correctness-hotfixes-for-daemon-check'
[2026-05-18T04:27:54Z] commit-checkpoint: refused — current branch 'main' does not match state branch 'ticket/T103-t103-runtime-correctness-hotfixes-for-daemon-check'
[2026-05-18T04:28:30Z] commit-checkpoint: refused — current branch 'main' does not match state branch 'ticket/T103-t103-runtime-correctness-hotfixes-for-daemon-check'
[2026-05-18T04:29:06Z] commit-checkpoint: refused — current branch 'main' does not match state branch 'ticket/T103-t103-runtime-correctness-hotfixes-for-daemon-check'
[2026-05-18T04:29:42Z] commit-checkpoint: refused — current branch 'main' does not match state branch 'ticket/T103-t103-runtime-correctness-hotfixes-for-daemon-check'
[2026-05-18T04:30:18Z] commit-checkpoint: refused — current branch 'main' does not match state branch 'ticket/T103-t103-runtime-correctness-hotfixes-for-daemon-check'
[2026-05-18T04:30:54Z] commit-checkpoint: refused — current branch 'main' does not match state branch 'ticket/T103-t103-runtime-correctness-hotfixes-for-daemon-check'
[2026-05-18T04:31:30Z] commit-checkpoint: refused — current branch 'main' does not match state branch 'ticket/T103-t103-runtime-correctness-hotfixes-for-daemon-check'
[2026-05-18T04:32:06Z] commit-checkpoint: refused — current branch 'main' does not match state branch 'ticket/T103-t103-runtime-correctness-hotfixes-for-daemon-check'
[2026-05-18T04:32:42Z] commit-checkpoint: refused — current branch 'main' does not match state branch 'ticket/T103-t103-runtime-correctness-hotfixes-for-daemon-check'
[2026-05-18T04:33:18Z] commit-checkpoint: refused — current branch 'main' does not match state branch 'ticket/T103-t103-runtime-correctness-hotfixes-for-daemon-check'
[2026-05-18T04:33:55Z] commit-checkpoint: refused — current branch 'main' does not match state branch 'ticket/T103-t103-runtime-correctness-hotfixes-for-daemon-check'
[2026-05-18T04:34:31Z] commit-checkpoint: refused — current branch 'main' does not match state branch 'ticket/T103-t103-runtime-correctness-hotfixes-for-daemon-check'
[2026-05-18T04:35:07Z] commit-checkpoint: refused — current branch 'main' does not match state branch 'ticket/T103-t103-runtime-correctness-hotfixes-for-daemon-check'
[2026-05-18T04:35:43Z] commit-checkpoint: refused — current branch 'main' does not match state branch 'ticket/T103-t103-runtime-correctness-hotfixes-for-daemon-check'
[2026-05-18T04:36:19Z] commit-checkpoint: refused — current branch 'main' does not match state branch 'ticket/T103-t103-runtime-correctness-hotfixes-for-daemon-check'
[2026-05-18T04:36:55Z] commit-checkpoint: refused — current branch 'main' does not match state branch 'ticket/T103-t103-runtime-correctness-hotfixes-for-daemon-check'
[2026-05-18T04:37:31Z] commit-checkpoint: refused — current branch 'main' does not match state branch 'ticket/T103-t103-runtime-correctness-hotfixes-for-daemon-check'
[2026-05-18T04:38:07Z] commit-checkpoint: refused — current branch 'main' does not match state branch 'ticket/T103-t103-runtime-correctness-hotfixes-for-daemon-check'
[2026-05-18T04:38:43Z] commit-checkpoint: refused — current branch 'main' does not match state branch 'ticket/T103-t103-runtime-correctness-hotfixes-for-daemon-check'
[2026-05-18T04:39:19Z] commit-checkpoint: refused — current branch 'main' does not match state branch 'ticket/T103-t103-runtime-correctness-hotfixes-for-daemon-check'
[2026-05-18T04:39:55Z] commit-checkpoint: refused — current branch 'main' does not match state branch 'ticket/T103-t103-runtime-correctness-hotfixes-for-daemon-check'
[2026-05-18T04:40:31Z] commit-checkpoint: refused — current branch 'main' does not match state branch 'ticket/T103-t103-runtime-correctness-hotfixes-for-daemon-check'
[2026-05-18T04:41:07Z] commit-checkpoint: refused — current branch 'main' does not match state branch 'ticket/T103-t103-runtime-correctness-hotfixes-for-daemon-check'
[2026-05-18T04:41:43Z] commit-checkpoint: refused — current branch 'main' does not match state branch 'ticket/T103-t103-runtime-correctness-hotfixes-for-daemon-check'
[2026-05-18T04:42:19Z] commit-checkpoint: refused — current branch 'main' does not match state branch 'ticket/T103-t103-runtime-correctness-hotfixes-for-daemon-check'
[2026-05-18T04:42:55Z] commit-checkpoint: refused — current branch 'main' does not match state branch 'ticket/T103-t103-runtime-correctness-hotfixes-for-daemon-check'
[2026-05-18T04:43:31Z] commit-checkpoint: refused — current branch 'main' does not match state branch 'ticket/T103-t103-runtime-correctness-hotfixes-for-daemon-check'
[2026-05-18T04:44:07Z] commit-checkpoint: refused — current branch 'main' does not match state branch 'ticket/T103-t103-runtime-correctness-hotfixes-for-daemon-check'
[2026-05-18T04:44:43Z] commit-checkpoint: refused — current branch 'main' does not match state branch 'ticket/T103-t103-runtime-correctness-hotfixes-for-daemon-check'
[2026-05-18T04:45:20Z] commit-checkpoint: refused — current branch 'main' does not match state branch 'ticket/T103-t103-runtime-correctness-hotfixes-for-daemon-check'
[2026-05-18T04:45:56Z] commit-checkpoint: refused — current branch 'main' does not match state branch 'ticket/T103-t103-runtime-correctness-hotfixes-for-daemon-check'
[2026-05-18T04:46:31Z] commit-checkpoint: refused — current branch 'main' does not match state branch 'ticket/T103-t103-runtime-correctness-hotfixes-for-daemon-check'
[2026-05-18T04:47:08Z] commit-checkpoint: refused — current branch 'main' does not match state branch 'ticket/T103-t103-runtime-correctness-hotfixes-for-daemon-check'
[2026-05-18T04:47:44Z] commit-checkpoint: refused — current branch 'main' does not match state branch 'ticket/T103-t103-runtime-correctness-hotfixes-for-daemon-check'
[2026-05-18T04:48:20Z] commit-checkpoint: refused — current branch 'main' does not match state branch 'ticket/T103-t103-runtime-correctness-hotfixes-for-daemon-check'
[2026-05-18T04:48:56Z] commit-checkpoint: refused — current branch 'main' does not match state branch 'ticket/T103-t103-runtime-correctness-hotfixes-for-daemon-check'
[2026-05-18T04:49:32Z] commit-checkpoint: refused — current branch 'main' does not match state branch 'ticket/T103-t103-runtime-correctness-hotfixes-for-daemon-check'
[2026-05-18T04:50:08Z] commit-checkpoint: refused — current branch 'main' does not match state branch 'ticket/T103-t103-runtime-correctness-hotfixes-for-daemon-check'
[2026-05-18T04:50:44Z] commit-checkpoint: refused — current branch 'main' does not match state branch 'ticket/T103-t103-runtime-correctness-hotfixes-for-daemon-check'
[2026-05-18T04:51:20Z] commit-checkpoint: refused — current branch 'main' does not match state branch 'ticket/T103-t103-runtime-correctness-hotfixes-for-daemon-check'
[2026-05-18T04:51:56Z] commit-checkpoint: refused — current branch 'main' does not match state branch 'ticket/T103-t103-runtime-correctness-hotfixes-for-daemon-check'
[2026-05-18T04:52:32Z] commit-checkpoint: refused — current branch 'main' does not match state branch 'ticket/T103-t103-runtime-correctness-hotfixes-for-daemon-check'
[2026-05-18T04:53:08Z] commit-checkpoint: refused — current branch 'main' does not match state branch 'ticket/T103-t103-runtime-correctness-hotfixes-for-daemon-check'
[2026-05-18T04:53:45Z] commit-checkpoint: refused — current branch 'main' does not match state branch 'ticket/T103-t103-runtime-correctness-hotfixes-for-daemon-check'
[2026-05-18T04:54:21Z] commit-checkpoint: refused — current branch 'main' does not match state branch 'ticket/T103-t103-runtime-correctness-hotfixes-for-daemon-check'
[2026-05-18T04:54:57Z] commit-checkpoint: refused — current branch 'main' does not match state branch 'ticket/T103-t103-runtime-correctness-hotfixes-for-daemon-check'
[2026-05-18T04:55:33Z] commit-checkpoint: refused — current branch 'main' does not match state branch 'ticket/T103-t103-runtime-correctness-hotfixes-for-daemon-check'
[2026-05-18T04:56:09Z] commit-checkpoint: refused — current branch 'main' does not match state branch 'ticket/T103-t103-runtime-correctness-hotfixes-for-daemon-check'
[2026-05-18T04:56:45Z] commit-checkpoint: refused — current branch 'main' does not match state branch 'ticket/T103-t103-runtime-correctness-hotfixes-for-daemon-check'
[2026-05-18T04:57:21Z] commit-checkpoint: refused — current branch 'main' does not match state branch 'ticket/T103-t103-runtime-correctness-hotfixes-for-daemon-check'
[2026-05-18T04:57:57Z] commit-checkpoint: refused — current branch 'main' does not match state branch 'ticket/T103-t103-runtime-correctness-hotfixes-for-daemon-check'
[2026-05-18T04:58:33Z] commit-checkpoint: refused — current branch 'main' does not match state branch 'ticket/T103-t103-runtime-correctness-hotfixes-for-daemon-check'
[2026-05-18T04:59:09Z] commit-checkpoint: refused — current branch 'main' does not match state branch 'ticket/T103-t103-runtime-correctness-hotfixes-for-daemon-check'
[2026-05-18T04:59:45Z] commit-checkpoint: refused — current branch 'main' does not match state branch 'ticket/T103-t103-runtime-correctness-hotfixes-for-daemon-check'
[2026-05-18T05:00:21Z] commit-checkpoint: refused — current branch 'main' does not match state branch 'ticket/T103-t103-runtime-correctness-hotfixes-for-daemon-check'
[2026-05-18T05:00:57Z] commit-checkpoint: refused — current branch 'main' does not match state branch 'ticket/T103-t103-runtime-correctness-hotfixes-for-daemon-check'
[2026-05-18T05:01:34Z] commit-checkpoint: refused — current branch 'main' does not match state branch 'ticket/T103-t103-runtime-correctness-hotfixes-for-daemon-check'
[2026-05-18T05:02:10Z] commit-checkpoint: refused — current branch 'main' does not match state branch 'ticket/T103-t103-runtime-correctness-hotfixes-for-daemon-check'
[2026-05-18T05:02:46Z] commit-checkpoint: refused — current branch 'main' does not match state branch 'ticket/T103-t103-runtime-correctness-hotfixes-for-daemon-check'
[2026-05-18T05:03:22Z] commit-checkpoint: refused — current branch 'main' does not match state branch 'ticket/T103-t103-runtime-correctness-hotfixes-for-daemon-check'
[2026-05-18T05:03:58Z] commit-checkpoint: refused — current branch 'main' does not match state branch 'ticket/T103-t103-runtime-correctness-hotfixes-for-daemon-check'
[2026-05-18T05:04:34Z] commit-checkpoint: refused — current branch 'main' does not match state branch 'ticket/T103-t103-runtime-correctness-hotfixes-for-daemon-check'
[2026-05-18T05:05:10Z] commit-checkpoint: refused — current branch 'main' does not match state branch 'ticket/T103-t103-runtime-correctness-hotfixes-for-daemon-check'
[2026-05-18T05:05:46Z] commit-checkpoint: refused — current branch 'main' does not match state branch 'ticket/T103-t103-runtime-correctness-hotfixes-for-daemon-check'
[2026-05-18T05:06:22Z] commit-checkpoint: refused — current branch 'main' does not match state branch 'ticket/T103-t103-runtime-correctness-hotfixes-for-daemon-check'
[2026-05-18T05:06:58Z] commit-checkpoint: refused — current branch 'main' does not match state branch 'ticket/T103-t103-runtime-correctness-hotfixes-for-daemon-check'
[2026-05-18T05:07:34Z] commit-checkpoint: refused — current branch 'main' does not match state branch 'ticket/T103-t103-runtime-correctness-hotfixes-for-daemon-check'
[2026-05-18T05:08:11Z] commit-checkpoint: refused — current branch 'main' does not match state branch 'ticket/T103-t103-runtime-correctness-hotfixes-for-daemon-check'
[2026-05-18T05:08:47Z] commit-checkpoint: refused — current branch 'main' does not match state branch 'ticket/T103-t103-runtime-correctness-hotfixes-for-daemon-check'
[2026-05-18T05:09:22Z] commit-checkpoint: refused — current branch 'main' does not match state branch 'ticket/T103-t103-runtime-correctness-hotfixes-for-daemon-check'
[2026-05-18T05:09:59Z] commit-checkpoint: refused — current branch 'main' does not match state branch 'ticket/T103-t103-runtime-correctness-hotfixes-for-daemon-check'
[2026-05-18T05:10:35Z] commit-checkpoint: refused — current branch 'main' does not match state branch 'ticket/T103-t103-runtime-correctness-hotfixes-for-daemon-check'
[2026-05-18T05:11:11Z] commit-checkpoint: refused — current branch 'main' does not match state branch 'ticket/T103-t103-runtime-correctness-hotfixes-for-daemon-check'
[2026-05-18T05:11:47Z] commit-checkpoint: refused — current branch 'main' does not match state branch 'ticket/T103-t103-runtime-correctness-hotfixes-for-daemon-check'
[2026-05-18T05:12:23Z] commit-checkpoint: refused — current branch 'main' does not match state branch 'ticket/T103-t103-runtime-correctness-hotfixes-for-daemon-check'
[2026-05-18T05:13:00Z] commit-checkpoint: refused — current branch 'main' does not match state branch 'ticket/T103-t103-runtime-correctness-hotfixes-for-daemon-check'
[2026-05-18T05:13:36Z] commit-checkpoint: refused — current branch 'main' does not match state branch 'ticket/T103-t103-runtime-correctness-hotfixes-for-daemon-check'
[2026-05-18T05:14:12Z] commit-checkpoint: refused — current branch 'main' does not match state branch 'ticket/T103-t103-runtime-correctness-hotfixes-for-daemon-check'
[2026-05-18T05:14:49Z] commit-checkpoint: refused — current branch 'main' does not match state branch 'ticket/T103-t103-runtime-correctness-hotfixes-for-daemon-check'
[2026-05-18T05:15:24Z] commit-checkpoint: refused — current branch 'main' does not match state branch 'ticket/T103-t103-runtime-correctness-hotfixes-for-daemon-check'
[2026-05-18T05:16:01Z] commit-checkpoint: refused — current branch 'main' does not match state branch 'ticket/T103-t103-runtime-correctness-hotfixes-for-daemon-check'
[2026-05-18T05:16:37Z] commit-checkpoint: refused — current branch 'main' does not match state branch 'ticket/T103-t103-runtime-correctness-hotfixes-for-daemon-check'
[2026-05-18T05:17:13Z] commit-checkpoint: refused — current branch 'main' does not match state branch 'ticket/T103-t103-runtime-correctness-hotfixes-for-daemon-check'
[2026-05-18T05:17:49Z] commit-checkpoint: refused — current branch 'main' does not match state branch 'ticket/T103-t103-runtime-correctness-hotfixes-for-daemon-check'
[2026-05-18T05:18:25Z] commit-checkpoint: refused — current branch 'main' does not match state branch 'ticket/T103-t103-runtime-correctness-hotfixes-for-daemon-check'
[2026-05-18T05:19:01Z] commit-checkpoint: refused — current branch 'main' does not match state branch 'ticket/T103-t103-runtime-correctness-hotfixes-for-daemon-check'
[2026-05-18T05:19:37Z] commit-checkpoint: refused — current branch 'main' does not match state branch 'ticket/T103-t103-runtime-correctness-hotfixes-for-daemon-check'
[2026-05-18T05:20:13Z] commit-checkpoint: refused — current branch 'main' does not match state branch 'ticket/T103-t103-runtime-correctness-hotfixes-for-daemon-check'
[2026-05-18T05:20:49Z] commit-checkpoint: refused — current branch 'main' does not match state branch 'ticket/T103-t103-runtime-correctness-hotfixes-for-daemon-check'
[2026-05-18T05:21:25Z] commit-checkpoint: refused — current branch 'main' does not match state branch 'ticket/T103-t103-runtime-correctness-hotfixes-for-daemon-check'
[2026-05-18T05:22:02Z] commit-checkpoint: refused — current branch 'main' does not match state branch 'ticket/T103-t103-runtime-correctness-hotfixes-for-daemon-check'
[2026-05-18T05:22:38Z] commit-checkpoint: refused — current branch 'main' does not match state branch 'ticket/T103-t103-runtime-correctness-hotfixes-for-daemon-check'
[2026-05-18T05:23:14Z] commit-checkpoint: refused — current branch 'main' does not match state branch 'ticket/T103-t103-runtime-correctness-hotfixes-for-daemon-check'
[2026-05-18T05:23:50Z] commit-checkpoint: refused — current branch 'main' does not match state branch 'ticket/T103-t103-runtime-correctness-hotfixes-for-daemon-check'
[2026-05-18T05:24:26Z] commit-checkpoint: refused — current branch 'main' does not match state branch 'ticket/T103-t103-runtime-correctness-hotfixes-for-daemon-check'
[2026-05-18T05:25:02Z] commit-checkpoint: refused — current branch 'main' does not match state branch 'ticket/T103-t103-runtime-correctness-hotfixes-for-daemon-check'
[2026-05-18T05:25:38Z] commit-checkpoint: refused — current branch 'main' does not match state branch 'ticket/T103-t103-runtime-correctness-hotfixes-for-daemon-check'
[2026-05-18T05:26:14Z] commit-checkpoint: refused — current branch 'main' does not match state branch 'ticket/T103-t103-runtime-correctness-hotfixes-for-daemon-check'
[2026-05-18T05:26:50Z] commit-checkpoint: refused — current branch 'main' does not match state branch 'ticket/T103-t103-runtime-correctness-hotfixes-for-daemon-check'
[2026-05-18T05:27:26Z] commit-checkpoint: refused — current branch 'main' does not match state branch 'ticket/T103-t103-runtime-correctness-hotfixes-for-daemon-check'
[2026-05-18T05:28:02Z] commit-checkpoint: refused — current branch 'main' does not match state branch 'ticket/T103-t103-runtime-correctness-hotfixes-for-daemon-check'
[2026-05-18T05:28:38Z] commit-checkpoint: refused — current branch 'main' does not match state branch 'ticket/T103-t103-runtime-correctness-hotfixes-for-daemon-check'
[2026-05-18T05:29:14Z] commit-checkpoint: refused — current branch 'main' does not match state branch 'ticket/T103-t103-runtime-correctness-hotfixes-for-daemon-check'
[2026-05-18T05:29:50Z] commit-checkpoint: refused — current branch 'main' does not match state branch 'ticket/T103-t103-runtime-correctness-hotfixes-for-daemon-check'
[2026-05-18T05:30:26Z] commit-checkpoint: refused — current branch 'main' does not match state branch 'ticket/T103-t103-runtime-correctness-hotfixes-for-daemon-check'
[2026-05-18T05:31:02Z] commit-checkpoint: refused — current branch 'main' does not match state branch 'ticket/T103-t103-runtime-correctness-hotfixes-for-daemon-check'
[2026-05-18T05:31:38Z] commit-checkpoint: refused — current branch 'main' does not match state branch 'ticket/T103-t103-runtime-correctness-hotfixes-for-daemon-check'
[2026-05-18T05:32:14Z] commit-checkpoint: refused — current branch 'main' does not match state branch 'ticket/T103-t103-runtime-correctness-hotfixes-for-daemon-check'
[2026-05-18T05:32:50Z] commit-checkpoint: refused — current branch 'main' does not match state branch 'ticket/T103-t103-runtime-correctness-hotfixes-for-daemon-check'
[2026-05-18T05:33:26Z] commit-checkpoint: refused — current branch 'main' does not match state branch 'ticket/T103-t103-runtime-correctness-hotfixes-for-daemon-check'
[2026-05-18T05:34:02Z] commit-checkpoint: refused — current branch 'main' does not match state branch 'ticket/T103-t103-runtime-correctness-hotfixes-for-daemon-check'
[2026-05-18T05:34:38Z] commit-checkpoint: refused — current branch 'main' does not match state branch 'ticket/T103-t103-runtime-correctness-hotfixes-for-daemon-check'
[2026-05-18T05:35:15Z] commit-checkpoint: refused — current branch 'main' does not match state branch 'ticket/T103-t103-runtime-correctness-hotfixes-for-daemon-check'
[2026-05-18T05:35:51Z] commit-checkpoint: refused — current branch 'main' does not match state branch 'ticket/T103-t103-runtime-correctness-hotfixes-for-daemon-check'
[2026-05-18T05:36:27Z] commit-checkpoint: refused — current branch 'main' does not match state branch 'ticket/T103-t103-runtime-correctness-hotfixes-for-daemon-check'
[2026-05-18T05:37:03Z] commit-checkpoint: refused — current branch 'main' does not match state branch 'ticket/T103-t103-runtime-correctness-hotfixes-for-daemon-check'
[2026-05-18T05:37:39Z] commit-checkpoint: refused — current branch 'main' does not match state branch 'ticket/T103-t103-runtime-correctness-hotfixes-for-daemon-check'
[2026-05-18T05:38:15Z] commit-checkpoint: refused — current branch 'main' does not match state branch 'ticket/T103-t103-runtime-correctness-hotfixes-for-daemon-check'
[2026-05-18T05:38:51Z] commit-checkpoint: refused — current branch 'main' does not match state branch 'ticket/T103-t103-runtime-correctness-hotfixes-for-daemon-check'
[2026-05-18T05:39:27Z] commit-checkpoint: refused — current branch 'main' does not match state branch 'ticket/T103-t103-runtime-correctness-hotfixes-for-daemon-check'
[2026-05-18T05:40:03Z] commit-checkpoint: refused — current branch 'main' does not match state branch 'ticket/T103-t103-runtime-correctness-hotfixes-for-daemon-check'
[2026-05-18T05:40:39Z] commit-checkpoint: refused — current branch 'main' does not match state branch 'ticket/T103-t103-runtime-correctness-hotfixes-for-daemon-check'
[2026-05-18T05:41:15Z] commit-checkpoint: refused — current branch 'main' does not match state branch 'ticket/T103-t103-runtime-correctness-hotfixes-for-daemon-check'
[2026-05-18T05:41:51Z] commit-checkpoint: refused — current branch 'main' does not match state branch 'ticket/T103-t103-runtime-correctness-hotfixes-for-daemon-check'
[2026-05-18T05:42:27Z] commit-checkpoint: refused — current branch 'main' does not match state branch 'ticket/T103-t103-runtime-correctness-hotfixes-for-daemon-check'
[2026-05-18T05:43:03Z] commit-checkpoint: refused — current branch 'main' does not match state branch 'ticket/T103-t103-runtime-correctness-hotfixes-for-daemon-check'
[2026-05-18T05:43:40Z] commit-checkpoint: refused — current branch 'main' does not match state branch 'ticket/T103-t103-runtime-correctness-hotfixes-for-daemon-check'
[2026-05-18T05:44:16Z] commit-checkpoint: refused — current branch 'main' does not match state branch 'ticket/T103-t103-runtime-correctness-hotfixes-for-daemon-check'
[2026-05-18T05:44:52Z] commit-checkpoint: refused — current branch 'main' does not match state branch 'ticket/T103-t103-runtime-correctness-hotfixes-for-daemon-check'
[2026-05-18T05:45:28Z] commit-checkpoint: refused — current branch 'main' does not match state branch 'ticket/T103-t103-runtime-correctness-hotfixes-for-daemon-check'
[2026-05-18T05:46:04Z] commit-checkpoint: refused — current branch 'main' does not match state branch 'ticket/T103-t103-runtime-correctness-hotfixes-for-daemon-check'
[2026-05-18T05:46:40Z] commit-checkpoint: refused — current branch 'main' does not match state branch 'ticket/T103-t103-runtime-correctness-hotfixes-for-daemon-check'
[2026-05-18T05:47:16Z] commit-checkpoint: refused — current branch 'main' does not match state branch 'ticket/T103-t103-runtime-correctness-hotfixes-for-daemon-check'
[2026-05-18T05:47:52Z] commit-checkpoint: refused — current branch 'main' does not match state branch 'ticket/T103-t103-runtime-correctness-hotfixes-for-daemon-check'
[2026-05-18T05:48:28Z] commit-checkpoint: refused — current branch 'main' does not match state branch 'ticket/T103-t103-runtime-correctness-hotfixes-for-daemon-check'
[2026-05-18T05:49:05Z] commit-checkpoint: refused — current branch 'main' does not match state branch 'ticket/T103-t103-runtime-correctness-hotfixes-for-daemon-check'
[2026-05-18T05:49:41Z] commit-checkpoint: refused — current branch 'main' does not match state branch 'ticket/T103-t103-runtime-correctness-hotfixes-for-daemon-check'
[2026-05-18T05:50:17Z] commit-checkpoint: refused — current branch 'main' does not match state branch 'ticket/T103-t103-runtime-correctness-hotfixes-for-daemon-check'
[2026-05-18T05:50:53Z] commit-checkpoint: refused — current branch 'main' does not match state branch 'ticket/T103-t103-runtime-correctness-hotfixes-for-daemon-check'
[2026-05-18T05:51:29Z] commit-checkpoint: refused — current branch 'main' does not match state branch 'ticket/T103-t103-runtime-correctness-hotfixes-for-daemon-check'
[2026-05-18T05:52:05Z] commit-checkpoint: refused — current branch 'main' does not match state branch 'ticket/T103-t103-runtime-correctness-hotfixes-for-daemon-check'
[2026-05-18T05:52:41Z] commit-checkpoint: refused — current branch 'main' does not match state branch 'ticket/T103-t103-runtime-correctness-hotfixes-for-daemon-check'
[2026-05-18T05:53:17Z] commit-checkpoint: refused — current branch 'main' does not match state branch 'ticket/T103-t103-runtime-correctness-hotfixes-for-daemon-check'
[2026-05-18T05:53:53Z] commit-checkpoint: refused — current branch 'main' does not match state branch 'ticket/T103-t103-runtime-correctness-hotfixes-for-daemon-check'
[2026-05-18T05:54:29Z] commit-checkpoint: refused — current branch 'main' does not match state branch 'ticket/T103-t103-runtime-correctness-hotfixes-for-daemon-check'
[2026-05-18T05:55:05Z] commit-checkpoint: refused — current branch 'main' does not match state branch 'ticket/T103-t103-runtime-correctness-hotfixes-for-daemon-check'
[2026-05-18T05:55:41Z] commit-checkpoint: refused — current branch 'main' does not match state branch 'ticket/T103-t103-runtime-correctness-hotfixes-for-daemon-check'
[2026-05-18T05:56:17Z] commit-checkpoint: refused — current branch 'main' does not match state branch 'ticket/T103-t103-runtime-correctness-hotfixes-for-daemon-check'
[2026-05-18T05:56:53Z] commit-checkpoint: refused — current branch 'main' does not match state branch 'ticket/T103-t103-runtime-correctness-hotfixes-for-daemon-check'
[2026-05-18T05:57:29Z] commit-checkpoint: refused — current branch 'main' does not match state branch 'ticket/T103-t103-runtime-correctness-hotfixes-for-daemon-check'
[2026-05-18T05:58:05Z] commit-checkpoint: refused — current branch 'main' does not match state branch 'ticket/T103-t103-runtime-correctness-hotfixes-for-daemon-check'
[2026-05-18T05:58:41Z] commit-checkpoint: refused — current branch 'main' does not match state branch 'ticket/T103-t103-runtime-correctness-hotfixes-for-daemon-check'
[2026-05-18T05:59:17Z] commit-checkpoint: refused — current branch 'main' does not match state branch 'ticket/T103-t103-runtime-correctness-hotfixes-for-daemon-check'
[2026-05-18T05:59:54Z] commit-checkpoint: refused — current branch 'main' does not match state branch 'ticket/T103-t103-runtime-correctness-hotfixes-for-daemon-check'
[2026-05-18T06:00:30Z] commit-checkpoint: refused — current branch 'main' does not match state branch 'ticket/T103-t103-runtime-correctness-hotfixes-for-daemon-check'
[2026-05-18T06:01:06Z] commit-checkpoint: refused — current branch 'main' does not match state branch 'ticket/T103-t103-runtime-correctness-hotfixes-for-daemon-check'
[2026-05-18T06:01:42Z] commit-checkpoint: refused — current branch 'main' does not match state branch 'ticket/T103-t103-runtime-correctness-hotfixes-for-daemon-check'
[2026-05-18T06:02:18Z] commit-checkpoint: refused — current branch 'main' does not match state branch 'ticket/T103-t103-runtime-correctness-hotfixes-for-daemon-check'
[2026-05-18T06:02:54Z] commit-checkpoint: refused — current branch 'main' does not match state branch 'ticket/T103-t103-runtime-correctness-hotfixes-for-daemon-check'
[2026-05-18T06:03:31Z] commit-checkpoint: refused — current branch 'main' does not match state branch 'ticket/T103-t103-runtime-correctness-hotfixes-for-daemon-check'
[2026-05-18T06:04:07Z] commit-checkpoint: refused — current branch 'main' does not match state branch 'ticket/T103-t103-runtime-correctness-hotfixes-for-daemon-check'
[2026-05-18T06:04:43Z] commit-checkpoint: refused — current branch 'main' does not match state branch 'ticket/T103-t103-runtime-correctness-hotfixes-for-daemon-check'
[2026-05-18T06:05:19Z] commit-checkpoint: refused — current branch 'main' does not match state branch 'ticket/T103-t103-runtime-correctness-hotfixes-for-daemon-check'
[2026-05-18T06:05:55Z] commit-checkpoint: refused — current branch 'main' does not match state branch 'ticket/T103-t103-runtime-correctness-hotfixes-for-daemon-check'
[2026-05-18T06:06:31Z] commit-checkpoint: refused — current branch 'main' does not match state branch 'ticket/T103-t103-runtime-correctness-hotfixes-for-daemon-check'
[2026-05-18T06:07:07Z] commit-checkpoint: refused — current branch 'main' does not match state branch 'ticket/T103-t103-runtime-correctness-hotfixes-for-daemon-check'
[2026-05-18T06:07:44Z] commit-checkpoint: refused — current branch 'main' does not match state branch 'ticket/T103-t103-runtime-correctness-hotfixes-for-daemon-check'
[2026-05-18T06:08:20Z] commit-checkpoint: refused — current branch 'main' does not match state branch 'ticket/T103-t103-runtime-correctness-hotfixes-for-daemon-check'
[2026-05-18T06:08:56Z] commit-checkpoint: refused — current branch 'main' does not match state branch 'ticket/T103-t103-runtime-correctness-hotfixes-for-daemon-check'
[2026-05-18T06:09:32Z] commit-checkpoint: refused — current branch 'main' does not match state branch 'ticket/T103-t103-runtime-correctness-hotfixes-for-daemon-check'
[2026-05-18T06:10:08Z] commit-checkpoint: refused — current branch 'main' does not match state branch 'ticket/T103-t103-runtime-correctness-hotfixes-for-daemon-check'
[2026-05-18T06:10:44Z] commit-checkpoint: refused — current branch 'main' does not match state branch 'ticket/T103-t103-runtime-correctness-hotfixes-for-daemon-check'
[2026-05-18T06:11:20Z] commit-checkpoint: refused — current branch 'main' does not match state branch 'ticket/T103-t103-runtime-correctness-hotfixes-for-daemon-check'
[2026-05-18T06:11:56Z] commit-checkpoint: refused — current branch 'main' does not match state branch 'ticket/T103-t103-runtime-correctness-hotfixes-for-daemon-check'
[2026-05-18T06:12:32Z] commit-checkpoint: refused — current branch 'main' does not match state branch 'ticket/T103-t103-runtime-correctness-hotfixes-for-daemon-check'
[2026-05-18T06:13:09Z] commit-checkpoint: refused — current branch 'main' does not match state branch 'ticket/T103-t103-runtime-correctness-hotfixes-for-daemon-check'
[2026-05-18T06:13:45Z] commit-checkpoint: refused — current branch 'main' does not match state branch 'ticket/T103-t103-runtime-correctness-hotfixes-for-daemon-check'
[2026-05-18T06:14:21Z] commit-checkpoint: refused — current branch 'main' does not match state branch 'ticket/T103-t103-runtime-correctness-hotfixes-for-daemon-check'
[2026-05-18T06:14:57Z] commit-checkpoint: refused — current branch 'main' does not match state branch 'ticket/T103-t103-runtime-correctness-hotfixes-for-daemon-check'
[2026-05-18T06:15:33Z] commit-checkpoint: refused — current branch 'main' does not match state branch 'ticket/T103-t103-runtime-correctness-hotfixes-for-daemon-check'
[2026-05-18T06:16:10Z] commit-checkpoint: refused — current branch 'main' does not match state branch 'ticket/T103-t103-runtime-correctness-hotfixes-for-daemon-check'
[2026-05-18T06:16:45Z] commit-checkpoint: refused — current branch 'main' does not match state branch 'ticket/T103-t103-runtime-correctness-hotfixes-for-daemon-check'
[2026-05-18T06:17:21Z] commit-checkpoint: refused — current branch 'main' does not match state branch 'ticket/T103-t103-runtime-correctness-hotfixes-for-daemon-check'
[2026-05-18T06:17:58Z] commit-checkpoint: refused — current branch 'main' does not match state branch 'ticket/T103-t103-runtime-correctness-hotfixes-for-daemon-check'
[2026-05-18T06:18:34Z] commit-checkpoint: refused — current branch 'main' does not match state branch 'ticket/T103-t103-runtime-correctness-hotfixes-for-daemon-check'
[2026-05-18T06:19:10Z] commit-checkpoint: refused — current branch 'main' does not match state branch 'ticket/T103-t103-runtime-correctness-hotfixes-for-daemon-check'
[2026-05-18T06:19:46Z] commit-checkpoint: refused — current branch 'main' does not match state branch 'ticket/T103-t103-runtime-correctness-hotfixes-for-daemon-check'
[2026-05-18T06:20:22Z] commit-checkpoint: refused — current branch 'main' does not match state branch 'ticket/T103-t103-runtime-correctness-hotfixes-for-daemon-check'
[2026-05-18T06:20:58Z] commit-checkpoint: refused — current branch 'main' does not match state branch 'ticket/T103-t103-runtime-correctness-hotfixes-for-daemon-check'
[2026-05-18T06:21:34Z] commit-checkpoint: refused — current branch 'main' does not match state branch 'ticket/T103-t103-runtime-correctness-hotfixes-for-daemon-check'
[2026-05-18T06:22:10Z] commit-checkpoint: refused — current branch 'main' does not match state branch 'ticket/T103-t103-runtime-correctness-hotfixes-for-daemon-check'
[2026-05-18T06:22:46Z] commit-checkpoint: refused — current branch 'main' does not match state branch 'ticket/T103-t103-runtime-correctness-hotfixes-for-daemon-check'
[2026-05-18T06:23:22Z] commit-checkpoint: refused — current branch 'main' does not match state branch 'ticket/T103-t103-runtime-correctness-hotfixes-for-daemon-check'
[2026-05-18T06:23:58Z] commit-checkpoint: refused — current branch 'main' does not match state branch 'ticket/T103-t103-runtime-correctness-hotfixes-for-daemon-check'
[2026-05-18T06:24:34Z] commit-checkpoint: refused — current branch 'main' does not match state branch 'ticket/T103-t103-runtime-correctness-hotfixes-for-daemon-check'
[2026-05-18T06:25:10Z] commit-checkpoint: refused — current branch 'main' does not match state branch 'ticket/T103-t103-runtime-correctness-hotfixes-for-daemon-check'
[2026-05-18T06:25:46Z] commit-checkpoint: refused — current branch 'main' does not match state branch 'ticket/T103-t103-runtime-correctness-hotfixes-for-daemon-check'
[2026-05-18T06:26:22Z] commit-checkpoint: refused — current branch 'main' does not match state branch 'ticket/T103-t103-runtime-correctness-hotfixes-for-daemon-check'
[2026-05-18T06:26:58Z] commit-checkpoint: refused — current branch 'main' does not match state branch 'ticket/T103-t103-runtime-correctness-hotfixes-for-daemon-check'
[2026-05-18T06:27:35Z] commit-checkpoint: refused — current branch 'main' does not match state branch 'ticket/T103-t103-runtime-correctness-hotfixes-for-daemon-check'
[2026-05-18T06:28:11Z] commit-checkpoint: refused — current branch 'main' does not match state branch 'ticket/T103-t103-runtime-correctness-hotfixes-for-daemon-check'
[2026-05-18T06:28:47Z] commit-checkpoint: refused — current branch 'main' does not match state branch 'ticket/T103-t103-runtime-correctness-hotfixes-for-daemon-check'
[2026-05-18T06:29:23Z] commit-checkpoint: refused — current branch 'main' does not match state branch 'ticket/T103-t103-runtime-correctness-hotfixes-for-daemon-check'
[2026-05-18T06:29:59Z] commit-checkpoint: refused — current branch 'main' does not match state branch 'ticket/T103-t103-runtime-correctness-hotfixes-for-daemon-check'
[2026-05-18T06:35:30Z] commit-checkpoint: refused — current branch 'main' does not match state branch 'ticket/T103-t103-runtime-correctness-hotfixes-for-daemon-check'
[2026-05-18T06:36:06Z] commit-checkpoint: refused — current branch 'main' does not match state branch 'ticket/T103-t103-runtime-correctness-hotfixes-for-daemon-check'
[2026-05-18T06:36:42Z] commit-checkpoint: refused — current branch 'main' does not match state branch 'ticket/T103-t103-runtime-correctness-hotfixes-for-daemon-check'
[2026-05-18T06:37:18Z] commit-checkpoint: refused — current branch 'main' does not match state branch 'ticket/T103-t103-runtime-correctness-hotfixes-for-daemon-check'
[2026-05-18T06:37:54Z] commit-checkpoint: refused — current branch 'main' does not match state branch 'ticket/T103-t103-runtime-correctness-hotfixes-for-daemon-check'
[2026-05-18T06:38:30Z] commit-checkpoint: refused — current branch 'main' does not match state branch 'ticket/T103-t103-runtime-correctness-hotfixes-for-daemon-check'
[2026-05-18T06:39:06Z] commit-checkpoint: refused — current branch 'main' does not match state branch 'ticket/T103-t103-runtime-correctness-hotfixes-for-daemon-check'
[2026-05-18T06:40:19Z] commit-checkpoint: refused — current branch 'main' does not match state branch 'ticket/T103-t103-runtime-correctness-hotfixes-for-daemon-check'
[2026-05-18T06:40:55Z] commit-checkpoint: refused — current branch 'main' does not match state branch 'ticket/T103-t103-runtime-correctness-hotfixes-for-daemon-check'
[2026-05-18T06:41:31Z] commit-checkpoint: refused — current branch 'main' does not match state branch 'ticket/T103-t103-runtime-correctness-hotfixes-for-daemon-check'
[2026-05-18T06:42:07Z] commit-checkpoint: refused — current branch 'main' does not match state branch 'ticket/T103-t103-runtime-correctness-hotfixes-for-daemon-check'
[2026-05-18T06:42:43Z] commit-checkpoint: refused — current branch 'main' does not match state branch 'ticket/T103-t103-runtime-correctness-hotfixes-for-daemon-check'
[2026-05-18T06:47:42Z] commit-checkpoint: refused — current branch 'main' does not match state branch 'ticket/T103-t103-runtime-correctness-hotfixes-for-daemon-check'
[2026-05-18T06:48:18Z] commit-checkpoint: refused — current branch 'main' does not match state branch 'ticket/T103-t103-runtime-correctness-hotfixes-for-daemon-check'
[2026-05-18T06:48:54Z] commit-checkpoint: refused — current branch 'main' does not match state branch 'ticket/T103-t103-runtime-correctness-hotfixes-for-daemon-check'
[2026-05-18T06:49:30Z] commit-checkpoint: refused — current branch 'main' does not match state branch 'ticket/T103-t103-runtime-correctness-hotfixes-for-daemon-check'
[2026-05-18T06:54:38Z] commit-checkpoint: refused — current branch 'main' does not match state branch 'ticket/T103-t103-runtime-correctness-hotfixes-for-daemon-check'
[2026-05-18T06:55:17Z] commit-checkpoint: refused — current branch 'main' does not match state branch 'ticket/T103-t103-runtime-correctness-hotfixes-for-daemon-check'
[2026-05-18T06:55:54Z] commit-checkpoint: refused — current branch 'main' does not match state branch 'ticket/T103-t103-runtime-correctness-hotfixes-for-daemon-check'
[2026-05-18T06:56:31Z] commit-checkpoint: refused — current branch 'main' does not match state branch 'ticket/T103-t103-runtime-correctness-hotfixes-for-daemon-check'
[2026-05-18T06:57:07Z] commit-checkpoint: refused — current branch 'main' does not match state branch 'ticket/T103-t103-runtime-correctness-hotfixes-for-daemon-check'
[2026-05-18T06:57:43Z] commit-checkpoint: refused — current branch 'main' does not match state branch 'ticket/T103-t103-runtime-correctness-hotfixes-for-daemon-check'
[2026-05-18T06:58:19Z] commit-checkpoint: refused — current branch 'main' does not match state branch 'ticket/T103-t103-runtime-correctness-hotfixes-for-daemon-check'
[2026-05-18T06:59:00Z] commit-checkpoint: refused — current branch 'main' does not match state branch 'ticket/T103-t103-runtime-correctness-hotfixes-for-daemon-check'
[2026-05-18T07:04:11Z] commit-checkpoint: refused — current branch 'main' does not match state branch 'ticket/T103-t103-runtime-correctness-hotfixes-for-daemon-check'
[2026-05-18T07:04:52Z] commit-checkpoint: refused — current branch 'main' does not match state branch 'ticket/T103-t103-runtime-correctness-hotfixes-for-daemon-check'
[2026-05-18T07:05:27Z] commit-checkpoint: refused — current branch 'main' does not match state branch 'ticket/T103-t103-runtime-correctness-hotfixes-for-daemon-check'
[2026-05-18T07:06:03Z] commit-checkpoint: refused — current branch 'main' does not match state branch 'ticket/T103-t103-runtime-correctness-hotfixes-for-daemon-check'
[2026-05-18T07:06:39Z] commit-checkpoint: refused — current branch 'main' does not match state branch 'ticket/T103-t103-runtime-correctness-hotfixes-for-daemon-check'
[2026-05-18T07:07:15Z] commit-checkpoint: refused — current branch 'main' does not match state branch 'ticket/T103-t103-runtime-correctness-hotfixes-for-daemon-check'
[2026-05-18T07:07:51Z] commit-checkpoint: refused — current branch 'main' does not match state branch 'ticket/T103-t103-runtime-correctness-hotfixes-for-daemon-check'
[2026-05-18T07:08:27Z] commit-checkpoint: refused — current branch 'main' does not match state branch 'ticket/T103-t103-runtime-correctness-hotfixes-for-daemon-check'
[2026-05-18T07:09:03Z] commit-checkpoint: refused — current branch 'main' does not match state branch 'ticket/T103-t103-runtime-correctness-hotfixes-for-daemon-check'
[2026-05-18T07:09:39Z] commit-checkpoint: refused — current branch 'main' does not match state branch 'ticket/T103-t103-runtime-correctness-hotfixes-for-daemon-check'
[2026-05-18T07:10:15Z] commit-checkpoint: refused — current branch 'main' does not match state branch 'ticket/T103-t103-runtime-correctness-hotfixes-for-daemon-check'
[2026-05-18T07:10:51Z] commit-checkpoint: refused — current branch 'main' does not match state branch 'ticket/T103-t103-runtime-correctness-hotfixes-for-daemon-check'
[2026-05-18T07:11:26Z] commit-checkpoint: refused — current branch 'main' does not match state branch 'ticket/T103-t103-runtime-correctness-hotfixes-for-daemon-check'
[2026-05-18T07:12:03Z] commit-checkpoint: refused — current branch 'main' does not match state branch 'ticket/T103-t103-runtime-correctness-hotfixes-for-daemon-check'
[2026-05-18T07:12:38Z] commit-checkpoint: refused — current branch 'main' does not match state branch 'ticket/T103-t103-runtime-correctness-hotfixes-for-daemon-check'
[2026-05-18T07:13:14Z] commit-checkpoint: refused — current branch 'main' does not match state branch 'ticket/T103-t103-runtime-correctness-hotfixes-for-daemon-check'
[2026-05-18T07:13:50Z] commit-checkpoint: refused — current branch 'main' does not match state branch 'ticket/T103-t103-runtime-correctness-hotfixes-for-daemon-check'
[2026-05-18T07:14:26Z] commit-checkpoint: refused — current branch 'main' does not match state branch 'ticket/T103-t103-runtime-correctness-hotfixes-for-daemon-check'
[2026-05-18T07:15:02Z] commit-checkpoint: refused — current branch 'main' does not match state branch 'ticket/T103-t103-runtime-correctness-hotfixes-for-daemon-check'
[2026-05-18T07:15:38Z] commit-checkpoint: refused — current branch 'main' does not match state branch 'ticket/T103-t103-runtime-correctness-hotfixes-for-daemon-check'
[2026-05-18T07:16:14Z] commit-checkpoint: refused — current branch 'main' does not match state branch 'ticket/T103-t103-runtime-correctness-hotfixes-for-daemon-check'
[2026-05-18T07:16:49Z] commit-checkpoint: refused — current branch 'main' does not match state branch 'ticket/T103-t103-runtime-correctness-hotfixes-for-daemon-check'
[2026-05-18T07:17:25Z] commit-checkpoint: refused — current branch 'main' does not match state branch 'ticket/T103-t103-runtime-correctness-hotfixes-for-daemon-check'
[2026-05-18T07:18:01Z] commit-checkpoint: refused — current branch 'main' does not match state branch 'ticket/T103-t103-runtime-correctness-hotfixes-for-daemon-check'
[2026-05-18T07:18:36Z] commit-checkpoint: refused — current branch 'main' does not match state branch 'ticket/T103-t103-runtime-correctness-hotfixes-for-daemon-check'
[2026-05-18T07:19:12Z] commit-checkpoint: refused — current branch 'main' does not match state branch 'ticket/T103-t103-runtime-correctness-hotfixes-for-daemon-check'
[2026-05-18T07:19:48Z] commit-checkpoint: refused — current branch 'main' does not match state branch 'ticket/T103-t103-runtime-correctness-hotfixes-for-daemon-check'
[2026-05-18T07:20:24Z] commit-checkpoint: refused — current branch 'main' does not match state branch 'ticket/T103-t103-runtime-correctness-hotfixes-for-daemon-check'
[2026-05-18T07:21:00Z] commit-checkpoint: refused — current branch 'main' does not match state branch 'ticket/T103-t103-runtime-correctness-hotfixes-for-daemon-check'
[2026-05-18T07:21:36Z] commit-checkpoint: refused — current branch 'main' does not match state branch 'ticket/T103-t103-runtime-correctness-hotfixes-for-daemon-check'
[2026-05-18T07:32:37Z] commit-checkpoint: refused — current branch 'main' does not match state branch 'ticket/T103-t103-runtime-correctness-hotfixes-for-daemon-check'
[2026-05-18T07:33:13Z] commit-checkpoint: refused — current branch 'main' does not match state branch 'ticket/T103-t103-runtime-correctness-hotfixes-for-daemon-check'
[2026-05-18T07:33:49Z] commit-checkpoint: refused — current branch 'main' does not match state branch 'ticket/T103-t103-runtime-correctness-hotfixes-for-daemon-check'
[2026-05-18T07:34:25Z] commit-checkpoint: refused — current branch 'main' does not match state branch 'ticket/T103-t103-runtime-correctness-hotfixes-for-daemon-check'
[2026-05-18T07:35:01Z] commit-checkpoint: refused — current branch 'main' does not match state branch 'ticket/T103-t103-runtime-correctness-hotfixes-for-daemon-check'
[2026-05-18T07:35:37Z] commit-checkpoint: refused — current branch 'main' does not match state branch 'ticket/T103-t103-runtime-correctness-hotfixes-for-daemon-check'
[2026-05-18T07:36:13Z] commit-checkpoint: refused — current branch 'main' does not match state branch 'ticket/T103-t103-runtime-correctness-hotfixes-for-daemon-check'
[2026-05-18T07:36:48Z] commit-checkpoint: refused — current branch 'main' does not match state branch 'ticket/T103-t103-runtime-correctness-hotfixes-for-daemon-check'
[2026-05-18T07:37:24Z] commit-checkpoint: refused — current branch 'main' does not match state branch 'ticket/T103-t103-runtime-correctness-hotfixes-for-daemon-check'
[2026-05-18T07:38:00Z] commit-checkpoint: refused — current branch 'main' does not match state branch 'ticket/T103-t103-runtime-correctness-hotfixes-for-daemon-check'
[2026-05-18T07:38:36Z] commit-checkpoint: refused — current branch 'main' does not match state branch 'ticket/T103-t103-runtime-correctness-hotfixes-for-daemon-check'
[2026-05-18T07:39:12Z] commit-checkpoint: refused — current branch 'main' does not match state branch 'ticket/T103-t103-runtime-correctness-hotfixes-for-daemon-check'
[2026-05-18T07:39:48Z] commit-checkpoint: refused — current branch 'main' does not match state branch 'ticket/T103-t103-runtime-correctness-hotfixes-for-daemon-check'
[2026-05-18T07:40:24Z] commit-checkpoint: refused — current branch 'main' does not match state branch 'ticket/T103-t103-runtime-correctness-hotfixes-for-daemon-check'
[2026-05-18T07:41:00Z] commit-checkpoint: refused — current branch 'main' does not match state branch 'ticket/T103-t103-runtime-correctness-hotfixes-for-daemon-check'
[2026-05-18T07:41:36Z] commit-checkpoint: refused — current branch 'main' does not match state branch 'ticket/T103-t103-runtime-correctness-hotfixes-for-daemon-check'
[2026-05-18T07:42:12Z] commit-checkpoint: refused — current branch 'main' does not match state branch 'ticket/T103-t103-runtime-correctness-hotfixes-for-daemon-check'
[2026-05-18T07:42:48Z] commit-checkpoint: refused — current branch 'main' does not match state branch 'ticket/T103-t103-runtime-correctness-hotfixes-for-daemon-check'
[2026-05-18T07:43:24Z] commit-checkpoint: refused — current branch 'main' does not match state branch 'ticket/T103-t103-runtime-correctness-hotfixes-for-daemon-check'
[2026-05-18T07:44:00Z] commit-checkpoint: refused — current branch 'main' does not match state branch 'ticket/T103-t103-runtime-correctness-hotfixes-for-daemon-check'
[2026-05-18T07:44:36Z] commit-checkpoint: refused — current branch 'main' does not match state branch 'ticket/T103-t103-runtime-correctness-hotfixes-for-daemon-check'
[2026-05-18T07:45:12Z] commit-checkpoint: refused — current branch 'main' does not match state branch 'ticket/T103-t103-runtime-correctness-hotfixes-for-daemon-check'
[2026-05-18T07:45:47Z] commit-checkpoint: refused — current branch 'main' does not match state branch 'ticket/T103-t103-runtime-correctness-hotfixes-for-daemon-check'
[2026-05-18T07:46:23Z] commit-checkpoint: refused — current branch 'main' does not match state branch 'ticket/T103-t103-runtime-correctness-hotfixes-for-daemon-check'
[2026-05-18T07:46:59Z] commit-checkpoint: refused — current branch 'main' does not match state branch 'ticket/T103-t103-runtime-correctness-hotfixes-for-daemon-check'
[2026-05-18T07:47:35Z] commit-checkpoint: refused — current branch 'main' does not match state branch 'ticket/T103-t103-runtime-correctness-hotfixes-for-daemon-check'
[2026-05-18T07:48:11Z] commit-checkpoint: refused — current branch 'main' does not match state branch 'ticket/T103-t103-runtime-correctness-hotfixes-for-daemon-check'
[2026-05-18T07:48:47Z] commit-checkpoint: refused — current branch 'main' does not match state branch 'ticket/T103-t103-runtime-correctness-hotfixes-for-daemon-check'
[2026-05-18T07:49:23Z] commit-checkpoint: refused — current branch 'main' does not match state branch 'ticket/T103-t103-runtime-correctness-hotfixes-for-daemon-check'
[2026-05-18T07:49:58Z] commit-checkpoint: refused — current branch 'main' does not match state branch 'ticket/T103-t103-runtime-correctness-hotfixes-for-daemon-check'
[2026-05-18T07:50:34Z] commit-checkpoint: refused — current branch 'main' does not match state branch 'ticket/T103-t103-runtime-correctness-hotfixes-for-daemon-check'
[2026-05-18T07:51:10Z] commit-checkpoint: refused — current branch 'main' does not match state branch 'ticket/T103-t103-runtime-correctness-hotfixes-for-daemon-check'
[2026-05-18T07:51:46Z] commit-checkpoint: refused — current branch 'main' does not match state branch 'ticket/T103-t103-runtime-correctness-hotfixes-for-daemon-check'
[2026-05-18T07:52:22Z] commit-checkpoint: refused — current branch 'main' does not match state branch 'ticket/T103-t103-runtime-correctness-hotfixes-for-daemon-check'
[2026-05-18T07:52:58Z] commit-checkpoint: refused — current branch 'main' does not match state branch 'ticket/T103-t103-runtime-correctness-hotfixes-for-daemon-check'
[2026-05-18T07:53:34Z] commit-checkpoint: refused — current branch 'main' does not match state branch 'ticket/T103-t103-runtime-correctness-hotfixes-for-daemon-check'
[2026-05-18T07:54:10Z] commit-checkpoint: refused — current branch 'main' does not match state branch 'ticket/T103-t103-runtime-correctness-hotfixes-for-daemon-check'
[2026-05-18T07:54:45Z] commit-checkpoint: refused — current branch 'main' does not match state branch 'ticket/T103-t103-runtime-correctness-hotfixes-for-daemon-check'
[2026-05-18T07:55:21Z] commit-checkpoint: refused — current branch 'main' does not match state branch 'ticket/T103-t103-runtime-correctness-hotfixes-for-daemon-check'
[2026-05-18T07:55:57Z] commit-checkpoint: refused — current branch 'main' does not match state branch 'ticket/T103-t103-runtime-correctness-hotfixes-for-daemon-check'
[2026-05-18T07:56:33Z] commit-checkpoint: refused — current branch 'main' does not match state branch 'ticket/T103-t103-runtime-correctness-hotfixes-for-daemon-check'
[2026-05-18T07:57:08Z] commit-checkpoint: refused — current branch 'main' does not match state branch 'ticket/T103-t103-runtime-correctness-hotfixes-for-daemon-check'
[2026-05-18T07:57:44Z] commit-checkpoint: refused — current branch 'main' does not match state branch 'ticket/T103-t103-runtime-correctness-hotfixes-for-daemon-check'
[2026-05-18T07:58:20Z] commit-checkpoint: refused — current branch 'main' does not match state branch 'ticket/T103-t103-runtime-correctness-hotfixes-for-daemon-check'
[2026-05-18T07:58:56Z] commit-checkpoint: refused — current branch 'main' does not match state branch 'ticket/T103-t103-runtime-correctness-hotfixes-for-daemon-check'
[2026-05-18T07:59:32Z] commit-checkpoint: refused — current branch 'main' does not match state branch 'ticket/T103-t103-runtime-correctness-hotfixes-for-daemon-check'
[2026-05-18T08:00:08Z] commit-checkpoint: refused — current branch 'main' does not match state branch 'ticket/T103-t103-runtime-correctness-hotfixes-for-daemon-check'
[2026-05-18T08:00:44Z] commit-checkpoint: refused — current branch 'main' does not match state branch 'ticket/T103-t103-runtime-correctness-hotfixes-for-daemon-check'
[2026-05-18T08:01:20Z] commit-checkpoint: refused — current branch 'main' does not match state branch 'ticket/T103-t103-runtime-correctness-hotfixes-for-daemon-check'
[2026-05-18T08:01:56Z] commit-checkpoint: refused — current branch 'main' does not match state branch 'ticket/T103-t103-runtime-correctness-hotfixes-for-daemon-check'
[2026-05-18T08:02:31Z] commit-checkpoint: refused — current branch 'main' does not match state branch 'ticket/T103-t103-runtime-correctness-hotfixes-for-daemon-check'
[2026-05-18T08:03:08Z] commit-checkpoint: refused — current branch 'main' does not match state branch 'ticket/T103-t103-runtime-correctness-hotfixes-for-daemon-check'
[2026-05-18T08:03:44Z] commit-checkpoint: refused — current branch 'main' does not match state branch 'ticket/T103-t103-runtime-correctness-hotfixes-for-daemon-check'
[2026-05-18T08:04:20Z] commit-checkpoint: refused — current branch 'main' does not match state branch 'ticket/T103-t103-runtime-correctness-hotfixes-for-daemon-check'
[2026-05-18T08:04:56Z] commit-checkpoint: refused — current branch 'main' does not match state branch 'ticket/T103-t103-runtime-correctness-hotfixes-for-daemon-check'
[2026-05-18T08:05:32Z] commit-checkpoint: refused — current branch 'main' does not match state branch 'ticket/T103-t103-runtime-correctness-hotfixes-for-daemon-check'
[2026-05-18T08:06:08Z] commit-checkpoint: refused — current branch 'main' does not match state branch 'ticket/T103-t103-runtime-correctness-hotfixes-for-daemon-check'
[2026-05-18T08:06:44Z] commit-checkpoint: refused — current branch 'main' does not match state branch 'ticket/T103-t103-runtime-correctness-hotfixes-for-daemon-check'
[2026-05-18T08:07:20Z] commit-checkpoint: refused — current branch 'main' does not match state branch 'ticket/T103-t103-runtime-correctness-hotfixes-for-daemon-check'
[2026-05-18T08:07:56Z] commit-checkpoint: refused — current branch 'main' does not match state branch 'ticket/T103-t103-runtime-correctness-hotfixes-for-daemon-check'
[2026-05-18T08:08:32Z] commit-checkpoint: refused — current branch 'main' does not match state branch 'ticket/T103-t103-runtime-correctness-hotfixes-for-daemon-check'
[2026-05-18T08:09:08Z] commit-checkpoint: refused — current branch 'main' does not match state branch 'ticket/T103-t103-runtime-correctness-hotfixes-for-daemon-check'
[2026-05-18T08:09:43Z] commit-checkpoint: refused — current branch 'main' does not match state branch 'ticket/T103-t103-runtime-correctness-hotfixes-for-daemon-check'
[2026-05-18T08:10:19Z] commit-checkpoint: refused — current branch 'main' does not match state branch 'ticket/T103-t103-runtime-correctness-hotfixes-for-daemon-check'
[2026-05-18T08:10:55Z] commit-checkpoint: refused — current branch 'main' does not match state branch 'ticket/T103-t103-runtime-correctness-hotfixes-for-daemon-check'
[2026-05-18T08:11:31Z] commit-checkpoint: refused — current branch 'main' does not match state branch 'ticket/T103-t103-runtime-correctness-hotfixes-for-daemon-check'
[2026-05-18T08:12:07Z] commit-checkpoint: refused — current branch 'main' does not match state branch 'ticket/T103-t103-runtime-correctness-hotfixes-for-daemon-check'
[2026-05-18T08:12:43Z] commit-checkpoint: refused — current branch 'main' does not match state branch 'ticket/T103-t103-runtime-correctness-hotfixes-for-daemon-check'
[2026-05-18T08:13:20Z] commit-checkpoint: refused — current branch 'main' does not match state branch 'ticket/T103-t103-runtime-correctness-hotfixes-for-daemon-check'
[2026-05-18T08:13:56Z] commit-checkpoint: refused — current branch 'main' does not match state branch 'ticket/T103-t103-runtime-correctness-hotfixes-for-daemon-check'
[2026-05-18T08:14:31Z] commit-checkpoint: refused — current branch 'main' does not match state branch 'ticket/T103-t103-runtime-correctness-hotfixes-for-daemon-check'
[2026-05-18T08:15:07Z] commit-checkpoint: refused — current branch 'main' does not match state branch 'ticket/T103-t103-runtime-correctness-hotfixes-for-daemon-check'
[2026-05-18T08:15:44Z] commit-checkpoint: refused — current branch 'main' does not match state branch 'ticket/T103-t103-runtime-correctness-hotfixes-for-daemon-check'
[2026-05-18T08:16:19Z] commit-checkpoint: refused — current branch 'main' does not match state branch 'ticket/T103-t103-runtime-correctness-hotfixes-for-daemon-check'
[2026-05-18T08:16:56Z] commit-checkpoint: refused — current branch 'main' does not match state branch 'ticket/T103-t103-runtime-correctness-hotfixes-for-daemon-check'
[2026-05-18T08:17:32Z] commit-checkpoint: refused — current branch 'main' does not match state branch 'ticket/T103-t103-runtime-correctness-hotfixes-for-daemon-check'
[2026-05-18T08:18:08Z] commit-checkpoint: refused — current branch 'main' does not match state branch 'ticket/T103-t103-runtime-correctness-hotfixes-for-daemon-check'
[2026-05-18T08:18:43Z] commit-checkpoint: refused — current branch 'main' does not match state branch 'ticket/T103-t103-runtime-correctness-hotfixes-for-daemon-check'
[2026-05-18T08:19:20Z] commit-checkpoint: refused — current branch 'main' does not match state branch 'ticket/T103-t103-runtime-correctness-hotfixes-for-daemon-check'
[2026-05-18T08:19:56Z] commit-checkpoint: refused — current branch 'main' does not match state branch 'ticket/T103-t103-runtime-correctness-hotfixes-for-daemon-check'
[2026-05-18T08:20:32Z] commit-checkpoint: refused — current branch 'main' does not match state branch 'ticket/T103-t103-runtime-correctness-hotfixes-for-daemon-check'
[2026-05-18T08:21:08Z] commit-checkpoint: refused — current branch 'main' does not match state branch 'ticket/T103-t103-runtime-correctness-hotfixes-for-daemon-check'
[2026-05-18T08:21:44Z] commit-checkpoint: refused — current branch 'main' does not match state branch 'ticket/T103-t103-runtime-correctness-hotfixes-for-daemon-check'
[2026-05-18T08:22:19Z] commit-checkpoint: refused — current branch 'main' does not match state branch 'ticket/T103-t103-runtime-correctness-hotfixes-for-daemon-check'
[2026-05-18T08:22:56Z] commit-checkpoint: refused — current branch 'main' does not match state branch 'ticket/T103-t103-runtime-correctness-hotfixes-for-daemon-check'
[2026-05-18T08:23:32Z] commit-checkpoint: refused — current branch 'main' does not match state branch 'ticket/T103-t103-runtime-correctness-hotfixes-for-daemon-check'
[2026-05-18T08:24:07Z] commit-checkpoint: refused — current branch 'main' does not match state branch 'ticket/T103-t103-runtime-correctness-hotfixes-for-daemon-check'
[2026-05-18T08:24:43Z] commit-checkpoint: refused — current branch 'main' does not match state branch 'ticket/T103-t103-runtime-correctness-hotfixes-for-daemon-check'
[2026-05-18T08:25:19Z] commit-checkpoint: refused — current branch 'main' does not match state branch 'ticket/T103-t103-runtime-correctness-hotfixes-for-daemon-check'
[2026-05-18T08:25:56Z] commit-checkpoint: refused — current branch 'main' does not match state branch 'ticket/T103-t103-runtime-correctness-hotfixes-for-daemon-check'
[2026-05-18T08:26:32Z] commit-checkpoint: refused — current branch 'main' does not match state branch 'ticket/T103-t103-runtime-correctness-hotfixes-for-daemon-check'
[2026-05-18T08:27:07Z] commit-checkpoint: refused — current branch 'main' does not match state branch 'ticket/T103-t103-runtime-correctness-hotfixes-for-daemon-check'
[2026-05-18T08:27:44Z] commit-checkpoint: refused — current branch 'main' does not match state branch 'ticket/T103-t103-runtime-correctness-hotfixes-for-daemon-check'
[2026-05-18T08:28:19Z] commit-checkpoint: refused — current branch 'main' does not match state branch 'ticket/T103-t103-runtime-correctness-hotfixes-for-daemon-check'
[2026-05-18T08:28:55Z] commit-checkpoint: refused — current branch 'main' does not match state branch 'ticket/T103-t103-runtime-correctness-hotfixes-for-daemon-check'
[2026-05-18T08:29:31Z] commit-checkpoint: refused — current branch 'main' does not match state branch 'ticket/T103-t103-runtime-correctness-hotfixes-for-daemon-check'
[2026-05-18T08:30:07Z] commit-checkpoint: refused — current branch 'main' does not match state branch 'ticket/T103-t103-runtime-correctness-hotfixes-for-daemon-check'
[2026-05-18T08:30:43Z] commit-checkpoint: refused — current branch 'main' does not match state branch 'ticket/T103-t103-runtime-correctness-hotfixes-for-daemon-check'
[2026-05-18T08:31:19Z] commit-checkpoint: refused — current branch 'main' does not match state branch 'ticket/T103-t103-runtime-correctness-hotfixes-for-daemon-check'
[2026-05-18T08:31:55Z] commit-checkpoint: refused — current branch 'main' does not match state branch 'ticket/T103-t103-runtime-correctness-hotfixes-for-daemon-check'
[2026-05-18T08:32:31Z] commit-checkpoint: refused — current branch 'main' does not match state branch 'ticket/T103-t103-runtime-correctness-hotfixes-for-daemon-check'
[2026-05-18T08:33:07Z] commit-checkpoint: refused — current branch 'main' does not match state branch 'ticket/T103-t103-runtime-correctness-hotfixes-for-daemon-check'
[2026-05-18T08:33:42Z] commit-checkpoint: refused — current branch 'main' does not match state branch 'ticket/T103-t103-runtime-correctness-hotfixes-for-daemon-check'
[2026-05-18T08:34:18Z] commit-checkpoint: refused — current branch 'main' does not match state branch 'ticket/T103-t103-runtime-correctness-hotfixes-for-daemon-check'
[2026-05-18T08:34:54Z] commit-checkpoint: refused — current branch 'main' does not match state branch 'ticket/T103-t103-runtime-correctness-hotfixes-for-daemon-check'
[2026-05-18T08:35:30Z] commit-checkpoint: refused — current branch 'main' does not match state branch 'ticket/T103-t103-runtime-correctness-hotfixes-for-daemon-check'
[2026-05-18T08:36:06Z] commit-checkpoint: refused — current branch 'main' does not match state branch 'ticket/T103-t103-runtime-correctness-hotfixes-for-daemon-check'
[2026-05-18T08:36:42Z] commit-checkpoint: refused — current branch 'main' does not match state branch 'ticket/T103-t103-runtime-correctness-hotfixes-for-daemon-check'
[2026-05-18T08:37:18Z] commit-checkpoint: refused — current branch 'main' does not match state branch 'ticket/T103-t103-runtime-correctness-hotfixes-for-daemon-check'
[2026-05-18T08:37:53Z] commit-checkpoint: refused — current branch 'main' does not match state branch 'ticket/T103-t103-runtime-correctness-hotfixes-for-daemon-check'
[2026-05-18T08:38:29Z] commit-checkpoint: refused — current branch 'main' does not match state branch 'ticket/T103-t103-runtime-correctness-hotfixes-for-daemon-check'
[2026-05-18T08:39:05Z] commit-checkpoint: refused — current branch 'main' does not match state branch 'ticket/T103-t103-runtime-correctness-hotfixes-for-daemon-check'
[2026-05-18T08:39:41Z] commit-checkpoint: refused — current branch 'main' does not match state branch 'ticket/T103-t103-runtime-correctness-hotfixes-for-daemon-check'
[2026-05-18T08:40:17Z] commit-checkpoint: refused — current branch 'main' does not match state branch 'ticket/T103-t103-runtime-correctness-hotfixes-for-daemon-check'
[2026-05-18T08:40:53Z] commit-checkpoint: refused — current branch 'main' does not match state branch 'ticket/T103-t103-runtime-correctness-hotfixes-for-daemon-check'
[2026-05-18T08:41:28Z] commit-checkpoint: refused — current branch 'main' does not match state branch 'ticket/T103-t103-runtime-correctness-hotfixes-for-daemon-check'
[2026-05-18T08:42:04Z] commit-checkpoint: refused — current branch 'main' does not match state branch 'ticket/T103-t103-runtime-correctness-hotfixes-for-daemon-check'
[2026-05-18T08:42:40Z] commit-checkpoint: refused — current branch 'main' does not match state branch 'ticket/T103-t103-runtime-correctness-hotfixes-for-daemon-check'
[2026-05-18T08:43:16Z] commit-checkpoint: refused — current branch 'main' does not match state branch 'ticket/T103-t103-runtime-correctness-hotfixes-for-daemon-check'
[2026-05-18T08:43:51Z] commit-checkpoint: refused — current branch 'main' does not match state branch 'ticket/T103-t103-runtime-correctness-hotfixes-for-daemon-check'
[2026-05-18T08:44:27Z] commit-checkpoint: refused — current branch 'main' does not match state branch 'ticket/T103-t103-runtime-correctness-hotfixes-for-daemon-check'
[2026-05-18T08:45:03Z] commit-checkpoint: refused — current branch 'main' does not match state branch 'ticket/T103-t103-runtime-correctness-hotfixes-for-daemon-check'
[2026-05-18T08:45:39Z] commit-checkpoint: refused — current branch 'main' does not match state branch 'ticket/T103-t103-runtime-correctness-hotfixes-for-daemon-check'
[2026-05-18T08:46:15Z] commit-checkpoint: refused — current branch 'main' does not match state branch 'ticket/T103-t103-runtime-correctness-hotfixes-for-daemon-check'
[2026-05-18T08:46:51Z] commit-checkpoint: refused — current branch 'main' does not match state branch 'ticket/T103-t103-runtime-correctness-hotfixes-for-daemon-check'
[2026-05-18T08:47:27Z] commit-checkpoint: refused — current branch 'main' does not match state branch 'ticket/T103-t103-runtime-correctness-hotfixes-for-daemon-check'
[2026-05-18T08:48:03Z] commit-checkpoint: refused — current branch 'main' does not match state branch 'ticket/T103-t103-runtime-correctness-hotfixes-for-daemon-check'
[2026-05-18T08:48:39Z] commit-checkpoint: refused — current branch 'main' does not match state branch 'ticket/T103-t103-runtime-correctness-hotfixes-for-daemon-check'
[2026-05-18T08:49:15Z] commit-checkpoint: refused — current branch 'main' does not match state branch 'ticket/T103-t103-runtime-correctness-hotfixes-for-daemon-check'
[2026-05-18T08:49:51Z] commit-checkpoint: refused — current branch 'main' does not match state branch 'ticket/T103-t103-runtime-correctness-hotfixes-for-daemon-check'
[2026-05-18T08:50:27Z] commit-checkpoint: refused — current branch 'main' does not match state branch 'ticket/T103-t103-runtime-correctness-hotfixes-for-daemon-check'
[2026-05-18T08:51:02Z] commit-checkpoint: refused — current branch 'main' does not match state branch 'ticket/T103-t103-runtime-correctness-hotfixes-for-daemon-check'
[2026-05-18T08:51:38Z] commit-checkpoint: refused — current branch 'main' does not match state branch 'ticket/T103-t103-runtime-correctness-hotfixes-for-daemon-check'
[2026-05-18T08:52:14Z] commit-checkpoint: refused — current branch 'main' does not match state branch 'ticket/T103-t103-runtime-correctness-hotfixes-for-daemon-check'
[2026-05-18T08:52:50Z] commit-checkpoint: refused — current branch 'main' does not match state branch 'ticket/T103-t103-runtime-correctness-hotfixes-for-daemon-check'
[2026-05-18T08:53:26Z] commit-checkpoint: refused — current branch 'main' does not match state branch 'ticket/T103-t103-runtime-correctness-hotfixes-for-daemon-check'
[2026-05-18T08:54:01Z] commit-checkpoint: refused — current branch 'main' does not match state branch 'ticket/T103-t103-runtime-correctness-hotfixes-for-daemon-check'
[2026-05-18T08:54:37Z] commit-checkpoint: refused — current branch 'main' does not match state branch 'ticket/T103-t103-runtime-correctness-hotfixes-for-daemon-check'
[2026-05-18T08:55:13Z] commit-checkpoint: refused — current branch 'main' does not match state branch 'ticket/T103-t103-runtime-correctness-hotfixes-for-daemon-check'
[2026-05-18T08:55:49Z] commit-checkpoint: refused — current branch 'main' does not match state branch 'ticket/T103-t103-runtime-correctness-hotfixes-for-daemon-check'
[2026-05-18T08:56:25Z] commit-checkpoint: refused — current branch 'main' does not match state branch 'ticket/T103-t103-runtime-correctness-hotfixes-for-daemon-check'
[2026-05-18T08:57:01Z] commit-checkpoint: refused — current branch 'main' does not match state branch 'ticket/T103-t103-runtime-correctness-hotfixes-for-daemon-check'
[2026-05-18T08:57:37Z] commit-checkpoint: refused — current branch 'main' does not match state branch 'ticket/T103-t103-runtime-correctness-hotfixes-for-daemon-check'
[2026-05-18T08:58:13Z] commit-checkpoint: refused — current branch 'main' does not match state branch 'ticket/T103-t103-runtime-correctness-hotfixes-for-daemon-check'
[2026-05-18T08:58:49Z] commit-checkpoint: refused — current branch 'main' does not match state branch 'ticket/T103-t103-runtime-correctness-hotfixes-for-daemon-check'
[2026-05-18T08:59:25Z] commit-checkpoint: refused — current branch 'main' does not match state branch 'ticket/T103-t103-runtime-correctness-hotfixes-for-daemon-check'
[2026-05-18T09:00:01Z] commit-checkpoint: refused — current branch 'main' does not match state branch 'ticket/T103-t103-runtime-correctness-hotfixes-for-daemon-check'
[2026-05-18T09:00:38Z] commit-checkpoint: refused — current branch 'main' does not match state branch 'ticket/T103-t103-runtime-correctness-hotfixes-for-daemon-check'
[2026-05-18T09:01:14Z] commit-checkpoint: refused — current branch 'main' does not match state branch 'ticket/T103-t103-runtime-correctness-hotfixes-for-daemon-check'
[2026-05-18T09:01:50Z] commit-checkpoint: refused — current branch 'main' does not match state branch 'ticket/T103-t103-runtime-correctness-hotfixes-for-daemon-check'
[2026-05-18T09:02:26Z] commit-checkpoint: refused — current branch 'main' does not match state branch 'ticket/T103-t103-runtime-correctness-hotfixes-for-daemon-check'
[2026-05-18T09:03:02Z] commit-checkpoint: refused — current branch 'main' does not match state branch 'ticket/T103-t103-runtime-correctness-hotfixes-for-daemon-check'
[2026-05-18T09:03:38Z] commit-checkpoint: refused — current branch 'main' does not match state branch 'ticket/T103-t103-runtime-correctness-hotfixes-for-daemon-check'
[2026-05-18T09:04:14Z] commit-checkpoint: refused — current branch 'main' does not match state branch 'ticket/T103-t103-runtime-correctness-hotfixes-for-daemon-check'
[2026-05-18T09:04:50Z] commit-checkpoint: refused — current branch 'main' does not match state branch 'ticket/T103-t103-runtime-correctness-hotfixes-for-daemon-check'
[2026-05-18T09:05:26Z] commit-checkpoint: refused — current branch 'main' does not match state branch 'ticket/T103-t103-runtime-correctness-hotfixes-for-daemon-check'
[2026-05-18T09:06:02Z] commit-checkpoint: refused — current branch 'main' does not match state branch 'ticket/T103-t103-runtime-correctness-hotfixes-for-daemon-check'
[2026-05-18T09:06:38Z] commit-checkpoint: refused — current branch 'main' does not match state branch 'ticket/T103-t103-runtime-correctness-hotfixes-for-daemon-check'
[2026-05-18T09:07:14Z] commit-checkpoint: refused — current branch 'main' does not match state branch 'ticket/T103-t103-runtime-correctness-hotfixes-for-daemon-check'
[2026-05-18T09:07:50Z] commit-checkpoint: refused — current branch 'main' does not match state branch 'ticket/T103-t103-runtime-correctness-hotfixes-for-daemon-check'
[2026-05-18T09:08:26Z] commit-checkpoint: refused — current branch 'main' does not match state branch 'ticket/T103-t103-runtime-correctness-hotfixes-for-daemon-check'
[2026-05-18T09:09:03Z] commit-checkpoint: refused — current branch 'main' does not match state branch 'ticket/T103-t103-runtime-correctness-hotfixes-for-daemon-check'
[2026-05-18T09:09:39Z] commit-checkpoint: refused — current branch 'main' does not match state branch 'ticket/T103-t103-runtime-correctness-hotfixes-for-daemon-check'
[2026-05-18T09:10:15Z] commit-checkpoint: refused — current branch 'main' does not match state branch 'ticket/T103-t103-runtime-correctness-hotfixes-for-daemon-check'
[2026-05-18T09:10:51Z] commit-checkpoint: refused — current branch 'main' does not match state branch 'ticket/T103-t103-runtime-correctness-hotfixes-for-daemon-check'
[2026-05-18T09:11:27Z] commit-checkpoint: refused — current branch 'main' does not match state branch 'ticket/T103-t103-runtime-correctness-hotfixes-for-daemon-check'
[2026-05-18T09:12:03Z] commit-checkpoint: refused — current branch 'main' does not match state branch 'ticket/T103-t103-runtime-correctness-hotfixes-for-daemon-check'
[2026-05-18T09:12:39Z] commit-checkpoint: refused — current branch 'main' does not match state branch 'ticket/T103-t103-runtime-correctness-hotfixes-for-daemon-check'
[2026-05-18T09:13:15Z] commit-checkpoint: refused — current branch 'main' does not match state branch 'ticket/T103-t103-runtime-correctness-hotfixes-for-daemon-check'
[2026-05-18T09:13:50Z] commit-checkpoint: refused — current branch 'main' does not match state branch 'ticket/T103-t103-runtime-correctness-hotfixes-for-daemon-check'
[2026-05-18T09:14:26Z] commit-checkpoint: refused — current branch 'main' does not match state branch 'ticket/T103-t103-runtime-correctness-hotfixes-for-daemon-check'
[2026-05-18T09:15:02Z] commit-checkpoint: refused — current branch 'main' does not match state branch 'ticket/T103-t103-runtime-correctness-hotfixes-for-daemon-check'
[2026-05-18T09:15:38Z] commit-checkpoint: refused — current branch 'main' does not match state branch 'ticket/T103-t103-runtime-correctness-hotfixes-for-daemon-check'
[2026-05-18T09:16:14Z] commit-checkpoint: refused — current branch 'main' does not match state branch 'ticket/T103-t103-runtime-correctness-hotfixes-for-daemon-check'
[2026-05-18T09:16:50Z] commit-checkpoint: refused — current branch 'main' does not match state branch 'ticket/T103-t103-runtime-correctness-hotfixes-for-daemon-check'
[2026-05-18T09:17:26Z] commit-checkpoint: refused — current branch 'main' does not match state branch 'ticket/T103-t103-runtime-correctness-hotfixes-for-daemon-check'
[2026-05-18T09:18:02Z] commit-checkpoint: refused — current branch 'main' does not match state branch 'ticket/T103-t103-runtime-correctness-hotfixes-for-daemon-check'
[2026-05-18T09:18:38Z] commit-checkpoint: refused — current branch 'main' does not match state branch 'ticket/T103-t103-runtime-correctness-hotfixes-for-daemon-check'
[2026-05-18T09:19:14Z] commit-checkpoint: refused — current branch 'main' does not match state branch 'ticket/T103-t103-runtime-correctness-hotfixes-for-daemon-check'
[2026-05-18T09:19:50Z] commit-checkpoint: refused — current branch 'main' does not match state branch 'ticket/T103-t103-runtime-correctness-hotfixes-for-daemon-check'
[2026-05-18T09:20:26Z] commit-checkpoint: refused — current branch 'main' does not match state branch 'ticket/T103-t103-runtime-correctness-hotfixes-for-daemon-check'
[2026-05-18T09:21:02Z] commit-checkpoint: refused — current branch 'main' does not match state branch 'ticket/T103-t103-runtime-correctness-hotfixes-for-daemon-check'
[2026-05-18T09:21:38Z] commit-checkpoint: refused — current branch 'main' does not match state branch 'ticket/T103-t103-runtime-correctness-hotfixes-for-daemon-check'
[2026-05-18T09:22:14Z] commit-checkpoint: refused — current branch 'main' does not match state branch 'ticket/T103-t103-runtime-correctness-hotfixes-for-daemon-check'
[2026-05-18T09:22:50Z] commit-checkpoint: refused — current branch 'main' does not match state branch 'ticket/T103-t103-runtime-correctness-hotfixes-for-daemon-check'
[2026-05-18T09:23:26Z] commit-checkpoint: refused — current branch 'main' does not match state branch 'ticket/T103-t103-runtime-correctness-hotfixes-for-daemon-check'
[2026-05-18T09:24:02Z] commit-checkpoint: refused — current branch 'main' does not match state branch 'ticket/T103-t103-runtime-correctness-hotfixes-for-daemon-check'
[2026-05-18T09:24:38Z] commit-checkpoint: refused — current branch 'main' does not match state branch 'ticket/T103-t103-runtime-correctness-hotfixes-for-daemon-check'
[2026-05-18T09:25:14Z] commit-checkpoint: refused — current branch 'main' does not match state branch 'ticket/T103-t103-runtime-correctness-hotfixes-for-daemon-check'
[2026-05-18T09:25:50Z] commit-checkpoint: refused — current branch 'main' does not match state branch 'ticket/T103-t103-runtime-correctness-hotfixes-for-daemon-check'
[2026-05-18T09:26:26Z] commit-checkpoint: refused — current branch 'main' does not match state branch 'ticket/T103-t103-runtime-correctness-hotfixes-for-daemon-check'
[2026-05-18T09:27:02Z] commit-checkpoint: refused — current branch 'main' does not match state branch 'ticket/T103-t103-runtime-correctness-hotfixes-for-daemon-check'
[2026-05-18T09:27:38Z] commit-checkpoint: refused — current branch 'main' does not match state branch 'ticket/T103-t103-runtime-correctness-hotfixes-for-daemon-check'
[2026-05-18T09:28:14Z] commit-checkpoint: refused — current branch 'main' does not match state branch 'ticket/T103-t103-runtime-correctness-hotfixes-for-daemon-check'
[2026-05-18T09:28:50Z] commit-checkpoint: refused — current branch 'main' does not match state branch 'ticket/T103-t103-runtime-correctness-hotfixes-for-daemon-check'
[2026-05-18T09:29:26Z] commit-checkpoint: refused — current branch 'main' does not match state branch 'ticket/T103-t103-runtime-correctness-hotfixes-for-daemon-check'
[2026-05-18T09:30:02Z] commit-checkpoint: refused — current branch 'main' does not match state branch 'ticket/T103-t103-runtime-correctness-hotfixes-for-daemon-check'
[2026-05-18T09:30:38Z] commit-checkpoint: refused — current branch 'main' does not match state branch 'ticket/T103-t103-runtime-correctness-hotfixes-for-daemon-check'
[2026-05-18T09:31:15Z] commit-checkpoint: refused — current branch 'main' does not match state branch 'ticket/T103-t103-runtime-correctness-hotfixes-for-daemon-check'
[2026-05-18T09:31:50Z] commit-checkpoint: refused — current branch 'main' does not match state branch 'ticket/T103-t103-runtime-correctness-hotfixes-for-daemon-check'
[2026-05-18T09:32:26Z] commit-checkpoint: refused — current branch 'main' does not match state branch 'ticket/T103-t103-runtime-correctness-hotfixes-for-daemon-check'
[2026-05-18T09:33:02Z] commit-checkpoint: refused — current branch 'main' does not match state branch 'ticket/T103-t103-runtime-correctness-hotfixes-for-daemon-check'
[2026-05-18T09:33:38Z] commit-checkpoint: refused — current branch 'main' does not match state branch 'ticket/T103-t103-runtime-correctness-hotfixes-for-daemon-check'
[2026-05-18T09:34:14Z] commit-checkpoint: refused — current branch 'main' does not match state branch 'ticket/T103-t103-runtime-correctness-hotfixes-for-daemon-check'
[2026-05-18T09:34:50Z] commit-checkpoint: refused — current branch 'main' does not match state branch 'ticket/T103-t103-runtime-correctness-hotfixes-for-daemon-check'
[2026-05-18T09:35:26Z] commit-checkpoint: refused — current branch 'main' does not match state branch 'ticket/T103-t103-runtime-correctness-hotfixes-for-daemon-check'
[2026-05-18T09:36:01Z] commit-checkpoint: refused — current branch 'main' does not match state branch 'ticket/T103-t103-runtime-correctness-hotfixes-for-daemon-check'
[2026-05-18T09:36:37Z] commit-checkpoint: refused — current branch 'main' does not match state branch 'ticket/T103-t103-runtime-correctness-hotfixes-for-daemon-check'
[2026-05-18T09:37:14Z] commit-checkpoint: refused — current branch 'main' does not match state branch 'ticket/T103-t103-runtime-correctness-hotfixes-for-daemon-check'
[2026-05-18T09:37:50Z] commit-checkpoint: refused — current branch 'main' does not match state branch 'ticket/T103-t103-runtime-correctness-hotfixes-for-daemon-check'
[2026-05-18T09:38:26Z] commit-checkpoint: refused — current branch 'main' does not match state branch 'ticket/T103-t103-runtime-correctness-hotfixes-for-daemon-check'
[2026-05-18T09:39:01Z] commit-checkpoint: refused — current branch 'main' does not match state branch 'ticket/T103-t103-runtime-correctness-hotfixes-for-daemon-check'
[2026-05-18T09:39:37Z] commit-checkpoint: refused — current branch 'main' does not match state branch 'ticket/T103-t103-runtime-correctness-hotfixes-for-daemon-check'
[2026-05-18T09:40:13Z] commit-checkpoint: refused — current branch 'main' does not match state branch 'ticket/T103-t103-runtime-correctness-hotfixes-for-daemon-check'
[2026-05-18T09:40:49Z] commit-checkpoint: refused — current branch 'main' does not match state branch 'ticket/T103-t103-runtime-correctness-hotfixes-for-daemon-check'
[2026-05-18T09:41:25Z] commit-checkpoint: refused — current branch 'main' does not match state branch 'ticket/T103-t103-runtime-correctness-hotfixes-for-daemon-check'
[2026-05-18T09:42:01Z] commit-checkpoint: refused — current branch 'main' does not match state branch 'ticket/T103-t103-runtime-correctness-hotfixes-for-daemon-check'
[2026-05-18T09:42:37Z] commit-checkpoint: refused — current branch 'main' does not match state branch 'ticket/T103-t103-runtime-correctness-hotfixes-for-daemon-check'
[2026-05-18T09:43:12Z] commit-checkpoint: refused — current branch 'main' does not match state branch 'ticket/T103-t103-runtime-correctness-hotfixes-for-daemon-check'
[2026-05-18T09:43:48Z] commit-checkpoint: refused — current branch 'main' does not match state branch 'ticket/T103-t103-runtime-correctness-hotfixes-for-daemon-check'
[2026-05-18T09:44:24Z] commit-checkpoint: refused — current branch 'main' does not match state branch 'ticket/T103-t103-runtime-correctness-hotfixes-for-daemon-check'
[2026-05-18T09:45:00Z] commit-checkpoint: refused — current branch 'main' does not match state branch 'ticket/T103-t103-runtime-correctness-hotfixes-for-daemon-check'
[2026-05-18T09:45:36Z] commit-checkpoint: refused — current branch 'main' does not match state branch 'ticket/T103-t103-runtime-correctness-hotfixes-for-daemon-check'
[2026-05-18T09:46:12Z] commit-checkpoint: refused — current branch 'main' does not match state branch 'ticket/T103-t103-runtime-correctness-hotfixes-for-daemon-check'
[2026-05-18T09:46:48Z] commit-checkpoint: refused — current branch 'main' does not match state branch 'ticket/T103-t103-runtime-correctness-hotfixes-for-daemon-check'
[2026-05-18T09:47:24Z] commit-checkpoint: refused — current branch 'main' does not match state branch 'ticket/T103-t103-runtime-correctness-hotfixes-for-daemon-check'
[2026-05-18T09:48:00Z] commit-checkpoint: refused — current branch 'main' does not match state branch 'ticket/T103-t103-runtime-correctness-hotfixes-for-daemon-check'
[2026-05-18T09:48:35Z] commit-checkpoint: refused — current branch 'main' does not match state branch 'ticket/T103-t103-runtime-correctness-hotfixes-for-daemon-check'
[2026-05-18T09:49:11Z] commit-checkpoint: refused — current branch 'main' does not match state branch 'ticket/T103-t103-runtime-correctness-hotfixes-for-daemon-check'
[2026-05-18T09:49:47Z] commit-checkpoint: refused — current branch 'main' does not match state branch 'ticket/T103-t103-runtime-correctness-hotfixes-for-daemon-check'
[2026-05-18T09:50:23Z] commit-checkpoint: refused — current branch 'main' does not match state branch 'ticket/T103-t103-runtime-correctness-hotfixes-for-daemon-check'
[2026-05-18T09:50:59Z] commit-checkpoint: refused — current branch 'main' does not match state branch 'ticket/T103-t103-runtime-correctness-hotfixes-for-daemon-check'
[2026-05-18T09:51:35Z] commit-checkpoint: refused — current branch 'main' does not match state branch 'ticket/T103-t103-runtime-correctness-hotfixes-for-daemon-check'
[2026-05-18T09:52:11Z] commit-checkpoint: refused — current branch 'main' does not match state branch 'ticket/T103-t103-runtime-correctness-hotfixes-for-daemon-check'
[2026-05-18T09:52:47Z] commit-checkpoint: refused — current branch 'main' does not match state branch 'ticket/T103-t103-runtime-correctness-hotfixes-for-daemon-check'
[2026-05-18T09:53:23Z] commit-checkpoint: refused — current branch 'main' does not match state branch 'ticket/T103-t103-runtime-correctness-hotfixes-for-daemon-check'
[2026-05-18T09:53:59Z] commit-checkpoint: refused — current branch 'main' does not match state branch 'ticket/T103-t103-runtime-correctness-hotfixes-for-daemon-check'
[2026-05-18T09:54:35Z] commit-checkpoint: refused — current branch 'main' does not match state branch 'ticket/T103-t103-runtime-correctness-hotfixes-for-daemon-check'
[2026-05-18T09:55:11Z] commit-checkpoint: refused — current branch 'main' does not match state branch 'ticket/T103-t103-runtime-correctness-hotfixes-for-daemon-check'
[2026-05-18T09:55:47Z] commit-checkpoint: refused — current branch 'main' does not match state branch 'ticket/T103-t103-runtime-correctness-hotfixes-for-daemon-check'
[2026-05-18T09:56:23Z] commit-checkpoint: refused — current branch 'main' does not match state branch 'ticket/T103-t103-runtime-correctness-hotfixes-for-daemon-check'
[2026-05-18T09:56:59Z] commit-checkpoint: refused — current branch 'main' does not match state branch 'ticket/T103-t103-runtime-correctness-hotfixes-for-daemon-check'
[2026-05-18T09:57:35Z] commit-checkpoint: refused — current branch 'main' does not match state branch 'ticket/T103-t103-runtime-correctness-hotfixes-for-daemon-check'
[2026-05-18T09:58:11Z] commit-checkpoint: refused — current branch 'main' does not match state branch 'ticket/T103-t103-runtime-correctness-hotfixes-for-daemon-check'
[2026-05-18T09:58:47Z] commit-checkpoint: refused — current branch 'main' does not match state branch 'ticket/T103-t103-runtime-correctness-hotfixes-for-daemon-check'
[2026-05-18T09:59:22Z] commit-checkpoint: refused — current branch 'main' does not match state branch 'ticket/T103-t103-runtime-correctness-hotfixes-for-daemon-check'
[2026-05-18T09:59:58Z] commit-checkpoint: refused — current branch 'main' does not match state branch 'ticket/T103-t103-runtime-correctness-hotfixes-for-daemon-check'
[2026-05-18T10:00:35Z] commit-checkpoint: refused — current branch 'main' does not match state branch 'ticket/T103-t103-runtime-correctness-hotfixes-for-daemon-check'
[2026-05-18T10:01:10Z] commit-checkpoint: refused — current branch 'main' does not match state branch 'ticket/T103-t103-runtime-correctness-hotfixes-for-daemon-check'
[2026-05-18T10:01:46Z] commit-checkpoint: refused — current branch 'main' does not match state branch 'ticket/T103-t103-runtime-correctness-hotfixes-for-daemon-check'
[2026-05-18T10:02:22Z] commit-checkpoint: refused — current branch 'main' does not match state branch 'ticket/T103-t103-runtime-correctness-hotfixes-for-daemon-check'
[2026-05-18T10:02:58Z] commit-checkpoint: refused — current branch 'main' does not match state branch 'ticket/T103-t103-runtime-correctness-hotfixes-for-daemon-check'
[2026-05-18T10:03:33Z] commit-checkpoint: refused — current branch 'main' does not match state branch 'ticket/T103-t103-runtime-correctness-hotfixes-for-daemon-check'
[2026-05-18T10:04:09Z] commit-checkpoint: refused — current branch 'main' does not match state branch 'ticket/T103-t103-runtime-correctness-hotfixes-for-daemon-check'
[2026-05-18T10:04:45Z] commit-checkpoint: refused — current branch 'main' does not match state branch 'ticket/T103-t103-runtime-correctness-hotfixes-for-daemon-check'
[2026-05-18T10:05:21Z] commit-checkpoint: refused — current branch 'main' does not match state branch 'ticket/T103-t103-runtime-correctness-hotfixes-for-daemon-check'
[2026-05-18T10:05:56Z] commit-checkpoint: refused — current branch 'main' does not match state branch 'ticket/T103-t103-runtime-correctness-hotfixes-for-daemon-check'
[2026-05-18T10:06:32Z] commit-checkpoint: refused — current branch 'main' does not match state branch 'ticket/T103-t103-runtime-correctness-hotfixes-for-daemon-check'
[2026-05-18T10:07:08Z] commit-checkpoint: refused — current branch 'main' does not match state branch 'ticket/T103-t103-runtime-correctness-hotfixes-for-daemon-check'
[2026-05-18T10:07:44Z] commit-checkpoint: refused — current branch 'main' does not match state branch 'ticket/T103-t103-runtime-correctness-hotfixes-for-daemon-check'
[2026-05-18T10:08:20Z] commit-checkpoint: refused — current branch 'main' does not match state branch 'ticket/T103-t103-runtime-correctness-hotfixes-for-daemon-check'
[2026-05-18T10:08:56Z] commit-checkpoint: refused — current branch 'main' does not match state branch 'ticket/T103-t103-runtime-correctness-hotfixes-for-daemon-check'
[2026-05-18T10:09:32Z] commit-checkpoint: refused — current branch 'main' does not match state branch 'ticket/T103-t103-runtime-correctness-hotfixes-for-daemon-check'
[2026-05-18T10:10:08Z] commit-checkpoint: refused — current branch 'main' does not match state branch 'ticket/T103-t103-runtime-correctness-hotfixes-for-daemon-check'
[2026-05-18T10:10:44Z] commit-checkpoint: refused — current branch 'main' does not match state branch 'ticket/T103-t103-runtime-correctness-hotfixes-for-daemon-check'
[2026-05-18T10:11:20Z] commit-checkpoint: refused — current branch 'main' does not match state branch 'ticket/T103-t103-runtime-correctness-hotfixes-for-daemon-check'
[2026-05-18T10:11:56Z] commit-checkpoint: refused — current branch 'main' does not match state branch 'ticket/T103-t103-runtime-correctness-hotfixes-for-daemon-check'
[2026-05-18T10:12:32Z] commit-checkpoint: refused — current branch 'main' does not match state branch 'ticket/T103-t103-runtime-correctness-hotfixes-for-daemon-check'
[2026-05-18T10:13:08Z] commit-checkpoint: refused — current branch 'main' does not match state branch 'ticket/T103-t103-runtime-correctness-hotfixes-for-daemon-check'
[2026-05-18T10:13:44Z] commit-checkpoint: refused — current branch 'main' does not match state branch 'ticket/T103-t103-runtime-correctness-hotfixes-for-daemon-check'
[2026-05-18T10:14:19Z] commit-checkpoint: refused — current branch 'main' does not match state branch 'ticket/T103-t103-runtime-correctness-hotfixes-for-daemon-check'
[2026-05-18T10:14:55Z] commit-checkpoint: refused — current branch 'main' does not match state branch 'ticket/T103-t103-runtime-correctness-hotfixes-for-daemon-check'
[2026-05-18T10:15:31Z] commit-checkpoint: refused — current branch 'main' does not match state branch 'ticket/T103-t103-runtime-correctness-hotfixes-for-daemon-check'
[2026-05-18T10:16:07Z] commit-checkpoint: refused — current branch 'main' does not match state branch 'ticket/T103-t103-runtime-correctness-hotfixes-for-daemon-check'
[2026-05-18T10:16:43Z] commit-checkpoint: refused — current branch 'main' does not match state branch 'ticket/T103-t103-runtime-correctness-hotfixes-for-daemon-check'
[2026-05-18T10:17:19Z] commit-checkpoint: refused — current branch 'main' does not match state branch 'ticket/T103-t103-runtime-correctness-hotfixes-for-daemon-check'
[2026-05-18T10:17:54Z] commit-checkpoint: refused — current branch 'main' does not match state branch 'ticket/T103-t103-runtime-correctness-hotfixes-for-daemon-check'
[2026-05-18T10:18:30Z] commit-checkpoint: refused — current branch 'main' does not match state branch 'ticket/T103-t103-runtime-correctness-hotfixes-for-daemon-check'
[2026-05-18T10:19:06Z] commit-checkpoint: refused — current branch 'main' does not match state branch 'ticket/T103-t103-runtime-correctness-hotfixes-for-daemon-check'
[2026-05-18T10:19:42Z] commit-checkpoint: refused — current branch 'main' does not match state branch 'ticket/T103-t103-runtime-correctness-hotfixes-for-daemon-check'
[2026-05-18T10:20:18Z] commit-checkpoint: refused — current branch 'main' does not match state branch 'ticket/T103-t103-runtime-correctness-hotfixes-for-daemon-check'
[2026-05-18T10:20:54Z] commit-checkpoint: refused — current branch 'main' does not match state branch 'ticket/T103-t103-runtime-correctness-hotfixes-for-daemon-check'
[2026-05-18T10:21:30Z] commit-checkpoint: refused — current branch 'main' does not match state branch 'ticket/T103-t103-runtime-correctness-hotfixes-for-daemon-check'
[2026-05-18T10:22:05Z] commit-checkpoint: refused — current branch 'main' does not match state branch 'ticket/T103-t103-runtime-correctness-hotfixes-for-daemon-check'
[2026-05-18T10:22:41Z] commit-checkpoint: refused — current branch 'main' does not match state branch 'ticket/T103-t103-runtime-correctness-hotfixes-for-daemon-check'
[2026-05-18T10:23:17Z] commit-checkpoint: refused — current branch 'main' does not match state branch 'ticket/T103-t103-runtime-correctness-hotfixes-for-daemon-check'
[2026-05-18T10:23:53Z] commit-checkpoint: refused — current branch 'main' does not match state branch 'ticket/T103-t103-runtime-correctness-hotfixes-for-daemon-check'
[2026-05-18T10:24:28Z] commit-checkpoint: refused — current branch 'main' does not match state branch 'ticket/T103-t103-runtime-correctness-hotfixes-for-daemon-check'
[2026-05-18T10:25:04Z] commit-checkpoint: refused — current branch 'main' does not match state branch 'ticket/T103-t103-runtime-correctness-hotfixes-for-daemon-check'
[2026-05-18T10:25:40Z] commit-checkpoint: refused — current branch 'main' does not match state branch 'ticket/T103-t103-runtime-correctness-hotfixes-for-daemon-check'
[2026-05-18T10:26:16Z] commit-checkpoint: refused — current branch 'main' does not match state branch 'ticket/T103-t103-runtime-correctness-hotfixes-for-daemon-check'
[2026-05-18T10:26:52Z] commit-checkpoint: refused — current branch 'main' does not match state branch 'ticket/T103-t103-runtime-correctness-hotfixes-for-daemon-check'
[2026-05-18T10:27:28Z] commit-checkpoint: refused — current branch 'main' does not match state branch 'ticket/T103-t103-runtime-correctness-hotfixes-for-daemon-check'
[2026-05-18T10:28:03Z] commit-checkpoint: refused — current branch 'main' does not match state branch 'ticket/T103-t103-runtime-correctness-hotfixes-for-daemon-check'
[2026-05-18T10:28:39Z] commit-checkpoint: refused — current branch 'main' does not match state branch 'ticket/T103-t103-runtime-correctness-hotfixes-for-daemon-check'
[2026-05-18T10:29:15Z] commit-checkpoint: refused — current branch 'main' does not match state branch 'ticket/T103-t103-runtime-correctness-hotfixes-for-daemon-check'
[2026-05-18T10:29:51Z] commit-checkpoint: refused — current branch 'main' does not match state branch 'ticket/T103-t103-runtime-correctness-hotfixes-for-daemon-check'
[2026-05-18T10:30:27Z] commit-checkpoint: refused — current branch 'main' does not match state branch 'ticket/T103-t103-runtime-correctness-hotfixes-for-daemon-check'
[2026-05-18T10:31:03Z] commit-checkpoint: refused — current branch 'main' does not match state branch 'ticket/T103-t103-runtime-correctness-hotfixes-for-daemon-check'
[2026-05-18T10:31:38Z] commit-checkpoint: refused — current branch 'main' does not match state branch 'ticket/T103-t103-runtime-correctness-hotfixes-for-daemon-check'
[2026-05-18T10:32:14Z] commit-checkpoint: refused — current branch 'main' does not match state branch 'ticket/T103-t103-runtime-correctness-hotfixes-for-daemon-check'
[2026-05-18T10:32:50Z] commit-checkpoint: refused — current branch 'main' does not match state branch 'ticket/T103-t103-runtime-correctness-hotfixes-for-daemon-check'
[2026-05-18T10:33:26Z] commit-checkpoint: refused — current branch 'main' does not match state branch 'ticket/T103-t103-runtime-correctness-hotfixes-for-daemon-check'
[2026-05-18T10:34:02Z] commit-checkpoint: refused — current branch 'main' does not match state branch 'ticket/T103-t103-runtime-correctness-hotfixes-for-daemon-check'
[2026-05-18T10:34:37Z] commit-checkpoint: refused — current branch 'main' does not match state branch 'ticket/T103-t103-runtime-correctness-hotfixes-for-daemon-check'
[2026-05-18T10:35:13Z] commit-checkpoint: refused — current branch 'main' does not match state branch 'ticket/T103-t103-runtime-correctness-hotfixes-for-daemon-check'
[2026-05-18T10:35:49Z] commit-checkpoint: refused — current branch 'main' does not match state branch 'ticket/T103-t103-runtime-correctness-hotfixes-for-daemon-check'
[2026-05-18T10:36:25Z] commit-checkpoint: refused — current branch 'main' does not match state branch 'ticket/T103-t103-runtime-correctness-hotfixes-for-daemon-check'
[2026-05-18T10:37:01Z] commit-checkpoint: refused — current branch 'main' does not match state branch 'ticket/T103-t103-runtime-correctness-hotfixes-for-daemon-check'
[2026-05-18T10:37:37Z] commit-checkpoint: refused — current branch 'main' does not match state branch 'ticket/T103-t103-runtime-correctness-hotfixes-for-daemon-check'
[2026-05-18T10:38:12Z] commit-checkpoint: refused — current branch 'main' does not match state branch 'ticket/T103-t103-runtime-correctness-hotfixes-for-daemon-check'
[2026-05-18T10:38:48Z] commit-checkpoint: refused — current branch 'main' does not match state branch 'ticket/T103-t103-runtime-correctness-hotfixes-for-daemon-check'
[2026-05-18T10:39:24Z] commit-checkpoint: refused — current branch 'main' does not match state branch 'ticket/T103-t103-runtime-correctness-hotfixes-for-daemon-check'
[2026-05-18T10:40:00Z] commit-checkpoint: refused — current branch 'main' does not match state branch 'ticket/T103-t103-runtime-correctness-hotfixes-for-daemon-check'
[2026-05-18T10:40:36Z] commit-checkpoint: refused — current branch 'main' does not match state branch 'ticket/T103-t103-runtime-correctness-hotfixes-for-daemon-check'
[2026-05-18T10:41:11Z] commit-checkpoint: refused — current branch 'main' does not match state branch 'ticket/T103-t103-runtime-correctness-hotfixes-for-daemon-check'
[2026-05-18T10:41:47Z] commit-checkpoint: refused — current branch 'main' does not match state branch 'ticket/T103-t103-runtime-correctness-hotfixes-for-daemon-check'
[2026-05-18T10:42:23Z] commit-checkpoint: refused — current branch 'main' does not match state branch 'ticket/T103-t103-runtime-correctness-hotfixes-for-daemon-check'
[2026-05-18T10:42:59Z] commit-checkpoint: refused — current branch 'main' does not match state branch 'ticket/T103-t103-runtime-correctness-hotfixes-for-daemon-check'
[2026-05-18T10:43:35Z] commit-checkpoint: refused — current branch 'main' does not match state branch 'ticket/T103-t103-runtime-correctness-hotfixes-for-daemon-check'
[2026-05-18T10:44:10Z] commit-checkpoint: refused — current branch 'main' does not match state branch 'ticket/T103-t103-runtime-correctness-hotfixes-for-daemon-check'
[2026-05-18T10:44:47Z] commit-checkpoint: refused — current branch 'main' does not match state branch 'ticket/T103-t103-runtime-correctness-hotfixes-for-daemon-check'
[2026-05-18T10:45:22Z] commit-checkpoint: refused — current branch 'main' does not match state branch 'ticket/T103-t103-runtime-correctness-hotfixes-for-daemon-check'
[2026-05-18T10:45:58Z] commit-checkpoint: refused — current branch 'main' does not match state branch 'ticket/T103-t103-runtime-correctness-hotfixes-for-daemon-check'
[2026-05-18T10:46:34Z] commit-checkpoint: refused — current branch 'main' does not match state branch 'ticket/T103-t103-runtime-correctness-hotfixes-for-daemon-check'
[2026-05-18T10:47:10Z] commit-checkpoint: refused — current branch 'main' does not match state branch 'ticket/T103-t103-runtime-correctness-hotfixes-for-daemon-check'
[2026-05-18T10:47:46Z] commit-checkpoint: refused — current branch 'main' does not match state branch 'ticket/T103-t103-runtime-correctness-hotfixes-for-daemon-check'
[2026-05-18T10:48:22Z] commit-checkpoint: refused — current branch 'main' does not match state branch 'ticket/T103-t103-runtime-correctness-hotfixes-for-daemon-check'
[2026-05-18T10:48:57Z] commit-checkpoint: refused — current branch 'main' does not match state branch 'ticket/T103-t103-runtime-correctness-hotfixes-for-daemon-check'
[2026-05-18T10:49:33Z] commit-checkpoint: refused — current branch 'main' does not match state branch 'ticket/T103-t103-runtime-correctness-hotfixes-for-daemon-check'
[2026-05-18T10:50:09Z] commit-checkpoint: refused — current branch 'main' does not match state branch 'ticket/T103-t103-runtime-correctness-hotfixes-for-daemon-check'
[2026-05-18T10:50:45Z] commit-checkpoint: refused — current branch 'main' does not match state branch 'ticket/T103-t103-runtime-correctness-hotfixes-for-daemon-check'
[2026-05-18T10:51:20Z] commit-checkpoint: refused — current branch 'main' does not match state branch 'ticket/T103-t103-runtime-correctness-hotfixes-for-daemon-check'
[2026-05-18T10:51:56Z] commit-checkpoint: refused — current branch 'main' does not match state branch 'ticket/T103-t103-runtime-correctness-hotfixes-for-daemon-check'
[2026-05-18T10:52:32Z] commit-checkpoint: refused — current branch 'main' does not match state branch 'ticket/T103-t103-runtime-correctness-hotfixes-for-daemon-check'
[2026-05-18T10:53:07Z] commit-checkpoint: refused — current branch 'main' does not match state branch 'ticket/T103-t103-runtime-correctness-hotfixes-for-daemon-check'
[2026-05-18T10:53:43Z] commit-checkpoint: refused — current branch 'main' does not match state branch 'ticket/T103-t103-runtime-correctness-hotfixes-for-daemon-check'
[2026-05-18T10:54:19Z] commit-checkpoint: refused — current branch 'main' does not match state branch 'ticket/T103-t103-runtime-correctness-hotfixes-for-daemon-check'
[2026-05-18T10:54:55Z] commit-checkpoint: refused — current branch 'main' does not match state branch 'ticket/T103-t103-runtime-correctness-hotfixes-for-daemon-check'
[2026-05-18T10:55:30Z] commit-checkpoint: refused — current branch 'main' does not match state branch 'ticket/T103-t103-runtime-correctness-hotfixes-for-daemon-check'
[2026-05-18T10:56:06Z] commit-checkpoint: refused — current branch 'main' does not match state branch 'ticket/T103-t103-runtime-correctness-hotfixes-for-daemon-check'
[2026-05-18T10:56:42Z] commit-checkpoint: refused — current branch 'main' does not match state branch 'ticket/T103-t103-runtime-correctness-hotfixes-for-daemon-check'
[2026-05-18T10:57:18Z] commit-checkpoint: refused — current branch 'main' does not match state branch 'ticket/T103-t103-runtime-correctness-hotfixes-for-daemon-check'
[2026-05-18T10:57:54Z] commit-checkpoint: refused — current branch 'main' does not match state branch 'ticket/T103-t103-runtime-correctness-hotfixes-for-daemon-check'
[2026-05-18T10:58:30Z] commit-checkpoint: refused — current branch 'main' does not match state branch 'ticket/T103-t103-runtime-correctness-hotfixes-for-daemon-check'
[2026-05-18T10:59:06Z] commit-checkpoint: refused — current branch 'main' does not match state branch 'ticket/T103-t103-runtime-correctness-hotfixes-for-daemon-check'
[2026-05-18T10:59:41Z] commit-checkpoint: refused — current branch 'main' does not match state branch 'ticket/T103-t103-runtime-correctness-hotfixes-for-daemon-check'
[2026-05-18T11:00:17Z] commit-checkpoint: refused — current branch 'main' does not match state branch 'ticket/T103-t103-runtime-correctness-hotfixes-for-daemon-check'
[2026-05-18T11:00:53Z] commit-checkpoint: refused — current branch 'main' does not match state branch 'ticket/T103-t103-runtime-correctness-hotfixes-for-daemon-check'
[2026-05-18T11:01:29Z] commit-checkpoint: refused — current branch 'main' does not match state branch 'ticket/T103-t103-runtime-correctness-hotfixes-for-daemon-check'
[2026-05-18T11:02:05Z] commit-checkpoint: refused — current branch 'main' does not match state branch 'ticket/T103-t103-runtime-correctness-hotfixes-for-daemon-check'
[2026-05-18T11:02:41Z] commit-checkpoint: refused — current branch 'main' does not match state branch 'ticket/T103-t103-runtime-correctness-hotfixes-for-daemon-check'
[2026-05-18T11:03:17Z] commit-checkpoint: refused — current branch 'main' does not match state branch 'ticket/T103-t103-runtime-correctness-hotfixes-for-daemon-check'
[2026-05-18T11:03:53Z] commit-checkpoint: refused — current branch 'main' does not match state branch 'ticket/T103-t103-runtime-correctness-hotfixes-for-daemon-check'
[2026-05-18T11:04:29Z] commit-checkpoint: refused — current branch 'main' does not match state branch 'ticket/T103-t103-runtime-correctness-hotfixes-for-daemon-check'
[2026-05-18T11:05:05Z] commit-checkpoint: refused — current branch 'main' does not match state branch 'ticket/T103-t103-runtime-correctness-hotfixes-for-daemon-check'
[2026-05-18T11:05:41Z] commit-checkpoint: refused — current branch 'main' does not match state branch 'ticket/T103-t103-runtime-correctness-hotfixes-for-daemon-check'
[2026-05-18T11:06:16Z] commit-checkpoint: refused — current branch 'main' does not match state branch 'ticket/T103-t103-runtime-correctness-hotfixes-for-daemon-check'
[2026-05-18T11:06:52Z] commit-checkpoint: refused — current branch 'main' does not match state branch 'ticket/T103-t103-runtime-correctness-hotfixes-for-daemon-check'
[2026-05-18T11:07:28Z] commit-checkpoint: refused — current branch 'main' does not match state branch 'ticket/T103-t103-runtime-correctness-hotfixes-for-daemon-check'
[2026-05-18T11:08:04Z] commit-checkpoint: refused — current branch 'main' does not match state branch 'ticket/T103-t103-runtime-correctness-hotfixes-for-daemon-check'
[2026-05-18T11:08:40Z] commit-checkpoint: refused — current branch 'main' does not match state branch 'ticket/T103-t103-runtime-correctness-hotfixes-for-daemon-check'
[2026-05-18T11:09:16Z] commit-checkpoint: refused — current branch 'main' does not match state branch 'ticket/T103-t103-runtime-correctness-hotfixes-for-daemon-check'
[2026-05-18T11:09:51Z] commit-checkpoint: refused — current branch 'main' does not match state branch 'ticket/T103-t103-runtime-correctness-hotfixes-for-daemon-check'
[2026-05-18T11:10:27Z] commit-checkpoint: refused — current branch 'main' does not match state branch 'ticket/T103-t103-runtime-correctness-hotfixes-for-daemon-check'
[2026-05-18T11:11:03Z] commit-checkpoint: refused — current branch 'main' does not match state branch 'ticket/T103-t103-runtime-correctness-hotfixes-for-daemon-check'
[2026-05-18T11:11:40Z] commit-checkpoint: refused — current branch 'main' does not match state branch 'ticket/T103-t103-runtime-correctness-hotfixes-for-daemon-check'
[2026-05-18T11:12:15Z] commit-checkpoint: refused — current branch 'main' does not match state branch 'ticket/T103-t103-runtime-correctness-hotfixes-for-daemon-check'
[2026-05-18T11:12:51Z] commit-checkpoint: refused — current branch 'main' does not match state branch 'ticket/T103-t103-runtime-correctness-hotfixes-for-daemon-check'
[2026-05-18T11:13:27Z] commit-checkpoint: refused — current branch 'main' does not match state branch 'ticket/T103-t103-runtime-correctness-hotfixes-for-daemon-check'
[2026-05-18T11:14:03Z] commit-checkpoint: refused — current branch 'main' does not match state branch 'ticket/T103-t103-runtime-correctness-hotfixes-for-daemon-check'
[2026-05-18T11:14:39Z] commit-checkpoint: refused — current branch 'main' does not match state branch 'ticket/T103-t103-runtime-correctness-hotfixes-for-daemon-check'
[2026-05-18T11:15:14Z] commit-checkpoint: refused — current branch 'main' does not match state branch 'ticket/T103-t103-runtime-correctness-hotfixes-for-daemon-check'
[2026-05-18T11:15:50Z] commit-checkpoint: refused — current branch 'main' does not match state branch 'ticket/T103-t103-runtime-correctness-hotfixes-for-daemon-check'
[2026-05-18T11:16:26Z] commit-checkpoint: refused — current branch 'main' does not match state branch 'ticket/T103-t103-runtime-correctness-hotfixes-for-daemon-check'
[2026-05-18T11:17:02Z] commit-checkpoint: refused — current branch 'main' does not match state branch 'ticket/T103-t103-runtime-correctness-hotfixes-for-daemon-check'
[2026-05-18T11:17:38Z] commit-checkpoint: refused — current branch 'main' does not match state branch 'ticket/T103-t103-runtime-correctness-hotfixes-for-daemon-check'
[2026-05-18T11:18:14Z] commit-checkpoint: refused — current branch 'main' does not match state branch 'ticket/T103-t103-runtime-correctness-hotfixes-for-daemon-check'
[2026-05-18T11:18:50Z] commit-checkpoint: refused — current branch 'main' does not match state branch 'ticket/T103-t103-runtime-correctness-hotfixes-for-daemon-check'
[2026-05-18T11:19:26Z] commit-checkpoint: refused — current branch 'main' does not match state branch 'ticket/T103-t103-runtime-correctness-hotfixes-for-daemon-check'
[2026-05-18T11:20:02Z] commit-checkpoint: refused — current branch 'main' does not match state branch 'ticket/T103-t103-runtime-correctness-hotfixes-for-daemon-check'
[2026-05-18T11:20:38Z] commit-checkpoint: refused — current branch 'main' does not match state branch 'ticket/T103-t103-runtime-correctness-hotfixes-for-daemon-check'
[2026-05-18T11:21:13Z] commit-checkpoint: refused — current branch 'main' does not match state branch 'ticket/T103-t103-runtime-correctness-hotfixes-for-daemon-check'
[2026-05-18T11:21:49Z] commit-checkpoint: refused — current branch 'main' does not match state branch 'ticket/T103-t103-runtime-correctness-hotfixes-for-daemon-check'
[2026-05-18T11:22:25Z] commit-checkpoint: refused — current branch 'main' does not match state branch 'ticket/T103-t103-runtime-correctness-hotfixes-for-daemon-check'
[2026-05-18T11:23:01Z] commit-checkpoint: refused — current branch 'main' does not match state branch 'ticket/T103-t103-runtime-correctness-hotfixes-for-daemon-check'
[2026-05-18T11:23:37Z] commit-checkpoint: refused — current branch 'main' does not match state branch 'ticket/T103-t103-runtime-correctness-hotfixes-for-daemon-check'
[2026-05-18T11:24:13Z] commit-checkpoint: refused — current branch 'main' does not match state branch 'ticket/T103-t103-runtime-correctness-hotfixes-for-daemon-check'
[2026-05-18T11:24:48Z] commit-checkpoint: refused — current branch 'main' does not match state branch 'ticket/T103-t103-runtime-correctness-hotfixes-for-daemon-check'
[2026-05-18T11:25:24Z] commit-checkpoint: refused — current branch 'main' does not match state branch 'ticket/T103-t103-runtime-correctness-hotfixes-for-daemon-check'
[2026-05-18T11:26:01Z] commit-checkpoint: refused — current branch 'main' does not match state branch 'ticket/T103-t103-runtime-correctness-hotfixes-for-daemon-check'
[2026-05-18T11:26:37Z] commit-checkpoint: refused — current branch 'main' does not match state branch 'ticket/T103-t103-runtime-correctness-hotfixes-for-daemon-check'
[2026-05-18T11:27:13Z] commit-checkpoint: refused — current branch 'main' does not match state branch 'ticket/T103-t103-runtime-correctness-hotfixes-for-daemon-check'
[2026-05-18T11:27:49Z] commit-checkpoint: refused — current branch 'main' does not match state branch 'ticket/T103-t103-runtime-correctness-hotfixes-for-daemon-check'
[2026-05-18T11:28:25Z] commit-checkpoint: refused — current branch 'main' does not match state branch 'ticket/T103-t103-runtime-correctness-hotfixes-for-daemon-check'
[2026-05-18T11:29:01Z] commit-checkpoint: refused — current branch 'main' does not match state branch 'ticket/T103-t103-runtime-correctness-hotfixes-for-daemon-check'
[2026-05-18T11:29:37Z] commit-checkpoint: refused — current branch 'main' does not match state branch 'ticket/T103-t103-runtime-correctness-hotfixes-for-daemon-check'
[2026-05-18T11:30:13Z] commit-checkpoint: refused — current branch 'main' does not match state branch 'ticket/T103-t103-runtime-correctness-hotfixes-for-daemon-check'
[2026-05-18T11:30:48Z] commit-checkpoint: refused — current branch 'main' does not match state branch 'ticket/T103-t103-runtime-correctness-hotfixes-for-daemon-check'
[2026-05-18T11:31:24Z] commit-checkpoint: refused — current branch 'main' does not match state branch 'ticket/T103-t103-runtime-correctness-hotfixes-for-daemon-check'
[2026-05-18T11:32:00Z] commit-checkpoint: refused — current branch 'main' does not match state branch 'ticket/T103-t103-runtime-correctness-hotfixes-for-daemon-check'
[2026-05-18T11:32:36Z] commit-checkpoint: refused — current branch 'main' does not match state branch 'ticket/T103-t103-runtime-correctness-hotfixes-for-daemon-check'
[2026-05-18T11:33:11Z] commit-checkpoint: refused — current branch 'main' does not match state branch 'ticket/T103-t103-runtime-correctness-hotfixes-for-daemon-check'
[2026-05-18T11:33:48Z] commit-checkpoint: refused — current branch 'main' does not match state branch 'ticket/T103-t103-runtime-correctness-hotfixes-for-daemon-check'
[2026-05-18T11:34:23Z] commit-checkpoint: refused — current branch 'main' does not match state branch 'ticket/T103-t103-runtime-correctness-hotfixes-for-daemon-check'
[2026-05-18T11:34:59Z] commit-checkpoint: refused — current branch 'main' does not match state branch 'ticket/T103-t103-runtime-correctness-hotfixes-for-daemon-check'
[2026-05-18T11:35:35Z] commit-checkpoint: refused — current branch 'main' does not match state branch 'ticket/T103-t103-runtime-correctness-hotfixes-for-daemon-check'
[2026-05-18T11:36:11Z] commit-checkpoint: refused — current branch 'main' does not match state branch 'ticket/T103-t103-runtime-correctness-hotfixes-for-daemon-check'
[2026-05-18T11:36:47Z] commit-checkpoint: refused — current branch 'main' does not match state branch 'ticket/T103-t103-runtime-correctness-hotfixes-for-daemon-check'
[2026-05-18T11:37:23Z] commit-checkpoint: refused — current branch 'main' does not match state branch 'ticket/T103-t103-runtime-correctness-hotfixes-for-daemon-check'
[2026-05-18T11:37:59Z] commit-checkpoint: refused — current branch 'main' does not match state branch 'ticket/T103-t103-runtime-correctness-hotfixes-for-daemon-check'
[2026-05-18T11:38:35Z] commit-checkpoint: refused — current branch 'main' does not match state branch 'ticket/T103-t103-runtime-correctness-hotfixes-for-daemon-check'
[2026-05-18T11:39:11Z] commit-checkpoint: refused — current branch 'main' does not match state branch 'ticket/T103-t103-runtime-correctness-hotfixes-for-daemon-check'
[2026-05-18T11:39:47Z] commit-checkpoint: refused — current branch 'main' does not match state branch 'ticket/T103-t103-runtime-correctness-hotfixes-for-daemon-check'
[2026-05-18T11:40:22Z] commit-checkpoint: refused — current branch 'main' does not match state branch 'ticket/T103-t103-runtime-correctness-hotfixes-for-daemon-check'
[2026-05-18T11:40:58Z] commit-checkpoint: refused — current branch 'main' does not match state branch 'ticket/T103-t103-runtime-correctness-hotfixes-for-daemon-check'
[2026-05-18T11:41:34Z] commit-checkpoint: refused — current branch 'main' does not match state branch 'ticket/T103-t103-runtime-correctness-hotfixes-for-daemon-check'
[2026-05-18T11:42:10Z] commit-checkpoint: refused — current branch 'main' does not match state branch 'ticket/T103-t103-runtime-correctness-hotfixes-for-daemon-check'
[2026-05-18T11:42:46Z] commit-checkpoint: refused — current branch 'main' does not match state branch 'ticket/T103-t103-runtime-correctness-hotfixes-for-daemon-check'
[2026-05-18T11:43:22Z] commit-checkpoint: refused — current branch 'main' does not match state branch 'ticket/T103-t103-runtime-correctness-hotfixes-for-daemon-check'
[2026-05-18T11:43:58Z] commit-checkpoint: refused — current branch 'main' does not match state branch 'ticket/T103-t103-runtime-correctness-hotfixes-for-daemon-check'
[2026-05-18T11:44:34Z] commit-checkpoint: refused — current branch 'main' does not match state branch 'ticket/T103-t103-runtime-correctness-hotfixes-for-daemon-check'
[2026-05-18T11:45:09Z] commit-checkpoint: refused — current branch 'main' does not match state branch 'ticket/T103-t103-runtime-correctness-hotfixes-for-daemon-check'
[2026-05-18T11:45:45Z] commit-checkpoint: refused — current branch 'main' does not match state branch 'ticket/T103-t103-runtime-correctness-hotfixes-for-daemon-check'
[2026-05-18T11:46:21Z] commit-checkpoint: refused — current branch 'main' does not match state branch 'ticket/T103-t103-runtime-correctness-hotfixes-for-daemon-check'
[2026-05-18T11:46:57Z] commit-checkpoint: refused — current branch 'main' does not match state branch 'ticket/T103-t103-runtime-correctness-hotfixes-for-daemon-check'
[2026-05-18T11:47:33Z] commit-checkpoint: refused — current branch 'main' does not match state branch 'ticket/T103-t103-runtime-correctness-hotfixes-for-daemon-check'
[2026-05-18T11:48:09Z] commit-checkpoint: refused — current branch 'main' does not match state branch 'ticket/T103-t103-runtime-correctness-hotfixes-for-daemon-check'
[2026-05-18T11:48:44Z] commit-checkpoint: refused — current branch 'main' does not match state branch 'ticket/T103-t103-runtime-correctness-hotfixes-for-daemon-check'
[2026-05-18T11:49:20Z] commit-checkpoint: refused — current branch 'main' does not match state branch 'ticket/T103-t103-runtime-correctness-hotfixes-for-daemon-check'
[2026-05-18T11:49:56Z] commit-checkpoint: refused — current branch 'main' does not match state branch 'ticket/T103-t103-runtime-correctness-hotfixes-for-daemon-check'
[2026-05-18T11:50:32Z] commit-checkpoint: refused — current branch 'main' does not match state branch 'ticket/T103-t103-runtime-correctness-hotfixes-for-daemon-check'
[2026-05-18T11:51:07Z] commit-checkpoint: refused — current branch 'main' does not match state branch 'ticket/T103-t103-runtime-correctness-hotfixes-for-daemon-check'
[2026-05-18T11:51:43Z] commit-checkpoint: refused — current branch 'main' does not match state branch 'ticket/T103-t103-runtime-correctness-hotfixes-for-daemon-check'
[2026-05-18T11:52:19Z] commit-checkpoint: refused — current branch 'main' does not match state branch 'ticket/T103-t103-runtime-correctness-hotfixes-for-daemon-check'
[2026-05-18T11:52:55Z] commit-checkpoint: refused — current branch 'main' does not match state branch 'ticket/T103-t103-runtime-correctness-hotfixes-for-daemon-check'
[2026-05-18T11:53:32Z] commit-checkpoint: refused — current branch 'main' does not match state branch 'ticket/T103-t103-runtime-correctness-hotfixes-for-daemon-check'
[2026-05-18T11:54:08Z] commit-checkpoint: refused — current branch 'main' does not match state branch 'ticket/T103-t103-runtime-correctness-hotfixes-for-daemon-check'
[2026-05-18T11:54:43Z] commit-checkpoint: refused — current branch 'main' does not match state branch 'ticket/T103-t103-runtime-correctness-hotfixes-for-daemon-check'
[2026-05-18T11:55:19Z] commit-checkpoint: refused — current branch 'main' does not match state branch 'ticket/T103-t103-runtime-correctness-hotfixes-for-daemon-check'
[2026-05-18T11:55:55Z] commit-checkpoint: refused — current branch 'main' does not match state branch 'ticket/T103-t103-runtime-correctness-hotfixes-for-daemon-check'
[2026-05-18T11:56:31Z] commit-checkpoint: refused — current branch 'main' does not match state branch 'ticket/T103-t103-runtime-correctness-hotfixes-for-daemon-check'
[2026-05-18T11:57:07Z] commit-checkpoint: refused — current branch 'main' does not match state branch 'ticket/T103-t103-runtime-correctness-hotfixes-for-daemon-check'
[2026-05-18T11:57:43Z] commit-checkpoint: refused — current branch 'main' does not match state branch 'ticket/T103-t103-runtime-correctness-hotfixes-for-daemon-check'
[2026-05-18T11:58:19Z] commit-checkpoint: refused — current branch 'main' does not match state branch 'ticket/T103-t103-runtime-correctness-hotfixes-for-daemon-check'
[2026-05-18T11:58:55Z] commit-checkpoint: refused — current branch 'main' does not match state branch 'ticket/T103-t103-runtime-correctness-hotfixes-for-daemon-check'
[2026-05-18T11:59:30Z] commit-checkpoint: refused — current branch 'main' does not match state branch 'ticket/T103-t103-runtime-correctness-hotfixes-for-daemon-check'
[2026-05-18T12:00:06Z] commit-checkpoint: refused — current branch 'main' does not match state branch 'ticket/T103-t103-runtime-correctness-hotfixes-for-daemon-check'
[2026-05-18T12:00:42Z] commit-checkpoint: refused — current branch 'main' does not match state branch 'ticket/T103-t103-runtime-correctness-hotfixes-for-daemon-check'
[2026-05-18T12:01:18Z] commit-checkpoint: refused — current branch 'main' does not match state branch 'ticket/T103-t103-runtime-correctness-hotfixes-for-daemon-check'
[2026-05-18T12:01:54Z] commit-checkpoint: refused — current branch 'main' does not match state branch 'ticket/T103-t103-runtime-correctness-hotfixes-for-daemon-check'
[2026-05-18T12:02:30Z] commit-checkpoint: refused — current branch 'main' does not match state branch 'ticket/T103-t103-runtime-correctness-hotfixes-for-daemon-check'
[2026-05-18T12:03:06Z] commit-checkpoint: refused — current branch 'main' does not match state branch 'ticket/T103-t103-runtime-correctness-hotfixes-for-daemon-check'
[2026-05-18T12:03:41Z] commit-checkpoint: refused — current branch 'main' does not match state branch 'ticket/T103-t103-runtime-correctness-hotfixes-for-daemon-check'
[2026-05-18T12:04:17Z] commit-checkpoint: refused — current branch 'main' does not match state branch 'ticket/T103-t103-runtime-correctness-hotfixes-for-daemon-check'
[2026-05-18T12:04:53Z] commit-checkpoint: refused — current branch 'main' does not match state branch 'ticket/T103-t103-runtime-correctness-hotfixes-for-daemon-check'
[2026-05-18T12:05:29Z] commit-checkpoint: refused — current branch 'main' does not match state branch 'ticket/T103-t103-runtime-correctness-hotfixes-for-daemon-check'
[2026-05-18T12:06:05Z] commit-checkpoint: refused — current branch 'main' does not match state branch 'ticket/T103-t103-runtime-correctness-hotfixes-for-daemon-check'
[2026-05-18T12:06:41Z] commit-checkpoint: refused — current branch 'main' does not match state branch 'ticket/T103-t103-runtime-correctness-hotfixes-for-daemon-check'
[2026-05-18T12:07:17Z] commit-checkpoint: refused — current branch 'main' does not match state branch 'ticket/T103-t103-runtime-correctness-hotfixes-for-daemon-check'
[2026-05-18T12:07:53Z] commit-checkpoint: refused — current branch 'main' does not match state branch 'ticket/T103-t103-runtime-correctness-hotfixes-for-daemon-check'
[2026-05-18T12:08:29Z] commit-checkpoint: refused — current branch 'main' does not match state branch 'ticket/T103-t103-runtime-correctness-hotfixes-for-daemon-check'
[2026-05-18T12:09:05Z] commit-checkpoint: refused — current branch 'main' does not match state branch 'ticket/T103-t103-runtime-correctness-hotfixes-for-daemon-check'
[2026-05-18T12:09:41Z] commit-checkpoint: refused — current branch 'main' does not match state branch 'ticket/T103-t103-runtime-correctness-hotfixes-for-daemon-check'
[2026-05-18T12:10:17Z] commit-checkpoint: refused — current branch 'main' does not match state branch 'ticket/T103-t103-runtime-correctness-hotfixes-for-daemon-check'
[2026-05-18T12:10:53Z] commit-checkpoint: refused — current branch 'main' does not match state branch 'ticket/T103-t103-runtime-correctness-hotfixes-for-daemon-check'
[2026-05-18T12:11:29Z] commit-checkpoint: refused — current branch 'main' does not match state branch 'ticket/T103-t103-runtime-correctness-hotfixes-for-daemon-check'
[2026-05-18T12:12:05Z] commit-checkpoint: refused — current branch 'main' does not match state branch 'ticket/T103-t103-runtime-correctness-hotfixes-for-daemon-check'
[2026-05-18T12:12:40Z] commit-checkpoint: refused — current branch 'main' does not match state branch 'ticket/T103-t103-runtime-correctness-hotfixes-for-daemon-check'
[2026-05-18T12:13:16Z] commit-checkpoint: refused — current branch 'main' does not match state branch 'ticket/T103-t103-runtime-correctness-hotfixes-for-daemon-check'
[2026-05-18T12:13:52Z] commit-checkpoint: refused — current branch 'main' does not match state branch 'ticket/T103-t103-runtime-correctness-hotfixes-for-daemon-check'
[2026-05-18T12:14:28Z] commit-checkpoint: refused — current branch 'main' does not match state branch 'ticket/T103-t103-runtime-correctness-hotfixes-for-daemon-check'
[2026-05-18T12:15:04Z] commit-checkpoint: refused — current branch 'main' does not match state branch 'ticket/T103-t103-runtime-correctness-hotfixes-for-daemon-check'
[2026-05-18T12:15:40Z] commit-checkpoint: refused — current branch 'main' does not match state branch 'ticket/T103-t103-runtime-correctness-hotfixes-for-daemon-check'
[2026-05-18T12:16:16Z] commit-checkpoint: refused — current branch 'main' does not match state branch 'ticket/T103-t103-runtime-correctness-hotfixes-for-daemon-check'
[2026-05-18T12:16:52Z] commit-checkpoint: refused — current branch 'main' does not match state branch 'ticket/T103-t103-runtime-correctness-hotfixes-for-daemon-check'
[2026-05-18T12:17:28Z] commit-checkpoint: refused — current branch 'main' does not match state branch 'ticket/T103-t103-runtime-correctness-hotfixes-for-daemon-check'
[2026-05-18T12:18:04Z] commit-checkpoint: refused — current branch 'main' does not match state branch 'ticket/T103-t103-runtime-correctness-hotfixes-for-daemon-check'
[2026-05-18T12:18:40Z] commit-checkpoint: refused — current branch 'main' does not match state branch 'ticket/T103-t103-runtime-correctness-hotfixes-for-daemon-check'
[2026-05-18T12:19:16Z] commit-checkpoint: refused — current branch 'main' does not match state branch 'ticket/T103-t103-runtime-correctness-hotfixes-for-daemon-check'
[2026-05-18T12:19:52Z] commit-checkpoint: refused — current branch 'main' does not match state branch 'ticket/T103-t103-runtime-correctness-hotfixes-for-daemon-check'
[2026-05-18T12:20:28Z] commit-checkpoint: refused — current branch 'main' does not match state branch 'ticket/T103-t103-runtime-correctness-hotfixes-for-daemon-check'
[2026-05-18T12:21:04Z] commit-checkpoint: refused — current branch 'main' does not match state branch 'ticket/T103-t103-runtime-correctness-hotfixes-for-daemon-check'
[2026-05-18T12:21:40Z] commit-checkpoint: refused — current branch 'main' does not match state branch 'ticket/T103-t103-runtime-correctness-hotfixes-for-daemon-check'
[2026-05-18T12:22:16Z] commit-checkpoint: refused — current branch 'main' does not match state branch 'ticket/T103-t103-runtime-correctness-hotfixes-for-daemon-check'
[2026-05-18T12:22:52Z] commit-checkpoint: refused — current branch 'main' does not match state branch 'ticket/T103-t103-runtime-correctness-hotfixes-for-daemon-check'
[2026-05-18T12:23:28Z] commit-checkpoint: refused — current branch 'main' does not match state branch 'ticket/T103-t103-runtime-correctness-hotfixes-for-daemon-check'
[2026-05-18T12:24:03Z] commit-checkpoint: refused — current branch 'main' does not match state branch 'ticket/T103-t103-runtime-correctness-hotfixes-for-daemon-check'
[2026-05-18T12:24:39Z] commit-checkpoint: refused — current branch 'main' does not match state branch 'ticket/T103-t103-runtime-correctness-hotfixes-for-daemon-check'
[2026-05-18T12:25:15Z] commit-checkpoint: refused — current branch 'main' does not match state branch 'ticket/T103-t103-runtime-correctness-hotfixes-for-daemon-check'
[2026-05-18T12:25:51Z] commit-checkpoint: refused — current branch 'main' does not match state branch 'ticket/T103-t103-runtime-correctness-hotfixes-for-daemon-check'
[2026-05-18T12:26:27Z] commit-checkpoint: refused — current branch 'main' does not match state branch 'ticket/T103-t103-runtime-correctness-hotfixes-for-daemon-check'
[2026-05-18T12:27:02Z] commit-checkpoint: refused — current branch 'main' does not match state branch 'ticket/T103-t103-runtime-correctness-hotfixes-for-daemon-check'
[2026-05-18T12:27:38Z] commit-checkpoint: refused — current branch 'main' does not match state branch 'ticket/T103-t103-runtime-correctness-hotfixes-for-daemon-check'
[2026-05-18T12:28:14Z] commit-checkpoint: refused — current branch 'main' does not match state branch 'ticket/T103-t103-runtime-correctness-hotfixes-for-daemon-check'
[2026-05-18T12:28:50Z] commit-checkpoint: refused — current branch 'main' does not match state branch 'ticket/T103-t103-runtime-correctness-hotfixes-for-daemon-check'
[2026-05-18T12:29:25Z] commit-checkpoint: refused — current branch 'main' does not match state branch 'ticket/T103-t103-runtime-correctness-hotfixes-for-daemon-check'
[2026-05-18T12:30:01Z] commit-checkpoint: refused — current branch 'main' does not match state branch 'ticket/T103-t103-runtime-correctness-hotfixes-for-daemon-check'
[2026-05-18T12:30:37Z] commit-checkpoint: refused — current branch 'main' does not match state branch 'ticket/T103-t103-runtime-correctness-hotfixes-for-daemon-check'
[2026-05-18T12:31:13Z] commit-checkpoint: refused — current branch 'main' does not match state branch 'ticket/T103-t103-runtime-correctness-hotfixes-for-daemon-check'
[2026-05-18T12:31:49Z] commit-checkpoint: refused — current branch 'main' does not match state branch 'ticket/T103-t103-runtime-correctness-hotfixes-for-daemon-check'
[2026-05-18T12:32:25Z] commit-checkpoint: refused — current branch 'main' does not match state branch 'ticket/T103-t103-runtime-correctness-hotfixes-for-daemon-check'
[2026-05-18T12:33:00Z] commit-checkpoint: refused — current branch 'main' does not match state branch 'ticket/T103-t103-runtime-correctness-hotfixes-for-daemon-check'
[2026-05-18T12:33:36Z] commit-checkpoint: refused — current branch 'main' does not match state branch 'ticket/T103-t103-runtime-correctness-hotfixes-for-daemon-check'
[2026-05-18T12:34:12Z] commit-checkpoint: refused — current branch 'main' does not match state branch 'ticket/T103-t103-runtime-correctness-hotfixes-for-daemon-check'
[2026-05-18T12:34:48Z] commit-checkpoint: refused — current branch 'main' does not match state branch 'ticket/T103-t103-runtime-correctness-hotfixes-for-daemon-check'
[2026-05-18T12:35:24Z] commit-checkpoint: refused — current branch 'main' does not match state branch 'ticket/T103-t103-runtime-correctness-hotfixes-for-daemon-check'
[2026-05-18T12:36:00Z] commit-checkpoint: refused — current branch 'main' does not match state branch 'ticket/T103-t103-runtime-correctness-hotfixes-for-daemon-check'
[2026-05-18T12:36:36Z] commit-checkpoint: refused — current branch 'main' does not match state branch 'ticket/T103-t103-runtime-correctness-hotfixes-for-daemon-check'
[2026-05-18T12:37:11Z] commit-checkpoint: refused — current branch 'main' does not match state branch 'ticket/T103-t103-runtime-correctness-hotfixes-for-daemon-check'
[2026-05-18T12:37:47Z] commit-checkpoint: refused — current branch 'main' does not match state branch 'ticket/T103-t103-runtime-correctness-hotfixes-for-daemon-check'
[2026-05-18T12:38:23Z] commit-checkpoint: refused — current branch 'main' does not match state branch 'ticket/T103-t103-runtime-correctness-hotfixes-for-daemon-check'
[2026-05-18T12:38:59Z] commit-checkpoint: refused — current branch 'main' does not match state branch 'ticket/T103-t103-runtime-correctness-hotfixes-for-daemon-check'
[2026-05-18T12:39:35Z] commit-checkpoint: refused — current branch 'main' does not match state branch 'ticket/T103-t103-runtime-correctness-hotfixes-for-daemon-check'
[2026-05-18T12:40:11Z] commit-checkpoint: refused — current branch 'main' does not match state branch 'ticket/T103-t103-runtime-correctness-hotfixes-for-daemon-check'
[2026-05-18T12:40:47Z] commit-checkpoint: refused — current branch 'main' does not match state branch 'ticket/T103-t103-runtime-correctness-hotfixes-for-daemon-check'
[2026-05-18T12:41:22Z] commit-checkpoint: refused — current branch 'main' does not match state branch 'ticket/T103-t103-runtime-correctness-hotfixes-for-daemon-check'
[2026-05-18T12:41:58Z] commit-checkpoint: refused — current branch 'main' does not match state branch 'ticket/T103-t103-runtime-correctness-hotfixes-for-daemon-check'
[2026-05-18T12:42:34Z] commit-checkpoint: refused — current branch 'main' does not match state branch 'ticket/T103-t103-runtime-correctness-hotfixes-for-daemon-check'
[2026-05-18T12:43:10Z] commit-checkpoint: refused — current branch 'main' does not match state branch 'ticket/T103-t103-runtime-correctness-hotfixes-for-daemon-check'
[2026-05-18T12:43:46Z] commit-checkpoint: refused — current branch 'main' does not match state branch 'ticket/T103-t103-runtime-correctness-hotfixes-for-daemon-check'
[2026-05-18T12:44:21Z] commit-checkpoint: refused — current branch 'main' does not match state branch 'ticket/T103-t103-runtime-correctness-hotfixes-for-daemon-check'
[2026-05-18T12:44:57Z] commit-checkpoint: refused — current branch 'main' does not match state branch 'ticket/T103-t103-runtime-correctness-hotfixes-for-daemon-check'
[2026-05-18T12:45:33Z] commit-checkpoint: refused — current branch 'main' does not match state branch 'ticket/T103-t103-runtime-correctness-hotfixes-for-daemon-check'
[2026-05-18T12:46:09Z] commit-checkpoint: refused — current branch 'main' does not match state branch 'ticket/T103-t103-runtime-correctness-hotfixes-for-daemon-check'
[2026-05-18T12:46:45Z] commit-checkpoint: refused — current branch 'main' does not match state branch 'ticket/T103-t103-runtime-correctness-hotfixes-for-daemon-check'
[2026-05-18T12:47:21Z] commit-checkpoint: refused — current branch 'main' does not match state branch 'ticket/T103-t103-runtime-correctness-hotfixes-for-daemon-check'
[2026-05-18T12:47:56Z] commit-checkpoint: refused — current branch 'main' does not match state branch 'ticket/T103-t103-runtime-correctness-hotfixes-for-daemon-check'
[2026-05-18T12:48:32Z] commit-checkpoint: refused — current branch 'main' does not match state branch 'ticket/T103-t103-runtime-correctness-hotfixes-for-daemon-check'
[2026-05-18T12:49:08Z] commit-checkpoint: refused — current branch 'main' does not match state branch 'ticket/T103-t103-runtime-correctness-hotfixes-for-daemon-check'
[2026-05-18T12:49:44Z] commit-checkpoint: refused — current branch 'main' does not match state branch 'ticket/T103-t103-runtime-correctness-hotfixes-for-daemon-check'
[2026-05-18T12:50:20Z] commit-checkpoint: refused — current branch 'main' does not match state branch 'ticket/T103-t103-runtime-correctness-hotfixes-for-daemon-check'
[2026-05-18T12:50:56Z] commit-checkpoint: refused — current branch 'main' does not match state branch 'ticket/T103-t103-runtime-correctness-hotfixes-for-daemon-check'
[2026-05-18T12:51:32Z] commit-checkpoint: refused — current branch 'main' does not match state branch 'ticket/T103-t103-runtime-correctness-hotfixes-for-daemon-check'
[2026-05-18T12:52:08Z] commit-checkpoint: refused — current branch 'main' does not match state branch 'ticket/T103-t103-runtime-correctness-hotfixes-for-daemon-check'
[2026-05-18T12:52:44Z] commit-checkpoint: refused — current branch 'main' does not match state branch 'ticket/T103-t103-runtime-correctness-hotfixes-for-daemon-check'
[2026-05-18T12:53:20Z] commit-checkpoint: refused — current branch 'main' does not match state branch 'ticket/T103-t103-runtime-correctness-hotfixes-for-daemon-check'
[2026-05-18T12:53:56Z] commit-checkpoint: refused — current branch 'main' does not match state branch 'ticket/T103-t103-runtime-correctness-hotfixes-for-daemon-check'
[2026-05-18T12:54:32Z] commit-checkpoint: refused — current branch 'main' does not match state branch 'ticket/T103-t103-runtime-correctness-hotfixes-for-daemon-check'
[2026-05-18T12:55:08Z] commit-checkpoint: refused — current branch 'main' does not match state branch 'ticket/T103-t103-runtime-correctness-hotfixes-for-daemon-check'
[2026-05-18T12:55:43Z] commit-checkpoint: refused — current branch 'main' does not match state branch 'ticket/T103-t103-runtime-correctness-hotfixes-for-daemon-check'
[2026-05-18T12:56:19Z] commit-checkpoint: refused — current branch 'main' does not match state branch 'ticket/T103-t103-runtime-correctness-hotfixes-for-daemon-check'
[2026-05-18T12:56:55Z] commit-checkpoint: refused — current branch 'main' does not match state branch 'ticket/T103-t103-runtime-correctness-hotfixes-for-daemon-check'
[2026-05-18T12:57:31Z] commit-checkpoint: refused — current branch 'main' does not match state branch 'ticket/T103-t103-runtime-correctness-hotfixes-for-daemon-check'
[2026-05-18T12:58:07Z] commit-checkpoint: refused — current branch 'main' does not match state branch 'ticket/T103-t103-runtime-correctness-hotfixes-for-daemon-check'
[2026-05-18T12:58:43Z] commit-checkpoint: refused — current branch 'main' does not match state branch 'ticket/T103-t103-runtime-correctness-hotfixes-for-daemon-check'
[2026-05-18T12:59:18Z] commit-checkpoint: refused — current branch 'main' does not match state branch 'ticket/T103-t103-runtime-correctness-hotfixes-for-daemon-check'
[2026-05-18T12:59:53Z] commit-checkpoint: refused — current branch 'main' does not match state branch 'ticket/T103-t103-runtime-correctness-hotfixes-for-daemon-check'
[2026-05-18T13:00:27Z] commit-checkpoint: refused — current branch 'main' does not match state branch 'ticket/T103-t103-runtime-correctness-hotfixes-for-daemon-check'
[2026-05-18T13:01:01Z] commit-checkpoint: refused — current branch 'main' does not match state branch 'ticket/T103-t103-runtime-correctness-hotfixes-for-daemon-check'
[2026-05-18T13:01:35Z] commit-checkpoint: refused — current branch 'main' does not match state branch 'ticket/T103-t103-runtime-correctness-hotfixes-for-daemon-check'
[2026-05-18T13:02:10Z] commit-checkpoint: refused — current branch 'main' does not match state branch 'ticket/T103-t103-runtime-correctness-hotfixes-for-daemon-check'
[2026-05-18T13:02:44Z] commit-checkpoint: refused — current branch 'main' does not match state branch 'ticket/T103-t103-runtime-correctness-hotfixes-for-daemon-check'
[2026-05-18T13:03:19Z] commit-checkpoint: refused — current branch 'main' does not match state branch 'ticket/T103-t103-runtime-correctness-hotfixes-for-daemon-check'
[2026-05-18T13:03:53Z] commit-checkpoint: refused — current branch 'main' does not match state branch 'ticket/T103-t103-runtime-correctness-hotfixes-for-daemon-check'
[2026-05-18T13:04:27Z] commit-checkpoint: refused — current branch 'main' does not match state branch 'ticket/T103-t103-runtime-correctness-hotfixes-for-daemon-check'
[2026-05-18T13:05:01Z] commit-checkpoint: refused — current branch 'main' does not match state branch 'ticket/T103-t103-runtime-correctness-hotfixes-for-daemon-check'
[2026-05-18T13:05:38Z] commit-checkpoint: refused — current branch 'main' does not match state branch 'ticket/T103-t103-runtime-correctness-hotfixes-for-daemon-check'
[2026-05-18T13:06:12Z] commit-checkpoint: refused — current branch 'main' does not match state branch 'ticket/T103-t103-runtime-correctness-hotfixes-for-daemon-check'
[2026-05-18T13:06:46Z] commit-checkpoint: refused — current branch 'main' does not match state branch 'ticket/T103-t103-runtime-correctness-hotfixes-for-daemon-check'
[2026-05-18T13:07:20Z] commit-checkpoint: refused — current branch 'main' does not match state branch 'ticket/T103-t103-runtime-correctness-hotfixes-for-daemon-check'
[2026-05-18T13:07:55Z] commit-checkpoint: refused — current branch 'main' does not match state branch 'ticket/T103-t103-runtime-correctness-hotfixes-for-daemon-check'
[2026-05-18T13:08:29Z] commit-checkpoint: refused — current branch 'main' does not match state branch 'ticket/T103-t103-runtime-correctness-hotfixes-for-daemon-check'
[2026-05-18T13:09:04Z] commit-checkpoint: refused — current branch 'main' does not match state branch 'ticket/T103-t103-runtime-correctness-hotfixes-for-daemon-check'
[2026-05-18T13:09:38Z] commit-checkpoint: refused — current branch 'main' does not match state branch 'ticket/T103-t103-runtime-correctness-hotfixes-for-daemon-check'
[2026-05-18T13:10:12Z] commit-checkpoint: refused — current branch 'main' does not match state branch 'ticket/T103-t103-runtime-correctness-hotfixes-for-daemon-check'
[2026-05-18T13:10:46Z] commit-checkpoint: refused — current branch 'main' does not match state branch 'ticket/T103-t103-runtime-correctness-hotfixes-for-daemon-check'
[2026-05-18T13:11:20Z] commit-checkpoint: refused — current branch 'main' does not match state branch 'ticket/T103-t103-runtime-correctness-hotfixes-for-daemon-check'
[2026-05-18T13:11:54Z] commit-checkpoint: refused — current branch 'main' does not match state branch 'ticket/T103-t103-runtime-correctness-hotfixes-for-daemon-check'
[2026-05-18T13:12:30Z] commit-checkpoint: refused — current branch 'main' does not match state branch 'ticket/T103-t103-runtime-correctness-hotfixes-for-daemon-check'
[2026-05-18T13:13:06Z] commit-checkpoint: refused — current branch 'main' does not match state branch 'ticket/T103-t103-runtime-correctness-hotfixes-for-daemon-check'
[2026-05-18T13:13:42Z] commit-checkpoint: refused — current branch 'main' does not match state branch 'ticket/T103-t103-runtime-correctness-hotfixes-for-daemon-check'
[2026-05-18T13:14:18Z] commit-checkpoint: refused — current branch 'main' does not match state branch 'ticket/T103-t103-runtime-correctness-hotfixes-for-daemon-check'
[2026-05-18T13:14:54Z] commit-checkpoint: refused — current branch 'main' does not match state branch 'ticket/T103-t103-runtime-correctness-hotfixes-for-daemon-check'
[2026-05-18T13:15:30Z] commit-checkpoint: refused — current branch 'main' does not match state branch 'ticket/T103-t103-runtime-correctness-hotfixes-for-daemon-check'
[2026-05-18T13:16:06Z] commit-checkpoint: refused — current branch 'main' does not match state branch 'ticket/T103-t103-runtime-correctness-hotfixes-for-daemon-check'
[2026-05-18T13:16:42Z] commit-checkpoint: refused — current branch 'main' does not match state branch 'ticket/T103-t103-runtime-correctness-hotfixes-for-daemon-check'
[2026-05-18T13:17:18Z] commit-checkpoint: refused — current branch 'main' does not match state branch 'ticket/T103-t103-runtime-correctness-hotfixes-for-daemon-check'
[2026-05-18T13:17:54Z] commit-checkpoint: refused — current branch 'main' does not match state branch 'ticket/T103-t103-runtime-correctness-hotfixes-for-daemon-check'
[2026-05-18T13:18:30Z] commit-checkpoint: refused — current branch 'main' does not match state branch 'ticket/T103-t103-runtime-correctness-hotfixes-for-daemon-check'
[2026-05-18T13:19:06Z] commit-checkpoint: refused — current branch 'main' does not match state branch 'ticket/T103-t103-runtime-correctness-hotfixes-for-daemon-check'
[2026-05-18T13:19:42Z] commit-checkpoint: refused — current branch 'main' does not match state branch 'ticket/T103-t103-runtime-correctness-hotfixes-for-daemon-check'
[2026-05-18T13:20:17Z] commit-checkpoint: refused — current branch 'main' does not match state branch 'ticket/T103-t103-runtime-correctness-hotfixes-for-daemon-check'
[2026-05-18T13:20:25Z] commit-checkpoint: refused — current branch 'main' does not match state branch 'ticket/T103-t103-runtime-correctness-hotfixes-for-daemon-check'
[2026-05-18T13:21:07Z] commit-checkpoint: refused — current branch 'main' does not match state branch 'ticket/T103-t103-runtime-correctness-hotfixes-for-daemon-check'
[2026-05-18T13:21:43Z] commit-checkpoint: refused — current branch 'main' does not match state branch 'ticket/T103-t103-runtime-correctness-hotfixes-for-daemon-check'
[2026-05-18T13:22:19Z] commit-checkpoint: refused — current branch 'main' does not match state branch 'ticket/T103-t103-runtime-correctness-hotfixes-for-daemon-check'
[2026-05-18T13:22:55Z] commit-checkpoint: refused — current branch 'main' does not match state branch 'ticket/T103-t103-runtime-correctness-hotfixes-for-daemon-check'
[2026-05-18T13:23:30Z] commit-checkpoint: refused — current branch 'main' does not match state branch 'ticket/T103-t103-runtime-correctness-hotfixes-for-daemon-check'
[2026-05-18T13:24:06Z] commit-checkpoint: refused — current branch 'main' does not match state branch 'ticket/T103-t103-runtime-correctness-hotfixes-for-daemon-check'
[2026-05-18T13:24:42Z] commit-checkpoint: refused — current branch 'main' does not match state branch 'ticket/T103-t103-runtime-correctness-hotfixes-for-daemon-check'
[2026-05-18T13:25:18Z] commit-checkpoint: refused — current branch 'main' does not match state branch 'ticket/T103-t103-runtime-correctness-hotfixes-for-daemon-check'
[2026-05-18T13:25:54Z] commit-checkpoint: refused — current branch 'main' does not match state branch 'ticket/T103-t103-runtime-correctness-hotfixes-for-daemon-check'
[2026-05-18T13:26:30Z] commit-checkpoint: refused — current branch 'main' does not match state branch 'ticket/T103-t103-runtime-correctness-hotfixes-for-daemon-check'
[2026-05-18T13:27:06Z] commit-checkpoint: refused — current branch 'main' does not match state branch 'ticket/T103-t103-runtime-correctness-hotfixes-for-daemon-check'
[2026-05-18T13:27:42Z] commit-checkpoint: refused — current branch 'main' does not match state branch 'ticket/T103-t103-runtime-correctness-hotfixes-for-daemon-check'
[2026-05-18T13:28:18Z] commit-checkpoint: refused — current branch 'main' does not match state branch 'ticket/T103-t103-runtime-correctness-hotfixes-for-daemon-check'
[2026-05-18T13:28:54Z] commit-checkpoint: refused — current branch 'main' does not match state branch 'ticket/T103-t103-runtime-correctness-hotfixes-for-daemon-check'
[2026-05-18T13:29:30Z] commit-checkpoint: refused — current branch 'main' does not match state branch 'ticket/T103-t103-runtime-correctness-hotfixes-for-daemon-check'
[2026-05-18T13:30:06Z] commit-checkpoint: refused — current branch 'main' does not match state branch 'ticket/T103-t103-runtime-correctness-hotfixes-for-daemon-check'
[2026-05-18T13:30:42Z] commit-checkpoint: refused — current branch 'main' does not match state branch 'ticket/T103-t103-runtime-correctness-hotfixes-for-daemon-check'
[2026-05-18T13:31:18Z] commit-checkpoint: refused — current branch 'main' does not match state branch 'ticket/T103-t103-runtime-correctness-hotfixes-for-daemon-check'
[2026-05-18T13:31:54Z] commit-checkpoint: refused — current branch 'main' does not match state branch 'ticket/T103-t103-runtime-correctness-hotfixes-for-daemon-check'
[2026-05-18T13:32:30Z] commit-checkpoint: refused — current branch 'main' does not match state branch 'ticket/T103-t103-runtime-correctness-hotfixes-for-daemon-check'
[2026-05-18T13:33:06Z] commit-checkpoint: refused — current branch 'main' does not match state branch 'ticket/T103-t103-runtime-correctness-hotfixes-for-daemon-check'
[2026-05-18T13:33:42Z] commit-checkpoint: refused — current branch 'main' does not match state branch 'ticket/T103-t103-runtime-correctness-hotfixes-for-daemon-check'
[2026-05-18T13:34:18Z] commit-checkpoint: refused — current branch 'main' does not match state branch 'ticket/T103-t103-runtime-correctness-hotfixes-for-daemon-check'
[2026-05-18T13:34:54Z] commit-checkpoint: refused — current branch 'main' does not match state branch 'ticket/T103-t103-runtime-correctness-hotfixes-for-daemon-check'
[2026-05-18T13:35:30Z] commit-checkpoint: refused — current branch 'main' does not match state branch 'ticket/T103-t103-runtime-correctness-hotfixes-for-daemon-check'
[2026-05-18T13:36:06Z] commit-checkpoint: refused — current branch 'main' does not match state branch 'ticket/T103-t103-runtime-correctness-hotfixes-for-daemon-check'
[2026-05-18T13:36:42Z] commit-checkpoint: refused — current branch 'main' does not match state branch 'ticket/T103-t103-runtime-correctness-hotfixes-for-daemon-check'
[2026-05-18T13:37:18Z] commit-checkpoint: refused — current branch 'main' does not match state branch 'ticket/T103-t103-runtime-correctness-hotfixes-for-daemon-check'
[2026-05-18T13:37:54Z] commit-checkpoint: refused — current branch 'main' does not match state branch 'ticket/T103-t103-runtime-correctness-hotfixes-for-daemon-check'
[2026-05-18T13:38:30Z] commit-checkpoint: refused — current branch 'main' does not match state branch 'ticket/T103-t103-runtime-correctness-hotfixes-for-daemon-check'
[2026-05-18T13:39:06Z] commit-checkpoint: refused — current branch 'main' does not match state branch 'ticket/T103-t103-runtime-correctness-hotfixes-for-daemon-check'
[2026-05-18T13:39:42Z] commit-checkpoint: refused — current branch 'main' does not match state branch 'ticket/T103-t103-runtime-correctness-hotfixes-for-daemon-check'
[2026-05-18T13:40:18Z] commit-checkpoint: refused — current branch 'main' does not match state branch 'ticket/T103-t103-runtime-correctness-hotfixes-for-daemon-check'
[2026-05-18T13:40:54Z] commit-checkpoint: refused — current branch 'main' does not match state branch 'ticket/T103-t103-runtime-correctness-hotfixes-for-daemon-check'
[2026-05-18T13:41:30Z] commit-checkpoint: refused — current branch 'main' does not match state branch 'ticket/T103-t103-runtime-correctness-hotfixes-for-daemon-check'
[2026-05-18T13:42:06Z] commit-checkpoint: refused — current branch 'main' does not match state branch 'ticket/T103-t103-runtime-correctness-hotfixes-for-daemon-check'
[2026-05-18T13:42:42Z] commit-checkpoint: refused — current branch 'main' does not match state branch 'ticket/T103-t103-runtime-correctness-hotfixes-for-daemon-check'
[2026-05-18T13:43:18Z] commit-checkpoint: refused — current branch 'main' does not match state branch 'ticket/T103-t103-runtime-correctness-hotfixes-for-daemon-check'
[2026-05-18T13:43:55Z] commit-checkpoint: refused — current branch 'main' does not match state branch 'ticket/T103-t103-runtime-correctness-hotfixes-for-daemon-check'
[2026-05-18T13:44:31Z] commit-checkpoint: refused — current branch 'main' does not match state branch 'ticket/T103-t103-runtime-correctness-hotfixes-for-daemon-check'
[2026-05-18T13:45:07Z] commit-checkpoint: refused — current branch 'main' does not match state branch 'ticket/T103-t103-runtime-correctness-hotfixes-for-daemon-check'
[2026-05-18T13:45:43Z] commit-checkpoint: refused — current branch 'main' does not match state branch 'ticket/T103-t103-runtime-correctness-hotfixes-for-daemon-check'
[2026-05-18T13:46:19Z] commit-checkpoint: refused — current branch 'main' does not match state branch 'ticket/T103-t103-runtime-correctness-hotfixes-for-daemon-check'
[2026-05-18T13:46:55Z] commit-checkpoint: refused — current branch 'main' does not match state branch 'ticket/T103-t103-runtime-correctness-hotfixes-for-daemon-check'
[2026-05-18T13:47:31Z] commit-checkpoint: refused — current branch 'main' does not match state branch 'ticket/T103-t103-runtime-correctness-hotfixes-for-daemon-check'
[2026-05-18T13:48:07Z] commit-checkpoint: refused — current branch 'main' does not match state branch 'ticket/T103-t103-runtime-correctness-hotfixes-for-daemon-check'
[2026-05-18T13:48:43Z] commit-checkpoint: refused — current branch 'main' does not match state branch 'ticket/T103-t103-runtime-correctness-hotfixes-for-daemon-check'
[2026-05-18T13:49:19Z] commit-checkpoint: refused — current branch 'main' does not match state branch 'ticket/T103-t103-runtime-correctness-hotfixes-for-daemon-check'
[2026-05-18T13:49:55Z] commit-checkpoint: refused — current branch 'main' does not match state branch 'ticket/T103-t103-runtime-correctness-hotfixes-for-daemon-check'
[2026-05-18T13:50:31Z] commit-checkpoint: refused — current branch 'main' does not match state branch 'ticket/T103-t103-runtime-correctness-hotfixes-for-daemon-check'
[2026-05-18T13:51:07Z] commit-checkpoint: refused — current branch 'main' does not match state branch 'ticket/T103-t103-runtime-correctness-hotfixes-for-daemon-check'
[2026-05-18T13:51:43Z] commit-checkpoint: refused — current branch 'main' does not match state branch 'ticket/T103-t103-runtime-correctness-hotfixes-for-daemon-check'
[2026-05-18T13:52:19Z] commit-checkpoint: refused — current branch 'main' does not match state branch 'ticket/T103-t103-runtime-correctness-hotfixes-for-daemon-check'
[2026-05-18T13:52:55Z] commit-checkpoint: refused — current branch 'main' does not match state branch 'ticket/T103-t103-runtime-correctness-hotfixes-for-daemon-check'
[2026-05-18T13:53:31Z] commit-checkpoint: refused — current branch 'main' does not match state branch 'ticket/T103-t103-runtime-correctness-hotfixes-for-daemon-check'
[2026-05-18T13:54:07Z] commit-checkpoint: refused — current branch 'main' does not match state branch 'ticket/T103-t103-runtime-correctness-hotfixes-for-daemon-check'
[2026-05-18T13:54:43Z] commit-checkpoint: refused — current branch 'main' does not match state branch 'ticket/T103-t103-runtime-correctness-hotfixes-for-daemon-check'
[2026-05-18T13:55:18Z] commit-checkpoint: refused — current branch 'main' does not match state branch 'ticket/T103-t103-runtime-correctness-hotfixes-for-daemon-check'
[2026-05-18T13:55:54Z] commit-checkpoint: refused — current branch 'main' does not match state branch 'ticket/T103-t103-runtime-correctness-hotfixes-for-daemon-check'
[2026-05-18T13:56:30Z] commit-checkpoint: refused — current branch 'main' does not match state branch 'ticket/T103-t103-runtime-correctness-hotfixes-for-daemon-check'
[2026-05-18T13:57:06Z] commit-checkpoint: refused — current branch 'main' does not match state branch 'ticket/T103-t103-runtime-correctness-hotfixes-for-daemon-check'
[2026-05-18T13:57:42Z] commit-checkpoint: refused — current branch 'main' does not match state branch 'ticket/T103-t103-runtime-correctness-hotfixes-for-daemon-check'
[2026-05-18T13:58:18Z] commit-checkpoint: refused — current branch 'main' does not match state branch 'ticket/T103-t103-runtime-correctness-hotfixes-for-daemon-check'
[2026-05-18T13:58:54Z] commit-checkpoint: refused — current branch 'main' does not match state branch 'ticket/T103-t103-runtime-correctness-hotfixes-for-daemon-check'
[2026-05-18T13:59:29Z] commit-checkpoint: refused — current branch 'main' does not match state branch 'ticket/T103-t103-runtime-correctness-hotfixes-for-daemon-check'
[2026-05-18T14:00:06Z] commit-checkpoint: refused — current branch 'main' does not match state branch 'ticket/T103-t103-runtime-correctness-hotfixes-for-daemon-check'
[2026-05-18T14:00:42Z] commit-checkpoint: refused — current branch 'main' does not match state branch 'ticket/T103-t103-runtime-correctness-hotfixes-for-daemon-check'
[2026-05-18T14:01:18Z] commit-checkpoint: refused — current branch 'main' does not match state branch 'ticket/T103-t103-runtime-correctness-hotfixes-for-daemon-check'
[2026-05-18T14:01:54Z] commit-checkpoint: refused — current branch 'main' does not match state branch 'ticket/T103-t103-runtime-correctness-hotfixes-for-daemon-check'
[2026-05-18T14:02:31Z] commit-checkpoint: refused — current branch 'main' does not match state branch 'ticket/T103-t103-runtime-correctness-hotfixes-for-daemon-check'
[2026-05-18T14:03:07Z] commit-checkpoint: refused — current branch 'main' does not match state branch 'ticket/T103-t103-runtime-correctness-hotfixes-for-daemon-check'
[2026-05-18T14:03:43Z] commit-checkpoint: refused — current branch 'main' does not match state branch 'ticket/T103-t103-runtime-correctness-hotfixes-for-daemon-check'
[2026-05-18T14:04:18Z] commit-checkpoint: refused — current branch 'main' does not match state branch 'ticket/T103-t103-runtime-correctness-hotfixes-for-daemon-check'
[2026-05-18T14:04:54Z] commit-checkpoint: refused — current branch 'main' does not match state branch 'ticket/T103-t103-runtime-correctness-hotfixes-for-daemon-check'
[2026-05-18T14:05:30Z] commit-checkpoint: refused — current branch 'main' does not match state branch 'ticket/T103-t103-runtime-correctness-hotfixes-for-daemon-check'
[2026-05-18T14:06:06Z] commit-checkpoint: refused — current branch 'main' does not match state branch 'ticket/T103-t103-runtime-correctness-hotfixes-for-daemon-check'
[2026-05-18T14:06:42Z] commit-checkpoint: refused — current branch 'main' does not match state branch 'ticket/T103-t103-runtime-correctness-hotfixes-for-daemon-check'
[2026-05-18T14:07:18Z] commit-checkpoint: refused — current branch 'main' does not match state branch 'ticket/T103-t103-runtime-correctness-hotfixes-for-daemon-check'
[2026-05-18T14:07:54Z] commit-checkpoint: refused — current branch 'main' does not match state branch 'ticket/T103-t103-runtime-correctness-hotfixes-for-daemon-check'
[2026-05-18T14:08:30Z] commit-checkpoint: refused — current branch 'main' does not match state branch 'ticket/T103-t103-runtime-correctness-hotfixes-for-daemon-check'
[2026-05-18T14:09:06Z] commit-checkpoint: refused — current branch 'main' does not match state branch 'ticket/T103-t103-runtime-correctness-hotfixes-for-daemon-check'
[2026-05-18T14:09:42Z] commit-checkpoint: refused — current branch 'main' does not match state branch 'ticket/T103-t103-runtime-correctness-hotfixes-for-daemon-check'
[2026-05-18T14:10:18Z] commit-checkpoint: refused — current branch 'main' does not match state branch 'ticket/T103-t103-runtime-correctness-hotfixes-for-daemon-check'
[2026-05-18T14:10:55Z] commit-checkpoint: refused — current branch 'main' does not match state branch 'ticket/T103-t103-runtime-correctness-hotfixes-for-daemon-check'
[2026-05-18T14:11:30Z] commit-checkpoint: refused — current branch 'main' does not match state branch 'ticket/T103-t103-runtime-correctness-hotfixes-for-daemon-check'
[2026-05-18T14:12:07Z] commit-checkpoint: refused — current branch 'main' does not match state branch 'ticket/T103-t103-runtime-correctness-hotfixes-for-daemon-check'
[2026-05-18T14:12:43Z] commit-checkpoint: refused — current branch 'main' does not match state branch 'ticket/T103-t103-runtime-correctness-hotfixes-for-daemon-check'
[2026-05-18T14:13:19Z] commit-checkpoint: refused — current branch 'main' does not match state branch 'ticket/T103-t103-runtime-correctness-hotfixes-for-daemon-check'
[2026-05-18T14:13:55Z] commit-checkpoint: refused — current branch 'main' does not match state branch 'ticket/T103-t103-runtime-correctness-hotfixes-for-daemon-check'
[2026-05-18T14:14:31Z] commit-checkpoint: refused — current branch 'main' does not match state branch 'ticket/T103-t103-runtime-correctness-hotfixes-for-daemon-check'
[2026-05-18T14:15:07Z] commit-checkpoint: refused — current branch 'main' does not match state branch 'ticket/T103-t103-runtime-correctness-hotfixes-for-daemon-check'
[2026-05-18T14:15:44Z] commit-checkpoint: refused — current branch 'main' does not match state branch 'ticket/T103-t103-runtime-correctness-hotfixes-for-daemon-check'
[2026-05-18T14:16:20Z] commit-checkpoint: refused — current branch 'main' does not match state branch 'ticket/T103-t103-runtime-correctness-hotfixes-for-daemon-check'
[2026-05-18T14:16:56Z] commit-checkpoint: refused — current branch 'main' does not match state branch 'ticket/T103-t103-runtime-correctness-hotfixes-for-daemon-check'
[2026-05-18T14:17:32Z] commit-checkpoint: refused — current branch 'main' does not match state branch 'ticket/T103-t103-runtime-correctness-hotfixes-for-daemon-check'
[2026-05-18T14:18:07Z] commit-checkpoint: refused — current branch 'main' does not match state branch 'ticket/T103-t103-runtime-correctness-hotfixes-for-daemon-check'
[2026-05-18T14:18:43Z] commit-checkpoint: refused — current branch 'main' does not match state branch 'ticket/T103-t103-runtime-correctness-hotfixes-for-daemon-check'
[2026-05-18T14:19:19Z] commit-checkpoint: refused — current branch 'main' does not match state branch 'ticket/T103-t103-runtime-correctness-hotfixes-for-daemon-check'
[2026-05-18T14:19:55Z] commit-checkpoint: refused — current branch 'main' does not match state branch 'ticket/T103-t103-runtime-correctness-hotfixes-for-daemon-check'
[2026-05-18T14:20:31Z] commit-checkpoint: refused — current branch 'main' does not match state branch 'ticket/T103-t103-runtime-correctness-hotfixes-for-daemon-check'
[2026-05-18T14:21:07Z] commit-checkpoint: refused — current branch 'main' does not match state branch 'ticket/T103-t103-runtime-correctness-hotfixes-for-daemon-check'
[2026-05-18T14:21:43Z] commit-checkpoint: refused — current branch 'main' does not match state branch 'ticket/T103-t103-runtime-correctness-hotfixes-for-daemon-check'
[2026-05-18T14:22:19Z] commit-checkpoint: refused — current branch 'main' does not match state branch 'ticket/T103-t103-runtime-correctness-hotfixes-for-daemon-check'
[2026-05-18T14:22:55Z] commit-checkpoint: refused — current branch 'main' does not match state branch 'ticket/T103-t103-runtime-correctness-hotfixes-for-daemon-check'
[2026-05-18T14:23:31Z] commit-checkpoint: refused — current branch 'main' does not match state branch 'ticket/T103-t103-runtime-correctness-hotfixes-for-daemon-check'
[2026-05-18T14:24:07Z] commit-checkpoint: refused — current branch 'main' does not match state branch 'ticket/T103-t103-runtime-correctness-hotfixes-for-daemon-check'
[2026-05-18T14:24:43Z] commit-checkpoint: refused — current branch 'main' does not match state branch 'ticket/T103-t103-runtime-correctness-hotfixes-for-daemon-check'
[2026-05-18T14:25:19Z] commit-checkpoint: refused — current branch 'main' does not match state branch 'ticket/T103-t103-runtime-correctness-hotfixes-for-daemon-check'
[2026-05-18T14:25:55Z] commit-checkpoint: refused — current branch 'main' does not match state branch 'ticket/T103-t103-runtime-correctness-hotfixes-for-daemon-check'
[2026-05-18T14:26:31Z] commit-checkpoint: refused — current branch 'main' does not match state branch 'ticket/T103-t103-runtime-correctness-hotfixes-for-daemon-check'
[2026-05-18T14:27:07Z] commit-checkpoint: refused — current branch 'main' does not match state branch 'ticket/T103-t103-runtime-correctness-hotfixes-for-daemon-check'
[2026-05-18T14:27:43Z] commit-checkpoint: refused — current branch 'main' does not match state branch 'ticket/T103-t103-runtime-correctness-hotfixes-for-daemon-check'
[2026-05-18T14:28:19Z] commit-checkpoint: refused — current branch 'main' does not match state branch 'ticket/T103-t103-runtime-correctness-hotfixes-for-daemon-check'
[2026-05-18T14:28:55Z] commit-checkpoint: refused — current branch 'main' does not match state branch 'ticket/T103-t103-runtime-correctness-hotfixes-for-daemon-check'
[2026-05-18T14:29:31Z] commit-checkpoint: refused — current branch 'main' does not match state branch 'ticket/T103-t103-runtime-correctness-hotfixes-for-daemon-check'
[2026-05-18T14:30:07Z] commit-checkpoint: refused — current branch 'main' does not match state branch 'ticket/T103-t103-runtime-correctness-hotfixes-for-daemon-check'
[2026-05-18T14:30:43Z] commit-checkpoint: refused — current branch 'main' does not match state branch 'ticket/T103-t103-runtime-correctness-hotfixes-for-daemon-check'
[2026-05-18T14:31:19Z] commit-checkpoint: refused — current branch 'main' does not match state branch 'ticket/T103-t103-runtime-correctness-hotfixes-for-daemon-check'
[2026-05-18T14:31:54Z] commit-checkpoint: refused — current branch 'main' does not match state branch 'ticket/T103-t103-runtime-correctness-hotfixes-for-daemon-check'
[2026-05-18T14:32:30Z] commit-checkpoint: refused — current branch 'main' does not match state branch 'ticket/T103-t103-runtime-correctness-hotfixes-for-daemon-check'
[2026-05-18T14:33:06Z] commit-checkpoint: refused — current branch 'main' does not match state branch 'ticket/T103-t103-runtime-correctness-hotfixes-for-daemon-check'
[2026-05-18T14:33:42Z] commit-checkpoint: refused — current branch 'main' does not match state branch 'ticket/T103-t103-runtime-correctness-hotfixes-for-daemon-check'
[2026-05-18T14:34:18Z] commit-checkpoint: refused — current branch 'main' does not match state branch 'ticket/T103-t103-runtime-correctness-hotfixes-for-daemon-check'
[2026-05-18T14:34:54Z] commit-checkpoint: refused — current branch 'main' does not match state branch 'ticket/T103-t103-runtime-correctness-hotfixes-for-daemon-check'
[2026-05-18T14:35:30Z] commit-checkpoint: refused — current branch 'main' does not match state branch 'ticket/T103-t103-runtime-correctness-hotfixes-for-daemon-check'
[2026-05-18T14:36:06Z] commit-checkpoint: refused — current branch 'main' does not match state branch 'ticket/T103-t103-runtime-correctness-hotfixes-for-daemon-check'
[2026-05-18T14:36:42Z] commit-checkpoint: refused — current branch 'main' does not match state branch 'ticket/T103-t103-runtime-correctness-hotfixes-for-daemon-check'
[2026-05-18T14:37:17Z] commit-checkpoint: refused — current branch 'main' does not match state branch 'ticket/T103-t103-runtime-correctness-hotfixes-for-daemon-check'
[2026-05-18T14:37:53Z] commit-checkpoint: refused — current branch 'main' does not match state branch 'ticket/T103-t103-runtime-correctness-hotfixes-for-daemon-check'
[2026-05-18T14:38:29Z] commit-checkpoint: refused — current branch 'main' does not match state branch 'ticket/T103-t103-runtime-correctness-hotfixes-for-daemon-check'
[2026-05-18T14:39:05Z] commit-checkpoint: refused — current branch 'main' does not match state branch 'ticket/T103-t103-runtime-correctness-hotfixes-for-daemon-check'
[2026-05-18T14:39:41Z] commit-checkpoint: refused — current branch 'main' does not match state branch 'ticket/T103-t103-runtime-correctness-hotfixes-for-daemon-check'
[2026-05-18T14:40:17Z] commit-checkpoint: refused — current branch 'main' does not match state branch 'ticket/T103-t103-runtime-correctness-hotfixes-for-daemon-check'
[2026-05-18T14:40:53Z] commit-checkpoint: refused — current branch 'main' does not match state branch 'ticket/T103-t103-runtime-correctness-hotfixes-for-daemon-check'
[2026-05-18T14:41:29Z] commit-checkpoint: refused — current branch 'main' does not match state branch 'ticket/T103-t103-runtime-correctness-hotfixes-for-daemon-check'
[2026-05-18T14:42:05Z] commit-checkpoint: refused — current branch 'main' does not match state branch 'ticket/T103-t103-runtime-correctness-hotfixes-for-daemon-check'
[2026-05-18T14:42:41Z] commit-checkpoint: refused — current branch 'main' does not match state branch 'ticket/T103-t103-runtime-correctness-hotfixes-for-daemon-check'
[2026-05-18T14:43:17Z] commit-checkpoint: refused — current branch 'main' does not match state branch 'ticket/T103-t103-runtime-correctness-hotfixes-for-daemon-check'
[2026-05-18T14:43:53Z] commit-checkpoint: refused — current branch 'main' does not match state branch 'ticket/T103-t103-runtime-correctness-hotfixes-for-daemon-check'
[2026-05-18T14:44:28Z] commit-checkpoint: refused — current branch 'main' does not match state branch 'ticket/T103-t103-runtime-correctness-hotfixes-for-daemon-check'
[2026-05-18T14:45:04Z] commit-checkpoint: refused — current branch 'main' does not match state branch 'ticket/T103-t103-runtime-correctness-hotfixes-for-daemon-check'
[2026-05-18T14:45:40Z] commit-checkpoint: refused — current branch 'main' does not match state branch 'ticket/T103-t103-runtime-correctness-hotfixes-for-daemon-check'
[2026-05-18T14:46:16Z] commit-checkpoint: refused — current branch 'main' does not match state branch 'ticket/T103-t103-runtime-correctness-hotfixes-for-daemon-check'
[2026-05-18T14:46:52Z] commit-checkpoint: refused — current branch 'main' does not match state branch 'ticket/T103-t103-runtime-correctness-hotfixes-for-daemon-check'
[2026-05-18T14:47:28Z] commit-checkpoint: refused — current branch 'main' does not match state branch 'ticket/T103-t103-runtime-correctness-hotfixes-for-daemon-check'
[2026-05-18T14:48:04Z] commit-checkpoint: refused — current branch 'main' does not match state branch 'ticket/T103-t103-runtime-correctness-hotfixes-for-daemon-check'
[2026-05-18T14:48:40Z] commit-checkpoint: refused — current branch 'main' does not match state branch 'ticket/T103-t103-runtime-correctness-hotfixes-for-daemon-check'
[2026-05-18T14:49:16Z] commit-checkpoint: refused — current branch 'main' does not match state branch 'ticket/T103-t103-runtime-correctness-hotfixes-for-daemon-check'
[2026-05-18T14:49:52Z] commit-checkpoint: refused — current branch 'main' does not match state branch 'ticket/T103-t103-runtime-correctness-hotfixes-for-daemon-check'
[2026-05-18T14:50:28Z] commit-checkpoint: refused — current branch 'main' does not match state branch 'ticket/T103-t103-runtime-correctness-hotfixes-for-daemon-check'
[2026-05-18T14:51:04Z] commit-checkpoint: refused — current branch 'main' does not match state branch 'ticket/T103-t103-runtime-correctness-hotfixes-for-daemon-check'
[2026-05-18T14:51:40Z] commit-checkpoint: refused — current branch 'main' does not match state branch 'ticket/T103-t103-runtime-correctness-hotfixes-for-daemon-check'
[2026-05-18T14:52:16Z] commit-checkpoint: refused — current branch 'main' does not match state branch 'ticket/T103-t103-runtime-correctness-hotfixes-for-daemon-check'
[2026-05-18T14:52:52Z] commit-checkpoint: refused — current branch 'main' does not match state branch 'ticket/T103-t103-runtime-correctness-hotfixes-for-daemon-check'
[2026-05-18T14:53:28Z] commit-checkpoint: refused — current branch 'main' does not match state branch 'ticket/T103-t103-runtime-correctness-hotfixes-for-daemon-check'
[2026-05-18T14:54:04Z] commit-checkpoint: refused — current branch 'main' does not match state branch 'ticket/T103-t103-runtime-correctness-hotfixes-for-daemon-check'
[2026-05-18T14:54:40Z] commit-checkpoint: refused — current branch 'main' does not match state branch 'ticket/T103-t103-runtime-correctness-hotfixes-for-daemon-check'
[2026-05-18T14:55:16Z] commit-checkpoint: refused — current branch 'main' does not match state branch 'ticket/T103-t103-runtime-correctness-hotfixes-for-daemon-check'
[2026-05-18T14:55:52Z] commit-checkpoint: refused — current branch 'main' does not match state branch 'ticket/T103-t103-runtime-correctness-hotfixes-for-daemon-check'
[2026-05-18T14:56:28Z] commit-checkpoint: refused — current branch 'main' does not match state branch 'ticket/T103-t103-runtime-correctness-hotfixes-for-daemon-check'
[2026-05-18T14:57:03Z] commit-checkpoint: refused — current branch 'main' does not match state branch 'ticket/T103-t103-runtime-correctness-hotfixes-for-daemon-check'
[2026-05-18T14:57:39Z] commit-checkpoint: refused — current branch 'main' does not match state branch 'ticket/T103-t103-runtime-correctness-hotfixes-for-daemon-check'
[2026-05-18T14:58:15Z] commit-checkpoint: refused — current branch 'main' does not match state branch 'ticket/T103-t103-runtime-correctness-hotfixes-for-daemon-check'
[2026-05-18T14:58:51Z] commit-checkpoint: refused — current branch 'main' does not match state branch 'ticket/T103-t103-runtime-correctness-hotfixes-for-daemon-check'
[2026-05-18T14:59:27Z] commit-checkpoint: refused — current branch 'main' does not match state branch 'ticket/T103-t103-runtime-correctness-hotfixes-for-daemon-check'
[2026-05-18T15:00:04Z] commit-checkpoint: refused — current branch 'main' does not match state branch 'ticket/T103-t103-runtime-correctness-hotfixes-for-daemon-check'
[2026-05-18T15:00:41Z] commit-checkpoint: refused — current branch 'main' does not match state branch 'ticket/T103-t103-runtime-correctness-hotfixes-for-daemon-check'
[2026-05-18T15:01:17Z] commit-checkpoint: refused — current branch 'main' does not match state branch 'ticket/T103-t103-runtime-correctness-hotfixes-for-daemon-check'
[2026-05-18T15:01:53Z] commit-checkpoint: refused — current branch 'main' does not match state branch 'ticket/T103-t103-runtime-correctness-hotfixes-for-daemon-check'
[2026-05-18T15:02:29Z] commit-checkpoint: refused — current branch 'main' does not match state branch 'ticket/T103-t103-runtime-correctness-hotfixes-for-daemon-check'
[2026-05-18T15:03:05Z] commit-checkpoint: refused — current branch 'main' does not match state branch 'ticket/T103-t103-runtime-correctness-hotfixes-for-daemon-check'
[2026-05-18T15:03:41Z] commit-checkpoint: refused — current branch 'main' does not match state branch 'ticket/T103-t103-runtime-correctness-hotfixes-for-daemon-check'
[2026-05-18T15:04:17Z] commit-checkpoint: refused — current branch 'main' does not match state branch 'ticket/T103-t103-runtime-correctness-hotfixes-for-daemon-check'
[2026-05-18T15:04:53Z] commit-checkpoint: refused — current branch 'main' does not match state branch 'ticket/T103-t103-runtime-correctness-hotfixes-for-daemon-check'
[2026-05-18T15:05:29Z] commit-checkpoint: refused — current branch 'main' does not match state branch 'ticket/T103-t103-runtime-correctness-hotfixes-for-daemon-check'
[2026-05-18T15:06:05Z] commit-checkpoint: refused — current branch 'main' does not match state branch 'ticket/T103-t103-runtime-correctness-hotfixes-for-daemon-check'
[2026-05-18T15:06:41Z] commit-checkpoint: refused — current branch 'main' does not match state branch 'ticket/T103-t103-runtime-correctness-hotfixes-for-daemon-check'
[2026-05-18T15:07:16Z] commit-checkpoint: refused — current branch 'main' does not match state branch 'ticket/T103-t103-runtime-correctness-hotfixes-for-daemon-check'
[2026-05-18T15:07:53Z] commit-checkpoint: refused — current branch 'main' does not match state branch 'ticket/T103-t103-runtime-correctness-hotfixes-for-daemon-check'
[2026-05-18T15:08:29Z] commit-checkpoint: refused — current branch 'main' does not match state branch 'ticket/T103-t103-runtime-correctness-hotfixes-for-daemon-check'
[2026-05-18T15:09:04Z] commit-checkpoint: refused — current branch 'main' does not match state branch 'ticket/T103-t103-runtime-correctness-hotfixes-for-daemon-check'
[2026-05-18T15:09:40Z] commit-checkpoint: refused — current branch 'main' does not match state branch 'ticket/T103-t103-runtime-correctness-hotfixes-for-daemon-check'
[2026-05-18T15:10:17Z] commit-checkpoint: refused — current branch 'main' does not match state branch 'ticket/T103-t103-runtime-correctness-hotfixes-for-daemon-check'
[2026-05-18T15:10:52Z] commit-checkpoint: refused — current branch 'main' does not match state branch 'ticket/T103-t103-runtime-correctness-hotfixes-for-daemon-check'
[2026-05-18T15:11:28Z] commit-checkpoint: refused — current branch 'main' does not match state branch 'ticket/T103-t103-runtime-correctness-hotfixes-for-daemon-check'
[2026-05-18T15:12:04Z] commit-checkpoint: refused — current branch 'main' does not match state branch 'ticket/T103-t103-runtime-correctness-hotfixes-for-daemon-check'
[2026-05-18T15:12:40Z] commit-checkpoint: refused — current branch 'main' does not match state branch 'ticket/T103-t103-runtime-correctness-hotfixes-for-daemon-check'
[2026-05-18T15:13:17Z] commit-checkpoint: refused — current branch 'main' does not match state branch 'ticket/T103-t103-runtime-correctness-hotfixes-for-daemon-check'
[2026-05-18T15:13:53Z] commit-checkpoint: refused — current branch 'main' does not match state branch 'ticket/T103-t103-runtime-correctness-hotfixes-for-daemon-check'
[2026-05-18T15:14:29Z] commit-checkpoint: refused — current branch 'main' does not match state branch 'ticket/T103-t103-runtime-correctness-hotfixes-for-daemon-check'
[2026-05-18T15:15:04Z] commit-checkpoint: refused — current branch 'main' does not match state branch 'ticket/T103-t103-runtime-correctness-hotfixes-for-daemon-check'
[2026-05-18T15:15:41Z] commit-checkpoint: refused — current branch 'main' does not match state branch 'ticket/T103-t103-runtime-correctness-hotfixes-for-daemon-check'
[2026-05-18T15:16:17Z] commit-checkpoint: refused — current branch 'main' does not match state branch 'ticket/T103-t103-runtime-correctness-hotfixes-for-daemon-check'
[2026-05-18T15:16:53Z] commit-checkpoint: refused — current branch 'main' does not match state branch 'ticket/T103-t103-runtime-correctness-hotfixes-for-daemon-check'
[2026-05-18T15:17:29Z] commit-checkpoint: refused — current branch 'main' does not match state branch 'ticket/T103-t103-runtime-correctness-hotfixes-for-daemon-check'
[2026-05-18T15:18:05Z] commit-checkpoint: refused — current branch 'main' does not match state branch 'ticket/T103-t103-runtime-correctness-hotfixes-for-daemon-check'
[2026-05-18T15:18:41Z] commit-checkpoint: refused — current branch 'main' does not match state branch 'ticket/T103-t103-runtime-correctness-hotfixes-for-daemon-check'
[2026-05-18T15:19:17Z] commit-checkpoint: refused — current branch 'main' does not match state branch 'ticket/T103-t103-runtime-correctness-hotfixes-for-daemon-check'
[2026-05-18T15:19:53Z] commit-checkpoint: refused — current branch 'main' does not match state branch 'ticket/T103-t103-runtime-correctness-hotfixes-for-daemon-check'
[2026-05-18T15:20:29Z] commit-checkpoint: refused — current branch 'main' does not match state branch 'ticket/T103-t103-runtime-correctness-hotfixes-for-daemon-check'
[2026-05-18T15:21:05Z] commit-checkpoint: refused — current branch 'main' does not match state branch 'ticket/T103-t103-runtime-correctness-hotfixes-for-daemon-check'
[2026-05-18T15:21:41Z] commit-checkpoint: refused — current branch 'main' does not match state branch 'ticket/T103-t103-runtime-correctness-hotfixes-for-daemon-check'
[2026-05-18T15:22:17Z] commit-checkpoint: refused — current branch 'main' does not match state branch 'ticket/T103-t103-runtime-correctness-hotfixes-for-daemon-check'
[2026-05-18T15:22:53Z] commit-checkpoint: refused — current branch 'main' does not match state branch 'ticket/T103-t103-runtime-correctness-hotfixes-for-daemon-check'
[2026-05-18T15:23:29Z] commit-checkpoint: refused — current branch 'main' does not match state branch 'ticket/T103-t103-runtime-correctness-hotfixes-for-daemon-check'
[2026-05-18T15:24:05Z] commit-checkpoint: refused — current branch 'main' does not match state branch 'ticket/T103-t103-runtime-correctness-hotfixes-for-daemon-check'
[2026-05-18T15:24:41Z] commit-checkpoint: refused — current branch 'main' does not match state branch 'ticket/T103-t103-runtime-correctness-hotfixes-for-daemon-check'
[2026-05-18T15:25:17Z] commit-checkpoint: refused — current branch 'main' does not match state branch 'ticket/T103-t103-runtime-correctness-hotfixes-for-daemon-check'
[2026-05-18T15:25:53Z] commit-checkpoint: refused — current branch 'main' does not match state branch 'ticket/T103-t103-runtime-correctness-hotfixes-for-daemon-check'
[2026-05-18T15:26:29Z] commit-checkpoint: refused — current branch 'main' does not match state branch 'ticket/T103-t103-runtime-correctness-hotfixes-for-daemon-check'
[2026-05-18T15:27:05Z] commit-checkpoint: refused — current branch 'main' does not match state branch 'ticket/T103-t103-runtime-correctness-hotfixes-for-daemon-check'
[2026-05-18T15:27:41Z] commit-checkpoint: refused — current branch 'main' does not match state branch 'ticket/T103-t103-runtime-correctness-hotfixes-for-daemon-check'
[2026-05-18T15:28:17Z] commit-checkpoint: refused — current branch 'main' does not match state branch 'ticket/T103-t103-runtime-correctness-hotfixes-for-daemon-check'
[2026-05-18T15:28:53Z] commit-checkpoint: refused — current branch 'main' does not match state branch 'ticket/T103-t103-runtime-correctness-hotfixes-for-daemon-check'
[2026-05-18T15:29:29Z] commit-checkpoint: refused — current branch 'main' does not match state branch 'ticket/T103-t103-runtime-correctness-hotfixes-for-daemon-check'
[2026-05-18T15:30:05Z] commit-checkpoint: refused — current branch 'main' does not match state branch 'ticket/T103-t103-runtime-correctness-hotfixes-for-daemon-check'
[2026-05-18T15:30:41Z] commit-checkpoint: refused — current branch 'main' does not match state branch 'ticket/T103-t103-runtime-correctness-hotfixes-for-daemon-check'
[2026-05-18T15:31:17Z] commit-checkpoint: refused — current branch 'main' does not match state branch 'ticket/T103-t103-runtime-correctness-hotfixes-for-daemon-check'
[2026-05-18T15:31:53Z] commit-checkpoint: refused — current branch 'main' does not match state branch 'ticket/T103-t103-runtime-correctness-hotfixes-for-daemon-check'
[2026-05-18T15:32:29Z] commit-checkpoint: refused — current branch 'main' does not match state branch 'ticket/T103-t103-runtime-correctness-hotfixes-for-daemon-check'
[2026-05-18T15:33:04Z] commit-checkpoint: refused — current branch 'main' does not match state branch 'ticket/T103-t103-runtime-correctness-hotfixes-for-daemon-check'
[2026-05-18T15:33:40Z] commit-checkpoint: refused — current branch 'main' does not match state branch 'ticket/T103-t103-runtime-correctness-hotfixes-for-daemon-check'
[2026-05-18T15:34:16Z] commit-checkpoint: refused — current branch 'main' does not match state branch 'ticket/T103-t103-runtime-correctness-hotfixes-for-daemon-check'
[2026-05-18T15:34:52Z] commit-checkpoint: refused — current branch 'main' does not match state branch 'ticket/T103-t103-runtime-correctness-hotfixes-for-daemon-check'
[2026-05-18T15:35:28Z] commit-checkpoint: refused — current branch 'main' does not match state branch 'ticket/T103-t103-runtime-correctness-hotfixes-for-daemon-check'
[2026-05-18T15:36:04Z] commit-checkpoint: refused — current branch 'main' does not match state branch 'ticket/T103-t103-runtime-correctness-hotfixes-for-daemon-check'
[2026-05-18T15:36:40Z] commit-checkpoint: refused — current branch 'main' does not match state branch 'ticket/T103-t103-runtime-correctness-hotfixes-for-daemon-check'
[2026-05-18T15:37:16Z] commit-checkpoint: refused — current branch 'main' does not match state branch 'ticket/T103-t103-runtime-correctness-hotfixes-for-daemon-check'
[2026-05-18T15:37:52Z] commit-checkpoint: refused — current branch 'main' does not match state branch 'ticket/T103-t103-runtime-correctness-hotfixes-for-daemon-check'
[2026-05-18T15:38:28Z] commit-checkpoint: refused — current branch 'main' does not match state branch 'ticket/T103-t103-runtime-correctness-hotfixes-for-daemon-check'
[2026-05-18T15:39:04Z] commit-checkpoint: refused — current branch 'main' does not match state branch 'ticket/T103-t103-runtime-correctness-hotfixes-for-daemon-check'
[2026-05-18T15:39:40Z] commit-checkpoint: refused — current branch 'main' does not match state branch 'ticket/T103-t103-runtime-correctness-hotfixes-for-daemon-check'
[2026-05-18T15:40:16Z] commit-checkpoint: refused — current branch 'main' does not match state branch 'ticket/T103-t103-runtime-correctness-hotfixes-for-daemon-check'
[2026-05-18T15:40:52Z] commit-checkpoint: refused — current branch 'main' does not match state branch 'ticket/T103-t103-runtime-correctness-hotfixes-for-daemon-check'
[2026-05-18T15:41:28Z] commit-checkpoint: refused — current branch 'main' does not match state branch 'ticket/T103-t103-runtime-correctness-hotfixes-for-daemon-check'
[2026-05-18T15:42:04Z] commit-checkpoint: refused — current branch 'main' does not match state branch 'ticket/T103-t103-runtime-correctness-hotfixes-for-daemon-check'
[2026-05-18T15:42:40Z] commit-checkpoint: refused — current branch 'main' does not match state branch 'ticket/T103-t103-runtime-correctness-hotfixes-for-daemon-check'
[2026-05-18T15:43:16Z] commit-checkpoint: refused — current branch 'main' does not match state branch 'ticket/T103-t103-runtime-correctness-hotfixes-for-daemon-check'
[2026-05-18T15:43:52Z] commit-checkpoint: refused — current branch 'main' does not match state branch 'ticket/T103-t103-runtime-correctness-hotfixes-for-daemon-check'
[2026-05-18T15:44:28Z] commit-checkpoint: refused — current branch 'main' does not match state branch 'ticket/T103-t103-runtime-correctness-hotfixes-for-daemon-check'
[2026-05-18T15:45:04Z] commit-checkpoint: refused — current branch 'main' does not match state branch 'ticket/T103-t103-runtime-correctness-hotfixes-for-daemon-check'
[2026-05-18T15:45:40Z] commit-checkpoint: refused — current branch 'main' does not match state branch 'ticket/T103-t103-runtime-correctness-hotfixes-for-daemon-check'
[2026-05-18T15:46:16Z] commit-checkpoint: refused — current branch 'main' does not match state branch 'ticket/T103-t103-runtime-correctness-hotfixes-for-daemon-check'
[2026-05-18T15:46:51Z] commit-checkpoint: refused — current branch 'main' does not match state branch 'ticket/T103-t103-runtime-correctness-hotfixes-for-daemon-check'
[2026-05-18T15:47:27Z] commit-checkpoint: refused — current branch 'main' does not match state branch 'ticket/T103-t103-runtime-correctness-hotfixes-for-daemon-check'
[2026-05-18T15:48:03Z] commit-checkpoint: refused — current branch 'main' does not match state branch 'ticket/T103-t103-runtime-correctness-hotfixes-for-daemon-check'
[2026-05-18T15:48:39Z] commit-checkpoint: refused — current branch 'main' does not match state branch 'ticket/T103-t103-runtime-correctness-hotfixes-for-daemon-check'
[2026-05-18T15:49:15Z] commit-checkpoint: refused — current branch 'main' does not match state branch 'ticket/T103-t103-runtime-correctness-hotfixes-for-daemon-check'
[2026-05-18T15:49:51Z] commit-checkpoint: refused — current branch 'main' does not match state branch 'ticket/T103-t103-runtime-correctness-hotfixes-for-daemon-check'
[2026-05-18T15:50:27Z] commit-checkpoint: refused — current branch 'main' does not match state branch 'ticket/T103-t103-runtime-correctness-hotfixes-for-daemon-check'
[2026-05-18T15:51:03Z] commit-checkpoint: refused — current branch 'main' does not match state branch 'ticket/T103-t103-runtime-correctness-hotfixes-for-daemon-check'
[2026-05-18T15:51:39Z] commit-checkpoint: refused — current branch 'main' does not match state branch 'ticket/T103-t103-runtime-correctness-hotfixes-for-daemon-check'
[2026-05-18T15:52:14Z] commit-checkpoint: refused — current branch 'main' does not match state branch 'ticket/T103-t103-runtime-correctness-hotfixes-for-daemon-check'
[2026-05-18T15:52:50Z] commit-checkpoint: refused — current branch 'main' does not match state branch 'ticket/T103-t103-runtime-correctness-hotfixes-for-daemon-check'
[2026-05-18T15:53:26Z] commit-checkpoint: refused — current branch 'main' does not match state branch 'ticket/T103-t103-runtime-correctness-hotfixes-for-daemon-check'
[2026-05-18T15:54:02Z] commit-checkpoint: refused — current branch 'main' does not match state branch 'ticket/T103-t103-runtime-correctness-hotfixes-for-daemon-check'
[2026-05-18T15:54:38Z] commit-checkpoint: refused — current branch 'main' does not match state branch 'ticket/T103-t103-runtime-correctness-hotfixes-for-daemon-check'
[2026-05-18T15:55:14Z] commit-checkpoint: refused — current branch 'main' does not match state branch 'ticket/T103-t103-runtime-correctness-hotfixes-for-daemon-check'
[2026-05-18T15:55:50Z] commit-checkpoint: refused — current branch 'main' does not match state branch 'ticket/T103-t103-runtime-correctness-hotfixes-for-daemon-check'
[2026-05-18T15:56:26Z] commit-checkpoint: refused — current branch 'main' does not match state branch 'ticket/T103-t103-runtime-correctness-hotfixes-for-daemon-check'
[2026-05-18T15:57:02Z] commit-checkpoint: refused — current branch 'main' does not match state branch 'ticket/T103-t103-runtime-correctness-hotfixes-for-daemon-check'
[2026-05-18T15:57:38Z] commit-checkpoint: refused — current branch 'main' does not match state branch 'ticket/T103-t103-runtime-correctness-hotfixes-for-daemon-check'
[2026-05-18T15:58:14Z] commit-checkpoint: refused — current branch 'main' does not match state branch 'ticket/T103-t103-runtime-correctness-hotfixes-for-daemon-check'
[2026-05-18T15:58:50Z] commit-checkpoint: refused — current branch 'main' does not match state branch 'ticket/T103-t103-runtime-correctness-hotfixes-for-daemon-check'
[2026-05-18T15:59:26Z] commit-checkpoint: refused — current branch 'main' does not match state branch 'ticket/T103-t103-runtime-correctness-hotfixes-for-daemon-check'
[2026-05-18T16:00:02Z] commit-checkpoint: refused — current branch 'main' does not match state branch 'ticket/T103-t103-runtime-correctness-hotfixes-for-daemon-check'
[2026-05-18T16:00:39Z] commit-checkpoint: refused — current branch 'main' does not match state branch 'ticket/T103-t103-runtime-correctness-hotfixes-for-daemon-check'
[2026-05-18T16:01:15Z] commit-checkpoint: refused — current branch 'main' does not match state branch 'ticket/T103-t103-runtime-correctness-hotfixes-for-daemon-check'
[2026-05-18T16:01:51Z] commit-checkpoint: refused — current branch 'main' does not match state branch 'ticket/T103-t103-runtime-correctness-hotfixes-for-daemon-check'
[2026-05-18T16:02:27Z] commit-checkpoint: refused — current branch 'main' does not match state branch 'ticket/T103-t103-runtime-correctness-hotfixes-for-daemon-check'
[2026-05-18T16:03:03Z] commit-checkpoint: refused — current branch 'main' does not match state branch 'ticket/T103-t103-runtime-correctness-hotfixes-for-daemon-check'
[2026-05-18T16:03:38Z] commit-checkpoint: refused — current branch 'main' does not match state branch 'ticket/T103-t103-runtime-correctness-hotfixes-for-daemon-check'
[2026-05-18T16:04:15Z] commit-checkpoint: refused — current branch 'main' does not match state branch 'ticket/T103-t103-runtime-correctness-hotfixes-for-daemon-check'
[2026-05-18T16:04:51Z] commit-checkpoint: refused — current branch 'main' does not match state branch 'ticket/T103-t103-runtime-correctness-hotfixes-for-daemon-check'
[2026-05-18T16:05:27Z] commit-checkpoint: refused — current branch 'main' does not match state branch 'ticket/T103-t103-runtime-correctness-hotfixes-for-daemon-check'
[2026-05-18T16:06:03Z] commit-checkpoint: refused — current branch 'main' does not match state branch 'ticket/T103-t103-runtime-correctness-hotfixes-for-daemon-check'
[2026-05-18T16:06:39Z] commit-checkpoint: refused — current branch 'main' does not match state branch 'ticket/T103-t103-runtime-correctness-hotfixes-for-daemon-check'
[2026-05-18T16:07:15Z] commit-checkpoint: refused — current branch 'main' does not match state branch 'ticket/T103-t103-runtime-correctness-hotfixes-for-daemon-check'
[2026-05-18T16:07:51Z] commit-checkpoint: refused — current branch 'main' does not match state branch 'ticket/T103-t103-runtime-correctness-hotfixes-for-daemon-check'
[2026-05-18T16:08:27Z] commit-checkpoint: refused — current branch 'main' does not match state branch 'ticket/T103-t103-runtime-correctness-hotfixes-for-daemon-check'
[2026-05-18T16:09:03Z] commit-checkpoint: refused — current branch 'main' does not match state branch 'ticket/T103-t103-runtime-correctness-hotfixes-for-daemon-check'
[2026-05-18T16:09:39Z] commit-checkpoint: refused — current branch 'main' does not match state branch 'ticket/T103-t103-runtime-correctness-hotfixes-for-daemon-check'
[2026-05-18T16:10:15Z] commit-checkpoint: refused — current branch 'main' does not match state branch 'ticket/T103-t103-runtime-correctness-hotfixes-for-daemon-check'
[2026-05-18T16:10:51Z] commit-checkpoint: refused — current branch 'main' does not match state branch 'ticket/T103-t103-runtime-correctness-hotfixes-for-daemon-check'
[2026-05-18T16:11:27Z] commit-checkpoint: refused — current branch 'main' does not match state branch 'ticket/T103-t103-runtime-correctness-hotfixes-for-daemon-check'
[2026-05-18T16:12:02Z] commit-checkpoint: refused — current branch 'main' does not match state branch 'ticket/T103-t103-runtime-correctness-hotfixes-for-daemon-check'
[2026-05-18T16:12:38Z] commit-checkpoint: refused — current branch 'main' does not match state branch 'ticket/T103-t103-runtime-correctness-hotfixes-for-daemon-check'
[2026-05-18T16:13:14Z] commit-checkpoint: refused — current branch 'main' does not match state branch 'ticket/T103-t103-runtime-correctness-hotfixes-for-daemon-check'
[2026-05-18T16:13:50Z] commit-checkpoint: refused — current branch 'main' does not match state branch 'ticket/T103-t103-runtime-correctness-hotfixes-for-daemon-check'
[2026-05-18T16:14:26Z] commit-checkpoint: refused — current branch 'main' does not match state branch 'ticket/T103-t103-runtime-correctness-hotfixes-for-daemon-check'
[2026-05-18T16:15:03Z] commit-checkpoint: refused — current branch 'main' does not match state branch 'ticket/T103-t103-runtime-correctness-hotfixes-for-daemon-check'
[2026-05-18T16:15:39Z] commit-checkpoint: refused — current branch 'main' does not match state branch 'ticket/T103-t103-runtime-correctness-hotfixes-for-daemon-check'
[2026-05-18T16:16:15Z] commit-checkpoint: refused — current branch 'main' does not match state branch 'ticket/T103-t103-runtime-correctness-hotfixes-for-daemon-check'
[2026-05-18T16:16:51Z] commit-checkpoint: refused — current branch 'main' does not match state branch 'ticket/T103-t103-runtime-correctness-hotfixes-for-daemon-check'
[2026-05-18T16:17:27Z] commit-checkpoint: refused — current branch 'main' does not match state branch 'ticket/T103-t103-runtime-correctness-hotfixes-for-daemon-check'
[2026-05-18T16:18:03Z] commit-checkpoint: refused — current branch 'main' does not match state branch 'ticket/T103-t103-runtime-correctness-hotfixes-for-daemon-check'
[2026-05-18T16:18:39Z] commit-checkpoint: refused — current branch 'main' does not match state branch 'ticket/T103-t103-runtime-correctness-hotfixes-for-daemon-check'
[2026-05-18T16:19:15Z] commit-checkpoint: refused — current branch 'main' does not match state branch 'ticket/T103-t103-runtime-correctness-hotfixes-for-daemon-check'
[2026-05-18T16:19:51Z] commit-checkpoint: refused — current branch 'main' does not match state branch 'ticket/T103-t103-runtime-correctness-hotfixes-for-daemon-check'
[2026-05-18T16:20:27Z] commit-checkpoint: refused — current branch 'main' does not match state branch 'ticket/T103-t103-runtime-correctness-hotfixes-for-daemon-check'
[2026-05-18T16:21:03Z] commit-checkpoint: refused — current branch 'main' does not match state branch 'ticket/T103-t103-runtime-correctness-hotfixes-for-daemon-check'
[2026-05-18T16:21:39Z] commit-checkpoint: refused — current branch 'main' does not match state branch 'ticket/T103-t103-runtime-correctness-hotfixes-for-daemon-check'
[2026-05-18T16:22:15Z] commit-checkpoint: refused — current branch 'main' does not match state branch 'ticket/T103-t103-runtime-correctness-hotfixes-for-daemon-check'
[2026-05-18T16:22:50Z] commit-checkpoint: refused — current branch 'main' does not match state branch 'ticket/T103-t103-runtime-correctness-hotfixes-for-daemon-check'
[2026-05-18T16:23:27Z] commit-checkpoint: refused — current branch 'main' does not match state branch 'ticket/T103-t103-runtime-correctness-hotfixes-for-daemon-check'
[2026-05-18T16:24:02Z] commit-checkpoint: refused — current branch 'main' does not match state branch 'ticket/T103-t103-runtime-correctness-hotfixes-for-daemon-check'
[2026-05-18T16:24:38Z] commit-checkpoint: refused — current branch 'main' does not match state branch 'ticket/T103-t103-runtime-correctness-hotfixes-for-daemon-check'
[2026-05-18T16:25:14Z] commit-checkpoint: refused — current branch 'main' does not match state branch 'ticket/T103-t103-runtime-correctness-hotfixes-for-daemon-check'
[2026-05-18T16:25:50Z] commit-checkpoint: refused — current branch 'main' does not match state branch 'ticket/T103-t103-runtime-correctness-hotfixes-for-daemon-check'
[2026-05-18T16:26:26Z] commit-checkpoint: refused — current branch 'main' does not match state branch 'ticket/T103-t103-runtime-correctness-hotfixes-for-daemon-check'
[2026-05-18T16:27:02Z] commit-checkpoint: refused — current branch 'main' does not match state branch 'ticket/T103-t103-runtime-correctness-hotfixes-for-daemon-check'
[2026-05-18T16:27:38Z] commit-checkpoint: refused — current branch 'main' does not match state branch 'ticket/T103-t103-runtime-correctness-hotfixes-for-daemon-check'
[2026-05-18T16:28:14Z] commit-checkpoint: refused — current branch 'main' does not match state branch 'ticket/T103-t103-runtime-correctness-hotfixes-for-daemon-check'
[2026-05-18T16:28:50Z] commit-checkpoint: refused — current branch 'main' does not match state branch 'ticket/T103-t103-runtime-correctness-hotfixes-for-daemon-check'
[2026-05-18T16:29:26Z] commit-checkpoint: refused — current branch 'main' does not match state branch 'ticket/T103-t103-runtime-correctness-hotfixes-for-daemon-check'
[2026-05-18T16:30:02Z] commit-checkpoint: refused — current branch 'main' does not match state branch 'ticket/T103-t103-runtime-correctness-hotfixes-for-daemon-check'
[2026-05-18T16:30:38Z] commit-checkpoint: refused — current branch 'main' does not match state branch 'ticket/T103-t103-runtime-correctness-hotfixes-for-daemon-check'
[2026-05-18T16:31:14Z] commit-checkpoint: refused — current branch 'main' does not match state branch 'ticket/T103-t103-runtime-correctness-hotfixes-for-daemon-check'
[2026-05-18T16:31:50Z] commit-checkpoint: refused — current branch 'main' does not match state branch 'ticket/T103-t103-runtime-correctness-hotfixes-for-daemon-check'
[2026-05-18T16:32:26Z] commit-checkpoint: refused — current branch 'main' does not match state branch 'ticket/T103-t103-runtime-correctness-hotfixes-for-daemon-check'
[2026-05-18T16:33:02Z] commit-checkpoint: refused — current branch 'main' does not match state branch 'ticket/T103-t103-runtime-correctness-hotfixes-for-daemon-check'
[2026-05-18T16:33:39Z] commit-checkpoint: refused — current branch 'main' does not match state branch 'ticket/T103-t103-runtime-correctness-hotfixes-for-daemon-check'
[2026-05-18T16:34:14Z] commit-checkpoint: refused — current branch 'main' does not match state branch 'ticket/T103-t103-runtime-correctness-hotfixes-for-daemon-check'
[2026-05-18T16:34:50Z] commit-checkpoint: refused — current branch 'main' does not match state branch 'ticket/T103-t103-runtime-correctness-hotfixes-for-daemon-check'
[2026-05-18T16:35:26Z] commit-checkpoint: refused — current branch 'main' does not match state branch 'ticket/T103-t103-runtime-correctness-hotfixes-for-daemon-check'
[2026-05-18T16:36:02Z] commit-checkpoint: refused — current branch 'main' does not match state branch 'ticket/T103-t103-runtime-correctness-hotfixes-for-daemon-check'
[2026-05-18T16:36:38Z] commit-checkpoint: refused — current branch 'main' does not match state branch 'ticket/T103-t103-runtime-correctness-hotfixes-for-daemon-check'
[2026-05-18T16:37:14Z] commit-checkpoint: refused — current branch 'main' does not match state branch 'ticket/T103-t103-runtime-correctness-hotfixes-for-daemon-check'
[2026-05-18T16:37:50Z] commit-checkpoint: refused — current branch 'main' does not match state branch 'ticket/T103-t103-runtime-correctness-hotfixes-for-daemon-check'
[2026-05-18T16:38:26Z] commit-checkpoint: refused — current branch 'main' does not match state branch 'ticket/T103-t103-runtime-correctness-hotfixes-for-daemon-check'
[2026-05-18T16:39:02Z] commit-checkpoint: refused — current branch 'main' does not match state branch 'ticket/T103-t103-runtime-correctness-hotfixes-for-daemon-check'
[2026-05-18T16:39:38Z] commit-checkpoint: refused — current branch 'main' does not match state branch 'ticket/T103-t103-runtime-correctness-hotfixes-for-daemon-check'
[2026-05-18T16:40:13Z] commit-checkpoint: refused — current branch 'main' does not match state branch 'ticket/T103-t103-runtime-correctness-hotfixes-for-daemon-check'
[2026-05-18T16:40:49Z] commit-checkpoint: refused — current branch 'main' does not match state branch 'ticket/T103-t103-runtime-correctness-hotfixes-for-daemon-check'
[2026-05-18T16:41:25Z] commit-checkpoint: refused — current branch 'main' does not match state branch 'ticket/T103-t103-runtime-correctness-hotfixes-for-daemon-check'
[2026-05-18T16:42:01Z] commit-checkpoint: refused — current branch 'main' does not match state branch 'ticket/T103-t103-runtime-correctness-hotfixes-for-daemon-check'
[2026-05-18T16:42:37Z] commit-checkpoint: refused — current branch 'main' does not match state branch 'ticket/T103-t103-runtime-correctness-hotfixes-for-daemon-check'
[2026-05-18T16:43:12Z] commit-checkpoint: refused — current branch 'main' does not match state branch 'ticket/T103-t103-runtime-correctness-hotfixes-for-daemon-check'
[2026-05-18T16:43:48Z] commit-checkpoint: refused — current branch 'main' does not match state branch 'ticket/T103-t103-runtime-correctness-hotfixes-for-daemon-check'
[2026-05-18T16:44:24Z] commit-checkpoint: refused — current branch 'main' does not match state branch 'ticket/T103-t103-runtime-correctness-hotfixes-for-daemon-check'
[2026-05-18T16:45:00Z] commit-checkpoint: refused — current branch 'main' does not match state branch 'ticket/T103-t103-runtime-correctness-hotfixes-for-daemon-check'
[2026-05-18T16:45:36Z] commit-checkpoint: refused — current branch 'main' does not match state branch 'ticket/T103-t103-runtime-correctness-hotfixes-for-daemon-check'
[2026-05-18T16:46:12Z] commit-checkpoint: refused — current branch 'main' does not match state branch 'ticket/T103-t103-runtime-correctness-hotfixes-for-daemon-check'
[2026-05-18T16:46:48Z] commit-checkpoint: refused — current branch 'main' does not match state branch 'ticket/T103-t103-runtime-correctness-hotfixes-for-daemon-check'
[2026-05-18T16:47:24Z] commit-checkpoint: refused — current branch 'main' does not match state branch 'ticket/T103-t103-runtime-correctness-hotfixes-for-daemon-check'
[2026-05-18T16:47:59Z] commit-checkpoint: refused — current branch 'main' does not match state branch 'ticket/T103-t103-runtime-correctness-hotfixes-for-daemon-check'
[2026-05-18T16:48:35Z] commit-checkpoint: refused — current branch 'main' does not match state branch 'ticket/T103-t103-runtime-correctness-hotfixes-for-daemon-check'
[2026-05-18T16:49:11Z] commit-checkpoint: refused — current branch 'main' does not match state branch 'ticket/T103-t103-runtime-correctness-hotfixes-for-daemon-check'
[2026-05-18T16:49:47Z] commit-checkpoint: refused — current branch 'main' does not match state branch 'ticket/T103-t103-runtime-correctness-hotfixes-for-daemon-check'
[2026-05-18T16:50:23Z] commit-checkpoint: refused — current branch 'main' does not match state branch 'ticket/T103-t103-runtime-correctness-hotfixes-for-daemon-check'
[2026-05-18T16:50:59Z] commit-checkpoint: refused — current branch 'main' does not match state branch 'ticket/T103-t103-runtime-correctness-hotfixes-for-daemon-check'
[2026-05-18T16:51:35Z] commit-checkpoint: refused — current branch 'main' does not match state branch 'ticket/T103-t103-runtime-correctness-hotfixes-for-daemon-check'
[2026-05-18T16:52:10Z] commit-checkpoint: refused — current branch 'main' does not match state branch 'ticket/T103-t103-runtime-correctness-hotfixes-for-daemon-check'
[2026-05-18T16:52:46Z] commit-checkpoint: refused — current branch 'main' does not match state branch 'ticket/T103-t103-runtime-correctness-hotfixes-for-daemon-check'
[2026-05-18T16:53:22Z] commit-checkpoint: refused — current branch 'main' does not match state branch 'ticket/T103-t103-runtime-correctness-hotfixes-for-daemon-check'
[2026-05-18T16:53:58Z] commit-checkpoint: refused — current branch 'main' does not match state branch 'ticket/T103-t103-runtime-correctness-hotfixes-for-daemon-check'
[2026-05-18T16:54:34Z] commit-checkpoint: refused — current branch 'main' does not match state branch 'ticket/T103-t103-runtime-correctness-hotfixes-for-daemon-check'
[2026-05-18T16:55:10Z] commit-checkpoint: refused — current branch 'main' does not match state branch 'ticket/T103-t103-runtime-correctness-hotfixes-for-daemon-check'
[2026-05-18T16:55:46Z] commit-checkpoint: refused — current branch 'main' does not match state branch 'ticket/T103-t103-runtime-correctness-hotfixes-for-daemon-check'
[2026-05-18T16:56:22Z] commit-checkpoint: refused — current branch 'main' does not match state branch 'ticket/T103-t103-runtime-correctness-hotfixes-for-daemon-check'
[2026-05-18T16:56:58Z] commit-checkpoint: refused — current branch 'main' does not match state branch 'ticket/T103-t103-runtime-correctness-hotfixes-for-daemon-check'
[2026-05-18T16:57:34Z] commit-checkpoint: refused — current branch 'main' does not match state branch 'ticket/T103-t103-runtime-correctness-hotfixes-for-daemon-check'
[2026-05-18T16:58:10Z] commit-checkpoint: refused — current branch 'main' does not match state branch 'ticket/T103-t103-runtime-correctness-hotfixes-for-daemon-check'
[2026-05-18T16:58:46Z] commit-checkpoint: refused — current branch 'main' does not match state branch 'ticket/T103-t103-runtime-correctness-hotfixes-for-daemon-check'
[2026-05-18T16:59:21Z] commit-checkpoint: refused — current branch 'main' does not match state branch 'ticket/T103-t103-runtime-correctness-hotfixes-for-daemon-check'
[2026-05-18T16:59:57Z] commit-checkpoint: refused — current branch 'main' does not match state branch 'ticket/T103-t103-runtime-correctness-hotfixes-for-daemon-check'
[2026-05-18T17:00:34Z] commit-checkpoint: refused — current branch 'main' does not match state branch 'ticket/T103-t103-runtime-correctness-hotfixes-for-daemon-check'
[2026-05-18T17:01:10Z] commit-checkpoint: refused — current branch 'main' does not match state branch 'ticket/T103-t103-runtime-correctness-hotfixes-for-daemon-check'
[2026-05-18T17:01:46Z] commit-checkpoint: refused — current branch 'main' does not match state branch 'ticket/T103-t103-runtime-correctness-hotfixes-for-daemon-check'
[2026-05-18T17:02:22Z] commit-checkpoint: refused — current branch 'main' does not match state branch 'ticket/T103-t103-runtime-correctness-hotfixes-for-daemon-check'
[2026-05-18T17:02:57Z] commit-checkpoint: refused — current branch 'main' does not match state branch 'ticket/T103-t103-runtime-correctness-hotfixes-for-daemon-check'
[2026-05-18T17:03:33Z] commit-checkpoint: refused — current branch 'main' does not match state branch 'ticket/T103-t103-runtime-correctness-hotfixes-for-daemon-check'
[2026-05-18T17:04:09Z] commit-checkpoint: refused — current branch 'main' does not match state branch 'ticket/T103-t103-runtime-correctness-hotfixes-for-daemon-check'
[2026-05-18T17:04:45Z] commit-checkpoint: refused — current branch 'main' does not match state branch 'ticket/T103-t103-runtime-correctness-hotfixes-for-daemon-check'
[2026-05-18T17:05:21Z] commit-checkpoint: refused — current branch 'main' does not match state branch 'ticket/T103-t103-runtime-correctness-hotfixes-for-daemon-check'
[2026-05-18T17:05:57Z] commit-checkpoint: refused — current branch 'main' does not match state branch 'ticket/T103-t103-runtime-correctness-hotfixes-for-daemon-check'
[2026-05-18T17:06:33Z] commit-checkpoint: refused — current branch 'main' does not match state branch 'ticket/T103-t103-runtime-correctness-hotfixes-for-daemon-check'
[2026-05-18T17:07:09Z] commit-checkpoint: refused — current branch 'main' does not match state branch 'ticket/T103-t103-runtime-correctness-hotfixes-for-daemon-check'
[2026-05-18T17:07:45Z] commit-checkpoint: refused — current branch 'main' does not match state branch 'ticket/T103-t103-runtime-correctness-hotfixes-for-daemon-check'
[2026-05-18T17:08:21Z] commit-checkpoint: refused — current branch 'main' does not match state branch 'ticket/T103-t103-runtime-correctness-hotfixes-for-daemon-check'
[2026-05-18T17:08:56Z] commit-checkpoint: refused — current branch 'main' does not match state branch 'ticket/T103-t103-runtime-correctness-hotfixes-for-daemon-check'
[2026-05-18T17:09:32Z] commit-checkpoint: refused — current branch 'main' does not match state branch 'ticket/T103-t103-runtime-correctness-hotfixes-for-daemon-check'
[2026-05-18T17:10:08Z] commit-checkpoint: refused — current branch 'main' does not match state branch 'ticket/T103-t103-runtime-correctness-hotfixes-for-daemon-check'
[2026-05-18T17:10:46Z] commit-checkpoint: refused — current branch 'main' does not match state branch 'ticket/T103-t103-runtime-correctness-hotfixes-for-daemon-check'
[2026-05-18T17:11:21Z] commit-checkpoint: refused — current branch 'main' does not match state branch 'ticket/T103-t103-runtime-correctness-hotfixes-for-daemon-check'
[2026-05-18T17:11:57Z] commit-checkpoint: refused — current branch 'main' does not match state branch 'ticket/T103-t103-runtime-correctness-hotfixes-for-daemon-check'
[2026-05-18T17:12:33Z] commit-checkpoint: refused — current branch 'main' does not match state branch 'ticket/T103-t103-runtime-correctness-hotfixes-for-daemon-check'
[2026-05-18T17:13:09Z] commit-checkpoint: refused — current branch 'main' does not match state branch 'ticket/T103-t103-runtime-correctness-hotfixes-for-daemon-check'
[2026-05-18T17:13:45Z] commit-checkpoint: refused — current branch 'main' does not match state branch 'ticket/T103-t103-runtime-correctness-hotfixes-for-daemon-check'
[2026-05-18T17:14:21Z] commit-checkpoint: refused — current branch 'main' does not match state branch 'ticket/T103-t103-runtime-correctness-hotfixes-for-daemon-check'
[2026-05-18T17:14:57Z] commit-checkpoint: refused — current branch 'main' does not match state branch 'ticket/T103-t103-runtime-correctness-hotfixes-for-daemon-check'
[2026-05-18T17:15:33Z] commit-checkpoint: refused — current branch 'main' does not match state branch 'ticket/T103-t103-runtime-correctness-hotfixes-for-daemon-check'
[2026-05-18T17:16:09Z] commit-checkpoint: refused — current branch 'main' does not match state branch 'ticket/T103-t103-runtime-correctness-hotfixes-for-daemon-check'
[2026-05-18T17:16:45Z] commit-checkpoint: refused — current branch 'main' does not match state branch 'ticket/T103-t103-runtime-correctness-hotfixes-for-daemon-check'
[2026-05-18T17:17:21Z] commit-checkpoint: refused — current branch 'main' does not match state branch 'ticket/T103-t103-runtime-correctness-hotfixes-for-daemon-check'
[2026-05-18T17:17:57Z] commit-checkpoint: refused — current branch 'main' does not match state branch 'ticket/T103-t103-runtime-correctness-hotfixes-for-daemon-check'
[2026-05-18T17:18:33Z] commit-checkpoint: refused — current branch 'main' does not match state branch 'ticket/T103-t103-runtime-correctness-hotfixes-for-daemon-check'
[2026-05-18T17:19:09Z] commit-checkpoint: refused — current branch 'main' does not match state branch 'ticket/T103-t103-runtime-correctness-hotfixes-for-daemon-check'
[2026-05-18T17:19:44Z] commit-checkpoint: refused — current branch 'main' does not match state branch 'ticket/T103-t103-runtime-correctness-hotfixes-for-daemon-check'
[2026-05-18T17:20:20Z] commit-checkpoint: refused — current branch 'main' does not match state branch 'ticket/T103-t103-runtime-correctness-hotfixes-for-daemon-check'
[2026-05-18T17:20:56Z] commit-checkpoint: refused — current branch 'main' does not match state branch 'ticket/T103-t103-runtime-correctness-hotfixes-for-daemon-check'
[2026-05-18T17:21:32Z] commit-checkpoint: refused — current branch 'main' does not match state branch 'ticket/T103-t103-runtime-correctness-hotfixes-for-daemon-check'
[2026-05-18T17:22:08Z] commit-checkpoint: refused — current branch 'main' does not match state branch 'ticket/T103-t103-runtime-correctness-hotfixes-for-daemon-check'
[2026-05-18T17:22:44Z] commit-checkpoint: refused — current branch 'main' does not match state branch 'ticket/T103-t103-runtime-correctness-hotfixes-for-daemon-check'
[2026-05-18T17:23:20Z] commit-checkpoint: refused — current branch 'main' does not match state branch 'ticket/T103-t103-runtime-correctness-hotfixes-for-daemon-check'
[2026-05-18T17:23:56Z] commit-checkpoint: refused — current branch 'main' does not match state branch 'ticket/T103-t103-runtime-correctness-hotfixes-for-daemon-check'
[2026-05-18T17:24:31Z] commit-checkpoint: refused — current branch 'main' does not match state branch 'ticket/T103-t103-runtime-correctness-hotfixes-for-daemon-check'
[2026-05-18T17:25:08Z] commit-checkpoint: refused — current branch 'main' does not match state branch 'ticket/T103-t103-runtime-correctness-hotfixes-for-daemon-check'
[2026-05-18T17:25:43Z] commit-checkpoint: refused — current branch 'main' does not match state branch 'ticket/T103-t103-runtime-correctness-hotfixes-for-daemon-check'
[2026-05-18T17:26:19Z] commit-checkpoint: refused — current branch 'main' does not match state branch 'ticket/T103-t103-runtime-correctness-hotfixes-for-daemon-check'
[2026-05-18T17:26:55Z] commit-checkpoint: refused — current branch 'main' does not match state branch 'ticket/T103-t103-runtime-correctness-hotfixes-for-daemon-check'
[2026-05-18T17:27:31Z] commit-checkpoint: refused — current branch 'main' does not match state branch 'ticket/T103-t103-runtime-correctness-hotfixes-for-daemon-check'
[2026-05-18T17:28:07Z] commit-checkpoint: refused — current branch 'main' does not match state branch 'ticket/T103-t103-runtime-correctness-hotfixes-for-daemon-check'
[2026-05-18T17:28:43Z] commit-checkpoint: refused — current branch 'main' does not match state branch 'ticket/T103-t103-runtime-correctness-hotfixes-for-daemon-check'
[2026-05-18T17:29:19Z] commit-checkpoint: refused — current branch 'main' does not match state branch 'ticket/T103-t103-runtime-correctness-hotfixes-for-daemon-check'
[2026-05-18T17:29:54Z] commit-checkpoint: refused — current branch 'main' does not match state branch 'ticket/T103-t103-runtime-correctness-hotfixes-for-daemon-check'
[2026-05-18T17:30:30Z] commit-checkpoint: refused — current branch 'main' does not match state branch 'ticket/T103-t103-runtime-correctness-hotfixes-for-daemon-check'
[2026-05-18T17:31:06Z] commit-checkpoint: refused — current branch 'main' does not match state branch 'ticket/T103-t103-runtime-correctness-hotfixes-for-daemon-check'
[2026-05-18T17:31:42Z] commit-checkpoint: refused — current branch 'main' does not match state branch 'ticket/T103-t103-runtime-correctness-hotfixes-for-daemon-check'
[2026-05-18T17:32:18Z] commit-checkpoint: refused — current branch 'main' does not match state branch 'ticket/T103-t103-runtime-correctness-hotfixes-for-daemon-check'
[2026-05-18T17:32:54Z] commit-checkpoint: refused — current branch 'main' does not match state branch 'ticket/T103-t103-runtime-correctness-hotfixes-for-daemon-check'
[2026-05-18T17:33:29Z] commit-checkpoint: refused — current branch 'main' does not match state branch 'ticket/T103-t103-runtime-correctness-hotfixes-for-daemon-check'
[2026-05-18T17:34:05Z] commit-checkpoint: refused — current branch 'main' does not match state branch 'ticket/T103-t103-runtime-correctness-hotfixes-for-daemon-check'
[2026-05-18T17:34:41Z] commit-checkpoint: refused — current branch 'main' does not match state branch 'ticket/T103-t103-runtime-correctness-hotfixes-for-daemon-check'
[2026-05-18T17:35:17Z] commit-checkpoint: refused — current branch 'main' does not match state branch 'ticket/T103-t103-runtime-correctness-hotfixes-for-daemon-check'
[2026-05-18T17:35:53Z] commit-checkpoint: refused — current branch 'main' does not match state branch 'ticket/T103-t103-runtime-correctness-hotfixes-for-daemon-check'
[2026-05-18T17:36:29Z] commit-checkpoint: refused — current branch 'main' does not match state branch 'ticket/T103-t103-runtime-correctness-hotfixes-for-daemon-check'
[2026-05-18T17:37:04Z] commit-checkpoint: refused — current branch 'main' does not match state branch 'ticket/T103-t103-runtime-correctness-hotfixes-for-daemon-check'
[2026-05-18T17:37:40Z] commit-checkpoint: refused — current branch 'main' does not match state branch 'ticket/T103-t103-runtime-correctness-hotfixes-for-daemon-check'
[2026-05-18T17:38:16Z] commit-checkpoint: refused — current branch 'main' does not match state branch 'ticket/T103-t103-runtime-correctness-hotfixes-for-daemon-check'
[2026-05-18T17:38:52Z] commit-checkpoint: refused — current branch 'main' does not match state branch 'ticket/T103-t103-runtime-correctness-hotfixes-for-daemon-check'
[2026-05-18T17:39:28Z] commit-checkpoint: refused — current branch 'main' does not match state branch 'ticket/T103-t103-runtime-correctness-hotfixes-for-daemon-check'
[2026-05-18T17:40:04Z] commit-checkpoint: refused — current branch 'main' does not match state branch 'ticket/T103-t103-runtime-correctness-hotfixes-for-daemon-check'
[2026-05-18T17:40:40Z] commit-checkpoint: refused — current branch 'main' does not match state branch 'ticket/T103-t103-runtime-correctness-hotfixes-for-daemon-check'
[2026-05-18T17:41:15Z] commit-checkpoint: refused — current branch 'main' does not match state branch 'ticket/T103-t103-runtime-correctness-hotfixes-for-daemon-check'
[2026-05-18T17:41:51Z] commit-checkpoint: refused — current branch 'main' does not match state branch 'ticket/T103-t103-runtime-correctness-hotfixes-for-daemon-check'
[2026-05-18T17:42:27Z] commit-checkpoint: refused — current branch 'main' does not match state branch 'ticket/T103-t103-runtime-correctness-hotfixes-for-daemon-check'
[2026-05-18T17:43:03Z] commit-checkpoint: refused — current branch 'main' does not match state branch 'ticket/T103-t103-runtime-correctness-hotfixes-for-daemon-check'
[2026-05-18T17:43:39Z] commit-checkpoint: refused — current branch 'main' does not match state branch 'ticket/T103-t103-runtime-correctness-hotfixes-for-daemon-check'
[2026-05-18T17:44:15Z] commit-checkpoint: refused — current branch 'main' does not match state branch 'ticket/T103-t103-runtime-correctness-hotfixes-for-daemon-check'
[2026-05-18T17:44:51Z] commit-checkpoint: refused — current branch 'main' does not match state branch 'ticket/T103-t103-runtime-correctness-hotfixes-for-daemon-check'
[2026-05-18T17:45:26Z] commit-checkpoint: refused — current branch 'main' does not match state branch 'ticket/T103-t103-runtime-correctness-hotfixes-for-daemon-check'
[2026-05-18T17:46:03Z] commit-checkpoint: refused — current branch 'main' does not match state branch 'ticket/T103-t103-runtime-correctness-hotfixes-for-daemon-check'
[2026-05-18T17:46:38Z] commit-checkpoint: refused — current branch 'main' does not match state branch 'ticket/T103-t103-runtime-correctness-hotfixes-for-daemon-check'
[2026-05-18T17:47:14Z] commit-checkpoint: refused — current branch 'main' does not match state branch 'ticket/T103-t103-runtime-correctness-hotfixes-for-daemon-check'
[2026-05-18T17:47:50Z] commit-checkpoint: refused — current branch 'main' does not match state branch 'ticket/T103-t103-runtime-correctness-hotfixes-for-daemon-check'
[2026-05-18T17:48:26Z] commit-checkpoint: refused — current branch 'main' does not match state branch 'ticket/T103-t103-runtime-correctness-hotfixes-for-daemon-check'
[2026-05-18T17:49:02Z] commit-checkpoint: refused — current branch 'main' does not match state branch 'ticket/T103-t103-runtime-correctness-hotfixes-for-daemon-check'
[2026-05-18T17:49:38Z] commit-checkpoint: refused — current branch 'main' does not match state branch 'ticket/T103-t103-runtime-correctness-hotfixes-for-daemon-check'
[2026-05-18T17:50:14Z] commit-checkpoint: refused — current branch 'main' does not match state branch 'ticket/T103-t103-runtime-correctness-hotfixes-for-daemon-check'
[2026-05-18T17:50:49Z] commit-checkpoint: refused — current branch 'main' does not match state branch 'ticket/T103-t103-runtime-correctness-hotfixes-for-daemon-check'
[2026-05-18T17:51:25Z] commit-checkpoint: refused — current branch 'main' does not match state branch 'ticket/T103-t103-runtime-correctness-hotfixes-for-daemon-check'
[2026-05-18T17:52:01Z] commit-checkpoint: refused — current branch 'main' does not match state branch 'ticket/T103-t103-runtime-correctness-hotfixes-for-daemon-check'
[2026-05-18T17:52:37Z] commit-checkpoint: refused — current branch 'main' does not match state branch 'ticket/T103-t103-runtime-correctness-hotfixes-for-daemon-check'
[2026-05-18T17:53:13Z] commit-checkpoint: refused — current branch 'main' does not match state branch 'ticket/T103-t103-runtime-correctness-hotfixes-for-daemon-check'
[2026-05-18T17:53:49Z] commit-checkpoint: refused — current branch 'main' does not match state branch 'ticket/T103-t103-runtime-correctness-hotfixes-for-daemon-check'
[2026-05-18T17:54:25Z] commit-checkpoint: refused — current branch 'main' does not match state branch 'ticket/T103-t103-runtime-correctness-hotfixes-for-daemon-check'
[2026-05-18T17:55:01Z] commit-checkpoint: refused — current branch 'main' does not match state branch 'ticket/T103-t103-runtime-correctness-hotfixes-for-daemon-check'
[2026-05-18T17:55:37Z] commit-checkpoint: refused — current branch 'main' does not match state branch 'ticket/T103-t103-runtime-correctness-hotfixes-for-daemon-check'
[2026-05-18T17:56:13Z] commit-checkpoint: refused — current branch 'main' does not match state branch 'ticket/T103-t103-runtime-correctness-hotfixes-for-daemon-check'
[2026-05-18T17:56:49Z] commit-checkpoint: refused — current branch 'main' does not match state branch 'ticket/T103-t103-runtime-correctness-hotfixes-for-daemon-check'
[2026-05-18T17:57:25Z] commit-checkpoint: refused — current branch 'main' does not match state branch 'ticket/T103-t103-runtime-correctness-hotfixes-for-daemon-check'
[2026-05-18T17:58:00Z] commit-checkpoint: refused — current branch 'main' does not match state branch 'ticket/T103-t103-runtime-correctness-hotfixes-for-daemon-check'
[2026-05-18T17:58:36Z] commit-checkpoint: refused — current branch 'main' does not match state branch 'ticket/T103-t103-runtime-correctness-hotfixes-for-daemon-check'
[2026-05-18T17:59:12Z] commit-checkpoint: refused — current branch 'main' does not match state branch 'ticket/T103-t103-runtime-correctness-hotfixes-for-daemon-check'
[2026-05-18T17:59:48Z] commit-checkpoint: refused — current branch 'main' does not match state branch 'ticket/T103-t103-runtime-correctness-hotfixes-for-daemon-check'
[2026-05-18T18:00:24Z] commit-checkpoint: refused — current branch 'main' does not match state branch 'ticket/T103-t103-runtime-correctness-hotfixes-for-daemon-check'
[2026-05-18T18:01:00Z] commit-checkpoint: refused — current branch 'main' does not match state branch 'ticket/T103-t103-runtime-correctness-hotfixes-for-daemon-check'
[2026-05-18T18:01:36Z] commit-checkpoint: refused — current branch 'main' does not match state branch 'ticket/T103-t103-runtime-correctness-hotfixes-for-daemon-check'
[2026-05-18T18:02:12Z] commit-checkpoint: refused — current branch 'main' does not match state branch 'ticket/T103-t103-runtime-correctness-hotfixes-for-daemon-check'
[2026-05-18T18:02:48Z] commit-checkpoint: refused — current branch 'main' does not match state branch 'ticket/T103-t103-runtime-correctness-hotfixes-for-daemon-check'
[2026-05-18T18:03:23Z] commit-checkpoint: refused — current branch 'main' does not match state branch 'ticket/T103-t103-runtime-correctness-hotfixes-for-daemon-check'
[2026-05-18T18:03:59Z] commit-checkpoint: refused — current branch 'main' does not match state branch 'ticket/T103-t103-runtime-correctness-hotfixes-for-daemon-check'
[2026-05-18T18:04:35Z] commit-checkpoint: refused — current branch 'main' does not match state branch 'ticket/T103-t103-runtime-correctness-hotfixes-for-daemon-check'
[2026-05-18T18:05:11Z] commit-checkpoint: refused — current branch 'main' does not match state branch 'ticket/T103-t103-runtime-correctness-hotfixes-for-daemon-check'
[2026-05-18T18:05:47Z] commit-checkpoint: refused — current branch 'main' does not match state branch 'ticket/T103-t103-runtime-correctness-hotfixes-for-daemon-check'
[2026-05-18T18:06:23Z] commit-checkpoint: refused — current branch 'main' does not match state branch 'ticket/T103-t103-runtime-correctness-hotfixes-for-daemon-check'
[2026-05-18T18:06:59Z] commit-checkpoint: refused — current branch 'main' does not match state branch 'ticket/T103-t103-runtime-correctness-hotfixes-for-daemon-check'
[2026-05-18T18:07:35Z] commit-checkpoint: refused — current branch 'main' does not match state branch 'ticket/T103-t103-runtime-correctness-hotfixes-for-daemon-check'
[2026-05-18T18:08:11Z] commit-checkpoint: refused — current branch 'main' does not match state branch 'ticket/T103-t103-runtime-correctness-hotfixes-for-daemon-check'
[2026-05-18T18:08:47Z] commit-checkpoint: refused — current branch 'main' does not match state branch 'ticket/T103-t103-runtime-correctness-hotfixes-for-daemon-check'
[2026-05-18T18:09:23Z] commit-checkpoint: refused — current branch 'main' does not match state branch 'ticket/T103-t103-runtime-correctness-hotfixes-for-daemon-check'
[2026-05-18T18:09:59Z] commit-checkpoint: refused — current branch 'main' does not match state branch 'ticket/T103-t103-runtime-correctness-hotfixes-for-daemon-check'
[2026-05-18T18:10:35Z] commit-checkpoint: refused — current branch 'main' does not match state branch 'ticket/T103-t103-runtime-correctness-hotfixes-for-daemon-check'
[2026-05-18T18:11:11Z] commit-checkpoint: refused — current branch 'main' does not match state branch 'ticket/T103-t103-runtime-correctness-hotfixes-for-daemon-check'
[2026-05-18T18:11:47Z] commit-checkpoint: refused — current branch 'main' does not match state branch 'ticket/T103-t103-runtime-correctness-hotfixes-for-daemon-check'
[2026-05-18T18:12:23Z] commit-checkpoint: refused — current branch 'main' does not match state branch 'ticket/T103-t103-runtime-correctness-hotfixes-for-daemon-check'
[2026-05-18T18:12:59Z] commit-checkpoint: refused — current branch 'main' does not match state branch 'ticket/T103-t103-runtime-correctness-hotfixes-for-daemon-check'
[2026-05-18T18:13:35Z] commit-checkpoint: refused — current branch 'main' does not match state branch 'ticket/T103-t103-runtime-correctness-hotfixes-for-daemon-check'
[2026-05-18T18:14:11Z] commit-checkpoint: refused — current branch 'main' does not match state branch 'ticket/T103-t103-runtime-correctness-hotfixes-for-daemon-check'
[2026-05-18T18:14:47Z] commit-checkpoint: refused — current branch 'main' does not match state branch 'ticket/T103-t103-runtime-correctness-hotfixes-for-daemon-check'
[2026-05-18T18:15:23Z] commit-checkpoint: refused — current branch 'main' does not match state branch 'ticket/T103-t103-runtime-correctness-hotfixes-for-daemon-check'
[2026-05-18T18:15:59Z] commit-checkpoint: refused — current branch 'main' does not match state branch 'ticket/T103-t103-runtime-correctness-hotfixes-for-daemon-check'
[2026-05-18T18:16:35Z] commit-checkpoint: refused — current branch 'main' does not match state branch 'ticket/T103-t103-runtime-correctness-hotfixes-for-daemon-check'
[2026-05-18T18:17:11Z] commit-checkpoint: refused — current branch 'main' does not match state branch 'ticket/T103-t103-runtime-correctness-hotfixes-for-daemon-check'
[2026-05-18T18:17:46Z] commit-checkpoint: refused — current branch 'main' does not match state branch 'ticket/T103-t103-runtime-correctness-hotfixes-for-daemon-check'
[2026-05-18T18:18:23Z] commit-checkpoint: refused — current branch 'main' does not match state branch 'ticket/T103-t103-runtime-correctness-hotfixes-for-daemon-check'
[2026-05-18T18:18:59Z] commit-checkpoint: refused — current branch 'main' does not match state branch 'ticket/T103-t103-runtime-correctness-hotfixes-for-daemon-check'
[2026-05-18T18:19:34Z] commit-checkpoint: refused — current branch 'main' does not match state branch 'ticket/T103-t103-runtime-correctness-hotfixes-for-daemon-check'
[2026-05-18T18:20:10Z] commit-checkpoint: refused — current branch 'main' does not match state branch 'ticket/T103-t103-runtime-correctness-hotfixes-for-daemon-check'
[2026-05-18T18:20:46Z] commit-checkpoint: refused — current branch 'main' does not match state branch 'ticket/T103-t103-runtime-correctness-hotfixes-for-daemon-check'
[2026-05-18T18:21:22Z] commit-checkpoint: refused — current branch 'main' does not match state branch 'ticket/T103-t103-runtime-correctness-hotfixes-for-daemon-check'
[2026-05-18T18:21:58Z] commit-checkpoint: refused — current branch 'main' does not match state branch 'ticket/T103-t103-runtime-correctness-hotfixes-for-daemon-check'
[2026-05-18T18:22:34Z] commit-checkpoint: refused — current branch 'main' does not match state branch 'ticket/T103-t103-runtime-correctness-hotfixes-for-daemon-check'
[2026-05-18T18:23:10Z] commit-checkpoint: refused — current branch 'main' does not match state branch 'ticket/T103-t103-runtime-correctness-hotfixes-for-daemon-check'
[2026-05-18T18:23:46Z] commit-checkpoint: refused — current branch 'main' does not match state branch 'ticket/T103-t103-runtime-correctness-hotfixes-for-daemon-check'
[2026-05-18T18:24:22Z] commit-checkpoint: refused — current branch 'main' does not match state branch 'ticket/T103-t103-runtime-correctness-hotfixes-for-daemon-check'
[2026-05-18T18:24:58Z] commit-checkpoint: refused — current branch 'main' does not match state branch 'ticket/T103-t103-runtime-correctness-hotfixes-for-daemon-check'
[2026-05-18T18:25:34Z] commit-checkpoint: refused — current branch 'main' does not match state branch 'ticket/T103-t103-runtime-correctness-hotfixes-for-daemon-check'
[2026-05-18T18:26:10Z] commit-checkpoint: refused — current branch 'main' does not match state branch 'ticket/T103-t103-runtime-correctness-hotfixes-for-daemon-check'
[2026-05-18T18:26:46Z] commit-checkpoint: refused — current branch 'main' does not match state branch 'ticket/T103-t103-runtime-correctness-hotfixes-for-daemon-check'
[2026-05-18T18:27:21Z] commit-checkpoint: refused — current branch 'main' does not match state branch 'ticket/T103-t103-runtime-correctness-hotfixes-for-daemon-check'
[2026-05-18T18:27:57Z] commit-checkpoint: refused — current branch 'main' does not match state branch 'ticket/T103-t103-runtime-correctness-hotfixes-for-daemon-check'
[2026-05-18T18:28:33Z] commit-checkpoint: refused — current branch 'main' does not match state branch 'ticket/T103-t103-runtime-correctness-hotfixes-for-daemon-check'
[2026-05-18T18:29:09Z] commit-checkpoint: refused — current branch 'main' does not match state branch 'ticket/T103-t103-runtime-correctness-hotfixes-for-daemon-check'
[2026-05-18T18:29:45Z] commit-checkpoint: refused — current branch 'main' does not match state branch 'ticket/T103-t103-runtime-correctness-hotfixes-for-daemon-check'
[2026-05-18T18:30:21Z] commit-checkpoint: refused — current branch 'main' does not match state branch 'ticket/T103-t103-runtime-correctness-hotfixes-for-daemon-check'
[2026-05-18T18:30:57Z] commit-checkpoint: refused — current branch 'main' does not match state branch 'ticket/T103-t103-runtime-correctness-hotfixes-for-daemon-check'
[2026-05-18T18:31:32Z] commit-checkpoint: refused — current branch 'main' does not match state branch 'ticket/T103-t103-runtime-correctness-hotfixes-for-daemon-check'
[2026-05-18T18:32:08Z] commit-checkpoint: refused — current branch 'main' does not match state branch 'ticket/T103-t103-runtime-correctness-hotfixes-for-daemon-check'
[2026-05-18T18:32:45Z] commit-checkpoint: refused — current branch 'main' does not match state branch 'ticket/T103-t103-runtime-correctness-hotfixes-for-daemon-check'
[2026-05-18T18:33:20Z] commit-checkpoint: refused — current branch 'main' does not match state branch 'ticket/T103-t103-runtime-correctness-hotfixes-for-daemon-check'
[2026-05-18T18:33:56Z] commit-checkpoint: refused — current branch 'main' does not match state branch 'ticket/T103-t103-runtime-correctness-hotfixes-for-daemon-check'
[2026-05-18T18:34:32Z] commit-checkpoint: refused — current branch 'main' does not match state branch 'ticket/T103-t103-runtime-correctness-hotfixes-for-daemon-check'
[2026-05-18T18:35:08Z] commit-checkpoint: refused — current branch 'main' does not match state branch 'ticket/T103-t103-runtime-correctness-hotfixes-for-daemon-check'
[2026-05-18T18:35:44Z] commit-checkpoint: refused — current branch 'main' does not match state branch 'ticket/T103-t103-runtime-correctness-hotfixes-for-daemon-check'
[2026-05-18T18:36:20Z] commit-checkpoint: refused — current branch 'main' does not match state branch 'ticket/T103-t103-runtime-correctness-hotfixes-for-daemon-check'
[2026-05-18T18:36:56Z] commit-checkpoint: refused — current branch 'main' does not match state branch 'ticket/T103-t103-runtime-correctness-hotfixes-for-daemon-check'
[2026-05-18T18:37:32Z] commit-checkpoint: refused — current branch 'main' does not match state branch 'ticket/T103-t103-runtime-correctness-hotfixes-for-daemon-check'
[2026-05-18T18:38:08Z] commit-checkpoint: refused — current branch 'main' does not match state branch 'ticket/T103-t103-runtime-correctness-hotfixes-for-daemon-check'
[2026-05-18T18:38:44Z] commit-checkpoint: refused — current branch 'main' does not match state branch 'ticket/T103-t103-runtime-correctness-hotfixes-for-daemon-check'
[2026-05-18T18:39:19Z] commit-checkpoint: refused — current branch 'main' does not match state branch 'ticket/T103-t103-runtime-correctness-hotfixes-for-daemon-check'
[2026-05-18T18:39:56Z] commit-checkpoint: refused — current branch 'main' does not match state branch 'ticket/T103-t103-runtime-correctness-hotfixes-for-daemon-check'
[2026-05-18T18:40:32Z] commit-checkpoint: refused — current branch 'main' does not match state branch 'ticket/T103-t103-runtime-correctness-hotfixes-for-daemon-check'
[2026-05-18T18:41:08Z] commit-checkpoint: refused — current branch 'main' does not match state branch 'ticket/T103-t103-runtime-correctness-hotfixes-for-daemon-check'
[2026-05-18T18:41:43Z] commit-checkpoint: refused — current branch 'main' does not match state branch 'ticket/T103-t103-runtime-correctness-hotfixes-for-daemon-check'
[2026-05-18T18:42:19Z] commit-checkpoint: refused — current branch 'main' does not match state branch 'ticket/T103-t103-runtime-correctness-hotfixes-for-daemon-check'
[2026-05-18T18:42:55Z] commit-checkpoint: refused — current branch 'main' does not match state branch 'ticket/T103-t103-runtime-correctness-hotfixes-for-daemon-check'
[2026-05-18T18:43:31Z] commit-checkpoint: refused — current branch 'main' does not match state branch 'ticket/T103-t103-runtime-correctness-hotfixes-for-daemon-check'
[2026-05-18T18:44:07Z] commit-checkpoint: refused — current branch 'main' does not match state branch 'ticket/T103-t103-runtime-correctness-hotfixes-for-daemon-check'
[2026-05-18T18:44:43Z] commit-checkpoint: refused — current branch 'main' does not match state branch 'ticket/T103-t103-runtime-correctness-hotfixes-for-daemon-check'
[2026-05-18T18:45:18Z] commit-checkpoint: refused — current branch 'main' does not match state branch 'ticket/T103-t103-runtime-correctness-hotfixes-for-daemon-check'
[2026-05-18T18:45:54Z] commit-checkpoint: refused — current branch 'main' does not match state branch 'ticket/T103-t103-runtime-correctness-hotfixes-for-daemon-check'
[2026-05-18T18:46:30Z] commit-checkpoint: refused — current branch 'main' does not match state branch 'ticket/T103-t103-runtime-correctness-hotfixes-for-daemon-check'
[2026-05-18T18:47:06Z] commit-checkpoint: refused — current branch 'main' does not match state branch 'ticket/T103-t103-runtime-correctness-hotfixes-for-daemon-check'
[2026-05-18T18:47:42Z] commit-checkpoint: refused — current branch 'main' does not match state branch 'ticket/T103-t103-runtime-correctness-hotfixes-for-daemon-check'
[2026-05-18T18:48:18Z] commit-checkpoint: refused — current branch 'main' does not match state branch 'ticket/T103-t103-runtime-correctness-hotfixes-for-daemon-check'
[2026-05-18T18:48:54Z] commit-checkpoint: refused — current branch 'main' does not match state branch 'ticket/T103-t103-runtime-correctness-hotfixes-for-daemon-check'
[2026-05-18T18:49:30Z] commit-checkpoint: refused — current branch 'main' does not match state branch 'ticket/T103-t103-runtime-correctness-hotfixes-for-daemon-check'
[2026-05-18T18:50:06Z] commit-checkpoint: refused — current branch 'main' does not match state branch 'ticket/T103-t103-runtime-correctness-hotfixes-for-daemon-check'
[2026-05-18T18:50:42Z] commit-checkpoint: refused — current branch 'main' does not match state branch 'ticket/T103-t103-runtime-correctness-hotfixes-for-daemon-check'
[2026-05-18T18:51:18Z] commit-checkpoint: refused — current branch 'main' does not match state branch 'ticket/T103-t103-runtime-correctness-hotfixes-for-daemon-check'
[2026-05-18T18:51:53Z] commit-checkpoint: refused — current branch 'main' does not match state branch 'ticket/T103-t103-runtime-correctness-hotfixes-for-daemon-check'
[2026-05-18T18:52:29Z] commit-checkpoint: refused — current branch 'main' does not match state branch 'ticket/T103-t103-runtime-correctness-hotfixes-for-daemon-check'
[2026-05-18T18:53:06Z] commit-checkpoint: refused — current branch 'main' does not match state branch 'ticket/T103-t103-runtime-correctness-hotfixes-for-daemon-check'
[2026-05-18T18:53:42Z] commit-checkpoint: refused — current branch 'main' does not match state branch 'ticket/T103-t103-runtime-correctness-hotfixes-for-daemon-check'
[2026-05-18T18:54:18Z] commit-checkpoint: refused — current branch 'main' does not match state branch 'ticket/T103-t103-runtime-correctness-hotfixes-for-daemon-check'
[2026-05-18T18:54:53Z] commit-checkpoint: refused — current branch 'main' does not match state branch 'ticket/T103-t103-runtime-correctness-hotfixes-for-daemon-check'
[2026-05-18T18:55:29Z] commit-checkpoint: refused — current branch 'main' does not match state branch 'ticket/T103-t103-runtime-correctness-hotfixes-for-daemon-check'
[2026-05-18T18:56:05Z] commit-checkpoint: refused — current branch 'main' does not match state branch 'ticket/T103-t103-runtime-correctness-hotfixes-for-daemon-check'
[2026-05-18T18:56:42Z] commit-checkpoint: refused — current branch 'main' does not match state branch 'ticket/T103-t103-runtime-correctness-hotfixes-for-daemon-check'
[2026-05-18T18:57:17Z] commit-checkpoint: refused — current branch 'main' does not match state branch 'ticket/T103-t103-runtime-correctness-hotfixes-for-daemon-check'
[2026-05-18T18:57:53Z] commit-checkpoint: refused — current branch 'main' does not match state branch 'ticket/T103-t103-runtime-correctness-hotfixes-for-daemon-check'
[2026-05-18T18:58:29Z] commit-checkpoint: refused — current branch 'main' does not match state branch 'ticket/T103-t103-runtime-correctness-hotfixes-for-daemon-check'
[2026-05-18T18:59:05Z] commit-checkpoint: refused — current branch 'main' does not match state branch 'ticket/T103-t103-runtime-correctness-hotfixes-for-daemon-check'
[2026-05-18T18:59:41Z] commit-checkpoint: refused — current branch 'main' does not match state branch 'ticket/T103-t103-runtime-correctness-hotfixes-for-daemon-check'
[2026-05-18T19:00:17Z] commit-checkpoint: refused — current branch 'main' does not match state branch 'ticket/T103-t103-runtime-correctness-hotfixes-for-daemon-check'
[2026-05-18T19:00:53Z] commit-checkpoint: refused — current branch 'main' does not match state branch 'ticket/T103-t103-runtime-correctness-hotfixes-for-daemon-check'
[2026-05-18T19:01:29Z] commit-checkpoint: refused — current branch 'main' does not match state branch 'ticket/T103-t103-runtime-correctness-hotfixes-for-daemon-check'
[2026-05-18T19:02:05Z] commit-checkpoint: refused — current branch 'main' does not match state branch 'ticket/T103-t103-runtime-correctness-hotfixes-for-daemon-check'
[2026-05-18T19:02:41Z] commit-checkpoint: refused — current branch 'main' does not match state branch 'ticket/T103-t103-runtime-correctness-hotfixes-for-daemon-check'
[2026-05-18T19:03:16Z] commit-checkpoint: refused — current branch 'main' does not match state branch 'ticket/T103-t103-runtime-correctness-hotfixes-for-daemon-check'
[2026-05-18T19:03:52Z] commit-checkpoint: refused — current branch 'main' does not match state branch 'ticket/T103-t103-runtime-correctness-hotfixes-for-daemon-check'
[2026-05-18T19:04:28Z] commit-checkpoint: refused — current branch 'main' does not match state branch 'ticket/T103-t103-runtime-correctness-hotfixes-for-daemon-check'
[2026-05-18T19:05:04Z] commit-checkpoint: refused — current branch 'main' does not match state branch 'ticket/T103-t103-runtime-correctness-hotfixes-for-daemon-check'
[2026-05-18T19:05:40Z] commit-checkpoint: refused — current branch 'main' does not match state branch 'ticket/T103-t103-runtime-correctness-hotfixes-for-daemon-check'
[2026-05-18T19:06:17Z] commit-checkpoint: refused — current branch 'main' does not match state branch 'ticket/T103-t103-runtime-correctness-hotfixes-for-daemon-check'
[2026-05-18T19:06:53Z] commit-checkpoint: refused — current branch 'main' does not match state branch 'ticket/T103-t103-runtime-correctness-hotfixes-for-daemon-check'
[2026-05-18T19:07:29Z] commit-checkpoint: refused — current branch 'main' does not match state branch 'ticket/T103-t103-runtime-correctness-hotfixes-for-daemon-check'
[2026-05-18T19:08:05Z] commit-checkpoint: refused — current branch 'main' does not match state branch 'ticket/T103-t103-runtime-correctness-hotfixes-for-daemon-check'
[2026-05-18T19:08:41Z] commit-checkpoint: refused — current branch 'main' does not match state branch 'ticket/T103-t103-runtime-correctness-hotfixes-for-daemon-check'
[2026-05-18T19:09:16Z] commit-checkpoint: refused — current branch 'main' does not match state branch 'ticket/T103-t103-runtime-correctness-hotfixes-for-daemon-check'
[2026-05-18T19:09:53Z] commit-checkpoint: refused — current branch 'main' does not match state branch 'ticket/T103-t103-runtime-correctness-hotfixes-for-daemon-check'
[2026-05-18T19:10:29Z] commit-checkpoint: refused — current branch 'main' does not match state branch 'ticket/T103-t103-runtime-correctness-hotfixes-for-daemon-check'
[2026-05-18T19:11:04Z] commit-checkpoint: refused — current branch 'main' does not match state branch 'ticket/T103-t103-runtime-correctness-hotfixes-for-daemon-check'
[2026-05-18T19:11:41Z] commit-checkpoint: refused — current branch 'main' does not match state branch 'ticket/T103-t103-runtime-correctness-hotfixes-for-daemon-check'
[2026-05-18T19:12:17Z] commit-checkpoint: refused — current branch 'main' does not match state branch 'ticket/T103-t103-runtime-correctness-hotfixes-for-daemon-check'
[2026-05-18T19:12:53Z] commit-checkpoint: refused — current branch 'main' does not match state branch 'ticket/T103-t103-runtime-correctness-hotfixes-for-daemon-check'
[2026-05-18T19:13:29Z] commit-checkpoint: refused — current branch 'main' does not match state branch 'ticket/T103-t103-runtime-correctness-hotfixes-for-daemon-check'
[2026-05-18T19:14:04Z] commit-checkpoint: refused — current branch 'main' does not match state branch 'ticket/T103-t103-runtime-correctness-hotfixes-for-daemon-check'
[2026-05-18T19:14:41Z] commit-checkpoint: refused — current branch 'main' does not match state branch 'ticket/T103-t103-runtime-correctness-hotfixes-for-daemon-check'
[2026-05-18T19:15:17Z] commit-checkpoint: refused — current branch 'main' does not match state branch 'ticket/T103-t103-runtime-correctness-hotfixes-for-daemon-check'
[2026-05-18T19:15:52Z] commit-checkpoint: refused — current branch 'main' does not match state branch 'ticket/T103-t103-runtime-correctness-hotfixes-for-daemon-check'
[2026-05-18T19:16:28Z] commit-checkpoint: refused — current branch 'main' does not match state branch 'ticket/T103-t103-runtime-correctness-hotfixes-for-daemon-check'
[2026-05-18T19:17:04Z] commit-checkpoint: refused — current branch 'main' does not match state branch 'ticket/T103-t103-runtime-correctness-hotfixes-for-daemon-check'
[2026-05-18T19:17:40Z] commit-checkpoint: refused — current branch 'main' does not match state branch 'ticket/T103-t103-runtime-correctness-hotfixes-for-daemon-check'
[2026-05-18T19:18:16Z] commit-checkpoint: refused — current branch 'main' does not match state branch 'ticket/T103-t103-runtime-correctness-hotfixes-for-daemon-check'
[2026-05-18T19:18:52Z] commit-checkpoint: refused — current branch 'main' does not match state branch 'ticket/T103-t103-runtime-correctness-hotfixes-for-daemon-check'
[2026-05-18T19:19:27Z] commit-checkpoint: refused — current branch 'main' does not match state branch 'ticket/T103-t103-runtime-correctness-hotfixes-for-daemon-check'
[2026-05-18T19:20:03Z] commit-checkpoint: refused — current branch 'main' does not match state branch 'ticket/T103-t103-runtime-correctness-hotfixes-for-daemon-check'
[2026-05-18T19:20:39Z] commit-checkpoint: refused — current branch 'main' does not match state branch 'ticket/T103-t103-runtime-correctness-hotfixes-for-daemon-check'
[2026-05-18T19:21:15Z] commit-checkpoint: refused — current branch 'main' does not match state branch 'ticket/T103-t103-runtime-correctness-hotfixes-for-daemon-check'
[2026-05-18T19:21:51Z] commit-checkpoint: refused — current branch 'main' does not match state branch 'ticket/T103-t103-runtime-correctness-hotfixes-for-daemon-check'
[2026-05-18T19:22:27Z] commit-checkpoint: refused — current branch 'main' does not match state branch 'ticket/T103-t103-runtime-correctness-hotfixes-for-daemon-check'
[2026-05-18T19:23:03Z] commit-checkpoint: refused — current branch 'main' does not match state branch 'ticket/T103-t103-runtime-correctness-hotfixes-for-daemon-check'
[2026-05-18T19:23:39Z] commit-checkpoint: refused — current branch 'main' does not match state branch 'ticket/T103-t103-runtime-correctness-hotfixes-for-daemon-check'
[2026-05-18T19:24:15Z] commit-checkpoint: refused — current branch 'main' does not match state branch 'ticket/T103-t103-runtime-correctness-hotfixes-for-daemon-check'
[2026-05-18T19:24:51Z] commit-checkpoint: refused — current branch 'main' does not match state branch 'ticket/T103-t103-runtime-correctness-hotfixes-for-daemon-check'
[2026-05-18T19:25:27Z] commit-checkpoint: refused — current branch 'main' does not match state branch 'ticket/T103-t103-runtime-correctness-hotfixes-for-daemon-check'
[2026-05-18T19:26:03Z] commit-checkpoint: refused — current branch 'main' does not match state branch 'ticket/T103-t103-runtime-correctness-hotfixes-for-daemon-check'
[2026-05-18T19:26:39Z] commit-checkpoint: refused — current branch 'main' does not match state branch 'ticket/T103-t103-runtime-correctness-hotfixes-for-daemon-check'
[2026-05-18T19:27:15Z] commit-checkpoint: refused — current branch 'main' does not match state branch 'ticket/T103-t103-runtime-correctness-hotfixes-for-daemon-check'
[2026-05-18T19:27:51Z] commit-checkpoint: refused — current branch 'main' does not match state branch 'ticket/T103-t103-runtime-correctness-hotfixes-for-daemon-check'
[2026-05-18T19:28:27Z] commit-checkpoint: refused — current branch 'main' does not match state branch 'ticket/T103-t103-runtime-correctness-hotfixes-for-daemon-check'
[2026-05-18T19:29:03Z] commit-checkpoint: refused — current branch 'main' does not match state branch 'ticket/T103-t103-runtime-correctness-hotfixes-for-daemon-check'
[2026-05-18T19:29:38Z] commit-checkpoint: refused — current branch 'main' does not match state branch 'ticket/T103-t103-runtime-correctness-hotfixes-for-daemon-check'
[2026-05-18T19:30:14Z] commit-checkpoint: refused — current branch 'main' does not match state branch 'ticket/T103-t103-runtime-correctness-hotfixes-for-daemon-check'
[2026-05-18T19:30:50Z] commit-checkpoint: refused — current branch 'main' does not match state branch 'ticket/T103-t103-runtime-correctness-hotfixes-for-daemon-check'
[2026-05-18T19:31:26Z] commit-checkpoint: refused — current branch 'main' does not match state branch 'ticket/T103-t103-runtime-correctness-hotfixes-for-daemon-check'
[2026-05-18T19:32:02Z] commit-checkpoint: refused — current branch 'main' does not match state branch 'ticket/T103-t103-runtime-correctness-hotfixes-for-daemon-check'
[2026-05-18T19:32:38Z] commit-checkpoint: refused — current branch 'main' does not match state branch 'ticket/T103-t103-runtime-correctness-hotfixes-for-daemon-check'
[2026-05-18T19:33:14Z] commit-checkpoint: refused — current branch 'main' does not match state branch 'ticket/T103-t103-runtime-correctness-hotfixes-for-daemon-check'
[2026-05-18T19:33:50Z] commit-checkpoint: refused — current branch 'main' does not match state branch 'ticket/T103-t103-runtime-correctness-hotfixes-for-daemon-check'
[2026-05-18T19:34:25Z] commit-checkpoint: refused — current branch 'main' does not match state branch 'ticket/T103-t103-runtime-correctness-hotfixes-for-daemon-check'
[2026-05-18T19:35:02Z] commit-checkpoint: refused — current branch 'main' does not match state branch 'ticket/T103-t103-runtime-correctness-hotfixes-for-daemon-check'
[2026-05-18T19:35:37Z] commit-checkpoint: refused — current branch 'main' does not match state branch 'ticket/T103-t103-runtime-correctness-hotfixes-for-daemon-check'
[2026-05-18T19:36:13Z] commit-checkpoint: refused — current branch 'main' does not match state branch 'ticket/T103-t103-runtime-correctness-hotfixes-for-daemon-check'
[2026-05-18T19:36:49Z] commit-checkpoint: refused — current branch 'main' does not match state branch 'ticket/T103-t103-runtime-correctness-hotfixes-for-daemon-check'
[2026-05-18T19:37:25Z] commit-checkpoint: refused — current branch 'main' does not match state branch 'ticket/T103-t103-runtime-correctness-hotfixes-for-daemon-check'
[2026-05-18T19:38:01Z] commit-checkpoint: refused — current branch 'main' does not match state branch 'ticket/T103-t103-runtime-correctness-hotfixes-for-daemon-check'
[2026-05-18T19:38:37Z] commit-checkpoint: refused — current branch 'main' does not match state branch 'ticket/T103-t103-runtime-correctness-hotfixes-for-daemon-check'
[2026-05-18T19:39:13Z] commit-checkpoint: refused — current branch 'main' does not match state branch 'ticket/T103-t103-runtime-correctness-hotfixes-for-daemon-check'
[2026-05-18T19:39:49Z] commit-checkpoint: refused — current branch 'main' does not match state branch 'ticket/T103-t103-runtime-correctness-hotfixes-for-daemon-check'
[2026-05-18T19:40:25Z] commit-checkpoint: refused — current branch 'main' does not match state branch 'ticket/T103-t103-runtime-correctness-hotfixes-for-daemon-check'
[2026-05-18T19:41:01Z] commit-checkpoint: refused — current branch 'main' does not match state branch 'ticket/T103-t103-runtime-correctness-hotfixes-for-daemon-check'
[2026-05-18T19:41:37Z] commit-checkpoint: refused — current branch 'main' does not match state branch 'ticket/T103-t103-runtime-correctness-hotfixes-for-daemon-check'
[2026-05-18T19:42:13Z] commit-checkpoint: refused — current branch 'main' does not match state branch 'ticket/T103-t103-runtime-correctness-hotfixes-for-daemon-check'
[2026-05-18T19:42:49Z] commit-checkpoint: refused — current branch 'main' does not match state branch 'ticket/T103-t103-runtime-correctness-hotfixes-for-daemon-check'
[2026-05-18T19:43:24Z] commit-checkpoint: refused — current branch 'main' does not match state branch 'ticket/T103-t103-runtime-correctness-hotfixes-for-daemon-check'
[2026-05-18T19:44:00Z] commit-checkpoint: refused — current branch 'main' does not match state branch 'ticket/T103-t103-runtime-correctness-hotfixes-for-daemon-check'
[2026-05-18T19:44:36Z] commit-checkpoint: refused — current branch 'main' does not match state branch 'ticket/T103-t103-runtime-correctness-hotfixes-for-daemon-check'
[2026-05-18T19:45:12Z] commit-checkpoint: refused — current branch 'main' does not match state branch 'ticket/T103-t103-runtime-correctness-hotfixes-for-daemon-check'
[2026-05-18T19:45:49Z] commit-checkpoint: refused — current branch 'main' does not match state branch 'ticket/T103-t103-runtime-correctness-hotfixes-for-daemon-check'
[2026-05-18T19:46:24Z] commit-checkpoint: refused — current branch 'main' does not match state branch 'ticket/T103-t103-runtime-correctness-hotfixes-for-daemon-check'
[2026-05-18T19:47:00Z] commit-checkpoint: refused — current branch 'main' does not match state branch 'ticket/T103-t103-runtime-correctness-hotfixes-for-daemon-check'
[2026-05-18T19:47:36Z] commit-checkpoint: refused — current branch 'main' does not match state branch 'ticket/T103-t103-runtime-correctness-hotfixes-for-daemon-check'
[2026-05-18T19:48:12Z] commit-checkpoint: refused — current branch 'main' does not match state branch 'ticket/T103-t103-runtime-correctness-hotfixes-for-daemon-check'
[2026-05-18T19:48:48Z] commit-checkpoint: refused — current branch 'main' does not match state branch 'ticket/T103-t103-runtime-correctness-hotfixes-for-daemon-check'
[2026-05-18T19:49:24Z] commit-checkpoint: refused — current branch 'main' does not match state branch 'ticket/T103-t103-runtime-correctness-hotfixes-for-daemon-check'
[2026-05-18T19:50:00Z] commit-checkpoint: refused — current branch 'main' does not match state branch 'ticket/T103-t103-runtime-correctness-hotfixes-for-daemon-check'
[2026-05-18T19:50:36Z] commit-checkpoint: refused — current branch 'main' does not match state branch 'ticket/T103-t103-runtime-correctness-hotfixes-for-daemon-check'
[2026-05-18T19:51:12Z] commit-checkpoint: refused — current branch 'main' does not match state branch 'ticket/T103-t103-runtime-correctness-hotfixes-for-daemon-check'
[2026-05-18T19:51:48Z] commit-checkpoint: refused — current branch 'main' does not match state branch 'ticket/T103-t103-runtime-correctness-hotfixes-for-daemon-check'
[2026-05-18T19:52:24Z] commit-checkpoint: refused — current branch 'main' does not match state branch 'ticket/T103-t103-runtime-correctness-hotfixes-for-daemon-check'
[2026-05-18T19:53:00Z] commit-checkpoint: refused — current branch 'main' does not match state branch 'ticket/T103-t103-runtime-correctness-hotfixes-for-daemon-check'
[2026-05-18T19:53:36Z] commit-checkpoint: refused — current branch 'main' does not match state branch 'ticket/T103-t103-runtime-correctness-hotfixes-for-daemon-check'
[2026-05-18T19:54:12Z] commit-checkpoint: refused — current branch 'main' does not match state branch 'ticket/T103-t103-runtime-correctness-hotfixes-for-daemon-check'
[2026-05-18T19:54:47Z] commit-checkpoint: refused — current branch 'main' does not match state branch 'ticket/T103-t103-runtime-correctness-hotfixes-for-daemon-check'
[2026-05-18T19:55:23Z] commit-checkpoint: refused — current branch 'main' does not match state branch 'ticket/T103-t103-runtime-correctness-hotfixes-for-daemon-check'
[2026-05-18T19:55:59Z] commit-checkpoint: refused — current branch 'main' does not match state branch 'ticket/T103-t103-runtime-correctness-hotfixes-for-daemon-check'
[2026-05-18T19:56:35Z] commit-checkpoint: refused — current branch 'main' does not match state branch 'ticket/T103-t103-runtime-correctness-hotfixes-for-daemon-check'
[2026-05-18T19:57:11Z] commit-checkpoint: refused — current branch 'main' does not match state branch 'ticket/T103-t103-runtime-correctness-hotfixes-for-daemon-check'
[2026-05-18T19:57:47Z] commit-checkpoint: refused — current branch 'main' does not match state branch 'ticket/T103-t103-runtime-correctness-hotfixes-for-daemon-check'
[2026-05-18T19:58:23Z] commit-checkpoint: refused — current branch 'main' does not match state branch 'ticket/T103-t103-runtime-correctness-hotfixes-for-daemon-check'
[2026-05-18T19:58:59Z] commit-checkpoint: refused — current branch 'main' does not match state branch 'ticket/T103-t103-runtime-correctness-hotfixes-for-daemon-check'
[2026-05-18T19:59:34Z] commit-checkpoint: refused — current branch 'main' does not match state branch 'ticket/T103-t103-runtime-correctness-hotfixes-for-daemon-check'
[2026-05-18T20:00:10Z] commit-checkpoint: refused — current branch 'main' does not match state branch 'ticket/T103-t103-runtime-correctness-hotfixes-for-daemon-check'
[2026-05-18T20:00:46Z] commit-checkpoint: refused — current branch 'main' does not match state branch 'ticket/T103-t103-runtime-correctness-hotfixes-for-daemon-check'
[2026-05-18T20:01:22Z] commit-checkpoint: refused — current branch 'main' does not match state branch 'ticket/T103-t103-runtime-correctness-hotfixes-for-daemon-check'
[2026-05-18T20:01:57Z] commit-checkpoint: refused — current branch 'main' does not match state branch 'ticket/T103-t103-runtime-correctness-hotfixes-for-daemon-check'
[2026-05-18T20:02:34Z] commit-checkpoint: refused — current branch 'main' does not match state branch 'ticket/T103-t103-runtime-correctness-hotfixes-for-daemon-check'
[2026-05-18T20:03:10Z] commit-checkpoint: refused — current branch 'main' does not match state branch 'ticket/T103-t103-runtime-correctness-hotfixes-for-daemon-check'
[2026-05-18T20:03:45Z] commit-checkpoint: refused — current branch 'main' does not match state branch 'ticket/T103-t103-runtime-correctness-hotfixes-for-daemon-check'
[2026-05-18T20:04:21Z] commit-checkpoint: refused — current branch 'main' does not match state branch 'ticket/T103-t103-runtime-correctness-hotfixes-for-daemon-check'
[2026-05-18T20:04:57Z] commit-checkpoint: refused — current branch 'main' does not match state branch 'ticket/T103-t103-runtime-correctness-hotfixes-for-daemon-check'
[2026-05-18T20:05:33Z] commit-checkpoint: refused — current branch 'main' does not match state branch 'ticket/T103-t103-runtime-correctness-hotfixes-for-daemon-check'
[2026-05-18T20:06:09Z] commit-checkpoint: refused — current branch 'main' does not match state branch 'ticket/T103-t103-runtime-correctness-hotfixes-for-daemon-check'
[2026-05-18T20:06:45Z] commit-checkpoint: refused — current branch 'main' does not match state branch 'ticket/T103-t103-runtime-correctness-hotfixes-for-daemon-check'
[2026-05-18T20:07:21Z] commit-checkpoint: refused — current branch 'main' does not match state branch 'ticket/T103-t103-runtime-correctness-hotfixes-for-daemon-check'
[2026-05-18T20:07:57Z] commit-checkpoint: refused — current branch 'main' does not match state branch 'ticket/T103-t103-runtime-correctness-hotfixes-for-daemon-check'
[2026-05-18T20:08:33Z] commit-checkpoint: refused — current branch 'main' does not match state branch 'ticket/T103-t103-runtime-correctness-hotfixes-for-daemon-check'
[2026-05-18T20:09:09Z] commit-checkpoint: refused — current branch 'main' does not match state branch 'ticket/T103-t103-runtime-correctness-hotfixes-for-daemon-check'
[2026-05-18T20:09:45Z] commit-checkpoint: refused — current branch 'main' does not match state branch 'ticket/T103-t103-runtime-correctness-hotfixes-for-daemon-check'
[2026-05-18T20:10:21Z] commit-checkpoint: refused — current branch 'main' does not match state branch 'ticket/T103-t103-runtime-correctness-hotfixes-for-daemon-check'
[2026-05-18T20:10:56Z] commit-checkpoint: refused — current branch 'main' does not match state branch 'ticket/T103-t103-runtime-correctness-hotfixes-for-daemon-check'
[2026-05-18T20:11:32Z] commit-checkpoint: refused — current branch 'main' does not match state branch 'ticket/T103-t103-runtime-correctness-hotfixes-for-daemon-check'
[2026-05-18T20:12:08Z] commit-checkpoint: refused — current branch 'main' does not match state branch 'ticket/T103-t103-runtime-correctness-hotfixes-for-daemon-check'
[2026-05-18T20:12:44Z] commit-checkpoint: refused — current branch 'main' does not match state branch 'ticket/T103-t103-runtime-correctness-hotfixes-for-daemon-check'
[2026-05-18T20:13:20Z] commit-checkpoint: refused — current branch 'main' does not match state branch 'ticket/T103-t103-runtime-correctness-hotfixes-for-daemon-check'
[2026-05-18T20:13:56Z] commit-checkpoint: refused — current branch 'main' does not match state branch 'ticket/T103-t103-runtime-correctness-hotfixes-for-daemon-check'
[2026-05-18T20:14:32Z] commit-checkpoint: refused — current branch 'main' does not match state branch 'ticket/T103-t103-runtime-correctness-hotfixes-for-daemon-check'
[2026-05-18T20:15:08Z] commit-checkpoint: refused — current branch 'main' does not match state branch 'ticket/T103-t103-runtime-correctness-hotfixes-for-daemon-check'
[2026-05-18T20:15:44Z] commit-checkpoint: refused — current branch 'main' does not match state branch 'ticket/T103-t103-runtime-correctness-hotfixes-for-daemon-check'
[2026-05-18T20:16:19Z] commit-checkpoint: refused — current branch 'main' does not match state branch 'ticket/T103-t103-runtime-correctness-hotfixes-for-daemon-check'
[2026-05-18T20:16:55Z] commit-checkpoint: refused — current branch 'main' does not match state branch 'ticket/T103-t103-runtime-correctness-hotfixes-for-daemon-check'
[2026-05-18T20:17:31Z] commit-checkpoint: refused — current branch 'main' does not match state branch 'ticket/T103-t103-runtime-correctness-hotfixes-for-daemon-check'
[2026-05-18T20:18:07Z] commit-checkpoint: refused — current branch 'main' does not match state branch 'ticket/T103-t103-runtime-correctness-hotfixes-for-daemon-check'
[2026-05-18T20:18:43Z] commit-checkpoint: refused — current branch 'main' does not match state branch 'ticket/T103-t103-runtime-correctness-hotfixes-for-daemon-check'
[2026-05-18T20:19:19Z] commit-checkpoint: refused — current branch 'main' does not match state branch 'ticket/T103-t103-runtime-correctness-hotfixes-for-daemon-check'
[2026-05-18T20:19:55Z] commit-checkpoint: refused — current branch 'main' does not match state branch 'ticket/T103-t103-runtime-correctness-hotfixes-for-daemon-check'
[2026-05-18T20:20:31Z] commit-checkpoint: refused — current branch 'main' does not match state branch 'ticket/T103-t103-runtime-correctness-hotfixes-for-daemon-check'
[2026-05-18T20:21:07Z] commit-checkpoint: refused — current branch 'main' does not match state branch 'ticket/T103-t103-runtime-correctness-hotfixes-for-daemon-check'
[2026-05-18T20:21:43Z] commit-checkpoint: refused — current branch 'main' does not match state branch 'ticket/T103-t103-runtime-correctness-hotfixes-for-daemon-check'
[2026-05-18T20:22:19Z] commit-checkpoint: refused — current branch 'main' does not match state branch 'ticket/T103-t103-runtime-correctness-hotfixes-for-daemon-check'
[2026-05-18T20:22:55Z] commit-checkpoint: refused — current branch 'main' does not match state branch 'ticket/T103-t103-runtime-correctness-hotfixes-for-daemon-check'
[2026-05-18T20:23:31Z] commit-checkpoint: refused — current branch 'main' does not match state branch 'ticket/T103-t103-runtime-correctness-hotfixes-for-daemon-check'
[2026-05-18T20:24:07Z] commit-checkpoint: refused — current branch 'main' does not match state branch 'ticket/T103-t103-runtime-correctness-hotfixes-for-daemon-check'
[2026-05-18T20:24:43Z] commit-checkpoint: refused — current branch 'main' does not match state branch 'ticket/T103-t103-runtime-correctness-hotfixes-for-daemon-check'
[2026-05-18T20:25:19Z] commit-checkpoint: refused — current branch 'main' does not match state branch 'ticket/T103-t103-runtime-correctness-hotfixes-for-daemon-check'
[2026-05-18T20:25:55Z] commit-checkpoint: refused — current branch 'main' does not match state branch 'ticket/T103-t103-runtime-correctness-hotfixes-for-daemon-check'
[2026-05-18T20:26:31Z] commit-checkpoint: refused — current branch 'main' does not match state branch 'ticket/T103-t103-runtime-correctness-hotfixes-for-daemon-check'
[2026-05-18T20:27:06Z] commit-checkpoint: refused — current branch 'main' does not match state branch 'ticket/T103-t103-runtime-correctness-hotfixes-for-daemon-check'
[2026-05-18T20:27:42Z] commit-checkpoint: refused — current branch 'main' does not match state branch 'ticket/T103-t103-runtime-correctness-hotfixes-for-daemon-check'
[2026-05-18T20:28:18Z] commit-checkpoint: refused — current branch 'main' does not match state branch 'ticket/T103-t103-runtime-correctness-hotfixes-for-daemon-check'
[2026-05-18T20:28:54Z] commit-checkpoint: refused — current branch 'main' does not match state branch 'ticket/T103-t103-runtime-correctness-hotfixes-for-daemon-check'
[2026-05-18T20:29:30Z] commit-checkpoint: refused — current branch 'main' does not match state branch 'ticket/T103-t103-runtime-correctness-hotfixes-for-daemon-check'
[2026-05-18T20:30:06Z] commit-checkpoint: refused — current branch 'main' does not match state branch 'ticket/T103-t103-runtime-correctness-hotfixes-for-daemon-check'
[2026-05-18T20:30:42Z] commit-checkpoint: refused — current branch 'main' does not match state branch 'ticket/T103-t103-runtime-correctness-hotfixes-for-daemon-check'
[2026-05-18T20:31:18Z] commit-checkpoint: refused — current branch 'main' does not match state branch 'ticket/T103-t103-runtime-correctness-hotfixes-for-daemon-check'
[2026-05-18T20:31:54Z] commit-checkpoint: refused — current branch 'main' does not match state branch 'ticket/T103-t103-runtime-correctness-hotfixes-for-daemon-check'
[2026-05-18T20:32:29Z] commit-checkpoint: refused — current branch 'main' does not match state branch 'ticket/T103-t103-runtime-correctness-hotfixes-for-daemon-check'
[2026-05-18T20:33:05Z] commit-checkpoint: refused — current branch 'main' does not match state branch 'ticket/T103-t103-runtime-correctness-hotfixes-for-daemon-check'
[2026-05-18T20:33:41Z] commit-checkpoint: refused — current branch 'main' does not match state branch 'ticket/T103-t103-runtime-correctness-hotfixes-for-daemon-check'
[2026-05-18T20:34:17Z] commit-checkpoint: refused — current branch 'main' does not match state branch 'ticket/T103-t103-runtime-correctness-hotfixes-for-daemon-check'
[2026-05-18T20:34:52Z] commit-checkpoint: refused — current branch 'main' does not match state branch 'ticket/T103-t103-runtime-correctness-hotfixes-for-daemon-check'
[2026-05-18T20:35:28Z] commit-checkpoint: refused — current branch 'main' does not match state branch 'ticket/T103-t103-runtime-correctness-hotfixes-for-daemon-check'
[2026-05-18T20:36:04Z] commit-checkpoint: refused — current branch 'main' does not match state branch 'ticket/T103-t103-runtime-correctness-hotfixes-for-daemon-check'
[2026-05-18T20:36:41Z] commit-checkpoint: refused — current branch 'main' does not match state branch 'ticket/T103-t103-runtime-correctness-hotfixes-for-daemon-check'
[2026-05-18T20:37:17Z] commit-checkpoint: refused — current branch 'main' does not match state branch 'ticket/T103-t103-runtime-correctness-hotfixes-for-daemon-check'
[2026-05-18T20:37:52Z] commit-checkpoint: refused — current branch 'main' does not match state branch 'ticket/T103-t103-runtime-correctness-hotfixes-for-daemon-check'
[2026-05-18T20:38:28Z] commit-checkpoint: refused — current branch 'main' does not match state branch 'ticket/T103-t103-runtime-correctness-hotfixes-for-daemon-check'
[2026-05-18T20:39:04Z] commit-checkpoint: refused — current branch 'main' does not match state branch 'ticket/T103-t103-runtime-correctness-hotfixes-for-daemon-check'
[2026-05-18T20:39:40Z] commit-checkpoint: refused — current branch 'main' does not match state branch 'ticket/T103-t103-runtime-correctness-hotfixes-for-daemon-check'
[2026-05-18T20:40:16Z] commit-checkpoint: refused — current branch 'main' does not match state branch 'ticket/T103-t103-runtime-correctness-hotfixes-for-daemon-check'
[2026-05-18T20:40:52Z] commit-checkpoint: refused — current branch 'main' does not match state branch 'ticket/T103-t103-runtime-correctness-hotfixes-for-daemon-check'
[2026-05-18T20:41:28Z] commit-checkpoint: refused — current branch 'main' does not match state branch 'ticket/T103-t103-runtime-correctness-hotfixes-for-daemon-check'
[2026-05-18T20:42:04Z] commit-checkpoint: refused — current branch 'main' does not match state branch 'ticket/T103-t103-runtime-correctness-hotfixes-for-daemon-check'
[2026-05-18T20:42:40Z] commit-checkpoint: refused — current branch 'main' does not match state branch 'ticket/T103-t103-runtime-correctness-hotfixes-for-daemon-check'
[2026-05-18T20:43:16Z] commit-checkpoint: refused — current branch 'main' does not match state branch 'ticket/T103-t103-runtime-correctness-hotfixes-for-daemon-check'
[2026-05-18T20:43:51Z] commit-checkpoint: refused — current branch 'main' does not match state branch 'ticket/T103-t103-runtime-correctness-hotfixes-for-daemon-check'
[2026-05-18T20:44:27Z] commit-checkpoint: refused — current branch 'main' does not match state branch 'ticket/T103-t103-runtime-correctness-hotfixes-for-daemon-check'
[2026-05-18T20:45:03Z] commit-checkpoint: refused — current branch 'main' does not match state branch 'ticket/T103-t103-runtime-correctness-hotfixes-for-daemon-check'
[2026-05-18T20:45:39Z] commit-checkpoint: refused — current branch 'main' does not match state branch 'ticket/T103-t103-runtime-correctness-hotfixes-for-daemon-check'
[2026-05-18T20:46:15Z] commit-checkpoint: refused — current branch 'main' does not match state branch 'ticket/T103-t103-runtime-correctness-hotfixes-for-daemon-check'
[2026-05-18T20:46:51Z] commit-checkpoint: refused — current branch 'main' does not match state branch 'ticket/T103-t103-runtime-correctness-hotfixes-for-daemon-check'
[2026-05-18T20:47:27Z] commit-checkpoint: refused — current branch 'main' does not match state branch 'ticket/T103-t103-runtime-correctness-hotfixes-for-daemon-check'
[2026-05-18T20:48:03Z] commit-checkpoint: refused — current branch 'main' does not match state branch 'ticket/T103-t103-runtime-correctness-hotfixes-for-daemon-check'
[2026-05-18T20:48:39Z] commit-checkpoint: refused — current branch 'main' does not match state branch 'ticket/T103-t103-runtime-correctness-hotfixes-for-daemon-check'
[2026-05-18T20:49:14Z] commit-checkpoint: refused — current branch 'main' does not match state branch 'ticket/T103-t103-runtime-correctness-hotfixes-for-daemon-check'
[2026-05-18T20:49:50Z] commit-checkpoint: refused — current branch 'main' does not match state branch 'ticket/T103-t103-runtime-correctness-hotfixes-for-daemon-check'
[2026-05-18T20:50:26Z] commit-checkpoint: refused — current branch 'main' does not match state branch 'ticket/T103-t103-runtime-correctness-hotfixes-for-daemon-check'
[2026-05-18T20:51:02Z] commit-checkpoint: refused — current branch 'main' does not match state branch 'ticket/T103-t103-runtime-correctness-hotfixes-for-daemon-check'
[2026-05-18T20:51:38Z] commit-checkpoint: refused — current branch 'main' does not match state branch 'ticket/T103-t103-runtime-correctness-hotfixes-for-daemon-check'
[2026-05-18T20:52:14Z] commit-checkpoint: refused — current branch 'main' does not match state branch 'ticket/T103-t103-runtime-correctness-hotfixes-for-daemon-check'
[2026-05-18T20:52:49Z] commit-checkpoint: refused — current branch 'main' does not match state branch 'ticket/T103-t103-runtime-correctness-hotfixes-for-daemon-check'
[2026-05-18T20:53:26Z] commit-checkpoint: refused — current branch 'main' does not match state branch 'ticket/T103-t103-runtime-correctness-hotfixes-for-daemon-check'
[2026-05-18T20:54:01Z] commit-checkpoint: refused — current branch 'main' does not match state branch 'ticket/T103-t103-runtime-correctness-hotfixes-for-daemon-check'
[2026-05-18T20:54:37Z] commit-checkpoint: refused — current branch 'main' does not match state branch 'ticket/T103-t103-runtime-correctness-hotfixes-for-daemon-check'
[2026-05-18T20:55:13Z] commit-checkpoint: refused — current branch 'main' does not match state branch 'ticket/T103-t103-runtime-correctness-hotfixes-for-daemon-check'
[2026-05-18T20:55:49Z] commit-checkpoint: refused — current branch 'main' does not match state branch 'ticket/T103-t103-runtime-correctness-hotfixes-for-daemon-check'
[2026-05-18T20:56:25Z] commit-checkpoint: refused — current branch 'main' does not match state branch 'ticket/T103-t103-runtime-correctness-hotfixes-for-daemon-check'
[2026-05-18T20:57:00Z] commit-checkpoint: refused — current branch 'main' does not match state branch 'ticket/T103-t103-runtime-correctness-hotfixes-for-daemon-check'
[2026-05-18T20:57:36Z] commit-checkpoint: refused — current branch 'main' does not match state branch 'ticket/T103-t103-runtime-correctness-hotfixes-for-daemon-check'
[2026-05-18T20:58:12Z] commit-checkpoint: refused — current branch 'main' does not match state branch 'ticket/T103-t103-runtime-correctness-hotfixes-for-daemon-check'
[2026-05-18T20:58:48Z] commit-checkpoint: refused — current branch 'main' does not match state branch 'ticket/T103-t103-runtime-correctness-hotfixes-for-daemon-check'
[2026-05-18T20:59:24Z] commit-checkpoint: refused — current branch 'main' does not match state branch 'ticket/T103-t103-runtime-correctness-hotfixes-for-daemon-check'
[2026-05-18T20:59:59Z] commit-checkpoint: refused — current branch 'main' does not match state branch 'ticket/T103-t103-runtime-correctness-hotfixes-for-daemon-check'
[2026-05-18T21:00:36Z] commit-checkpoint: refused — current branch 'main' does not match state branch 'ticket/T103-t103-runtime-correctness-hotfixes-for-daemon-check'
[2026-05-18T21:01:12Z] commit-checkpoint: refused — current branch 'main' does not match state branch 'ticket/T103-t103-runtime-correctness-hotfixes-for-daemon-check'
[2026-05-18T21:01:48Z] commit-checkpoint: refused — current branch 'main' does not match state branch 'ticket/T103-t103-runtime-correctness-hotfixes-for-daemon-check'
[2026-05-18T21:02:24Z] commit-checkpoint: refused — current branch 'main' does not match state branch 'ticket/T103-t103-runtime-correctness-hotfixes-for-daemon-check'
[2026-05-18T21:03:00Z] commit-checkpoint: refused — current branch 'main' does not match state branch 'ticket/T103-t103-runtime-correctness-hotfixes-for-daemon-check'
[2026-05-18T21:03:36Z] commit-checkpoint: refused — current branch 'main' does not match state branch 'ticket/T103-t103-runtime-correctness-hotfixes-for-daemon-check'
[2026-05-18T21:04:12Z] commit-checkpoint: refused — current branch 'main' does not match state branch 'ticket/T103-t103-runtime-correctness-hotfixes-for-daemon-check'
[2026-05-18T21:04:48Z] commit-checkpoint: refused — current branch 'main' does not match state branch 'ticket/T103-t103-runtime-correctness-hotfixes-for-daemon-check'
[2026-05-18T21:05:24Z] commit-checkpoint: refused — current branch 'main' does not match state branch 'ticket/T103-t103-runtime-correctness-hotfixes-for-daemon-check'
[2026-05-18T21:05:59Z] commit-checkpoint: refused — current branch 'main' does not match state branch 'ticket/T103-t103-runtime-correctness-hotfixes-for-daemon-check'
[2026-05-18T21:06:35Z] commit-checkpoint: refused — current branch 'main' does not match state branch 'ticket/T103-t103-runtime-correctness-hotfixes-for-daemon-check'
[2026-05-18T21:07:11Z] commit-checkpoint: refused — current branch 'main' does not match state branch 'ticket/T103-t103-runtime-correctness-hotfixes-for-daemon-check'
[2026-05-18T21:07:47Z] commit-checkpoint: refused — current branch 'main' does not match state branch 'ticket/T103-t103-runtime-correctness-hotfixes-for-daemon-check'
[2026-05-18T21:08:23Z] commit-checkpoint: refused — current branch 'main' does not match state branch 'ticket/T103-t103-runtime-correctness-hotfixes-for-daemon-check'
[2026-05-18T21:08:58Z] commit-checkpoint: refused — current branch 'main' does not match state branch 'ticket/T103-t103-runtime-correctness-hotfixes-for-daemon-check'
[2026-05-18T21:09:34Z] commit-checkpoint: refused — current branch 'main' does not match state branch 'ticket/T103-t103-runtime-correctness-hotfixes-for-daemon-check'
[2026-05-18T21:10:10Z] commit-checkpoint: refused — current branch 'main' does not match state branch 'ticket/T103-t103-runtime-correctness-hotfixes-for-daemon-check'
[2026-05-18T21:10:45Z] commit-checkpoint: refused — current branch 'main' does not match state branch 'ticket/T103-t103-runtime-correctness-hotfixes-for-daemon-check'
[2026-05-18T21:11:21Z] commit-checkpoint: refused — current branch 'main' does not match state branch 'ticket/T103-t103-runtime-correctness-hotfixes-for-daemon-check'
[2026-05-18T21:11:58Z] commit-checkpoint: refused — current branch 'main' does not match state branch 'ticket/T103-t103-runtime-correctness-hotfixes-for-daemon-check'
[2026-05-18T21:12:33Z] commit-checkpoint: refused — current branch 'main' does not match state branch 'ticket/T103-t103-runtime-correctness-hotfixes-for-daemon-check'
[2026-05-18T21:13:09Z] commit-checkpoint: refused — current branch 'main' does not match state branch 'ticket/T103-t103-runtime-correctness-hotfixes-for-daemon-check'
[2026-05-18T21:13:45Z] commit-checkpoint: refused — current branch 'main' does not match state branch 'ticket/T103-t103-runtime-correctness-hotfixes-for-daemon-check'
[2026-05-18T21:14:21Z] commit-checkpoint: refused — current branch 'main' does not match state branch 'ticket/T103-t103-runtime-correctness-hotfixes-for-daemon-check'
[2026-05-18T21:14:56Z] commit-checkpoint: refused — current branch 'main' does not match state branch 'ticket/T103-t103-runtime-correctness-hotfixes-for-daemon-check'
[2026-05-18T21:15:32Z] commit-checkpoint: refused — current branch 'main' does not match state branch 'ticket/T103-t103-runtime-correctness-hotfixes-for-daemon-check'
