[2026-05-15T22:57:30Z] intake: issue=#46 title='T104 — Per-ticket worker worktrees and isolated runtime execution' branch=ticket/T104-t104-per-ticket-worker-worktrees-and-isolated-runt
[2026-05-15T22:57:30Z] intake: done
[2026-05-15T22:57:30Z] bootstrap checkpoint completed
[2026-05-15T22:57:32Z] checkpoint push for T104
[2026-05-15T22:57:32Z] commit-checkpoint: skipped missing scope paths: package.json, package-lock.json
[2026-05-15T22:57:32Z] commit-checkpoint: sha=a5810f7 message='T104: checkpoint [INIT] — update workflow artifacts'
[2026-05-15T22:57:34Z] auto-run start: state=INIT
[2026-05-15T22:57:34Z] auto-run: running step=planner
[2026-05-15T22:57:34Z] prompt: resolved=prompts/generic/planner.md source=generic
[2026-05-15T22:57:34Z] prompt: generic fallback — injecting runs/T104/ticket.md
[2026-05-15T22:57:34Z] compose: global-context=docs/ai/global-context.md
[2026-05-15T22:57:34Z] compose: role=ai/roles/planner.md
[2026-05-15T22:57:34Z] compose: skill=ai/skills/workflow-discipline.md
[2026-05-15T22:57:34Z] compose: skill=ai/skills/architecture-discipline.md
[2026-05-15T22:57:34Z] compose: skill=ai/skills/documentation.md
[2026-05-15T22:57:34Z] compose: task (canonical prompt)
[2026-05-15T22:57:34Z] snapshot: runtime-prompt=runs/T104/prompts/planner-attempt-1.md
[2026-05-15T23:03:41Z] auto-run: step=planner done rc=0
[2026-05-15T23:03:41Z] planner validation success
[2026-05-15T23:03:41Z] auto-run: transition INIT → PLAN_REVIEW_NEEDED
[2026-05-15T23:04:11Z] commit-checkpoint: skipped missing scope paths: package.json, package-lock.json
[2026-05-15T23:04:12Z] commit-checkpoint: sha=6068e0e message='T104: checkpoint [PLAN_REVIEW_NEEDED] — update workflow artifacts'
[2026-05-15T23:04:12Z] push: pushing branch=ticket/T104-t104-per-ticket-worker-worktrees-and-isolated-runt
[2026-05-15T23:04:14Z] push: done branch=ticket/T104-t104-per-ticket-worker-worktrees-and-isolated-runt
[2026-05-15T23:04:48Z] commit-checkpoint: refused — current branch 'ticket/T105-t105-automatic-merge-after-test-complete' does not match state branch 'ticket/T104-t104-per-ticket-worker-worktrees-and-isolated-runt'
[2026-05-15T23:04:50Z] human-approval: approve-plan — PLAN_REVIEW_NEEDED → PLAN_APPROVED
[2026-05-15T23:18:27Z] auto-run start: state=PLAN_APPROVED
[2026-05-15T23:18:27Z] auto-run: running step=coder
[2026-05-15T23:18:27Z] prompt: resolved=prompts/generic/coder.md source=generic
[2026-05-15T23:18:27Z] prompt: generic fallback — injecting runs/T104/ticket.md
[2026-05-15T23:18:27Z] compose: global-context=docs/ai/global-context.md
[2026-05-15T23:18:27Z] compose: role=ai/roles/coder.md
[2026-05-15T23:18:27Z] compose: skill=ai/skills/workflow-discipline.md
[2026-05-15T23:18:27Z] compose: skill=ai/skills/git-discipline.md
[2026-05-15T23:18:27Z] compose: skill=ai/skills/code-quality.md
[2026-05-15T23:18:27Z] compose: skill=ai/skills/refactor-safety.md
[2026-05-15T23:18:27Z] compose: skill=ai/skills/security.md
[2026-05-15T23:18:27Z] compose: task (canonical prompt)
[2026-05-15T23:18:27Z] snapshot: runtime-prompt=runs/T104/prompts/coder-attempt-1.md
[2026-05-15T23:33:40Z] auto-run: step=coder done rc=0
[2026-05-15T23:33:40Z] auto-run: transition PLAN_APPROVED → IMPLEMENTATION_REVIEW_NEEDED
[2026-05-15T23:34:16Z] commit-checkpoint: skipped missing scope paths: package.json, package-lock.json
[2026-05-15T23:34:16Z] commit-checkpoint: sha=5956469 message='T104: checkpoint [IMPLEMENTATION_REVIEW_NEEDED] — update workflow artifacts'
[2026-05-15T23:34:16Z] auto-run start: state=IMPLEMENTATION_REVIEW_NEEDED
[2026-05-15T23:34:16Z] auto-run: running step=review
[2026-05-15T23:34:16Z] auto-run: review decision context: context_file=runs/T104/reviews/review-decision-context-IMPLEMENTATION_REVIEW_NEEDED.md
[2026-05-15T23:34:16Z] prompt: resolved=prompts/generic/review.md source=generic
[2026-05-15T23:34:16Z] prompt: generic fallback — injecting runs/T104/ticket.md
[2026-05-15T23:34:16Z] compose: global-context=docs/ai/global-context.md
[2026-05-15T23:34:16Z] compose: role=ai/roles/reviewer.md
[2026-05-15T23:34:16Z] compose: skill=ai/skills/workflow-discipline.md
[2026-05-15T23:34:16Z] compose: skill=ai/skills/code-quality.md
[2026-05-15T23:34:16Z] compose: skill=ai/skills/refactor-safety.md
[2026-05-15T23:34:16Z] compose: skill=ai/skills/security.md
[2026-05-15T23:34:16Z] compose: task (canonical prompt)
[2026-05-15T23:34:16Z] compose: extra-context=runs/T104/reviews/review-decision-context-IMPLEMENTATION_REVIEW_NEEDED.md
[2026-05-15T23:34:16Z] snapshot: runtime-prompt=runs/T104/prompts/review-attempt-1.md
[2026-05-15T23:42:12Z] auto-run: step=review done rc=0
[2026-05-15T23:42:12Z] auto-run: review parsed from: runs/T104/reviews/implementation-review.md
[2026-05-15T23:42:12Z] auto-run: review keyword detected: IMPLEMENTATION_FIX_REQUIRED
[2026-05-15T23:42:12Z] auto-run: transition IMPLEMENTATION_REVIEW_NEEDED → IMPLEMENTATION_FIX_REQUIRED
[2026-05-15T23:42:12Z] auto-run: fix artifact written: runs/T104/fixes/implementation-fix-1.md
[2026-05-15T23:42:48Z] commit-checkpoint: skipped missing scope paths: package.json, package-lock.json
[2026-05-15T23:42:48Z] commit-checkpoint: sha=982f3db message='T104: checkpoint [IMPLEMENTATION_FIX_REQUIRED] — update workflow artifacts'
[2026-05-15T23:42:48Z] auto-run start: state=IMPLEMENTATION_FIX_REQUIRED
[2026-05-15T23:42:48Z] auto-run: running step=coder
[2026-05-15T23:42:48Z] auto-run: fix context: previous_output=runs/T104/implementation-output.md
[2026-05-15T23:42:48Z] auto-run: fix context: review=runs/T104/reviews/implementation-review.md
[2026-05-15T23:42:48Z] auto-run: fix context: fix_instructions=runs/T104/fixes/implementation-fix-1.md
[2026-05-15T23:42:48Z] auto-run: fix context: context_file=runs/T104/fixes/context-20260515T234248Z.md
[2026-05-15T23:42:48Z] prompt: resolved=prompts/generic/coder.md source=generic
[2026-05-15T23:42:48Z] prompt: generic fallback — injecting runs/T104/ticket.md
[2026-05-15T23:42:48Z] compose: global-context=docs/ai/global-context.md
[2026-05-15T23:42:48Z] compose: role=ai/roles/coder.md
[2026-05-15T23:42:48Z] compose: skill=ai/skills/workflow-discipline.md
[2026-05-15T23:42:48Z] compose: skill=ai/skills/git-discipline.md
[2026-05-15T23:42:48Z] compose: skill=ai/skills/code-quality.md
[2026-05-15T23:42:48Z] compose: skill=ai/skills/refactor-safety.md
[2026-05-15T23:42:48Z] compose: skill=ai/skills/security.md
[2026-05-15T23:42:48Z] compose: task (canonical prompt)
[2026-05-15T23:42:48Z] compose: extra-context=runs/T104/fixes/context-20260515T234248Z.md
[2026-05-15T23:42:48Z] snapshot: runtime-prompt=runs/T104/prompts/coder-attempt-2.md
[2026-05-15T23:46:32Z] auto-run: step=coder done rc=0
[2026-05-15T23:46:32Z] auto-run: transition IMPLEMENTATION_FIX_REQUIRED → IMPLEMENTATION_REVIEW_NEEDED
[2026-05-15T23:47:05Z] commit-checkpoint: skipped missing scope paths: package.json, package-lock.json
[2026-05-15T23:47:05Z] commit-checkpoint: sha=58df718 message='T104: checkpoint [IMPLEMENTATION_REVIEW_NEEDED] — update workflow artifacts'
[2026-05-15T23:47:05Z] auto-run start: state=IMPLEMENTATION_REVIEW_NEEDED
[2026-05-15T23:47:05Z] auto-run: running step=review
[2026-05-15T23:47:05Z] auto-run: review decision context: context_file=runs/T104/reviews/review-decision-context-IMPLEMENTATION_REVIEW_NEEDED.md
[2026-05-15T23:47:05Z] prompt: resolved=prompts/generic/review.md source=generic
[2026-05-15T23:47:05Z] prompt: generic fallback — injecting runs/T104/ticket.md
[2026-05-15T23:47:05Z] compose: global-context=docs/ai/global-context.md
[2026-05-15T23:47:05Z] compose: role=ai/roles/reviewer.md
[2026-05-15T23:47:05Z] compose: skill=ai/skills/workflow-discipline.md
[2026-05-15T23:47:05Z] compose: skill=ai/skills/code-quality.md
[2026-05-15T23:47:05Z] compose: skill=ai/skills/refactor-safety.md
[2026-05-15T23:47:05Z] compose: skill=ai/skills/security.md
[2026-05-15T23:47:05Z] compose: task (canonical prompt)
[2026-05-15T23:47:05Z] compose: extra-context=runs/T104/reviews/review-decision-context-IMPLEMENTATION_REVIEW_NEEDED.md
[2026-05-15T23:47:05Z] snapshot: runtime-prompt=runs/T104/prompts/review-attempt-2.md
[2026-05-15T23:50:38Z] auto-run: step=review done rc=0
[2026-05-15T23:50:38Z] auto-run: review parsed from: runs/T104/reviews/implementation-review.md
[2026-05-15T23:50:38Z] auto-run: review keyword detected: IMPLEMENTATION_APPROVED
[2026-05-15T23:50:38Z] auto-run: transition IMPLEMENTATION_REVIEW_NEEDED → IMPLEMENTATION_APPROVED
[2026-05-15T23:51:11Z] commit-checkpoint: skipped missing scope paths: package.json, package-lock.json
[2026-05-15T23:51:11Z] commit-checkpoint: sha=8bbf314 message='T104: checkpoint [IMPLEMENTATION_APPROVED] — update workflow artifacts'
[2026-05-15T23:51:11Z] auto-run start: state=IMPLEMENTATION_APPROVED
[2026-05-15T23:51:11Z] auto-run: running step=tester
[2026-05-15T23:51:11Z] prompt: resolved=prompts/generic/tester.md source=generic
[2026-05-15T23:51:11Z] prompt: generic fallback — injecting runs/T104/ticket.md
[2026-05-15T23:51:11Z] compose: global-context=docs/ai/global-context.md
[2026-05-15T23:51:11Z] compose: role=ai/roles/tester.md
[2026-05-15T23:51:11Z] compose: skill=ai/skills/workflow-discipline.md
[2026-05-15T23:51:11Z] compose: skill=ai/skills/testing.md
[2026-05-15T23:51:11Z] compose: skill=ai/skills/debugging.md
[2026-05-15T23:51:11Z] compose: task (canonical prompt)
[2026-05-15T23:51:11Z] snapshot: runtime-prompt=runs/T104/prompts/tester-attempt-1.md
[2026-05-15T23:55:59Z] auto-run: step=tester done rc=0
[2026-05-15T23:55:59Z] auto-run: transition IMPLEMENTATION_APPROVED → TEST_COMPLETE
[2026-05-15T23:56:31Z] commit-checkpoint: refused — current branch 'main' does not match state branch 'ticket/T104-t104-per-ticket-worker-worktrees-and-isolated-runt'
[2026-05-15T23:57:02Z] commit-checkpoint: refused — current branch 'main' does not match state branch 'ticket/T104-t104-per-ticket-worker-worktrees-and-isolated-runt'
[2026-05-15T23:57:33Z] commit-checkpoint: refused — current branch 'main' does not match state branch 'ticket/T104-t104-per-ticket-worker-worktrees-and-isolated-runt'
[2026-05-15T23:58:04Z] commit-checkpoint: refused — current branch 'main' does not match state branch 'ticket/T104-t104-per-ticket-worker-worktrees-and-isolated-runt'
[2026-05-15T23:58:34Z] commit-checkpoint: refused — current branch 'main' does not match state branch 'ticket/T104-t104-per-ticket-worker-worktrees-and-isolated-runt'
[2026-05-15T23:59:05Z] commit-checkpoint: refused — current branch 'main' does not match state branch 'ticket/T104-t104-per-ticket-worker-worktrees-and-isolated-runt'
[2026-05-15T23:59:36Z] commit-checkpoint: refused — current branch 'main' does not match state branch 'ticket/T104-t104-per-ticket-worker-worktrees-and-isolated-runt'
[2026-05-16T00:00:07Z] commit-checkpoint: refused — current branch 'main' does not match state branch 'ticket/T104-t104-per-ticket-worker-worktrees-and-isolated-runt'
[2026-05-16T00:00:38Z] commit-checkpoint: refused — current branch 'main' does not match state branch 'ticket/T104-t104-per-ticket-worker-worktrees-and-isolated-runt'
[2026-05-16T00:01:08Z] commit-checkpoint: refused — current branch 'main' does not match state branch 'ticket/T104-t104-per-ticket-worker-worktrees-and-isolated-runt'
[2026-05-16T00:01:39Z] commit-checkpoint: refused — current branch 'main' does not match state branch 'ticket/T104-t104-per-ticket-worker-worktrees-and-isolated-runt'
[2026-05-16T00:02:10Z] commit-checkpoint: refused — current branch 'main' does not match state branch 'ticket/T104-t104-per-ticket-worker-worktrees-and-isolated-runt'
[2026-05-16T00:02:41Z] commit-checkpoint: refused — current branch 'main' does not match state branch 'ticket/T104-t104-per-ticket-worker-worktrees-and-isolated-runt'
[2026-05-16T00:03:12Z] commit-checkpoint: refused — current branch 'main' does not match state branch 'ticket/T104-t104-per-ticket-worker-worktrees-and-isolated-runt'
[2026-05-16T00:03:42Z] commit-checkpoint: refused — current branch 'main' does not match state branch 'ticket/T104-t104-per-ticket-worker-worktrees-and-isolated-runt'
[2026-05-16T00:04:13Z] commit-checkpoint: refused — current branch 'main' does not match state branch 'ticket/T104-t104-per-ticket-worker-worktrees-and-isolated-runt'
[2026-05-16T00:04:44Z] commit-checkpoint: refused — current branch 'main' does not match state branch 'ticket/T104-t104-per-ticket-worker-worktrees-and-isolated-runt'
[2026-05-16T00:05:15Z] commit-checkpoint: refused — current branch 'main' does not match state branch 'ticket/T104-t104-per-ticket-worker-worktrees-and-isolated-runt'
[2026-05-16T00:05:45Z] commit-checkpoint: refused — current branch 'main' does not match state branch 'ticket/T104-t104-per-ticket-worker-worktrees-and-isolated-runt'
[2026-05-16T00:06:16Z] commit-checkpoint: refused — current branch 'main' does not match state branch 'ticket/T104-t104-per-ticket-worker-worktrees-and-isolated-runt'
[2026-05-16T00:06:47Z] commit-checkpoint: refused — current branch 'main' does not match state branch 'ticket/T104-t104-per-ticket-worker-worktrees-and-isolated-runt'
[2026-05-16T00:07:18Z] commit-checkpoint: refused — current branch 'main' does not match state branch 'ticket/T104-t104-per-ticket-worker-worktrees-and-isolated-runt'
[2026-05-16T00:07:49Z] commit-checkpoint: refused — current branch 'main' does not match state branch 'ticket/T104-t104-per-ticket-worker-worktrees-and-isolated-runt'
[2026-05-16T00:08:19Z] commit-checkpoint: refused — current branch 'main' does not match state branch 'ticket/T104-t104-per-ticket-worker-worktrees-and-isolated-runt'
[2026-05-16T00:08:50Z] commit-checkpoint: refused — current branch 'main' does not match state branch 'ticket/T104-t104-per-ticket-worker-worktrees-and-isolated-runt'
[2026-05-16T00:09:21Z] commit-checkpoint: refused — current branch 'main' does not match state branch 'ticket/T104-t104-per-ticket-worker-worktrees-and-isolated-runt'
[2026-05-16T00:09:52Z] commit-checkpoint: refused — current branch 'main' does not match state branch 'ticket/T104-t104-per-ticket-worker-worktrees-and-isolated-runt'
[2026-05-16T00:10:23Z] commit-checkpoint: refused — current branch 'main' does not match state branch 'ticket/T104-t104-per-ticket-worker-worktrees-and-isolated-runt'
[2026-05-16T00:10:53Z] commit-checkpoint: refused — current branch 'main' does not match state branch 'ticket/T104-t104-per-ticket-worker-worktrees-and-isolated-runt'
[2026-05-16T00:11:24Z] commit-checkpoint: refused — current branch 'main' does not match state branch 'ticket/T104-t104-per-ticket-worker-worktrees-and-isolated-runt'
[2026-05-16T00:11:55Z] commit-checkpoint: refused — current branch 'main' does not match state branch 'ticket/T104-t104-per-ticket-worker-worktrees-and-isolated-runt'
[2026-05-16T00:12:26Z] commit-checkpoint: refused — current branch 'main' does not match state branch 'ticket/T104-t104-per-ticket-worker-worktrees-and-isolated-runt'
[2026-05-16T00:12:57Z] commit-checkpoint: refused — current branch 'main' does not match state branch 'ticket/T104-t104-per-ticket-worker-worktrees-and-isolated-runt'
[2026-05-16T00:13:27Z] commit-checkpoint: refused — current branch 'main' does not match state branch 'ticket/T104-t104-per-ticket-worker-worktrees-and-isolated-runt'
[2026-05-16T00:13:58Z] commit-checkpoint: refused — current branch 'main' does not match state branch 'ticket/T104-t104-per-ticket-worker-worktrees-and-isolated-runt'
[2026-05-16T00:14:29Z] commit-checkpoint: refused — current branch 'main' does not match state branch 'ticket/T104-t104-per-ticket-worker-worktrees-and-isolated-runt'
[2026-05-16T00:15:00Z] commit-checkpoint: refused — current branch 'main' does not match state branch 'ticket/T104-t104-per-ticket-worker-worktrees-and-isolated-runt'
[2026-05-16T00:15:30Z] commit-checkpoint: refused — current branch 'main' does not match state branch 'ticket/T104-t104-per-ticket-worker-worktrees-and-isolated-runt'
[2026-05-16T00:16:01Z] commit-checkpoint: refused — current branch 'main' does not match state branch 'ticket/T104-t104-per-ticket-worker-worktrees-and-isolated-runt'
[2026-05-16T00:16:32Z] commit-checkpoint: refused — current branch 'main' does not match state branch 'ticket/T104-t104-per-ticket-worker-worktrees-and-isolated-runt'
[2026-05-16T00:17:03Z] commit-checkpoint: refused — current branch 'main' does not match state branch 'ticket/T104-t104-per-ticket-worker-worktrees-and-isolated-runt'
[2026-05-16T00:17:34Z] commit-checkpoint: refused — current branch 'main' does not match state branch 'ticket/T104-t104-per-ticket-worker-worktrees-and-isolated-runt'
[2026-05-16T00:18:05Z] commit-checkpoint: refused — current branch 'main' does not match state branch 'ticket/T104-t104-per-ticket-worker-worktrees-and-isolated-runt'
[2026-05-16T00:18:35Z] commit-checkpoint: refused — current branch 'main' does not match state branch 'ticket/T104-t104-per-ticket-worker-worktrees-and-isolated-runt'
[2026-05-16T00:19:06Z] commit-checkpoint: refused — current branch 'main' does not match state branch 'ticket/T104-t104-per-ticket-worker-worktrees-and-isolated-runt'
[2026-05-16T00:19:37Z] commit-checkpoint: refused — current branch 'main' does not match state branch 'ticket/T104-t104-per-ticket-worker-worktrees-and-isolated-runt'
[2026-05-16T00:20:08Z] commit-checkpoint: refused — current branch 'main' does not match state branch 'ticket/T104-t104-per-ticket-worker-worktrees-and-isolated-runt'
[2026-05-16T00:20:38Z] commit-checkpoint: refused — current branch 'main' does not match state branch 'ticket/T104-t104-per-ticket-worker-worktrees-and-isolated-runt'
[2026-05-16T00:21:09Z] commit-checkpoint: refused — current branch 'main' does not match state branch 'ticket/T104-t104-per-ticket-worker-worktrees-and-isolated-runt'
[2026-05-16T00:21:40Z] commit-checkpoint: refused — current branch 'main' does not match state branch 'ticket/T104-t104-per-ticket-worker-worktrees-and-isolated-runt'
[2026-05-16T00:22:11Z] commit-checkpoint: refused — current branch 'main' does not match state branch 'ticket/T104-t104-per-ticket-worker-worktrees-and-isolated-runt'
[2026-05-16T00:22:42Z] commit-checkpoint: refused — current branch 'main' does not match state branch 'ticket/T104-t104-per-ticket-worker-worktrees-and-isolated-runt'
[2026-05-16T00:23:13Z] commit-checkpoint: refused — current branch 'main' does not match state branch 'ticket/T104-t104-per-ticket-worker-worktrees-and-isolated-runt'
[2026-05-16T00:23:44Z] commit-checkpoint: refused — current branch 'main' does not match state branch 'ticket/T104-t104-per-ticket-worker-worktrees-and-isolated-runt'
[2026-05-16T00:24:14Z] commit-checkpoint: refused — current branch 'main' does not match state branch 'ticket/T104-t104-per-ticket-worker-worktrees-and-isolated-runt'
[2026-05-16T00:24:45Z] commit-checkpoint: refused — current branch 'main' does not match state branch 'ticket/T104-t104-per-ticket-worker-worktrees-and-isolated-runt'
[2026-05-16T00:25:16Z] commit-checkpoint: refused — current branch 'main' does not match state branch 'ticket/T104-t104-per-ticket-worker-worktrees-and-isolated-runt'
[2026-05-16T00:25:47Z] commit-checkpoint: refused — current branch 'main' does not match state branch 'ticket/T104-t104-per-ticket-worker-worktrees-and-isolated-runt'
[2026-05-16T00:26:18Z] commit-checkpoint: refused — current branch 'main' does not match state branch 'ticket/T104-t104-per-ticket-worker-worktrees-and-isolated-runt'
[2026-05-16T00:26:48Z] commit-checkpoint: refused — current branch 'main' does not match state branch 'ticket/T104-t104-per-ticket-worker-worktrees-and-isolated-runt'
[2026-05-16T00:27:19Z] commit-checkpoint: refused — current branch 'main' does not match state branch 'ticket/T104-t104-per-ticket-worker-worktrees-and-isolated-runt'
[2026-05-16T00:27:50Z] commit-checkpoint: refused — current branch 'main' does not match state branch 'ticket/T104-t104-per-ticket-worker-worktrees-and-isolated-runt'
[2026-05-16T00:28:21Z] commit-checkpoint: refused — current branch 'main' does not match state branch 'ticket/T104-t104-per-ticket-worker-worktrees-and-isolated-runt'
[2026-05-16T00:28:51Z] commit-checkpoint: refused — current branch 'main' does not match state branch 'ticket/T104-t104-per-ticket-worker-worktrees-and-isolated-runt'
[2026-05-16T00:29:22Z] commit-checkpoint: refused — current branch 'main' does not match state branch 'ticket/T104-t104-per-ticket-worker-worktrees-and-isolated-runt'
[2026-05-16T00:29:53Z] commit-checkpoint: refused — current branch 'main' does not match state branch 'ticket/T104-t104-per-ticket-worker-worktrees-and-isolated-runt'
[2026-05-16T00:30:24Z] commit-checkpoint: refused — current branch 'main' does not match state branch 'ticket/T104-t104-per-ticket-worker-worktrees-and-isolated-runt'
[2026-05-16T00:30:55Z] commit-checkpoint: refused — current branch 'main' does not match state branch 'ticket/T104-t104-per-ticket-worker-worktrees-and-isolated-runt'
[2026-05-16T00:31:26Z] commit-checkpoint: refused — current branch 'main' does not match state branch 'ticket/T104-t104-per-ticket-worker-worktrees-and-isolated-runt'
[2026-05-16T00:31:56Z] commit-checkpoint: refused — current branch 'main' does not match state branch 'ticket/T104-t104-per-ticket-worker-worktrees-and-isolated-runt'
[2026-05-16T00:32:27Z] commit-checkpoint: refused — current branch 'main' does not match state branch 'ticket/T104-t104-per-ticket-worker-worktrees-and-isolated-runt'
[2026-05-16T00:32:58Z] commit-checkpoint: refused — current branch 'main' does not match state branch 'ticket/T104-t104-per-ticket-worker-worktrees-and-isolated-runt'
[2026-05-16T00:33:29Z] commit-checkpoint: refused — current branch 'main' does not match state branch 'ticket/T104-t104-per-ticket-worker-worktrees-and-isolated-runt'
[2026-05-16T00:33:59Z] commit-checkpoint: refused — current branch 'main' does not match state branch 'ticket/T104-t104-per-ticket-worker-worktrees-and-isolated-runt'
[2026-05-16T00:34:30Z] commit-checkpoint: refused — current branch 'main' does not match state branch 'ticket/T104-t104-per-ticket-worker-worktrees-and-isolated-runt'
[2026-05-16T00:35:01Z] commit-checkpoint: refused — current branch 'main' does not match state branch 'ticket/T104-t104-per-ticket-worker-worktrees-and-isolated-runt'
[2026-05-16T00:35:32Z] commit-checkpoint: refused — current branch 'main' does not match state branch 'ticket/T104-t104-per-ticket-worker-worktrees-and-isolated-runt'
[2026-05-16T00:36:03Z] commit-checkpoint: refused — current branch 'main' does not match state branch 'ticket/T104-t104-per-ticket-worker-worktrees-and-isolated-runt'
[2026-05-16T00:36:34Z] commit-checkpoint: refused — current branch 'main' does not match state branch 'ticket/T104-t104-per-ticket-worker-worktrees-and-isolated-runt'
[2026-05-16T00:37:04Z] commit-checkpoint: refused — current branch 'main' does not match state branch 'ticket/T104-t104-per-ticket-worker-worktrees-and-isolated-runt'
[2026-05-16T00:37:35Z] commit-checkpoint: refused — current branch 'main' does not match state branch 'ticket/T104-t104-per-ticket-worker-worktrees-and-isolated-runt'
[2026-05-16T00:38:06Z] commit-checkpoint: refused — current branch 'main' does not match state branch 'ticket/T104-t104-per-ticket-worker-worktrees-and-isolated-runt'
[2026-05-16T00:38:37Z] commit-checkpoint: refused — current branch 'main' does not match state branch 'ticket/T104-t104-per-ticket-worker-worktrees-and-isolated-runt'
[2026-05-16T00:39:07Z] commit-checkpoint: refused — current branch 'main' does not match state branch 'ticket/T104-t104-per-ticket-worker-worktrees-and-isolated-runt'
[2026-05-16T00:39:38Z] commit-checkpoint: refused — current branch 'main' does not match state branch 'ticket/T104-t104-per-ticket-worker-worktrees-and-isolated-runt'
[2026-05-16T00:40:09Z] commit-checkpoint: refused — current branch 'main' does not match state branch 'ticket/T104-t104-per-ticket-worker-worktrees-and-isolated-runt'
[2026-05-16T00:40:40Z] commit-checkpoint: refused — current branch 'main' does not match state branch 'ticket/T104-t104-per-ticket-worker-worktrees-and-isolated-runt'
[2026-05-16T00:41:11Z] commit-checkpoint: refused — current branch 'main' does not match state branch 'ticket/T104-t104-per-ticket-worker-worktrees-and-isolated-runt'
[2026-05-16T00:41:41Z] commit-checkpoint: refused — current branch 'main' does not match state branch 'ticket/T104-t104-per-ticket-worker-worktrees-and-isolated-runt'
[2026-05-16T00:42:12Z] commit-checkpoint: refused — current branch 'main' does not match state branch 'ticket/T104-t104-per-ticket-worker-worktrees-and-isolated-runt'
[2026-05-16T00:42:43Z] commit-checkpoint: refused — current branch 'main' does not match state branch 'ticket/T104-t104-per-ticket-worker-worktrees-and-isolated-runt'
[2026-05-16T00:43:14Z] commit-checkpoint: refused — current branch 'main' does not match state branch 'ticket/T104-t104-per-ticket-worker-worktrees-and-isolated-runt'
[2026-05-16T00:43:44Z] commit-checkpoint: refused — current branch 'main' does not match state branch 'ticket/T104-t104-per-ticket-worker-worktrees-and-isolated-runt'
[2026-05-16T00:44:15Z] commit-checkpoint: refused — current branch 'main' does not match state branch 'ticket/T104-t104-per-ticket-worker-worktrees-and-isolated-runt'
[2026-05-16T00:44:46Z] commit-checkpoint: refused — current branch 'main' does not match state branch 'ticket/T104-t104-per-ticket-worker-worktrees-and-isolated-runt'
[2026-05-16T00:45:17Z] commit-checkpoint: refused — current branch 'main' does not match state branch 'ticket/T104-t104-per-ticket-worker-worktrees-and-isolated-runt'
[2026-05-16T00:45:47Z] commit-checkpoint: refused — current branch 'main' does not match state branch 'ticket/T104-t104-per-ticket-worker-worktrees-and-isolated-runt'
[2026-05-16T00:46:18Z] commit-checkpoint: refused — current branch 'main' does not match state branch 'ticket/T104-t104-per-ticket-worker-worktrees-and-isolated-runt'
[2026-05-16T00:46:49Z] commit-checkpoint: refused — current branch 'main' does not match state branch 'ticket/T104-t104-per-ticket-worker-worktrees-and-isolated-runt'
[2026-05-16T00:47:20Z] commit-checkpoint: refused — current branch 'main' does not match state branch 'ticket/T104-t104-per-ticket-worker-worktrees-and-isolated-runt'
[2026-05-16T00:47:51Z] commit-checkpoint: refused — current branch 'main' does not match state branch 'ticket/T104-t104-per-ticket-worker-worktrees-and-isolated-runt'
[2026-05-16T00:48:21Z] commit-checkpoint: refused — current branch 'main' does not match state branch 'ticket/T104-t104-per-ticket-worker-worktrees-and-isolated-runt'
[2026-05-16T00:48:52Z] commit-checkpoint: refused — current branch 'main' does not match state branch 'ticket/T104-t104-per-ticket-worker-worktrees-and-isolated-runt'
[2026-05-16T00:49:23Z] commit-checkpoint: refused — current branch 'main' does not match state branch 'ticket/T104-t104-per-ticket-worker-worktrees-and-isolated-runt'
[2026-05-16T00:49:54Z] commit-checkpoint: refused — current branch 'main' does not match state branch 'ticket/T104-t104-per-ticket-worker-worktrees-and-isolated-runt'
[2026-05-16T00:50:25Z] commit-checkpoint: refused — current branch 'main' does not match state branch 'ticket/T104-t104-per-ticket-worker-worktrees-and-isolated-runt'
[2026-05-16T00:50:55Z] commit-checkpoint: refused — current branch 'main' does not match state branch 'ticket/T104-t104-per-ticket-worker-worktrees-and-isolated-runt'
[2026-05-16T00:51:26Z] commit-checkpoint: refused — current branch 'main' does not match state branch 'ticket/T104-t104-per-ticket-worker-worktrees-and-isolated-runt'
[2026-05-16T00:51:57Z] commit-checkpoint: refused — current branch 'main' does not match state branch 'ticket/T104-t104-per-ticket-worker-worktrees-and-isolated-runt'
[2026-05-16T00:52:28Z] commit-checkpoint: refused — current branch 'main' does not match state branch 'ticket/T104-t104-per-ticket-worker-worktrees-and-isolated-runt'
[2026-05-16T00:52:58Z] commit-checkpoint: refused — current branch 'main' does not match state branch 'ticket/T104-t104-per-ticket-worker-worktrees-and-isolated-runt'
[2026-05-16T00:53:29Z] commit-checkpoint: refused — current branch 'main' does not match state branch 'ticket/T104-t104-per-ticket-worker-worktrees-and-isolated-runt'
[2026-05-16T00:54:00Z] commit-checkpoint: refused — current branch 'main' does not match state branch 'ticket/T104-t104-per-ticket-worker-worktrees-and-isolated-runt'
[2026-05-16T00:54:31Z] commit-checkpoint: refused — current branch 'main' does not match state branch 'ticket/T104-t104-per-ticket-worker-worktrees-and-isolated-runt'
[2026-05-16T00:55:01Z] commit-checkpoint: refused — current branch 'main' does not match state branch 'ticket/T104-t104-per-ticket-worker-worktrees-and-isolated-runt'
[2026-05-16T00:55:32Z] commit-checkpoint: refused — current branch 'main' does not match state branch 'ticket/T104-t104-per-ticket-worker-worktrees-and-isolated-runt'
[2026-05-16T00:56:03Z] commit-checkpoint: refused — current branch 'main' does not match state branch 'ticket/T104-t104-per-ticket-worker-worktrees-and-isolated-runt'
[2026-05-16T00:56:34Z] commit-checkpoint: refused — current branch 'main' does not match state branch 'ticket/T104-t104-per-ticket-worker-worktrees-and-isolated-runt'
[2026-05-16T00:57:05Z] commit-checkpoint: refused — current branch 'main' does not match state branch 'ticket/T104-t104-per-ticket-worker-worktrees-and-isolated-runt'
[2026-05-16T00:57:35Z] commit-checkpoint: refused — current branch 'main' does not match state branch 'ticket/T104-t104-per-ticket-worker-worktrees-and-isolated-runt'
[2026-05-16T00:58:06Z] commit-checkpoint: refused — current branch 'main' does not match state branch 'ticket/T104-t104-per-ticket-worker-worktrees-and-isolated-runt'
[2026-05-16T00:58:37Z] commit-checkpoint: refused — current branch 'main' does not match state branch 'ticket/T104-t104-per-ticket-worker-worktrees-and-isolated-runt'
[2026-05-16T00:59:08Z] commit-checkpoint: refused — current branch 'main' does not match state branch 'ticket/T104-t104-per-ticket-worker-worktrees-and-isolated-runt'
[2026-05-16T00:59:39Z] commit-checkpoint: refused — current branch 'main' does not match state branch 'ticket/T104-t104-per-ticket-worker-worktrees-and-isolated-runt'
[2026-05-16T01:00:09Z] commit-checkpoint: refused — current branch 'main' does not match state branch 'ticket/T104-t104-per-ticket-worker-worktrees-and-isolated-runt'
[2026-05-16T01:00:40Z] commit-checkpoint: refused — current branch 'main' does not match state branch 'ticket/T104-t104-per-ticket-worker-worktrees-and-isolated-runt'
[2026-05-16T01:01:11Z] commit-checkpoint: refused — current branch 'main' does not match state branch 'ticket/T104-t104-per-ticket-worker-worktrees-and-isolated-runt'
[2026-05-16T01:01:42Z] commit-checkpoint: refused — current branch 'main' does not match state branch 'ticket/T104-t104-per-ticket-worker-worktrees-and-isolated-runt'
[2026-05-16T01:02:13Z] commit-checkpoint: refused — current branch 'main' does not match state branch 'ticket/T104-t104-per-ticket-worker-worktrees-and-isolated-runt'
[2026-05-16T01:02:43Z] commit-checkpoint: refused — current branch 'main' does not match state branch 'ticket/T104-t104-per-ticket-worker-worktrees-and-isolated-runt'
[2026-05-16T01:03:14Z] commit-checkpoint: refused — current branch 'main' does not match state branch 'ticket/T104-t104-per-ticket-worker-worktrees-and-isolated-runt'
[2026-05-16T01:03:45Z] commit-checkpoint: refused — current branch 'main' does not match state branch 'ticket/T104-t104-per-ticket-worker-worktrees-and-isolated-runt'
[2026-05-16T01:04:16Z] commit-checkpoint: refused — current branch 'main' does not match state branch 'ticket/T104-t104-per-ticket-worker-worktrees-and-isolated-runt'
[2026-05-16T01:04:46Z] commit-checkpoint: refused — current branch 'main' does not match state branch 'ticket/T104-t104-per-ticket-worker-worktrees-and-isolated-runt'
[2026-05-16T01:05:17Z] commit-checkpoint: refused — current branch 'main' does not match state branch 'ticket/T104-t104-per-ticket-worker-worktrees-and-isolated-runt'
[2026-05-16T01:05:48Z] commit-checkpoint: refused — current branch 'main' does not match state branch 'ticket/T104-t104-per-ticket-worker-worktrees-and-isolated-runt'
[2026-05-16T01:06:19Z] commit-checkpoint: refused — current branch 'main' does not match state branch 'ticket/T104-t104-per-ticket-worker-worktrees-and-isolated-runt'
[2026-05-16T01:06:49Z] commit-checkpoint: refused — current branch 'main' does not match state branch 'ticket/T104-t104-per-ticket-worker-worktrees-and-isolated-runt'
[2026-05-16T01:07:20Z] commit-checkpoint: refused — current branch 'main' does not match state branch 'ticket/T104-t104-per-ticket-worker-worktrees-and-isolated-runt'
[2026-05-16T01:07:51Z] commit-checkpoint: refused — current branch 'main' does not match state branch 'ticket/T104-t104-per-ticket-worker-worktrees-and-isolated-runt'
[2026-05-16T01:08:22Z] commit-checkpoint: refused — current branch 'main' does not match state branch 'ticket/T104-t104-per-ticket-worker-worktrees-and-isolated-runt'
[2026-05-16T01:08:53Z] commit-checkpoint: refused — current branch 'main' does not match state branch 'ticket/T104-t104-per-ticket-worker-worktrees-and-isolated-runt'
[2026-05-16T01:09:23Z] commit-checkpoint: refused — current branch 'main' does not match state branch 'ticket/T104-t104-per-ticket-worker-worktrees-and-isolated-runt'
[2026-05-16T01:09:54Z] commit-checkpoint: refused — current branch 'main' does not match state branch 'ticket/T104-t104-per-ticket-worker-worktrees-and-isolated-runt'
[2026-05-16T01:10:25Z] commit-checkpoint: refused — current branch 'main' does not match state branch 'ticket/T104-t104-per-ticket-worker-worktrees-and-isolated-runt'
[2026-05-16T01:10:56Z] commit-checkpoint: refused — current branch 'main' does not match state branch 'ticket/T104-t104-per-ticket-worker-worktrees-and-isolated-runt'
[2026-05-16T01:11:27Z] commit-checkpoint: refused — current branch 'main' does not match state branch 'ticket/T104-t104-per-ticket-worker-worktrees-and-isolated-runt'
[2026-05-16T01:11:57Z] commit-checkpoint: refused — current branch 'main' does not match state branch 'ticket/T104-t104-per-ticket-worker-worktrees-and-isolated-runt'
[2026-05-16T01:12:28Z] commit-checkpoint: refused — current branch 'main' does not match state branch 'ticket/T104-t104-per-ticket-worker-worktrees-and-isolated-runt'
[2026-05-16T01:12:59Z] commit-checkpoint: refused — current branch 'main' does not match state branch 'ticket/T104-t104-per-ticket-worker-worktrees-and-isolated-runt'
[2026-05-16T01:13:30Z] commit-checkpoint: refused — current branch 'main' does not match state branch 'ticket/T104-t104-per-ticket-worker-worktrees-and-isolated-runt'
[2026-05-16T01:14:01Z] commit-checkpoint: refused — current branch 'main' does not match state branch 'ticket/T104-t104-per-ticket-worker-worktrees-and-isolated-runt'
[2026-05-16T01:14:32Z] commit-checkpoint: refused — current branch 'main' does not match state branch 'ticket/T104-t104-per-ticket-worker-worktrees-and-isolated-runt'
[2026-05-16T01:15:02Z] commit-checkpoint: refused — current branch 'main' does not match state branch 'ticket/T104-t104-per-ticket-worker-worktrees-and-isolated-runt'
[2026-05-16T01:15:33Z] commit-checkpoint: refused — current branch 'main' does not match state branch 'ticket/T104-t104-per-ticket-worker-worktrees-and-isolated-runt'
[2026-05-16T01:16:04Z] commit-checkpoint: refused — current branch 'main' does not match state branch 'ticket/T104-t104-per-ticket-worker-worktrees-and-isolated-runt'
[2026-05-16T01:16:35Z] commit-checkpoint: refused — current branch 'main' does not match state branch 'ticket/T104-t104-per-ticket-worker-worktrees-and-isolated-runt'
[2026-05-16T01:17:06Z] commit-checkpoint: refused — current branch 'main' does not match state branch 'ticket/T104-t104-per-ticket-worker-worktrees-and-isolated-runt'
[2026-05-16T01:17:36Z] commit-checkpoint: refused — current branch 'main' does not match state branch 'ticket/T104-t104-per-ticket-worker-worktrees-and-isolated-runt'
[2026-05-16T01:18:07Z] commit-checkpoint: refused — current branch 'main' does not match state branch 'ticket/T104-t104-per-ticket-worker-worktrees-and-isolated-runt'
[2026-05-16T01:18:38Z] commit-checkpoint: refused — current branch 'main' does not match state branch 'ticket/T104-t104-per-ticket-worker-worktrees-and-isolated-runt'
[2026-05-16T01:19:09Z] commit-checkpoint: refused — current branch 'main' does not match state branch 'ticket/T104-t104-per-ticket-worker-worktrees-and-isolated-runt'
[2026-05-16T01:19:39Z] commit-checkpoint: refused — current branch 'main' does not match state branch 'ticket/T104-t104-per-ticket-worker-worktrees-and-isolated-runt'
[2026-05-16T01:20:10Z] commit-checkpoint: refused — current branch 'main' does not match state branch 'ticket/T104-t104-per-ticket-worker-worktrees-and-isolated-runt'
[2026-05-16T01:20:41Z] commit-checkpoint: refused — current branch 'main' does not match state branch 'ticket/T104-t104-per-ticket-worker-worktrees-and-isolated-runt'
[2026-05-16T01:21:12Z] commit-checkpoint: refused — current branch 'main' does not match state branch 'ticket/T104-t104-per-ticket-worker-worktrees-and-isolated-runt'
[2026-05-16T01:21:43Z] commit-checkpoint: refused — current branch 'main' does not match state branch 'ticket/T104-t104-per-ticket-worker-worktrees-and-isolated-runt'
[2026-05-16T01:22:14Z] commit-checkpoint: refused — current branch 'main' does not match state branch 'ticket/T104-t104-per-ticket-worker-worktrees-and-isolated-runt'
[2026-05-16T01:22:44Z] commit-checkpoint: refused — current branch 'main' does not match state branch 'ticket/T104-t104-per-ticket-worker-worktrees-and-isolated-runt'
[2026-05-16T01:23:15Z] commit-checkpoint: refused — current branch 'main' does not match state branch 'ticket/T104-t104-per-ticket-worker-worktrees-and-isolated-runt'
[2026-05-16T01:23:46Z] commit-checkpoint: refused — current branch 'main' does not match state branch 'ticket/T104-t104-per-ticket-worker-worktrees-and-isolated-runt'
[2026-05-16T01:24:16Z] commit-checkpoint: refused — current branch 'main' does not match state branch 'ticket/T104-t104-per-ticket-worker-worktrees-and-isolated-runt'
[2026-05-16T01:24:47Z] commit-checkpoint: refused — current branch 'main' does not match state branch 'ticket/T104-t104-per-ticket-worker-worktrees-and-isolated-runt'
[2026-05-16T01:25:18Z] commit-checkpoint: refused — current branch 'main' does not match state branch 'ticket/T104-t104-per-ticket-worker-worktrees-and-isolated-runt'
[2026-05-16T01:25:49Z] commit-checkpoint: refused — current branch 'main' does not match state branch 'ticket/T104-t104-per-ticket-worker-worktrees-and-isolated-runt'
[2026-05-16T01:26:20Z] commit-checkpoint: refused — current branch 'main' does not match state branch 'ticket/T104-t104-per-ticket-worker-worktrees-and-isolated-runt'
[2026-05-16T01:26:50Z] commit-checkpoint: refused — current branch 'main' does not match state branch 'ticket/T104-t104-per-ticket-worker-worktrees-and-isolated-runt'
[2026-05-16T01:27:21Z] commit-checkpoint: refused — current branch 'main' does not match state branch 'ticket/T104-t104-per-ticket-worker-worktrees-and-isolated-runt'
[2026-05-16T01:27:52Z] commit-checkpoint: refused — current branch 'main' does not match state branch 'ticket/T104-t104-per-ticket-worker-worktrees-and-isolated-runt'
[2026-05-16T01:28:23Z] commit-checkpoint: refused — current branch 'main' does not match state branch 'ticket/T104-t104-per-ticket-worker-worktrees-and-isolated-runt'
[2026-05-16T01:28:53Z] commit-checkpoint: refused — current branch 'main' does not match state branch 'ticket/T104-t104-per-ticket-worker-worktrees-and-isolated-runt'
[2026-05-16T01:29:24Z] commit-checkpoint: refused — current branch 'main' does not match state branch 'ticket/T104-t104-per-ticket-worker-worktrees-and-isolated-runt'
[2026-05-16T01:29:55Z] commit-checkpoint: refused — current branch 'main' does not match state branch 'ticket/T104-t104-per-ticket-worker-worktrees-and-isolated-runt'
[2026-05-16T01:30:26Z] commit-checkpoint: refused — current branch 'main' does not match state branch 'ticket/T104-t104-per-ticket-worker-worktrees-and-isolated-runt'
[2026-05-16T01:30:57Z] commit-checkpoint: refused — current branch 'main' does not match state branch 'ticket/T104-t104-per-ticket-worker-worktrees-and-isolated-runt'
[2026-05-16T01:31:27Z] commit-checkpoint: refused — current branch 'main' does not match state branch 'ticket/T104-t104-per-ticket-worker-worktrees-and-isolated-runt'
[2026-05-16T01:31:58Z] commit-checkpoint: refused — current branch 'main' does not match state branch 'ticket/T104-t104-per-ticket-worker-worktrees-and-isolated-runt'
[2026-05-16T01:32:29Z] commit-checkpoint: refused — current branch 'main' does not match state branch 'ticket/T104-t104-per-ticket-worker-worktrees-and-isolated-runt'
[2026-05-16T01:33:00Z] commit-checkpoint: refused — current branch 'main' does not match state branch 'ticket/T104-t104-per-ticket-worker-worktrees-and-isolated-runt'
[2026-05-16T01:33:31Z] commit-checkpoint: refused — current branch 'main' does not match state branch 'ticket/T104-t104-per-ticket-worker-worktrees-and-isolated-runt'
[2026-05-16T01:34:01Z] commit-checkpoint: refused — current branch 'main' does not match state branch 'ticket/T104-t104-per-ticket-worker-worktrees-and-isolated-runt'
[2026-05-16T01:34:33Z] commit-checkpoint: refused — current branch 'main' does not match state branch 'ticket/T104-t104-per-ticket-worker-worktrees-and-isolated-runt'
[2026-05-16T01:35:03Z] commit-checkpoint: refused — current branch 'main' does not match state branch 'ticket/T104-t104-per-ticket-worker-worktrees-and-isolated-runt'
[2026-05-16T01:35:34Z] commit-checkpoint: refused — current branch 'main' does not match state branch 'ticket/T104-t104-per-ticket-worker-worktrees-and-isolated-runt'
[2026-05-16T01:36:05Z] commit-checkpoint: refused — current branch 'main' does not match state branch 'ticket/T104-t104-per-ticket-worker-worktrees-and-isolated-runt'
[2026-05-16T01:36:36Z] commit-checkpoint: refused — current branch 'main' does not match state branch 'ticket/T104-t104-per-ticket-worker-worktrees-and-isolated-runt'
[2026-05-16T01:37:07Z] commit-checkpoint: refused — current branch 'main' does not match state branch 'ticket/T104-t104-per-ticket-worker-worktrees-and-isolated-runt'
[2026-05-16T01:37:37Z] commit-checkpoint: refused — current branch 'main' does not match state branch 'ticket/T104-t104-per-ticket-worker-worktrees-and-isolated-runt'
[2026-05-16T01:38:08Z] commit-checkpoint: refused — current branch 'main' does not match state branch 'ticket/T104-t104-per-ticket-worker-worktrees-and-isolated-runt'
[2026-05-16T01:38:39Z] commit-checkpoint: refused — current branch 'main' does not match state branch 'ticket/T104-t104-per-ticket-worker-worktrees-and-isolated-runt'
[2026-05-16T01:39:10Z] commit-checkpoint: refused — current branch 'main' does not match state branch 'ticket/T104-t104-per-ticket-worker-worktrees-and-isolated-runt'
[2026-05-16T01:39:40Z] commit-checkpoint: refused — current branch 'main' does not match state branch 'ticket/T104-t104-per-ticket-worker-worktrees-and-isolated-runt'
[2026-05-16T01:40:11Z] commit-checkpoint: refused — current branch 'main' does not match state branch 'ticket/T104-t104-per-ticket-worker-worktrees-and-isolated-runt'
[2026-05-16T01:40:42Z] commit-checkpoint: refused — current branch 'main' does not match state branch 'ticket/T104-t104-per-ticket-worker-worktrees-and-isolated-runt'
[2026-05-16T01:41:13Z] commit-checkpoint: refused — current branch 'main' does not match state branch 'ticket/T104-t104-per-ticket-worker-worktrees-and-isolated-runt'
[2026-05-16T01:41:44Z] commit-checkpoint: refused — current branch 'main' does not match state branch 'ticket/T104-t104-per-ticket-worker-worktrees-and-isolated-runt'
[2026-05-16T01:42:14Z] commit-checkpoint: refused — current branch 'main' does not match state branch 'ticket/T104-t104-per-ticket-worker-worktrees-and-isolated-runt'
[2026-05-16T01:42:45Z] commit-checkpoint: refused — current branch 'main' does not match state branch 'ticket/T104-t104-per-ticket-worker-worktrees-and-isolated-runt'
[2026-05-16T01:43:16Z] commit-checkpoint: refused — current branch 'main' does not match state branch 'ticket/T104-t104-per-ticket-worker-worktrees-and-isolated-runt'
[2026-05-16T01:43:47Z] commit-checkpoint: refused — current branch 'main' does not match state branch 'ticket/T104-t104-per-ticket-worker-worktrees-and-isolated-runt'
[2026-05-16T01:44:17Z] commit-checkpoint: refused — current branch 'main' does not match state branch 'ticket/T104-t104-per-ticket-worker-worktrees-and-isolated-runt'
[2026-05-16T01:44:48Z] commit-checkpoint: refused — current branch 'main' does not match state branch 'ticket/T104-t104-per-ticket-worker-worktrees-and-isolated-runt'
[2026-05-16T01:45:19Z] commit-checkpoint: refused — current branch 'main' does not match state branch 'ticket/T104-t104-per-ticket-worker-worktrees-and-isolated-runt'
[2026-05-16T01:45:50Z] commit-checkpoint: refused — current branch 'main' does not match state branch 'ticket/T104-t104-per-ticket-worker-worktrees-and-isolated-runt'
[2026-05-16T01:46:21Z] commit-checkpoint: refused — current branch 'main' does not match state branch 'ticket/T104-t104-per-ticket-worker-worktrees-and-isolated-runt'
[2026-05-16T01:46:51Z] commit-checkpoint: refused — current branch 'main' does not match state branch 'ticket/T104-t104-per-ticket-worker-worktrees-and-isolated-runt'
[2026-05-16T01:47:22Z] commit-checkpoint: refused — current branch 'main' does not match state branch 'ticket/T104-t104-per-ticket-worker-worktrees-and-isolated-runt'
[2026-05-16T01:47:53Z] commit-checkpoint: refused — current branch 'main' does not match state branch 'ticket/T104-t104-per-ticket-worker-worktrees-and-isolated-runt'
[2026-05-16T01:48:24Z] commit-checkpoint: refused — current branch 'main' does not match state branch 'ticket/T104-t104-per-ticket-worker-worktrees-and-isolated-runt'
[2026-05-16T01:48:54Z] commit-checkpoint: refused — current branch 'main' does not match state branch 'ticket/T104-t104-per-ticket-worker-worktrees-and-isolated-runt'
[2026-05-16T01:49:25Z] commit-checkpoint: refused — current branch 'main' does not match state branch 'ticket/T104-t104-per-ticket-worker-worktrees-and-isolated-runt'
[2026-05-16T01:49:56Z] commit-checkpoint: refused — current branch 'main' does not match state branch 'ticket/T104-t104-per-ticket-worker-worktrees-and-isolated-runt'
[2026-05-16T01:50:27Z] commit-checkpoint: refused — current branch 'main' does not match state branch 'ticket/T104-t104-per-ticket-worker-worktrees-and-isolated-runt'
[2026-05-16T01:50:58Z] commit-checkpoint: refused — current branch 'main' does not match state branch 'ticket/T104-t104-per-ticket-worker-worktrees-and-isolated-runt'
[2026-05-16T01:51:28Z] commit-checkpoint: refused — current branch 'main' does not match state branch 'ticket/T104-t104-per-ticket-worker-worktrees-and-isolated-runt'
[2026-05-16T01:51:59Z] commit-checkpoint: refused — current branch 'main' does not match state branch 'ticket/T104-t104-per-ticket-worker-worktrees-and-isolated-runt'
[2026-05-16T01:52:30Z] commit-checkpoint: refused — current branch 'main' does not match state branch 'ticket/T104-t104-per-ticket-worker-worktrees-and-isolated-runt'
[2026-05-16T01:53:01Z] commit-checkpoint: refused — current branch 'main' does not match state branch 'ticket/T104-t104-per-ticket-worker-worktrees-and-isolated-runt'
[2026-05-16T01:53:31Z] commit-checkpoint: refused — current branch 'main' does not match state branch 'ticket/T104-t104-per-ticket-worker-worktrees-and-isolated-runt'
[2026-05-16T01:54:02Z] commit-checkpoint: refused — current branch 'main' does not match state branch 'ticket/T104-t104-per-ticket-worker-worktrees-and-isolated-runt'
[2026-05-16T01:54:33Z] commit-checkpoint: refused — current branch 'main' does not match state branch 'ticket/T104-t104-per-ticket-worker-worktrees-and-isolated-runt'
[2026-05-16T01:55:04Z] commit-checkpoint: refused — current branch 'main' does not match state branch 'ticket/T104-t104-per-ticket-worker-worktrees-and-isolated-runt'
[2026-05-16T01:55:35Z] commit-checkpoint: refused — current branch 'main' does not match state branch 'ticket/T104-t104-per-ticket-worker-worktrees-and-isolated-runt'
[2026-05-16T01:56:05Z] commit-checkpoint: refused — current branch 'main' does not match state branch 'ticket/T104-t104-per-ticket-worker-worktrees-and-isolated-runt'
[2026-05-16T01:56:36Z] commit-checkpoint: refused — current branch 'main' does not match state branch 'ticket/T104-t104-per-ticket-worker-worktrees-and-isolated-runt'
[2026-05-16T01:57:07Z] commit-checkpoint: refused — current branch 'main' does not match state branch 'ticket/T104-t104-per-ticket-worker-worktrees-and-isolated-runt'
[2026-05-16T01:57:38Z] commit-checkpoint: refused — current branch 'main' does not match state branch 'ticket/T104-t104-per-ticket-worker-worktrees-and-isolated-runt'
[2026-05-16T01:58:08Z] commit-checkpoint: refused — current branch 'main' does not match state branch 'ticket/T104-t104-per-ticket-worker-worktrees-and-isolated-runt'
[2026-05-16T01:58:39Z] commit-checkpoint: refused — current branch 'main' does not match state branch 'ticket/T104-t104-per-ticket-worker-worktrees-and-isolated-runt'
[2026-05-16T01:59:10Z] commit-checkpoint: refused — current branch 'main' does not match state branch 'ticket/T104-t104-per-ticket-worker-worktrees-and-isolated-runt'
[2026-05-16T01:59:41Z] commit-checkpoint: refused — current branch 'main' does not match state branch 'ticket/T104-t104-per-ticket-worker-worktrees-and-isolated-runt'
[2026-05-16T02:00:11Z] commit-checkpoint: refused — current branch 'main' does not match state branch 'ticket/T104-t104-per-ticket-worker-worktrees-and-isolated-runt'
[2026-05-16T02:00:42Z] commit-checkpoint: refused — current branch 'main' does not match state branch 'ticket/T104-t104-per-ticket-worker-worktrees-and-isolated-runt'
[2026-05-16T02:01:13Z] commit-checkpoint: refused — current branch 'main' does not match state branch 'ticket/T104-t104-per-ticket-worker-worktrees-and-isolated-runt'
[2026-05-16T02:01:44Z] commit-checkpoint: refused — current branch 'main' does not match state branch 'ticket/T104-t104-per-ticket-worker-worktrees-and-isolated-runt'
[2026-05-16T02:02:15Z] commit-checkpoint: refused — current branch 'main' does not match state branch 'ticket/T104-t104-per-ticket-worker-worktrees-and-isolated-runt'
[2026-05-16T02:02:46Z] commit-checkpoint: refused — current branch 'main' does not match state branch 'ticket/T104-t104-per-ticket-worker-worktrees-and-isolated-runt'
[2026-05-16T02:03:17Z] commit-checkpoint: refused — current branch 'main' does not match state branch 'ticket/T104-t104-per-ticket-worker-worktrees-and-isolated-runt'
[2026-05-16T02:03:48Z] commit-checkpoint: refused — current branch 'main' does not match state branch 'ticket/T104-t104-per-ticket-worker-worktrees-and-isolated-runt'
[2026-05-16T02:04:19Z] commit-checkpoint: refused — current branch 'main' does not match state branch 'ticket/T104-t104-per-ticket-worker-worktrees-and-isolated-runt'
[2026-05-16T02:04:49Z] commit-checkpoint: refused — current branch 'main' does not match state branch 'ticket/T104-t104-per-ticket-worker-worktrees-and-isolated-runt'
[2026-05-16T02:05:20Z] commit-checkpoint: refused — current branch 'main' does not match state branch 'ticket/T104-t104-per-ticket-worker-worktrees-and-isolated-runt'
[2026-05-16T02:05:51Z] commit-checkpoint: refused — current branch 'main' does not match state branch 'ticket/T104-t104-per-ticket-worker-worktrees-and-isolated-runt'
[2026-05-16T02:06:22Z] commit-checkpoint: refused — current branch 'main' does not match state branch 'ticket/T104-t104-per-ticket-worker-worktrees-and-isolated-runt'
[2026-05-16T02:06:53Z] commit-checkpoint: refused — current branch 'main' does not match state branch 'ticket/T104-t104-per-ticket-worker-worktrees-and-isolated-runt'
[2026-05-16T02:07:23Z] commit-checkpoint: refused — current branch 'main' does not match state branch 'ticket/T104-t104-per-ticket-worker-worktrees-and-isolated-runt'
[2026-05-16T02:07:54Z] commit-checkpoint: refused — current branch 'main' does not match state branch 'ticket/T104-t104-per-ticket-worker-worktrees-and-isolated-runt'
[2026-05-16T02:08:25Z] commit-checkpoint: refused — current branch 'main' does not match state branch 'ticket/T104-t104-per-ticket-worker-worktrees-and-isolated-runt'
[2026-05-16T02:08:56Z] commit-checkpoint: refused — current branch 'main' does not match state branch 'ticket/T104-t104-per-ticket-worker-worktrees-and-isolated-runt'
[2026-05-16T02:09:26Z] commit-checkpoint: refused — current branch 'main' does not match state branch 'ticket/T104-t104-per-ticket-worker-worktrees-and-isolated-runt'
[2026-05-16T02:09:57Z] commit-checkpoint: refused — current branch 'main' does not match state branch 'ticket/T104-t104-per-ticket-worker-worktrees-and-isolated-runt'
[2026-05-16T02:10:28Z] commit-checkpoint: refused — current branch 'main' does not match state branch 'ticket/T104-t104-per-ticket-worker-worktrees-and-isolated-runt'
[2026-05-16T02:10:59Z] commit-checkpoint: refused — current branch 'main' does not match state branch 'ticket/T104-t104-per-ticket-worker-worktrees-and-isolated-runt'
[2026-05-16T02:11:29Z] commit-checkpoint: refused — current branch 'main' does not match state branch 'ticket/T104-t104-per-ticket-worker-worktrees-and-isolated-runt'
[2026-05-16T02:12:00Z] commit-checkpoint: refused — current branch 'main' does not match state branch 'ticket/T104-t104-per-ticket-worker-worktrees-and-isolated-runt'
[2026-05-16T02:12:31Z] commit-checkpoint: refused — current branch 'main' does not match state branch 'ticket/T104-t104-per-ticket-worker-worktrees-and-isolated-runt'
[2026-05-16T02:13:02Z] commit-checkpoint: refused — current branch 'main' does not match state branch 'ticket/T104-t104-per-ticket-worker-worktrees-and-isolated-runt'
[2026-05-16T02:13:32Z] commit-checkpoint: refused — current branch 'main' does not match state branch 'ticket/T104-t104-per-ticket-worker-worktrees-and-isolated-runt'
[2026-05-16T02:14:03Z] commit-checkpoint: refused — current branch 'main' does not match state branch 'ticket/T104-t104-per-ticket-worker-worktrees-and-isolated-runt'
[2026-05-16T02:14:34Z] commit-checkpoint: refused — current branch 'main' does not match state branch 'ticket/T104-t104-per-ticket-worker-worktrees-and-isolated-runt'
[2026-05-16T02:15:05Z] commit-checkpoint: refused — current branch 'main' does not match state branch 'ticket/T104-t104-per-ticket-worker-worktrees-and-isolated-runt'
[2026-05-16T02:15:35Z] commit-checkpoint: refused — current branch 'main' does not match state branch 'ticket/T104-t104-per-ticket-worker-worktrees-and-isolated-runt'
[2026-05-16T02:16:06Z] commit-checkpoint: refused — current branch 'main' does not match state branch 'ticket/T104-t104-per-ticket-worker-worktrees-and-isolated-runt'
[2026-05-16T02:16:37Z] commit-checkpoint: refused — current branch 'main' does not match state branch 'ticket/T104-t104-per-ticket-worker-worktrees-and-isolated-runt'
[2026-05-16T02:17:08Z] commit-checkpoint: refused — current branch 'main' does not match state branch 'ticket/T104-t104-per-ticket-worker-worktrees-and-isolated-runt'
[2026-05-16T02:17:39Z] commit-checkpoint: refused — current branch 'main' does not match state branch 'ticket/T104-t104-per-ticket-worker-worktrees-and-isolated-runt'
[2026-05-16T02:18:09Z] commit-checkpoint: refused — current branch 'main' does not match state branch 'ticket/T104-t104-per-ticket-worker-worktrees-and-isolated-runt'
[2026-05-16T02:18:40Z] commit-checkpoint: refused — current branch 'main' does not match state branch 'ticket/T104-t104-per-ticket-worker-worktrees-and-isolated-runt'
[2026-05-16T02:19:11Z] commit-checkpoint: refused — current branch 'main' does not match state branch 'ticket/T104-t104-per-ticket-worker-worktrees-and-isolated-runt'
[2026-05-16T02:19:42Z] commit-checkpoint: refused — current branch 'main' does not match state branch 'ticket/T104-t104-per-ticket-worker-worktrees-and-isolated-runt'
[2026-05-16T02:20:13Z] commit-checkpoint: refused — current branch 'main' does not match state branch 'ticket/T104-t104-per-ticket-worker-worktrees-and-isolated-runt'
[2026-05-16T02:20:43Z] commit-checkpoint: refused — current branch 'main' does not match state branch 'ticket/T104-t104-per-ticket-worker-worktrees-and-isolated-runt'
[2026-05-16T02:21:14Z] commit-checkpoint: refused — current branch 'main' does not match state branch 'ticket/T104-t104-per-ticket-worker-worktrees-and-isolated-runt'
[2026-05-16T02:21:45Z] commit-checkpoint: refused — current branch 'main' does not match state branch 'ticket/T104-t104-per-ticket-worker-worktrees-and-isolated-runt'
[2026-05-16T02:22:16Z] commit-checkpoint: refused — current branch 'main' does not match state branch 'ticket/T104-t104-per-ticket-worker-worktrees-and-isolated-runt'
[2026-05-16T02:22:46Z] commit-checkpoint: refused — current branch 'main' does not match state branch 'ticket/T104-t104-per-ticket-worker-worktrees-and-isolated-runt'
[2026-05-16T02:23:17Z] commit-checkpoint: refused — current branch 'main' does not match state branch 'ticket/T104-t104-per-ticket-worker-worktrees-and-isolated-runt'
[2026-05-16T02:23:48Z] commit-checkpoint: refused — current branch 'main' does not match state branch 'ticket/T104-t104-per-ticket-worker-worktrees-and-isolated-runt'
[2026-05-16T02:24:19Z] commit-checkpoint: refused — current branch 'main' does not match state branch 'ticket/T104-t104-per-ticket-worker-worktrees-and-isolated-runt'
[2026-05-16T02:24:50Z] commit-checkpoint: refused — current branch 'main' does not match state branch 'ticket/T104-t104-per-ticket-worker-worktrees-and-isolated-runt'
[2026-05-16T02:25:20Z] commit-checkpoint: refused — current branch 'main' does not match state branch 'ticket/T104-t104-per-ticket-worker-worktrees-and-isolated-runt'
[2026-05-16T02:25:51Z] commit-checkpoint: refused — current branch 'main' does not match state branch 'ticket/T104-t104-per-ticket-worker-worktrees-and-isolated-runt'
[2026-05-16T02:26:22Z] commit-checkpoint: refused — current branch 'main' does not match state branch 'ticket/T104-t104-per-ticket-worker-worktrees-and-isolated-runt'
[2026-05-16T02:26:53Z] commit-checkpoint: refused — current branch 'main' does not match state branch 'ticket/T104-t104-per-ticket-worker-worktrees-and-isolated-runt'
[2026-05-16T02:27:24Z] commit-checkpoint: refused — current branch 'main' does not match state branch 'ticket/T104-t104-per-ticket-worker-worktrees-and-isolated-runt'
[2026-05-16T02:27:54Z] commit-checkpoint: refused — current branch 'main' does not match state branch 'ticket/T104-t104-per-ticket-worker-worktrees-and-isolated-runt'
[2026-05-16T02:28:25Z] commit-checkpoint: refused — current branch 'main' does not match state branch 'ticket/T104-t104-per-ticket-worker-worktrees-and-isolated-runt'
[2026-05-16T02:28:56Z] commit-checkpoint: refused — current branch 'main' does not match state branch 'ticket/T104-t104-per-ticket-worker-worktrees-and-isolated-runt'
[2026-05-16T02:29:27Z] commit-checkpoint: refused — current branch 'main' does not match state branch 'ticket/T104-t104-per-ticket-worker-worktrees-and-isolated-runt'
[2026-05-16T02:29:58Z] commit-checkpoint: refused — current branch 'main' does not match state branch 'ticket/T104-t104-per-ticket-worker-worktrees-and-isolated-runt'
[2026-05-16T02:30:29Z] commit-checkpoint: refused — current branch 'main' does not match state branch 'ticket/T104-t104-per-ticket-worker-worktrees-and-isolated-runt'
[2026-05-16T02:30:59Z] commit-checkpoint: refused — current branch 'main' does not match state branch 'ticket/T104-t104-per-ticket-worker-worktrees-and-isolated-runt'
[2026-05-16T02:31:30Z] commit-checkpoint: refused — current branch 'main' does not match state branch 'ticket/T104-t104-per-ticket-worker-worktrees-and-isolated-runt'
[2026-05-16T02:32:01Z] commit-checkpoint: refused — current branch 'main' does not match state branch 'ticket/T104-t104-per-ticket-worker-worktrees-and-isolated-runt'
[2026-05-16T02:32:32Z] commit-checkpoint: refused — current branch 'main' does not match state branch 'ticket/T104-t104-per-ticket-worker-worktrees-and-isolated-runt'
[2026-05-16T02:33:02Z] commit-checkpoint: refused — current branch 'main' does not match state branch 'ticket/T104-t104-per-ticket-worker-worktrees-and-isolated-runt'
[2026-05-16T02:33:33Z] commit-checkpoint: refused — current branch 'main' does not match state branch 'ticket/T104-t104-per-ticket-worker-worktrees-and-isolated-runt'
[2026-05-16T02:34:04Z] commit-checkpoint: refused — current branch 'main' does not match state branch 'ticket/T104-t104-per-ticket-worker-worktrees-and-isolated-runt'
[2026-05-16T02:34:35Z] commit-checkpoint: refused — current branch 'main' does not match state branch 'ticket/T104-t104-per-ticket-worker-worktrees-and-isolated-runt'
[2026-05-16T02:35:05Z] commit-checkpoint: refused — current branch 'main' does not match state branch 'ticket/T104-t104-per-ticket-worker-worktrees-and-isolated-runt'
[2026-05-16T02:35:36Z] commit-checkpoint: refused — current branch 'main' does not match state branch 'ticket/T104-t104-per-ticket-worker-worktrees-and-isolated-runt'
[2026-05-16T02:36:07Z] commit-checkpoint: refused — current branch 'main' does not match state branch 'ticket/T104-t104-per-ticket-worker-worktrees-and-isolated-runt'
[2026-05-16T02:36:38Z] commit-checkpoint: refused — current branch 'main' does not match state branch 'ticket/T104-t104-per-ticket-worker-worktrees-and-isolated-runt'
[2026-05-16T02:37:09Z] commit-checkpoint: refused — current branch 'main' does not match state branch 'ticket/T104-t104-per-ticket-worker-worktrees-and-isolated-runt'
[2026-05-16T02:37:39Z] commit-checkpoint: refused — current branch 'main' does not match state branch 'ticket/T104-t104-per-ticket-worker-worktrees-and-isolated-runt'
[2026-05-16T02:38:10Z] commit-checkpoint: refused — current branch 'main' does not match state branch 'ticket/T104-t104-per-ticket-worker-worktrees-and-isolated-runt'
[2026-05-16T02:38:41Z] commit-checkpoint: refused — current branch 'main' does not match state branch 'ticket/T104-t104-per-ticket-worker-worktrees-and-isolated-runt'
[2026-05-16T02:39:12Z] commit-checkpoint: refused — current branch 'main' does not match state branch 'ticket/T104-t104-per-ticket-worker-worktrees-and-isolated-runt'
[2026-05-16T02:39:42Z] commit-checkpoint: refused — current branch 'main' does not match state branch 'ticket/T104-t104-per-ticket-worker-worktrees-and-isolated-runt'
[2026-05-16T02:40:13Z] commit-checkpoint: refused — current branch 'main' does not match state branch 'ticket/T104-t104-per-ticket-worker-worktrees-and-isolated-runt'
[2026-05-16T02:40:44Z] commit-checkpoint: refused — current branch 'main' does not match state branch 'ticket/T104-t104-per-ticket-worker-worktrees-and-isolated-runt'
[2026-05-16T02:41:15Z] commit-checkpoint: refused — current branch 'main' does not match state branch 'ticket/T104-t104-per-ticket-worker-worktrees-and-isolated-runt'
[2026-05-16T02:41:45Z] commit-checkpoint: refused — current branch 'main' does not match state branch 'ticket/T104-t104-per-ticket-worker-worktrees-and-isolated-runt'
[2026-05-16T02:42:16Z] commit-checkpoint: refused — current branch 'main' does not match state branch 'ticket/T104-t104-per-ticket-worker-worktrees-and-isolated-runt'
[2026-05-16T02:42:47Z] commit-checkpoint: refused — current branch 'main' does not match state branch 'ticket/T104-t104-per-ticket-worker-worktrees-and-isolated-runt'
[2026-05-16T02:43:18Z] commit-checkpoint: refused — current branch 'main' does not match state branch 'ticket/T104-t104-per-ticket-worker-worktrees-and-isolated-runt'
[2026-05-16T02:43:49Z] commit-checkpoint: refused — current branch 'main' does not match state branch 'ticket/T104-t104-per-ticket-worker-worktrees-and-isolated-runt'
[2026-05-16T02:44:20Z] commit-checkpoint: refused — current branch 'main' does not match state branch 'ticket/T104-t104-per-ticket-worker-worktrees-and-isolated-runt'
[2026-05-16T02:44:51Z] commit-checkpoint: refused — current branch 'main' does not match state branch 'ticket/T104-t104-per-ticket-worker-worktrees-and-isolated-runt'
[2026-05-16T02:45:22Z] commit-checkpoint: refused — current branch 'main' does not match state branch 'ticket/T104-t104-per-ticket-worker-worktrees-and-isolated-runt'
[2026-05-16T02:45:52Z] commit-checkpoint: refused — current branch 'main' does not match state branch 'ticket/T104-t104-per-ticket-worker-worktrees-and-isolated-runt'
[2026-05-16T02:46:23Z] commit-checkpoint: refused — current branch 'main' does not match state branch 'ticket/T104-t104-per-ticket-worker-worktrees-and-isolated-runt'
[2026-05-16T02:46:54Z] commit-checkpoint: refused — current branch 'main' does not match state branch 'ticket/T104-t104-per-ticket-worker-worktrees-and-isolated-runt'
[2026-05-16T02:47:25Z] commit-checkpoint: refused — current branch 'main' does not match state branch 'ticket/T104-t104-per-ticket-worker-worktrees-and-isolated-runt'
[2026-05-16T02:47:55Z] commit-checkpoint: refused — current branch 'main' does not match state branch 'ticket/T104-t104-per-ticket-worker-worktrees-and-isolated-runt'
[2026-05-16T02:48:26Z] commit-checkpoint: refused — current branch 'main' does not match state branch 'ticket/T104-t104-per-ticket-worker-worktrees-and-isolated-runt'
[2026-05-16T02:48:57Z] commit-checkpoint: refused — current branch 'main' does not match state branch 'ticket/T104-t104-per-ticket-worker-worktrees-and-isolated-runt'
[2026-05-16T02:49:28Z] commit-checkpoint: refused — current branch 'main' does not match state branch 'ticket/T104-t104-per-ticket-worker-worktrees-and-isolated-runt'
[2026-05-16T02:49:58Z] commit-checkpoint: refused — current branch 'main' does not match state branch 'ticket/T104-t104-per-ticket-worker-worktrees-and-isolated-runt'
[2026-05-16T02:50:29Z] commit-checkpoint: refused — current branch 'main' does not match state branch 'ticket/T104-t104-per-ticket-worker-worktrees-and-isolated-runt'
[2026-05-16T02:51:00Z] commit-checkpoint: refused — current branch 'main' does not match state branch 'ticket/T104-t104-per-ticket-worker-worktrees-and-isolated-runt'
[2026-05-16T02:51:31Z] commit-checkpoint: refused — current branch 'main' does not match state branch 'ticket/T104-t104-per-ticket-worker-worktrees-and-isolated-runt'
[2026-05-16T02:52:02Z] commit-checkpoint: refused — current branch 'main' does not match state branch 'ticket/T104-t104-per-ticket-worker-worktrees-and-isolated-runt'
[2026-05-16T02:52:32Z] commit-checkpoint: refused — current branch 'main' does not match state branch 'ticket/T104-t104-per-ticket-worker-worktrees-and-isolated-runt'
[2026-05-16T02:53:03Z] commit-checkpoint: refused — current branch 'main' does not match state branch 'ticket/T104-t104-per-ticket-worker-worktrees-and-isolated-runt'
[2026-05-16T02:53:34Z] commit-checkpoint: refused — current branch 'main' does not match state branch 'ticket/T104-t104-per-ticket-worker-worktrees-and-isolated-runt'
[2026-05-16T02:54:04Z] commit-checkpoint: refused — current branch 'main' does not match state branch 'ticket/T104-t104-per-ticket-worker-worktrees-and-isolated-runt'
[2026-05-16T02:54:35Z] commit-checkpoint: refused — current branch 'main' does not match state branch 'ticket/T104-t104-per-ticket-worker-worktrees-and-isolated-runt'
[2026-05-16T02:55:06Z] commit-checkpoint: refused — current branch 'main' does not match state branch 'ticket/T104-t104-per-ticket-worker-worktrees-and-isolated-runt'
[2026-05-16T02:55:37Z] commit-checkpoint: refused — current branch 'main' does not match state branch 'ticket/T104-t104-per-ticket-worker-worktrees-and-isolated-runt'
[2026-05-16T02:56:07Z] commit-checkpoint: refused — current branch 'main' does not match state branch 'ticket/T104-t104-per-ticket-worker-worktrees-and-isolated-runt'
[2026-05-16T02:56:38Z] commit-checkpoint: refused — current branch 'main' does not match state branch 'ticket/T104-t104-per-ticket-worker-worktrees-and-isolated-runt'
[2026-05-16T02:57:09Z] commit-checkpoint: refused — current branch 'main' does not match state branch 'ticket/T104-t104-per-ticket-worker-worktrees-and-isolated-runt'
[2026-05-16T02:57:40Z] commit-checkpoint: refused — current branch 'main' does not match state branch 'ticket/T104-t104-per-ticket-worker-worktrees-and-isolated-runt'
[2026-05-16T02:58:11Z] commit-checkpoint: refused — current branch 'main' does not match state branch 'ticket/T104-t104-per-ticket-worker-worktrees-and-isolated-runt'
[2026-05-16T02:58:41Z] commit-checkpoint: refused — current branch 'main' does not match state branch 'ticket/T104-t104-per-ticket-worker-worktrees-and-isolated-runt'
[2026-05-16T02:59:12Z] commit-checkpoint: refused — current branch 'main' does not match state branch 'ticket/T104-t104-per-ticket-worker-worktrees-and-isolated-runt'
[2026-05-16T02:59:43Z] commit-checkpoint: refused — current branch 'main' does not match state branch 'ticket/T104-t104-per-ticket-worker-worktrees-and-isolated-runt'
[2026-05-16T03:00:14Z] commit-checkpoint: refused — current branch 'main' does not match state branch 'ticket/T104-t104-per-ticket-worker-worktrees-and-isolated-runt'
[2026-05-16T03:00:44Z] commit-checkpoint: refused — current branch 'main' does not match state branch 'ticket/T104-t104-per-ticket-worker-worktrees-and-isolated-runt'
[2026-05-16T03:01:15Z] commit-checkpoint: refused — current branch 'main' does not match state branch 'ticket/T104-t104-per-ticket-worker-worktrees-and-isolated-runt'
[2026-05-16T03:01:46Z] commit-checkpoint: refused — current branch 'main' does not match state branch 'ticket/T104-t104-per-ticket-worker-worktrees-and-isolated-runt'
[2026-05-16T03:02:17Z] commit-checkpoint: refused — current branch 'main' does not match state branch 'ticket/T104-t104-per-ticket-worker-worktrees-and-isolated-runt'
[2026-05-16T03:02:47Z] commit-checkpoint: refused — current branch 'main' does not match state branch 'ticket/T104-t104-per-ticket-worker-worktrees-and-isolated-runt'
[2026-05-16T03:03:18Z] commit-checkpoint: refused — current branch 'main' does not match state branch 'ticket/T104-t104-per-ticket-worker-worktrees-and-isolated-runt'
[2026-05-16T03:03:49Z] commit-checkpoint: refused — current branch 'main' does not match state branch 'ticket/T104-t104-per-ticket-worker-worktrees-and-isolated-runt'
[2026-05-16T03:04:20Z] commit-checkpoint: refused — current branch 'main' does not match state branch 'ticket/T104-t104-per-ticket-worker-worktrees-and-isolated-runt'
[2026-05-16T03:04:51Z] commit-checkpoint: refused — current branch 'main' does not match state branch 'ticket/T104-t104-per-ticket-worker-worktrees-and-isolated-runt'
[2026-05-16T03:05:21Z] commit-checkpoint: refused — current branch 'main' does not match state branch 'ticket/T104-t104-per-ticket-worker-worktrees-and-isolated-runt'
[2026-05-16T03:05:52Z] commit-checkpoint: refused — current branch 'main' does not match state branch 'ticket/T104-t104-per-ticket-worker-worktrees-and-isolated-runt'
[2026-05-16T03:06:23Z] commit-checkpoint: refused — current branch 'main' does not match state branch 'ticket/T104-t104-per-ticket-worker-worktrees-and-isolated-runt'
[2026-05-16T03:06:54Z] commit-checkpoint: refused — current branch 'main' does not match state branch 'ticket/T104-t104-per-ticket-worker-worktrees-and-isolated-runt'
[2026-05-16T03:07:24Z] commit-checkpoint: refused — current branch 'main' does not match state branch 'ticket/T104-t104-per-ticket-worker-worktrees-and-isolated-runt'
[2026-05-16T03:07:55Z] commit-checkpoint: refused — current branch 'main' does not match state branch 'ticket/T104-t104-per-ticket-worker-worktrees-and-isolated-runt'
[2026-05-16T03:08:26Z] commit-checkpoint: refused — current branch 'main' does not match state branch 'ticket/T104-t104-per-ticket-worker-worktrees-and-isolated-runt'
[2026-05-16T03:08:57Z] commit-checkpoint: refused — current branch 'main' does not match state branch 'ticket/T104-t104-per-ticket-worker-worktrees-and-isolated-runt'
[2026-05-16T03:09:28Z] commit-checkpoint: refused — current branch 'main' does not match state branch 'ticket/T104-t104-per-ticket-worker-worktrees-and-isolated-runt'
[2026-05-16T03:09:59Z] commit-checkpoint: refused — current branch 'main' does not match state branch 'ticket/T104-t104-per-ticket-worker-worktrees-and-isolated-runt'
[2026-05-16T03:10:29Z] commit-checkpoint: refused — current branch 'main' does not match state branch 'ticket/T104-t104-per-ticket-worker-worktrees-and-isolated-runt'
[2026-05-16T03:11:00Z] commit-checkpoint: refused — current branch 'main' does not match state branch 'ticket/T104-t104-per-ticket-worker-worktrees-and-isolated-runt'
[2026-05-16T03:11:31Z] commit-checkpoint: refused — current branch 'main' does not match state branch 'ticket/T104-t104-per-ticket-worker-worktrees-and-isolated-runt'
[2026-05-16T03:12:02Z] commit-checkpoint: refused — current branch 'main' does not match state branch 'ticket/T104-t104-per-ticket-worker-worktrees-and-isolated-runt'
[2026-05-16T03:12:32Z] commit-checkpoint: refused — current branch 'main' does not match state branch 'ticket/T104-t104-per-ticket-worker-worktrees-and-isolated-runt'
[2026-05-16T03:13:03Z] commit-checkpoint: refused — current branch 'main' does not match state branch 'ticket/T104-t104-per-ticket-worker-worktrees-and-isolated-runt'
[2026-05-16T03:13:34Z] commit-checkpoint: refused — current branch 'main' does not match state branch 'ticket/T104-t104-per-ticket-worker-worktrees-and-isolated-runt'
[2026-05-16T03:14:05Z] commit-checkpoint: refused — current branch 'main' does not match state branch 'ticket/T104-t104-per-ticket-worker-worktrees-and-isolated-runt'
[2026-05-16T03:14:36Z] commit-checkpoint: refused — current branch 'main' does not match state branch 'ticket/T104-t104-per-ticket-worker-worktrees-and-isolated-runt'
[2026-05-16T03:15:07Z] commit-checkpoint: refused — current branch 'main' does not match state branch 'ticket/T104-t104-per-ticket-worker-worktrees-and-isolated-runt'
[2026-05-16T03:15:37Z] commit-checkpoint: refused — current branch 'main' does not match state branch 'ticket/T104-t104-per-ticket-worker-worktrees-and-isolated-runt'
[2026-05-16T03:16:08Z] commit-checkpoint: refused — current branch 'main' does not match state branch 'ticket/T104-t104-per-ticket-worker-worktrees-and-isolated-runt'
[2026-05-16T03:16:39Z] commit-checkpoint: refused — current branch 'main' does not match state branch 'ticket/T104-t104-per-ticket-worker-worktrees-and-isolated-runt'
[2026-05-16T03:17:10Z] commit-checkpoint: refused — current branch 'main' does not match state branch 'ticket/T104-t104-per-ticket-worker-worktrees-and-isolated-runt'
[2026-05-16T03:17:41Z] commit-checkpoint: refused — current branch 'main' does not match state branch 'ticket/T104-t104-per-ticket-worker-worktrees-and-isolated-runt'
[2026-05-16T03:18:12Z] commit-checkpoint: refused — current branch 'main' does not match state branch 'ticket/T104-t104-per-ticket-worker-worktrees-and-isolated-runt'
[2026-05-16T03:18:43Z] commit-checkpoint: refused — current branch 'main' does not match state branch 'ticket/T104-t104-per-ticket-worker-worktrees-and-isolated-runt'
[2026-05-16T03:19:13Z] commit-checkpoint: refused — current branch 'main' does not match state branch 'ticket/T104-t104-per-ticket-worker-worktrees-and-isolated-runt'
[2026-05-16T03:19:44Z] commit-checkpoint: refused — current branch 'main' does not match state branch 'ticket/T104-t104-per-ticket-worker-worktrees-and-isolated-runt'
[2026-05-16T03:20:15Z] commit-checkpoint: refused — current branch 'main' does not match state branch 'ticket/T104-t104-per-ticket-worker-worktrees-and-isolated-runt'
[2026-05-16T03:20:46Z] commit-checkpoint: refused — current branch 'main' does not match state branch 'ticket/T104-t104-per-ticket-worker-worktrees-and-isolated-runt'
[2026-05-16T03:21:17Z] commit-checkpoint: refused — current branch 'main' does not match state branch 'ticket/T104-t104-per-ticket-worker-worktrees-and-isolated-runt'
[2026-05-16T03:21:47Z] commit-checkpoint: refused — current branch 'main' does not match state branch 'ticket/T104-t104-per-ticket-worker-worktrees-and-isolated-runt'
[2026-05-16T03:22:18Z] commit-checkpoint: refused — current branch 'main' does not match state branch 'ticket/T104-t104-per-ticket-worker-worktrees-and-isolated-runt'
[2026-05-16T03:22:49Z] commit-checkpoint: refused — current branch 'main' does not match state branch 'ticket/T104-t104-per-ticket-worker-worktrees-and-isolated-runt'
[2026-05-16T03:23:20Z] commit-checkpoint: refused — current branch 'main' does not match state branch 'ticket/T104-t104-per-ticket-worker-worktrees-and-isolated-runt'
[2026-05-16T03:23:50Z] commit-checkpoint: refused — current branch 'main' does not match state branch 'ticket/T104-t104-per-ticket-worker-worktrees-and-isolated-runt'
[2026-05-16T03:24:21Z] commit-checkpoint: refused — current branch 'main' does not match state branch 'ticket/T104-t104-per-ticket-worker-worktrees-and-isolated-runt'
[2026-05-16T03:24:52Z] commit-checkpoint: refused — current branch 'main' does not match state branch 'ticket/T104-t104-per-ticket-worker-worktrees-and-isolated-runt'
[2026-05-16T03:25:23Z] commit-checkpoint: refused — current branch 'main' does not match state branch 'ticket/T104-t104-per-ticket-worker-worktrees-and-isolated-runt'
[2026-05-16T03:25:54Z] commit-checkpoint: refused — current branch 'main' does not match state branch 'ticket/T104-t104-per-ticket-worker-worktrees-and-isolated-runt'
[2026-05-16T03:26:24Z] commit-checkpoint: refused — current branch 'main' does not match state branch 'ticket/T104-t104-per-ticket-worker-worktrees-and-isolated-runt'
[2026-05-16T03:26:55Z] commit-checkpoint: refused — current branch 'main' does not match state branch 'ticket/T104-t104-per-ticket-worker-worktrees-and-isolated-runt'
[2026-05-16T03:27:26Z] commit-checkpoint: refused — current branch 'main' does not match state branch 'ticket/T104-t104-per-ticket-worker-worktrees-and-isolated-runt'
[2026-05-16T03:27:57Z] commit-checkpoint: refused — current branch 'main' does not match state branch 'ticket/T104-t104-per-ticket-worker-worktrees-and-isolated-runt'
[2026-05-16T03:28:28Z] commit-checkpoint: refused — current branch 'main' does not match state branch 'ticket/T104-t104-per-ticket-worker-worktrees-and-isolated-runt'
[2026-05-16T03:28:59Z] commit-checkpoint: refused — current branch 'main' does not match state branch 'ticket/T104-t104-per-ticket-worker-worktrees-and-isolated-runt'
[2026-05-16T03:29:29Z] commit-checkpoint: refused — current branch 'main' does not match state branch 'ticket/T104-t104-per-ticket-worker-worktrees-and-isolated-runt'
[2026-05-16T03:30:00Z] commit-checkpoint: refused — current branch 'main' does not match state branch 'ticket/T104-t104-per-ticket-worker-worktrees-and-isolated-runt'
[2026-05-16T03:30:31Z] commit-checkpoint: refused — current branch 'main' does not match state branch 'ticket/T104-t104-per-ticket-worker-worktrees-and-isolated-runt'
[2026-05-16T03:31:02Z] commit-checkpoint: refused — current branch 'main' does not match state branch 'ticket/T104-t104-per-ticket-worker-worktrees-and-isolated-runt'
[2026-05-16T03:31:33Z] commit-checkpoint: refused — current branch 'main' does not match state branch 'ticket/T104-t104-per-ticket-worker-worktrees-and-isolated-runt'
[2026-05-16T03:32:03Z] commit-checkpoint: refused — current branch 'main' does not match state branch 'ticket/T104-t104-per-ticket-worker-worktrees-and-isolated-runt'
[2026-05-16T03:32:34Z] commit-checkpoint: refused — current branch 'main' does not match state branch 'ticket/T104-t104-per-ticket-worker-worktrees-and-isolated-runt'
[2026-05-16T03:33:05Z] commit-checkpoint: refused — current branch 'main' does not match state branch 'ticket/T104-t104-per-ticket-worker-worktrees-and-isolated-runt'
[2026-05-16T03:33:36Z] commit-checkpoint: refused — current branch 'main' does not match state branch 'ticket/T104-t104-per-ticket-worker-worktrees-and-isolated-runt'
[2026-05-16T03:34:06Z] commit-checkpoint: refused — current branch 'main' does not match state branch 'ticket/T104-t104-per-ticket-worker-worktrees-and-isolated-runt'
[2026-05-16T03:34:37Z] commit-checkpoint: refused — current branch 'main' does not match state branch 'ticket/T104-t104-per-ticket-worker-worktrees-and-isolated-runt'
[2026-05-16T03:35:08Z] commit-checkpoint: refused — current branch 'main' does not match state branch 'ticket/T104-t104-per-ticket-worker-worktrees-and-isolated-runt'
[2026-05-16T03:35:39Z] commit-checkpoint: refused — current branch 'main' does not match state branch 'ticket/T104-t104-per-ticket-worker-worktrees-and-isolated-runt'
[2026-05-16T03:36:09Z] commit-checkpoint: refused — current branch 'main' does not match state branch 'ticket/T104-t104-per-ticket-worker-worktrees-and-isolated-runt'
[2026-05-16T03:36:40Z] commit-checkpoint: refused — current branch 'main' does not match state branch 'ticket/T104-t104-per-ticket-worker-worktrees-and-isolated-runt'
[2026-05-16T03:37:11Z] commit-checkpoint: refused — current branch 'main' does not match state branch 'ticket/T104-t104-per-ticket-worker-worktrees-and-isolated-runt'
[2026-05-16T03:37:42Z] commit-checkpoint: refused — current branch 'main' does not match state branch 'ticket/T104-t104-per-ticket-worker-worktrees-and-isolated-runt'
[2026-05-16T03:38:13Z] commit-checkpoint: refused — current branch 'main' does not match state branch 'ticket/T104-t104-per-ticket-worker-worktrees-and-isolated-runt'
[2026-05-16T03:38:44Z] commit-checkpoint: refused — current branch 'main' does not match state branch 'ticket/T104-t104-per-ticket-worker-worktrees-and-isolated-runt'
[2026-05-16T03:39:15Z] commit-checkpoint: refused — current branch 'main' does not match state branch 'ticket/T104-t104-per-ticket-worker-worktrees-and-isolated-runt'
[2026-05-16T03:39:45Z] commit-checkpoint: refused — current branch 'main' does not match state branch 'ticket/T104-t104-per-ticket-worker-worktrees-and-isolated-runt'
[2026-05-16T03:40:16Z] commit-checkpoint: refused — current branch 'main' does not match state branch 'ticket/T104-t104-per-ticket-worker-worktrees-and-isolated-runt'
[2026-05-16T03:40:47Z] commit-checkpoint: refused — current branch 'main' does not match state branch 'ticket/T104-t104-per-ticket-worker-worktrees-and-isolated-runt'
[2026-05-16T03:41:18Z] commit-checkpoint: refused — current branch 'main' does not match state branch 'ticket/T104-t104-per-ticket-worker-worktrees-and-isolated-runt'
[2026-05-16T03:41:48Z] commit-checkpoint: refused — current branch 'main' does not match state branch 'ticket/T104-t104-per-ticket-worker-worktrees-and-isolated-runt'
[2026-05-16T03:42:19Z] commit-checkpoint: refused — current branch 'main' does not match state branch 'ticket/T104-t104-per-ticket-worker-worktrees-and-isolated-runt'
[2026-05-16T03:42:53Z] commit-checkpoint: refused — current branch 'main' does not match state branch 'ticket/T104-t104-per-ticket-worker-worktrees-and-isolated-runt'
[2026-05-16T03:43:24Z] commit-checkpoint: refused — current branch 'main' does not match state branch 'ticket/T104-t104-per-ticket-worker-worktrees-and-isolated-runt'
[2026-05-16T03:43:54Z] commit-checkpoint: refused — current branch 'main' does not match state branch 'ticket/T104-t104-per-ticket-worker-worktrees-and-isolated-runt'
[2026-05-16T03:44:26Z] commit-checkpoint: refused — current branch 'main' does not match state branch 'ticket/T104-t104-per-ticket-worker-worktrees-and-isolated-runt'
[2026-05-16T03:44:56Z] commit-checkpoint: refused — current branch 'main' does not match state branch 'ticket/T104-t104-per-ticket-worker-worktrees-and-isolated-runt'
[2026-05-16T03:45:27Z] commit-checkpoint: refused — current branch 'main' does not match state branch 'ticket/T104-t104-per-ticket-worker-worktrees-and-isolated-runt'
[2026-05-16T03:45:58Z] commit-checkpoint: refused — current branch 'main' does not match state branch 'ticket/T104-t104-per-ticket-worker-worktrees-and-isolated-runt'
[2026-05-16T03:46:29Z] commit-checkpoint: refused — current branch 'main' does not match state branch 'ticket/T104-t104-per-ticket-worker-worktrees-and-isolated-runt'
[2026-05-16T03:46:59Z] commit-checkpoint: refused — current branch 'main' does not match state branch 'ticket/T104-t104-per-ticket-worker-worktrees-and-isolated-runt'
[2026-05-16T03:47:30Z] commit-checkpoint: refused — current branch 'main' does not match state branch 'ticket/T104-t104-per-ticket-worker-worktrees-and-isolated-runt'
[2026-05-16T03:48:01Z] commit-checkpoint: refused — current branch 'main' does not match state branch 'ticket/T104-t104-per-ticket-worker-worktrees-and-isolated-runt'
[2026-05-16T03:48:32Z] commit-checkpoint: refused — current branch 'main' does not match state branch 'ticket/T104-t104-per-ticket-worker-worktrees-and-isolated-runt'
[2026-05-16T03:49:03Z] commit-checkpoint: refused — current branch 'main' does not match state branch 'ticket/T104-t104-per-ticket-worker-worktrees-and-isolated-runt'
[2026-05-16T03:49:33Z] commit-checkpoint: refused — current branch 'main' does not match state branch 'ticket/T104-t104-per-ticket-worker-worktrees-and-isolated-runt'
[2026-05-16T03:50:04Z] commit-checkpoint: refused — current branch 'main' does not match state branch 'ticket/T104-t104-per-ticket-worker-worktrees-and-isolated-runt'
[2026-05-16T03:50:35Z] commit-checkpoint: refused — current branch 'main' does not match state branch 'ticket/T104-t104-per-ticket-worker-worktrees-and-isolated-runt'
[2026-05-16T03:51:06Z] commit-checkpoint: refused — current branch 'main' does not match state branch 'ticket/T104-t104-per-ticket-worker-worktrees-and-isolated-runt'
[2026-05-16T03:51:36Z] commit-checkpoint: refused — current branch 'main' does not match state branch 'ticket/T104-t104-per-ticket-worker-worktrees-and-isolated-runt'
[2026-05-16T03:52:07Z] commit-checkpoint: refused — current branch 'main' does not match state branch 'ticket/T104-t104-per-ticket-worker-worktrees-and-isolated-runt'
[2026-05-16T03:52:38Z] commit-checkpoint: refused — current branch 'main' does not match state branch 'ticket/T104-t104-per-ticket-worker-worktrees-and-isolated-runt'
[2026-05-16T03:53:09Z] commit-checkpoint: refused — current branch 'main' does not match state branch 'ticket/T104-t104-per-ticket-worker-worktrees-and-isolated-runt'
[2026-05-16T03:53:40Z] commit-checkpoint: refused — current branch 'main' does not match state branch 'ticket/T104-t104-per-ticket-worker-worktrees-and-isolated-runt'
[2026-05-16T03:54:11Z] commit-checkpoint: refused — current branch 'main' does not match state branch 'ticket/T104-t104-per-ticket-worker-worktrees-and-isolated-runt'
[2026-05-16T03:54:41Z] commit-checkpoint: refused — current branch 'main' does not match state branch 'ticket/T104-t104-per-ticket-worker-worktrees-and-isolated-runt'
[2026-05-16T03:55:12Z] commit-checkpoint: refused — current branch 'main' does not match state branch 'ticket/T104-t104-per-ticket-worker-worktrees-and-isolated-runt'
[2026-05-16T03:55:43Z] commit-checkpoint: refused — current branch 'main' does not match state branch 'ticket/T104-t104-per-ticket-worker-worktrees-and-isolated-runt'
[2026-05-16T03:56:13Z] commit-checkpoint: refused — current branch 'main' does not match state branch 'ticket/T104-t104-per-ticket-worker-worktrees-and-isolated-runt'
[2026-05-16T03:56:44Z] commit-checkpoint: refused — current branch 'main' does not match state branch 'ticket/T104-t104-per-ticket-worker-worktrees-and-isolated-runt'
[2026-05-16T03:57:15Z] commit-checkpoint: refused — current branch 'main' does not match state branch 'ticket/T104-t104-per-ticket-worker-worktrees-and-isolated-runt'
[2026-05-16T03:57:46Z] commit-checkpoint: refused — current branch 'main' does not match state branch 'ticket/T104-t104-per-ticket-worker-worktrees-and-isolated-runt'
[2026-05-16T03:58:17Z] commit-checkpoint: refused — current branch 'main' does not match state branch 'ticket/T104-t104-per-ticket-worker-worktrees-and-isolated-runt'
[2026-05-16T03:58:48Z] commit-checkpoint: refused — current branch 'main' does not match state branch 'ticket/T104-t104-per-ticket-worker-worktrees-and-isolated-runt'
[2026-05-16T03:59:18Z] commit-checkpoint: refused — current branch 'main' does not match state branch 'ticket/T104-t104-per-ticket-worker-worktrees-and-isolated-runt'
[2026-05-16T03:59:49Z] commit-checkpoint: refused — current branch 'main' does not match state branch 'ticket/T104-t104-per-ticket-worker-worktrees-and-isolated-runt'
[2026-05-16T04:00:20Z] commit-checkpoint: refused — current branch 'main' does not match state branch 'ticket/T104-t104-per-ticket-worker-worktrees-and-isolated-runt'
[2026-05-16T04:00:51Z] commit-checkpoint: refused — current branch 'main' does not match state branch 'ticket/T104-t104-per-ticket-worker-worktrees-and-isolated-runt'
[2026-05-16T04:01:22Z] commit-checkpoint: refused — current branch 'main' does not match state branch 'ticket/T104-t104-per-ticket-worker-worktrees-and-isolated-runt'
[2026-05-16T04:01:52Z] commit-checkpoint: refused — current branch 'main' does not match state branch 'ticket/T104-t104-per-ticket-worker-worktrees-and-isolated-runt'
[2026-05-16T04:02:23Z] commit-checkpoint: refused — current branch 'main' does not match state branch 'ticket/T104-t104-per-ticket-worker-worktrees-and-isolated-runt'
[2026-05-16T04:02:54Z] commit-checkpoint: refused — current branch 'main' does not match state branch 'ticket/T104-t104-per-ticket-worker-worktrees-and-isolated-runt'
[2026-05-16T04:03:25Z] commit-checkpoint: refused — current branch 'main' does not match state branch 'ticket/T104-t104-per-ticket-worker-worktrees-and-isolated-runt'
[2026-05-16T04:03:56Z] commit-checkpoint: refused — current branch 'main' does not match state branch 'ticket/T104-t104-per-ticket-worker-worktrees-and-isolated-runt'
[2026-05-16T04:04:26Z] commit-checkpoint: refused — current branch 'main' does not match state branch 'ticket/T104-t104-per-ticket-worker-worktrees-and-isolated-runt'
[2026-05-16T04:04:57Z] commit-checkpoint: refused — current branch 'main' does not match state branch 'ticket/T104-t104-per-ticket-worker-worktrees-and-isolated-runt'
[2026-05-16T04:05:28Z] commit-checkpoint: refused — current branch 'main' does not match state branch 'ticket/T104-t104-per-ticket-worker-worktrees-and-isolated-runt'
[2026-05-16T04:05:59Z] commit-checkpoint: refused — current branch 'main' does not match state branch 'ticket/T104-t104-per-ticket-worker-worktrees-and-isolated-runt'
[2026-05-16T04:06:29Z] commit-checkpoint: refused — current branch 'main' does not match state branch 'ticket/T104-t104-per-ticket-worker-worktrees-and-isolated-runt'
[2026-05-16T04:07:00Z] commit-checkpoint: refused — current branch 'main' does not match state branch 'ticket/T104-t104-per-ticket-worker-worktrees-and-isolated-runt'
[2026-05-16T04:07:31Z] commit-checkpoint: refused — current branch 'main' does not match state branch 'ticket/T104-t104-per-ticket-worker-worktrees-and-isolated-runt'
[2026-05-16T04:08:02Z] commit-checkpoint: refused — current branch 'main' does not match state branch 'ticket/T104-t104-per-ticket-worker-worktrees-and-isolated-runt'
[2026-05-16T04:08:32Z] commit-checkpoint: refused — current branch 'main' does not match state branch 'ticket/T104-t104-per-ticket-worker-worktrees-and-isolated-runt'
[2026-05-16T04:09:03Z] commit-checkpoint: refused — current branch 'main' does not match state branch 'ticket/T104-t104-per-ticket-worker-worktrees-and-isolated-runt'
[2026-05-16T04:09:34Z] commit-checkpoint: refused — current branch 'main' does not match state branch 'ticket/T104-t104-per-ticket-worker-worktrees-and-isolated-runt'
[2026-05-16T04:10:05Z] commit-checkpoint: refused — current branch 'main' does not match state branch 'ticket/T104-t104-per-ticket-worker-worktrees-and-isolated-runt'
[2026-05-16T04:10:35Z] commit-checkpoint: refused — current branch 'main' does not match state branch 'ticket/T104-t104-per-ticket-worker-worktrees-and-isolated-runt'
[2026-05-16T04:11:06Z] commit-checkpoint: refused — current branch 'main' does not match state branch 'ticket/T104-t104-per-ticket-worker-worktrees-and-isolated-runt'
[2026-05-16T04:11:37Z] commit-checkpoint: refused — current branch 'main' does not match state branch 'ticket/T104-t104-per-ticket-worker-worktrees-and-isolated-runt'
[2026-05-16T04:12:08Z] commit-checkpoint: refused — current branch 'main' does not match state branch 'ticket/T104-t104-per-ticket-worker-worktrees-and-isolated-runt'
[2026-05-16T04:12:39Z] commit-checkpoint: refused — current branch 'main' does not match state branch 'ticket/T104-t104-per-ticket-worker-worktrees-and-isolated-runt'
[2026-05-16T04:13:10Z] commit-checkpoint: refused — current branch 'main' does not match state branch 'ticket/T104-t104-per-ticket-worker-worktrees-and-isolated-runt'
[2026-05-16T04:13:41Z] commit-checkpoint: refused — current branch 'main' does not match state branch 'ticket/T104-t104-per-ticket-worker-worktrees-and-isolated-runt'
[2026-05-16T04:14:11Z] commit-checkpoint: refused — current branch 'main' does not match state branch 'ticket/T104-t104-per-ticket-worker-worktrees-and-isolated-runt'
[2026-05-16T04:14:42Z] commit-checkpoint: refused — current branch 'main' does not match state branch 'ticket/T104-t104-per-ticket-worker-worktrees-and-isolated-runt'
[2026-05-16T04:15:13Z] commit-checkpoint: refused — current branch 'main' does not match state branch 'ticket/T104-t104-per-ticket-worker-worktrees-and-isolated-runt'
[2026-05-16T04:15:44Z] commit-checkpoint: refused — current branch 'main' does not match state branch 'ticket/T104-t104-per-ticket-worker-worktrees-and-isolated-runt'
[2026-05-16T04:16:15Z] commit-checkpoint: refused — current branch 'main' does not match state branch 'ticket/T104-t104-per-ticket-worker-worktrees-and-isolated-runt'
[2026-05-16T04:16:46Z] commit-checkpoint: refused — current branch 'main' does not match state branch 'ticket/T104-t104-per-ticket-worker-worktrees-and-isolated-runt'
[2026-05-16T04:17:17Z] commit-checkpoint: refused — current branch 'main' does not match state branch 'ticket/T104-t104-per-ticket-worker-worktrees-and-isolated-runt'
[2026-05-16T04:17:47Z] commit-checkpoint: refused — current branch 'main' does not match state branch 'ticket/T104-t104-per-ticket-worker-worktrees-and-isolated-runt'
[2026-05-16T04:18:18Z] commit-checkpoint: refused — current branch 'main' does not match state branch 'ticket/T104-t104-per-ticket-worker-worktrees-and-isolated-runt'
[2026-05-16T04:18:49Z] commit-checkpoint: refused — current branch 'main' does not match state branch 'ticket/T104-t104-per-ticket-worker-worktrees-and-isolated-runt'
[2026-05-16T04:19:20Z] commit-checkpoint: refused — current branch 'main' does not match state branch 'ticket/T104-t104-per-ticket-worker-worktrees-and-isolated-runt'
[2026-05-16T04:19:50Z] commit-checkpoint: refused — current branch 'main' does not match state branch 'ticket/T104-t104-per-ticket-worker-worktrees-and-isolated-runt'
[2026-05-16T04:20:21Z] commit-checkpoint: refused — current branch 'main' does not match state branch 'ticket/T104-t104-per-ticket-worker-worktrees-and-isolated-runt'
[2026-05-16T04:20:52Z] commit-checkpoint: refused — current branch 'main' does not match state branch 'ticket/T104-t104-per-ticket-worker-worktrees-and-isolated-runt'
[2026-05-16T04:21:23Z] commit-checkpoint: refused — current branch 'main' does not match state branch 'ticket/T104-t104-per-ticket-worker-worktrees-and-isolated-runt'
[2026-05-16T04:21:54Z] commit-checkpoint: refused — current branch 'main' does not match state branch 'ticket/T104-t104-per-ticket-worker-worktrees-and-isolated-runt'
[2026-05-16T04:22:24Z] commit-checkpoint: refused — current branch 'main' does not match state branch 'ticket/T104-t104-per-ticket-worker-worktrees-and-isolated-runt'
[2026-05-16T04:22:55Z] commit-checkpoint: refused — current branch 'main' does not match state branch 'ticket/T104-t104-per-ticket-worker-worktrees-and-isolated-runt'
[2026-05-16T04:23:26Z] commit-checkpoint: refused — current branch 'main' does not match state branch 'ticket/T104-t104-per-ticket-worker-worktrees-and-isolated-runt'
[2026-05-16T04:23:57Z] commit-checkpoint: refused — current branch 'main' does not match state branch 'ticket/T104-t104-per-ticket-worker-worktrees-and-isolated-runt'
[2026-05-16T04:24:28Z] commit-checkpoint: refused — current branch 'main' does not match state branch 'ticket/T104-t104-per-ticket-worker-worktrees-and-isolated-runt'
[2026-05-16T04:24:58Z] commit-checkpoint: refused — current branch 'main' does not match state branch 'ticket/T104-t104-per-ticket-worker-worktrees-and-isolated-runt'
[2026-05-16T04:25:29Z] commit-checkpoint: refused — current branch 'main' does not match state branch 'ticket/T104-t104-per-ticket-worker-worktrees-and-isolated-runt'
[2026-05-16T04:26:00Z] commit-checkpoint: refused — current branch 'main' does not match state branch 'ticket/T104-t104-per-ticket-worker-worktrees-and-isolated-runt'
[2026-05-16T04:26:31Z] commit-checkpoint: refused — current branch 'main' does not match state branch 'ticket/T104-t104-per-ticket-worker-worktrees-and-isolated-runt'
[2026-05-16T04:27:02Z] commit-checkpoint: refused — current branch 'main' does not match state branch 'ticket/T104-t104-per-ticket-worker-worktrees-and-isolated-runt'
[2026-05-16T04:27:32Z] commit-checkpoint: refused — current branch 'main' does not match state branch 'ticket/T104-t104-per-ticket-worker-worktrees-and-isolated-runt'
[2026-05-16T04:28:03Z] commit-checkpoint: refused — current branch 'main' does not match state branch 'ticket/T104-t104-per-ticket-worker-worktrees-and-isolated-runt'
[2026-05-16T04:28:34Z] commit-checkpoint: refused — current branch 'main' does not match state branch 'ticket/T104-t104-per-ticket-worker-worktrees-and-isolated-runt'
[2026-05-16T04:29:05Z] commit-checkpoint: refused — current branch 'main' does not match state branch 'ticket/T104-t104-per-ticket-worker-worktrees-and-isolated-runt'
[2026-05-16T04:29:35Z] commit-checkpoint: refused — current branch 'main' does not match state branch 'ticket/T104-t104-per-ticket-worker-worktrees-and-isolated-runt'
[2026-05-16T04:30:06Z] commit-checkpoint: refused — current branch 'main' does not match state branch 'ticket/T104-t104-per-ticket-worker-worktrees-and-isolated-runt'
[2026-05-16T04:30:37Z] commit-checkpoint: refused — current branch 'main' does not match state branch 'ticket/T104-t104-per-ticket-worker-worktrees-and-isolated-runt'
[2026-05-16T04:31:08Z] commit-checkpoint: refused — current branch 'main' does not match state branch 'ticket/T104-t104-per-ticket-worker-worktrees-and-isolated-runt'
[2026-05-16T04:31:39Z] commit-checkpoint: refused — current branch 'main' does not match state branch 'ticket/T104-t104-per-ticket-worker-worktrees-and-isolated-runt'
[2026-05-16T04:32:10Z] commit-checkpoint: refused — current branch 'main' does not match state branch 'ticket/T104-t104-per-ticket-worker-worktrees-and-isolated-runt'
[2026-05-16T04:32:41Z] commit-checkpoint: refused — current branch 'main' does not match state branch 'ticket/T104-t104-per-ticket-worker-worktrees-and-isolated-runt'
[2026-05-16T04:33:11Z] commit-checkpoint: refused — current branch 'main' does not match state branch 'ticket/T104-t104-per-ticket-worker-worktrees-and-isolated-runt'
[2026-05-16T04:33:42Z] commit-checkpoint: refused — current branch 'main' does not match state branch 'ticket/T104-t104-per-ticket-worker-worktrees-and-isolated-runt'
[2026-05-16T04:34:13Z] commit-checkpoint: refused — current branch 'main' does not match state branch 'ticket/T104-t104-per-ticket-worker-worktrees-and-isolated-runt'
[2026-05-16T04:34:44Z] commit-checkpoint: refused — current branch 'main' does not match state branch 'ticket/T104-t104-per-ticket-worker-worktrees-and-isolated-runt'
[2026-05-16T04:35:14Z] commit-checkpoint: refused — current branch 'main' does not match state branch 'ticket/T104-t104-per-ticket-worker-worktrees-and-isolated-runt'
[2026-05-16T04:35:45Z] commit-checkpoint: refused — current branch 'main' does not match state branch 'ticket/T104-t104-per-ticket-worker-worktrees-and-isolated-runt'
[2026-05-16T04:36:16Z] commit-checkpoint: refused — current branch 'main' does not match state branch 'ticket/T104-t104-per-ticket-worker-worktrees-and-isolated-runt'
[2026-05-16T04:36:47Z] commit-checkpoint: refused — current branch 'main' does not match state branch 'ticket/T104-t104-per-ticket-worker-worktrees-and-isolated-runt'
[2026-05-16T04:37:17Z] commit-checkpoint: refused — current branch 'main' does not match state branch 'ticket/T104-t104-per-ticket-worker-worktrees-and-isolated-runt'
[2026-05-16T04:37:48Z] commit-checkpoint: refused — current branch 'main' does not match state branch 'ticket/T104-t104-per-ticket-worker-worktrees-and-isolated-runt'
[2026-05-16T04:38:19Z] commit-checkpoint: refused — current branch 'main' does not match state branch 'ticket/T104-t104-per-ticket-worker-worktrees-and-isolated-runt'
[2026-05-16T04:38:50Z] commit-checkpoint: refused — current branch 'main' does not match state branch 'ticket/T104-t104-per-ticket-worker-worktrees-and-isolated-runt'
[2026-05-16T04:39:21Z] commit-checkpoint: refused — current branch 'main' does not match state branch 'ticket/T104-t104-per-ticket-worker-worktrees-and-isolated-runt'
[2026-05-16T04:39:52Z] commit-checkpoint: refused — current branch 'main' does not match state branch 'ticket/T104-t104-per-ticket-worker-worktrees-and-isolated-runt'
[2026-05-16T04:40:22Z] commit-checkpoint: refused — current branch 'main' does not match state branch 'ticket/T104-t104-per-ticket-worker-worktrees-and-isolated-runt'
[2026-05-16T04:40:53Z] commit-checkpoint: refused — current branch 'main' does not match state branch 'ticket/T104-t104-per-ticket-worker-worktrees-and-isolated-runt'
[2026-05-16T04:41:24Z] commit-checkpoint: refused — current branch 'main' does not match state branch 'ticket/T104-t104-per-ticket-worker-worktrees-and-isolated-runt'
[2026-05-16T04:41:55Z] commit-checkpoint: refused — current branch 'main' does not match state branch 'ticket/T104-t104-per-ticket-worker-worktrees-and-isolated-runt'
[2026-05-16T04:42:26Z] commit-checkpoint: refused — current branch 'main' does not match state branch 'ticket/T104-t104-per-ticket-worker-worktrees-and-isolated-runt'
[2026-05-16T04:42:56Z] commit-checkpoint: refused — current branch 'main' does not match state branch 'ticket/T104-t104-per-ticket-worker-worktrees-and-isolated-runt'
[2026-05-16T04:43:27Z] commit-checkpoint: refused — current branch 'main' does not match state branch 'ticket/T104-t104-per-ticket-worker-worktrees-and-isolated-runt'
[2026-05-16T04:43:58Z] commit-checkpoint: refused — current branch 'main' does not match state branch 'ticket/T104-t104-per-ticket-worker-worktrees-and-isolated-runt'
[2026-05-16T04:44:29Z] commit-checkpoint: refused — current branch 'main' does not match state branch 'ticket/T104-t104-per-ticket-worker-worktrees-and-isolated-runt'
[2026-05-16T04:45:00Z] commit-checkpoint: refused — current branch 'main' does not match state branch 'ticket/T104-t104-per-ticket-worker-worktrees-and-isolated-runt'
[2026-05-16T04:45:31Z] commit-checkpoint: refused — current branch 'main' does not match state branch 'ticket/T104-t104-per-ticket-worker-worktrees-and-isolated-runt'
[2026-05-16T04:46:02Z] commit-checkpoint: refused — current branch 'main' does not match state branch 'ticket/T104-t104-per-ticket-worker-worktrees-and-isolated-runt'
[2026-05-16T04:46:33Z] commit-checkpoint: refused — current branch 'main' does not match state branch 'ticket/T104-t104-per-ticket-worker-worktrees-and-isolated-runt'
[2026-05-16T04:47:04Z] commit-checkpoint: refused — current branch 'main' does not match state branch 'ticket/T104-t104-per-ticket-worker-worktrees-and-isolated-runt'
[2026-05-16T04:47:35Z] commit-checkpoint: refused — current branch 'main' does not match state branch 'ticket/T104-t104-per-ticket-worker-worktrees-and-isolated-runt'
[2026-05-16T04:48:05Z] commit-checkpoint: refused — current branch 'main' does not match state branch 'ticket/T104-t104-per-ticket-worker-worktrees-and-isolated-runt'
[2026-05-16T04:48:36Z] commit-checkpoint: refused — current branch 'main' does not match state branch 'ticket/T104-t104-per-ticket-worker-worktrees-and-isolated-runt'
[2026-05-16T04:49:07Z] commit-checkpoint: refused — current branch 'main' does not match state branch 'ticket/T104-t104-per-ticket-worker-worktrees-and-isolated-runt'
[2026-05-16T04:49:38Z] commit-checkpoint: refused — current branch 'main' does not match state branch 'ticket/T104-t104-per-ticket-worker-worktrees-and-isolated-runt'
[2026-05-16T04:50:08Z] commit-checkpoint: refused — current branch 'main' does not match state branch 'ticket/T104-t104-per-ticket-worker-worktrees-and-isolated-runt'
[2026-05-16T04:50:39Z] commit-checkpoint: refused — current branch 'main' does not match state branch 'ticket/T104-t104-per-ticket-worker-worktrees-and-isolated-runt'
[2026-05-16T04:51:10Z] commit-checkpoint: refused — current branch 'main' does not match state branch 'ticket/T104-t104-per-ticket-worker-worktrees-and-isolated-runt'
[2026-05-16T04:51:41Z] commit-checkpoint: refused — current branch 'main' does not match state branch 'ticket/T104-t104-per-ticket-worker-worktrees-and-isolated-runt'
[2026-05-16T04:52:11Z] commit-checkpoint: refused — current branch 'main' does not match state branch 'ticket/T104-t104-per-ticket-worker-worktrees-and-isolated-runt'
[2026-05-16T04:52:42Z] commit-checkpoint: refused — current branch 'main' does not match state branch 'ticket/T104-t104-per-ticket-worker-worktrees-and-isolated-runt'
[2026-05-16T04:53:13Z] commit-checkpoint: refused — current branch 'main' does not match state branch 'ticket/T104-t104-per-ticket-worker-worktrees-and-isolated-runt'
[2026-05-16T04:53:44Z] commit-checkpoint: refused — current branch 'main' does not match state branch 'ticket/T104-t104-per-ticket-worker-worktrees-and-isolated-runt'
[2026-05-16T04:54:14Z] commit-checkpoint: refused — current branch 'main' does not match state branch 'ticket/T104-t104-per-ticket-worker-worktrees-and-isolated-runt'
[2026-05-16T04:54:45Z] commit-checkpoint: refused — current branch 'main' does not match state branch 'ticket/T104-t104-per-ticket-worker-worktrees-and-isolated-runt'
[2026-05-16T04:55:16Z] commit-checkpoint: refused — current branch 'main' does not match state branch 'ticket/T104-t104-per-ticket-worker-worktrees-and-isolated-runt'
[2026-05-16T04:55:47Z] commit-checkpoint: refused — current branch 'main' does not match state branch 'ticket/T104-t104-per-ticket-worker-worktrees-and-isolated-runt'
[2026-05-16T04:56:17Z] commit-checkpoint: refused — current branch 'main' does not match state branch 'ticket/T104-t104-per-ticket-worker-worktrees-and-isolated-runt'
[2026-05-16T04:56:48Z] commit-checkpoint: refused — current branch 'main' does not match state branch 'ticket/T104-t104-per-ticket-worker-worktrees-and-isolated-runt'
[2026-05-16T04:57:19Z] commit-checkpoint: refused — current branch 'main' does not match state branch 'ticket/T104-t104-per-ticket-worker-worktrees-and-isolated-runt'
[2026-05-16T04:57:50Z] commit-checkpoint: refused — current branch 'main' does not match state branch 'ticket/T104-t104-per-ticket-worker-worktrees-and-isolated-runt'
[2026-05-16T04:58:21Z] commit-checkpoint: refused — current branch 'main' does not match state branch 'ticket/T104-t104-per-ticket-worker-worktrees-and-isolated-runt'
[2026-05-16T04:58:52Z] commit-checkpoint: refused — current branch 'main' does not match state branch 'ticket/T104-t104-per-ticket-worker-worktrees-and-isolated-runt'
[2026-05-16T04:59:22Z] commit-checkpoint: refused — current branch 'main' does not match state branch 'ticket/T104-t104-per-ticket-worker-worktrees-and-isolated-runt'
[2026-05-16T04:59:53Z] commit-checkpoint: refused — current branch 'main' does not match state branch 'ticket/T104-t104-per-ticket-worker-worktrees-and-isolated-runt'
[2026-05-16T05:00:24Z] commit-checkpoint: refused — current branch 'main' does not match state branch 'ticket/T104-t104-per-ticket-worker-worktrees-and-isolated-runt'
[2026-05-16T05:00:55Z] commit-checkpoint: refused — current branch 'main' does not match state branch 'ticket/T104-t104-per-ticket-worker-worktrees-and-isolated-runt'
[2026-05-16T05:01:25Z] commit-checkpoint: refused — current branch 'main' does not match state branch 'ticket/T104-t104-per-ticket-worker-worktrees-and-isolated-runt'
[2026-05-16T05:01:56Z] commit-checkpoint: refused — current branch 'main' does not match state branch 'ticket/T104-t104-per-ticket-worker-worktrees-and-isolated-runt'
[2026-05-16T05:02:27Z] commit-checkpoint: refused — current branch 'main' does not match state branch 'ticket/T104-t104-per-ticket-worker-worktrees-and-isolated-runt'
[2026-05-16T05:02:58Z] commit-checkpoint: refused — current branch 'main' does not match state branch 'ticket/T104-t104-per-ticket-worker-worktrees-and-isolated-runt'
[2026-05-16T05:03:29Z] commit-checkpoint: refused — current branch 'main' does not match state branch 'ticket/T104-t104-per-ticket-worker-worktrees-and-isolated-runt'
[2026-05-16T05:03:59Z] commit-checkpoint: refused — current branch 'main' does not match state branch 'ticket/T104-t104-per-ticket-worker-worktrees-and-isolated-runt'
[2026-05-16T05:04:30Z] commit-checkpoint: refused — current branch 'main' does not match state branch 'ticket/T104-t104-per-ticket-worker-worktrees-and-isolated-runt'
[2026-05-16T05:05:01Z] commit-checkpoint: refused — current branch 'main' does not match state branch 'ticket/T104-t104-per-ticket-worker-worktrees-and-isolated-runt'
[2026-05-16T05:05:32Z] commit-checkpoint: refused — current branch 'main' does not match state branch 'ticket/T104-t104-per-ticket-worker-worktrees-and-isolated-runt'
[2026-05-16T05:06:03Z] commit-checkpoint: refused — current branch 'main' does not match state branch 'ticket/T104-t104-per-ticket-worker-worktrees-and-isolated-runt'
[2026-05-16T05:06:33Z] commit-checkpoint: refused — current branch 'main' does not match state branch 'ticket/T104-t104-per-ticket-worker-worktrees-and-isolated-runt'
[2026-05-16T05:07:04Z] commit-checkpoint: refused — current branch 'main' does not match state branch 'ticket/T104-t104-per-ticket-worker-worktrees-and-isolated-runt'
[2026-05-16T05:07:35Z] commit-checkpoint: refused — current branch 'main' does not match state branch 'ticket/T104-t104-per-ticket-worker-worktrees-and-isolated-runt'
[2026-05-16T05:08:06Z] commit-checkpoint: refused — current branch 'main' does not match state branch 'ticket/T104-t104-per-ticket-worker-worktrees-and-isolated-runt'
[2026-05-16T05:08:37Z] commit-checkpoint: refused — current branch 'main' does not match state branch 'ticket/T104-t104-per-ticket-worker-worktrees-and-isolated-runt'
[2026-05-16T05:09:08Z] commit-checkpoint: refused — current branch 'main' does not match state branch 'ticket/T104-t104-per-ticket-worker-worktrees-and-isolated-runt'
[2026-05-16T05:09:38Z] commit-checkpoint: refused — current branch 'main' does not match state branch 'ticket/T104-t104-per-ticket-worker-worktrees-and-isolated-runt'
[2026-05-16T05:10:09Z] commit-checkpoint: refused — current branch 'main' does not match state branch 'ticket/T104-t104-per-ticket-worker-worktrees-and-isolated-runt'
[2026-05-16T05:10:40Z] commit-checkpoint: refused — current branch 'main' does not match state branch 'ticket/T104-t104-per-ticket-worker-worktrees-and-isolated-runt'
[2026-05-16T05:11:11Z] commit-checkpoint: refused — current branch 'main' does not match state branch 'ticket/T104-t104-per-ticket-worker-worktrees-and-isolated-runt'
[2026-05-16T05:11:41Z] commit-checkpoint: refused — current branch 'main' does not match state branch 'ticket/T104-t104-per-ticket-worker-worktrees-and-isolated-runt'
[2026-05-16T05:12:12Z] commit-checkpoint: refused — current branch 'main' does not match state branch 'ticket/T104-t104-per-ticket-worker-worktrees-and-isolated-runt'
[2026-05-16T05:12:43Z] commit-checkpoint: refused — current branch 'main' does not match state branch 'ticket/T104-t104-per-ticket-worker-worktrees-and-isolated-runt'
[2026-05-16T05:13:14Z] commit-checkpoint: refused — current branch 'main' does not match state branch 'ticket/T104-t104-per-ticket-worker-worktrees-and-isolated-runt'
[2026-05-16T05:13:44Z] commit-checkpoint: refused — current branch 'main' does not match state branch 'ticket/T104-t104-per-ticket-worker-worktrees-and-isolated-runt'
[2026-05-16T05:14:15Z] commit-checkpoint: refused — current branch 'main' does not match state branch 'ticket/T104-t104-per-ticket-worker-worktrees-and-isolated-runt'
[2026-05-16T05:14:46Z] commit-checkpoint: refused — current branch 'main' does not match state branch 'ticket/T104-t104-per-ticket-worker-worktrees-and-isolated-runt'
[2026-05-16T05:15:17Z] commit-checkpoint: refused — current branch 'main' does not match state branch 'ticket/T104-t104-per-ticket-worker-worktrees-and-isolated-runt'
[2026-05-16T05:15:48Z] commit-checkpoint: refused — current branch 'main' does not match state branch 'ticket/T104-t104-per-ticket-worker-worktrees-and-isolated-runt'
[2026-05-16T05:16:18Z] commit-checkpoint: refused — current branch 'main' does not match state branch 'ticket/T104-t104-per-ticket-worker-worktrees-and-isolated-runt'
[2026-05-16T05:16:49Z] commit-checkpoint: refused — current branch 'main' does not match state branch 'ticket/T104-t104-per-ticket-worker-worktrees-and-isolated-runt'
[2026-05-16T05:17:20Z] commit-checkpoint: refused — current branch 'main' does not match state branch 'ticket/T104-t104-per-ticket-worker-worktrees-and-isolated-runt'
[2026-05-16T05:17:51Z] commit-checkpoint: refused — current branch 'main' does not match state branch 'ticket/T104-t104-per-ticket-worker-worktrees-and-isolated-runt'
[2026-05-16T05:18:22Z] commit-checkpoint: refused — current branch 'main' does not match state branch 'ticket/T104-t104-per-ticket-worker-worktrees-and-isolated-runt'
[2026-05-16T05:18:52Z] commit-checkpoint: refused — current branch 'main' does not match state branch 'ticket/T104-t104-per-ticket-worker-worktrees-and-isolated-runt'
[2026-05-16T05:19:24Z] commit-checkpoint: refused — current branch 'main' does not match state branch 'ticket/T104-t104-per-ticket-worker-worktrees-and-isolated-runt'
[2026-05-16T05:19:54Z] commit-checkpoint: refused — current branch 'main' does not match state branch 'ticket/T104-t104-per-ticket-worker-worktrees-and-isolated-runt'
[2026-05-16T05:20:25Z] commit-checkpoint: refused — current branch 'main' does not match state branch 'ticket/T104-t104-per-ticket-worker-worktrees-and-isolated-runt'
[2026-05-16T05:20:56Z] commit-checkpoint: refused — current branch 'main' does not match state branch 'ticket/T104-t104-per-ticket-worker-worktrees-and-isolated-runt'
[2026-05-16T05:21:27Z] commit-checkpoint: refused — current branch 'main' does not match state branch 'ticket/T104-t104-per-ticket-worker-worktrees-and-isolated-runt'
[2026-05-16T05:21:57Z] commit-checkpoint: refused — current branch 'main' does not match state branch 'ticket/T104-t104-per-ticket-worker-worktrees-and-isolated-runt'
[2026-05-16T05:22:28Z] commit-checkpoint: refused — current branch 'main' does not match state branch 'ticket/T104-t104-per-ticket-worker-worktrees-and-isolated-runt'
[2026-05-16T05:22:59Z] commit-checkpoint: refused — current branch 'main' does not match state branch 'ticket/T104-t104-per-ticket-worker-worktrees-and-isolated-runt'
[2026-05-16T05:23:30Z] commit-checkpoint: refused — current branch 'main' does not match state branch 'ticket/T104-t104-per-ticket-worker-worktrees-and-isolated-runt'
[2026-05-16T05:24:00Z] commit-checkpoint: refused — current branch 'main' does not match state branch 'ticket/T104-t104-per-ticket-worker-worktrees-and-isolated-runt'
[2026-05-16T05:24:31Z] commit-checkpoint: refused — current branch 'main' does not match state branch 'ticket/T104-t104-per-ticket-worker-worktrees-and-isolated-runt'
[2026-05-16T05:25:02Z] commit-checkpoint: refused — current branch 'main' does not match state branch 'ticket/T104-t104-per-ticket-worker-worktrees-and-isolated-runt'
[2026-05-16T05:25:33Z] commit-checkpoint: refused — current branch 'main' does not match state branch 'ticket/T104-t104-per-ticket-worker-worktrees-and-isolated-runt'
[2026-05-16T05:26:04Z] commit-checkpoint: refused — current branch 'main' does not match state branch 'ticket/T104-t104-per-ticket-worker-worktrees-and-isolated-runt'
[2026-05-16T05:26:35Z] commit-checkpoint: refused — current branch 'main' does not match state branch 'ticket/T104-t104-per-ticket-worker-worktrees-and-isolated-runt'
[2026-05-16T05:27:06Z] commit-checkpoint: refused — current branch 'main' does not match state branch 'ticket/T104-t104-per-ticket-worker-worktrees-and-isolated-runt'
[2026-05-16T05:27:36Z] commit-checkpoint: refused — current branch 'main' does not match state branch 'ticket/T104-t104-per-ticket-worker-worktrees-and-isolated-runt'
[2026-05-16T05:28:07Z] commit-checkpoint: refused — current branch 'main' does not match state branch 'ticket/T104-t104-per-ticket-worker-worktrees-and-isolated-runt'
[2026-05-16T05:28:38Z] commit-checkpoint: refused — current branch 'main' does not match state branch 'ticket/T104-t104-per-ticket-worker-worktrees-and-isolated-runt'
[2026-05-16T05:29:09Z] commit-checkpoint: refused — current branch 'main' does not match state branch 'ticket/T104-t104-per-ticket-worker-worktrees-and-isolated-runt'
[2026-05-16T05:29:39Z] commit-checkpoint: refused — current branch 'main' does not match state branch 'ticket/T104-t104-per-ticket-worker-worktrees-and-isolated-runt'
[2026-05-16T05:30:10Z] commit-checkpoint: refused — current branch 'main' does not match state branch 'ticket/T104-t104-per-ticket-worker-worktrees-and-isolated-runt'
[2026-05-16T05:30:41Z] commit-checkpoint: refused — current branch 'main' does not match state branch 'ticket/T104-t104-per-ticket-worker-worktrees-and-isolated-runt'
[2026-05-16T05:31:12Z] commit-checkpoint: refused — current branch 'main' does not match state branch 'ticket/T104-t104-per-ticket-worker-worktrees-and-isolated-runt'
[2026-05-16T05:31:43Z] commit-checkpoint: refused — current branch 'main' does not match state branch 'ticket/T104-t104-per-ticket-worker-worktrees-and-isolated-runt'
[2026-05-16T05:32:13Z] commit-checkpoint: refused — current branch 'main' does not match state branch 'ticket/T104-t104-per-ticket-worker-worktrees-and-isolated-runt'
[2026-05-16T05:32:44Z] commit-checkpoint: refused — current branch 'main' does not match state branch 'ticket/T104-t104-per-ticket-worker-worktrees-and-isolated-runt'
[2026-05-16T05:33:15Z] commit-checkpoint: refused — current branch 'main' does not match state branch 'ticket/T104-t104-per-ticket-worker-worktrees-and-isolated-runt'
[2026-05-16T05:33:46Z] commit-checkpoint: refused — current branch 'main' does not match state branch 'ticket/T104-t104-per-ticket-worker-worktrees-and-isolated-runt'
[2026-05-16T05:34:17Z] commit-checkpoint: refused — current branch 'main' does not match state branch 'ticket/T104-t104-per-ticket-worker-worktrees-and-isolated-runt'
[2026-05-16T05:34:48Z] commit-checkpoint: refused — current branch 'main' does not match state branch 'ticket/T104-t104-per-ticket-worker-worktrees-and-isolated-runt'
[2026-05-16T05:35:18Z] commit-checkpoint: refused — current branch 'main' does not match state branch 'ticket/T104-t104-per-ticket-worker-worktrees-and-isolated-runt'
[2026-05-16T05:35:49Z] commit-checkpoint: refused — current branch 'main' does not match state branch 'ticket/T104-t104-per-ticket-worker-worktrees-and-isolated-runt'
[2026-05-16T05:36:20Z] commit-checkpoint: refused — current branch 'main' does not match state branch 'ticket/T104-t104-per-ticket-worker-worktrees-and-isolated-runt'
[2026-05-16T05:36:51Z] commit-checkpoint: refused — current branch 'main' does not match state branch 'ticket/T104-t104-per-ticket-worker-worktrees-and-isolated-runt'
[2026-05-16T05:37:21Z] commit-checkpoint: refused — current branch 'main' does not match state branch 'ticket/T104-t104-per-ticket-worker-worktrees-and-isolated-runt'
[2026-05-16T05:37:52Z] commit-checkpoint: refused — current branch 'main' does not match state branch 'ticket/T104-t104-per-ticket-worker-worktrees-and-isolated-runt'
[2026-05-16T05:38:23Z] commit-checkpoint: refused — current branch 'main' does not match state branch 'ticket/T104-t104-per-ticket-worker-worktrees-and-isolated-runt'
[2026-05-16T05:38:54Z] commit-checkpoint: refused — current branch 'main' does not match state branch 'ticket/T104-t104-per-ticket-worker-worktrees-and-isolated-runt'
[2026-05-16T05:39:24Z] commit-checkpoint: refused — current branch 'main' does not match state branch 'ticket/T104-t104-per-ticket-worker-worktrees-and-isolated-runt'
[2026-05-16T05:39:55Z] commit-checkpoint: refused — current branch 'main' does not match state branch 'ticket/T104-t104-per-ticket-worker-worktrees-and-isolated-runt'
[2026-05-16T05:40:26Z] commit-checkpoint: refused — current branch 'main' does not match state branch 'ticket/T104-t104-per-ticket-worker-worktrees-and-isolated-runt'
[2026-05-16T05:40:57Z] commit-checkpoint: refused — current branch 'main' does not match state branch 'ticket/T104-t104-per-ticket-worker-worktrees-and-isolated-runt'
[2026-05-16T05:41:28Z] commit-checkpoint: refused — current branch 'main' does not match state branch 'ticket/T104-t104-per-ticket-worker-worktrees-and-isolated-runt'
[2026-05-16T05:41:58Z] commit-checkpoint: refused — current branch 'main' does not match state branch 'ticket/T104-t104-per-ticket-worker-worktrees-and-isolated-runt'
[2026-05-16T05:42:29Z] commit-checkpoint: refused — current branch 'main' does not match state branch 'ticket/T104-t104-per-ticket-worker-worktrees-and-isolated-runt'
[2026-05-16T05:43:00Z] commit-checkpoint: refused — current branch 'main' does not match state branch 'ticket/T104-t104-per-ticket-worker-worktrees-and-isolated-runt'
[2026-05-16T05:43:31Z] commit-checkpoint: refused — current branch 'main' does not match state branch 'ticket/T104-t104-per-ticket-worker-worktrees-and-isolated-runt'
[2026-05-16T05:44:02Z] commit-checkpoint: refused — current branch 'main' does not match state branch 'ticket/T104-t104-per-ticket-worker-worktrees-and-isolated-runt'
[2026-05-16T05:44:33Z] commit-checkpoint: refused — current branch 'main' does not match state branch 'ticket/T104-t104-per-ticket-worker-worktrees-and-isolated-runt'
[2026-05-16T05:45:03Z] commit-checkpoint: refused — current branch 'main' does not match state branch 'ticket/T104-t104-per-ticket-worker-worktrees-and-isolated-runt'
[2026-05-16T05:45:34Z] commit-checkpoint: refused — current branch 'main' does not match state branch 'ticket/T104-t104-per-ticket-worker-worktrees-and-isolated-runt'
[2026-05-16T05:46:05Z] commit-checkpoint: refused — current branch 'main' does not match state branch 'ticket/T104-t104-per-ticket-worker-worktrees-and-isolated-runt'
[2026-05-16T05:46:36Z] commit-checkpoint: refused — current branch 'main' does not match state branch 'ticket/T104-t104-per-ticket-worker-worktrees-and-isolated-runt'
[2026-05-16T05:47:07Z] commit-checkpoint: refused — current branch 'main' does not match state branch 'ticket/T104-t104-per-ticket-worker-worktrees-and-isolated-runt'
[2026-05-16T05:47:37Z] commit-checkpoint: refused — current branch 'main' does not match state branch 'ticket/T104-t104-per-ticket-worker-worktrees-and-isolated-runt'
[2026-05-16T05:48:08Z] commit-checkpoint: refused — current branch 'main' does not match state branch 'ticket/T104-t104-per-ticket-worker-worktrees-and-isolated-runt'
[2026-05-16T05:48:39Z] commit-checkpoint: refused — current branch 'main' does not match state branch 'ticket/T104-t104-per-ticket-worker-worktrees-and-isolated-runt'
[2026-05-16T05:49:10Z] commit-checkpoint: refused — current branch 'main' does not match state branch 'ticket/T104-t104-per-ticket-worker-worktrees-and-isolated-runt'
[2026-05-16T05:49:40Z] commit-checkpoint: refused — current branch 'main' does not match state branch 'ticket/T104-t104-per-ticket-worker-worktrees-and-isolated-runt'
[2026-05-16T05:50:11Z] commit-checkpoint: refused — current branch 'main' does not match state branch 'ticket/T104-t104-per-ticket-worker-worktrees-and-isolated-runt'
[2026-05-16T05:50:42Z] commit-checkpoint: refused — current branch 'main' does not match state branch 'ticket/T104-t104-per-ticket-worker-worktrees-and-isolated-runt'
[2026-05-16T05:51:13Z] commit-checkpoint: refused — current branch 'main' does not match state branch 'ticket/T104-t104-per-ticket-worker-worktrees-and-isolated-runt'
[2026-05-16T05:51:44Z] commit-checkpoint: refused — current branch 'main' does not match state branch 'ticket/T104-t104-per-ticket-worker-worktrees-and-isolated-runt'
[2026-05-16T05:52:15Z] commit-checkpoint: refused — current branch 'main' does not match state branch 'ticket/T104-t104-per-ticket-worker-worktrees-and-isolated-runt'
[2026-05-16T05:52:45Z] commit-checkpoint: refused — current branch 'main' does not match state branch 'ticket/T104-t104-per-ticket-worker-worktrees-and-isolated-runt'
[2026-05-16T05:53:16Z] commit-checkpoint: refused — current branch 'main' does not match state branch 'ticket/T104-t104-per-ticket-worker-worktrees-and-isolated-runt'
[2026-05-16T05:53:47Z] commit-checkpoint: refused — current branch 'main' does not match state branch 'ticket/T104-t104-per-ticket-worker-worktrees-and-isolated-runt'
[2026-05-16T05:54:18Z] commit-checkpoint: refused — current branch 'main' does not match state branch 'ticket/T104-t104-per-ticket-worker-worktrees-and-isolated-runt'
[2026-05-16T05:54:48Z] commit-checkpoint: refused — current branch 'main' does not match state branch 'ticket/T104-t104-per-ticket-worker-worktrees-and-isolated-runt'
[2026-05-16T05:55:19Z] commit-checkpoint: refused — current branch 'main' does not match state branch 'ticket/T104-t104-per-ticket-worker-worktrees-and-isolated-runt'
[2026-05-16T05:55:50Z] commit-checkpoint: refused — current branch 'main' does not match state branch 'ticket/T104-t104-per-ticket-worker-worktrees-and-isolated-runt'
[2026-05-16T05:56:21Z] commit-checkpoint: refused — current branch 'main' does not match state branch 'ticket/T104-t104-per-ticket-worker-worktrees-and-isolated-runt'
[2026-05-16T05:56:52Z] commit-checkpoint: refused — current branch 'main' does not match state branch 'ticket/T104-t104-per-ticket-worker-worktrees-and-isolated-runt'
[2026-05-16T05:57:22Z] commit-checkpoint: refused — current branch 'main' does not match state branch 'ticket/T104-t104-per-ticket-worker-worktrees-and-isolated-runt'
[2026-05-16T05:57:53Z] commit-checkpoint: refused — current branch 'main' does not match state branch 'ticket/T104-t104-per-ticket-worker-worktrees-and-isolated-runt'
[2026-05-16T05:58:24Z] commit-checkpoint: refused — current branch 'main' does not match state branch 'ticket/T104-t104-per-ticket-worker-worktrees-and-isolated-runt'
[2026-05-16T05:58:55Z] commit-checkpoint: refused — current branch 'main' does not match state branch 'ticket/T104-t104-per-ticket-worker-worktrees-and-isolated-runt'
[2026-05-16T05:59:26Z] commit-checkpoint: refused — current branch 'main' does not match state branch 'ticket/T104-t104-per-ticket-worker-worktrees-and-isolated-runt'
[2026-05-16T05:59:56Z] commit-checkpoint: refused — current branch 'main' does not match state branch 'ticket/T104-t104-per-ticket-worker-worktrees-and-isolated-runt'
[2026-05-16T06:00:27Z] commit-checkpoint: refused — current branch 'main' does not match state branch 'ticket/T104-t104-per-ticket-worker-worktrees-and-isolated-runt'
[2026-05-16T06:00:58Z] commit-checkpoint: refused — current branch 'main' does not match state branch 'ticket/T104-t104-per-ticket-worker-worktrees-and-isolated-runt'
[2026-05-16T06:01:29Z] commit-checkpoint: refused — current branch 'main' does not match state branch 'ticket/T104-t104-per-ticket-worker-worktrees-and-isolated-runt'
[2026-05-16T06:01:59Z] commit-checkpoint: refused — current branch 'main' does not match state branch 'ticket/T104-t104-per-ticket-worker-worktrees-and-isolated-runt'
[2026-05-16T06:02:30Z] commit-checkpoint: refused — current branch 'main' does not match state branch 'ticket/T104-t104-per-ticket-worker-worktrees-and-isolated-runt'
[2026-05-16T06:03:01Z] commit-checkpoint: refused — current branch 'main' does not match state branch 'ticket/T104-t104-per-ticket-worker-worktrees-and-isolated-runt'
[2026-05-16T06:03:32Z] commit-checkpoint: refused — current branch 'main' does not match state branch 'ticket/T104-t104-per-ticket-worker-worktrees-and-isolated-runt'
[2026-05-16T06:04:03Z] commit-checkpoint: refused — current branch 'main' does not match state branch 'ticket/T104-t104-per-ticket-worker-worktrees-and-isolated-runt'
[2026-05-16T06:04:33Z] commit-checkpoint: refused — current branch 'main' does not match state branch 'ticket/T104-t104-per-ticket-worker-worktrees-and-isolated-runt'
[2026-05-16T06:05:04Z] commit-checkpoint: refused — current branch 'main' does not match state branch 'ticket/T104-t104-per-ticket-worker-worktrees-and-isolated-runt'
[2026-05-16T06:05:35Z] commit-checkpoint: refused — current branch 'main' does not match state branch 'ticket/T104-t104-per-ticket-worker-worktrees-and-isolated-runt'
[2026-05-16T06:06:06Z] commit-checkpoint: refused — current branch 'main' does not match state branch 'ticket/T104-t104-per-ticket-worker-worktrees-and-isolated-runt'
[2026-05-16T06:06:36Z] commit-checkpoint: refused — current branch 'main' does not match state branch 'ticket/T104-t104-per-ticket-worker-worktrees-and-isolated-runt'
[2026-05-16T06:07:07Z] commit-checkpoint: refused — current branch 'main' does not match state branch 'ticket/T104-t104-per-ticket-worker-worktrees-and-isolated-runt'
[2026-05-16T06:07:38Z] commit-checkpoint: refused — current branch 'main' does not match state branch 'ticket/T104-t104-per-ticket-worker-worktrees-and-isolated-runt'
[2026-05-16T06:08:09Z] commit-checkpoint: refused — current branch 'main' does not match state branch 'ticket/T104-t104-per-ticket-worker-worktrees-and-isolated-runt'
[2026-05-16T06:08:39Z] commit-checkpoint: refused — current branch 'main' does not match state branch 'ticket/T104-t104-per-ticket-worker-worktrees-and-isolated-runt'
[2026-05-16T06:09:10Z] commit-checkpoint: refused — current branch 'main' does not match state branch 'ticket/T104-t104-per-ticket-worker-worktrees-and-isolated-runt'
[2026-05-16T06:09:41Z] commit-checkpoint: refused — current branch 'main' does not match state branch 'ticket/T104-t104-per-ticket-worker-worktrees-and-isolated-runt'
[2026-05-16T06:10:12Z] commit-checkpoint: refused — current branch 'main' does not match state branch 'ticket/T104-t104-per-ticket-worker-worktrees-and-isolated-runt'
[2026-05-16T06:10:42Z] commit-checkpoint: refused — current branch 'main' does not match state branch 'ticket/T104-t104-per-ticket-worker-worktrees-and-isolated-runt'
[2026-05-16T06:11:13Z] commit-checkpoint: refused — current branch 'main' does not match state branch 'ticket/T104-t104-per-ticket-worker-worktrees-and-isolated-runt'
[2026-05-16T06:11:44Z] commit-checkpoint: refused — current branch 'main' does not match state branch 'ticket/T104-t104-per-ticket-worker-worktrees-and-isolated-runt'
[2026-05-16T06:12:15Z] commit-checkpoint: refused — current branch 'main' does not match state branch 'ticket/T104-t104-per-ticket-worker-worktrees-and-isolated-runt'
[2026-05-16T06:12:46Z] commit-checkpoint: refused — current branch 'main' does not match state branch 'ticket/T104-t104-per-ticket-worker-worktrees-and-isolated-runt'
[2026-05-16T06:13:16Z] commit-checkpoint: refused — current branch 'main' does not match state branch 'ticket/T104-t104-per-ticket-worker-worktrees-and-isolated-runt'
[2026-05-16T06:13:47Z] commit-checkpoint: refused — current branch 'main' does not match state branch 'ticket/T104-t104-per-ticket-worker-worktrees-and-isolated-runt'
[2026-05-16T06:14:18Z] commit-checkpoint: refused — current branch 'main' does not match state branch 'ticket/T104-t104-per-ticket-worker-worktrees-and-isolated-runt'
[2026-05-16T06:14:49Z] commit-checkpoint: refused — current branch 'main' does not match state branch 'ticket/T104-t104-per-ticket-worker-worktrees-and-isolated-runt'
[2026-05-16T06:15:20Z] commit-checkpoint: refused — current branch 'main' does not match state branch 'ticket/T104-t104-per-ticket-worker-worktrees-and-isolated-runt'
[2026-05-16T06:15:50Z] commit-checkpoint: refused — current branch 'main' does not match state branch 'ticket/T104-t104-per-ticket-worker-worktrees-and-isolated-runt'
[2026-05-16T06:16:21Z] commit-checkpoint: refused — current branch 'main' does not match state branch 'ticket/T104-t104-per-ticket-worker-worktrees-and-isolated-runt'
[2026-05-16T06:16:52Z] commit-checkpoint: refused — current branch 'main' does not match state branch 'ticket/T104-t104-per-ticket-worker-worktrees-and-isolated-runt'
[2026-05-16T06:17:23Z] commit-checkpoint: refused — current branch 'main' does not match state branch 'ticket/T104-t104-per-ticket-worker-worktrees-and-isolated-runt'
[2026-05-16T06:17:53Z] commit-checkpoint: refused — current branch 'main' does not match state branch 'ticket/T104-t104-per-ticket-worker-worktrees-and-isolated-runt'
[2026-05-16T06:18:24Z] commit-checkpoint: refused — current branch 'main' does not match state branch 'ticket/T104-t104-per-ticket-worker-worktrees-and-isolated-runt'
[2026-05-16T06:18:55Z] commit-checkpoint: refused — current branch 'main' does not match state branch 'ticket/T104-t104-per-ticket-worker-worktrees-and-isolated-runt'
[2026-05-16T06:19:26Z] commit-checkpoint: refused — current branch 'main' does not match state branch 'ticket/T104-t104-per-ticket-worker-worktrees-and-isolated-runt'
[2026-05-16T06:19:57Z] commit-checkpoint: refused — current branch 'main' does not match state branch 'ticket/T104-t104-per-ticket-worker-worktrees-and-isolated-runt'
[2026-05-16T06:20:27Z] commit-checkpoint: refused — current branch 'main' does not match state branch 'ticket/T104-t104-per-ticket-worker-worktrees-and-isolated-runt'
[2026-05-16T06:20:58Z] commit-checkpoint: refused — current branch 'main' does not match state branch 'ticket/T104-t104-per-ticket-worker-worktrees-and-isolated-runt'
[2026-05-16T06:21:29Z] commit-checkpoint: refused — current branch 'main' does not match state branch 'ticket/T104-t104-per-ticket-worker-worktrees-and-isolated-runt'
[2026-05-16T06:22:00Z] commit-checkpoint: refused — current branch 'main' does not match state branch 'ticket/T104-t104-per-ticket-worker-worktrees-and-isolated-runt'
[2026-05-16T06:22:31Z] commit-checkpoint: refused — current branch 'main' does not match state branch 'ticket/T104-t104-per-ticket-worker-worktrees-and-isolated-runt'
[2026-05-16T06:23:01Z] commit-checkpoint: refused — current branch 'main' does not match state branch 'ticket/T104-t104-per-ticket-worker-worktrees-and-isolated-runt'
[2026-05-16T06:23:32Z] commit-checkpoint: refused — current branch 'main' does not match state branch 'ticket/T104-t104-per-ticket-worker-worktrees-and-isolated-runt'
[2026-05-16T06:24:03Z] commit-checkpoint: refused — current branch 'main' does not match state branch 'ticket/T104-t104-per-ticket-worker-worktrees-and-isolated-runt'
[2026-05-16T06:24:34Z] commit-checkpoint: refused — current branch 'main' does not match state branch 'ticket/T104-t104-per-ticket-worker-worktrees-and-isolated-runt'
[2026-05-16T06:25:04Z] commit-checkpoint: refused — current branch 'main' does not match state branch 'ticket/T104-t104-per-ticket-worker-worktrees-and-isolated-runt'
[2026-05-16T06:25:35Z] commit-checkpoint: refused — current branch 'main' does not match state branch 'ticket/T104-t104-per-ticket-worker-worktrees-and-isolated-runt'
[2026-05-16T06:26:06Z] commit-checkpoint: refused — current branch 'main' does not match state branch 'ticket/T104-t104-per-ticket-worker-worktrees-and-isolated-runt'
[2026-05-16T06:26:37Z] commit-checkpoint: refused — current branch 'main' does not match state branch 'ticket/T104-t104-per-ticket-worker-worktrees-and-isolated-runt'
[2026-05-16T06:27:07Z] commit-checkpoint: refused — current branch 'main' does not match state branch 'ticket/T104-t104-per-ticket-worker-worktrees-and-isolated-runt'
[2026-05-16T06:27:38Z] commit-checkpoint: refused — current branch 'main' does not match state branch 'ticket/T104-t104-per-ticket-worker-worktrees-and-isolated-runt'
[2026-05-16T06:28:09Z] commit-checkpoint: refused — current branch 'main' does not match state branch 'ticket/T104-t104-per-ticket-worker-worktrees-and-isolated-runt'
[2026-05-16T06:28:40Z] commit-checkpoint: refused — current branch 'main' does not match state branch 'ticket/T104-t104-per-ticket-worker-worktrees-and-isolated-runt'
[2026-05-16T06:29:11Z] commit-checkpoint: refused — current branch 'main' does not match state branch 'ticket/T104-t104-per-ticket-worker-worktrees-and-isolated-runt'
[2026-05-16T06:29:41Z] commit-checkpoint: refused — current branch 'main' does not match state branch 'ticket/T104-t104-per-ticket-worker-worktrees-and-isolated-runt'
[2026-05-16T06:30:12Z] commit-checkpoint: refused — current branch 'main' does not match state branch 'ticket/T104-t104-per-ticket-worker-worktrees-and-isolated-runt'
[2026-05-16T06:30:43Z] commit-checkpoint: refused — current branch 'main' does not match state branch 'ticket/T104-t104-per-ticket-worker-worktrees-and-isolated-runt'
[2026-05-16T06:31:14Z] commit-checkpoint: refused — current branch 'main' does not match state branch 'ticket/T104-t104-per-ticket-worker-worktrees-and-isolated-runt'
[2026-05-16T06:31:45Z] commit-checkpoint: refused — current branch 'main' does not match state branch 'ticket/T104-t104-per-ticket-worker-worktrees-and-isolated-runt'
[2026-05-16T06:32:15Z] commit-checkpoint: refused — current branch 'main' does not match state branch 'ticket/T104-t104-per-ticket-worker-worktrees-and-isolated-runt'
[2026-05-16T06:32:46Z] commit-checkpoint: refused — current branch 'main' does not match state branch 'ticket/T104-t104-per-ticket-worker-worktrees-and-isolated-runt'
[2026-05-16T06:33:17Z] commit-checkpoint: refused — current branch 'main' does not match state branch 'ticket/T104-t104-per-ticket-worker-worktrees-and-isolated-runt'
[2026-05-16T06:33:48Z] commit-checkpoint: refused — current branch 'main' does not match state branch 'ticket/T104-t104-per-ticket-worker-worktrees-and-isolated-runt'
[2026-05-16T06:34:18Z] commit-checkpoint: refused — current branch 'main' does not match state branch 'ticket/T104-t104-per-ticket-worker-worktrees-and-isolated-runt'
[2026-05-16T06:34:49Z] commit-checkpoint: refused — current branch 'main' does not match state branch 'ticket/T104-t104-per-ticket-worker-worktrees-and-isolated-runt'
[2026-05-16T06:35:20Z] commit-checkpoint: refused — current branch 'main' does not match state branch 'ticket/T104-t104-per-ticket-worker-worktrees-and-isolated-runt'
[2026-05-16T06:35:51Z] commit-checkpoint: refused — current branch 'main' does not match state branch 'ticket/T104-t104-per-ticket-worker-worktrees-and-isolated-runt'
[2026-05-16T06:36:21Z] commit-checkpoint: refused — current branch 'main' does not match state branch 'ticket/T104-t104-per-ticket-worker-worktrees-and-isolated-runt'
[2026-05-16T06:36:52Z] commit-checkpoint: refused — current branch 'main' does not match state branch 'ticket/T104-t104-per-ticket-worker-worktrees-and-isolated-runt'
[2026-05-16T06:37:23Z] commit-checkpoint: refused — current branch 'main' does not match state branch 'ticket/T104-t104-per-ticket-worker-worktrees-and-isolated-runt'
[2026-05-16T06:37:54Z] commit-checkpoint: refused — current branch 'main' does not match state branch 'ticket/T104-t104-per-ticket-worker-worktrees-and-isolated-runt'
[2026-05-16T06:38:24Z] commit-checkpoint: refused — current branch 'main' does not match state branch 'ticket/T104-t104-per-ticket-worker-worktrees-and-isolated-runt'
[2026-05-16T06:38:55Z] commit-checkpoint: refused — current branch 'main' does not match state branch 'ticket/T104-t104-per-ticket-worker-worktrees-and-isolated-runt'
[2026-05-16T06:39:26Z] commit-checkpoint: refused — current branch 'main' does not match state branch 'ticket/T104-t104-per-ticket-worker-worktrees-and-isolated-runt'
[2026-05-16T06:39:57Z] commit-checkpoint: refused — current branch 'main' does not match state branch 'ticket/T104-t104-per-ticket-worker-worktrees-and-isolated-runt'
[2026-05-16T06:40:27Z] commit-checkpoint: refused — current branch 'main' does not match state branch 'ticket/T104-t104-per-ticket-worker-worktrees-and-isolated-runt'
[2026-05-16T06:40:58Z] commit-checkpoint: refused — current branch 'main' does not match state branch 'ticket/T104-t104-per-ticket-worker-worktrees-and-isolated-runt'
[2026-05-16T06:41:07Z] human-approval: refused 'approve-implementation' — expected 'IMPLEMENTATION_REVIEW_NEEDED', got 'TEST_COMPLETE'
[2026-05-16T06:41:29Z] commit-checkpoint: refused — current branch 'main' does not match state branch 'ticket/T104-t104-per-ticket-worker-worktrees-and-isolated-runt'
[2026-05-17T21:01:13Z] commit-checkpoint: refused — current branch 'main' does not match state branch 'ticket/T104-t104-per-ticket-worker-worktrees-and-isolated-runt'
[2026-05-17T21:01:24Z] commit-checkpoint: refused — current branch 'main' does not match state branch 'ticket/T104-t104-per-ticket-worker-worktrees-and-isolated-runt'
[2026-05-17T21:01:44Z] commit-checkpoint: refused — current branch 'main' does not match state branch 'ticket/T104-t104-per-ticket-worker-worktrees-and-isolated-runt'
[2026-05-17T21:02:15Z] commit-checkpoint: refused — current branch 'main' does not match state branch 'ticket/T104-t104-per-ticket-worker-worktrees-and-isolated-runt'
[2026-05-17T21:02:46Z] commit-checkpoint: refused — current branch 'main' does not match state branch 'ticket/T104-t104-per-ticket-worker-worktrees-and-isolated-runt'
[2026-05-17T21:03:18Z] commit-checkpoint: refused — current branch 'main' does not match state branch 'ticket/T104-t104-per-ticket-worker-worktrees-and-isolated-runt'
[2026-05-17T21:03:49Z] commit-checkpoint: refused — current branch 'main' does not match state branch 'ticket/T104-t104-per-ticket-worker-worktrees-and-isolated-runt'
[2026-05-17T21:03:52Z] commit-checkpoint: refused — current branch 'main' does not match state branch 'ticket/T104-t104-per-ticket-worker-worktrees-and-isolated-runt'
[2026-05-17T21:03:54Z] push: refused — current branch 'main' does not match state branch 'ticket/T104-t104-per-ticket-worker-worktrees-and-isolated-runt'
[2026-05-17T21:04:20Z] commit-checkpoint: refused — current branch 'main' does not match state branch 'ticket/T104-t104-per-ticket-worker-worktrees-and-isolated-runt'
[2026-05-17T21:04:50Z] commit-checkpoint: refused — current branch 'main' does not match state branch 'ticket/T104-t104-per-ticket-worker-worktrees-and-isolated-runt'
[2026-05-17T21:05:21Z] commit-checkpoint: refused — current branch 'main' does not match state branch 'ticket/T104-t104-per-ticket-worker-worktrees-and-isolated-runt'
[2026-05-17T21:05:52Z] commit-checkpoint: refused — current branch 'main' does not match state branch 'ticket/T104-t104-per-ticket-worker-worktrees-and-isolated-runt'
[2026-05-17T21:06:23Z] commit-checkpoint: refused — current branch 'main' does not match state branch 'ticket/T104-t104-per-ticket-worker-worktrees-and-isolated-runt'
[2026-05-17T21:06:53Z] commit-checkpoint: refused — current branch 'main' does not match state branch 'ticket/T104-t104-per-ticket-worker-worktrees-and-isolated-runt'
[2026-05-17T21:07:24Z] commit-checkpoint: refused — current branch 'main' does not match state branch 'ticket/T104-t104-per-ticket-worker-worktrees-and-isolated-runt'
[2026-05-17T21:13:22Z] push: warning — working tree dirty
[2026-05-17T21:13:22Z] push: pushing branch=ticket/T104-t104-per-ticket-worker-worktrees-and-isolated-runt
[2026-05-17T21:13:24Z] push: failed branch=ticket/T104-t104-per-ticket-worker-worktrees-and-isolated-runt
[2026-05-17T21:16:21Z] commit-checkpoint: skipped missing scope paths: package.json, package-lock.json
[2026-05-17T21:16:21Z] commit-checkpoint: sha=af07969 message='T104: checkpoint [TEST_COMPLETE] — update workflow artifacts'
[2026-05-17T21:16:21Z] push: pushing branch=ticket/T104-t104-per-ticket-worker-worktrees-and-isolated-runt
[2026-05-17T21:16:23Z] push: failed branch=ticket/T104-t104-per-ticket-worker-worktrees-and-isolated-runt
[2026-05-17T21:16:56Z] commit-checkpoint: refused — current branch 'main' does not match state branch 'ticket/T104-t104-per-ticket-worker-worktrees-and-isolated-runt'
[2026-05-17T21:17:28Z] commit-checkpoint: refused — current branch 'main' does not match state branch 'ticket/T104-t104-per-ticket-worker-worktrees-and-isolated-runt'
[2026-05-17T21:18:01Z] commit-checkpoint: refused — current branch 'main' does not match state branch 'ticket/T104-t104-per-ticket-worker-worktrees-and-isolated-runt'
[2026-05-17T21:18:33Z] commit-checkpoint: refused — current branch 'main' does not match state branch 'ticket/T104-t104-per-ticket-worker-worktrees-and-isolated-runt'
[2026-05-17T21:19:06Z] commit-checkpoint: refused — current branch 'main' does not match state branch 'ticket/T104-t104-per-ticket-worker-worktrees-and-isolated-runt'
[2026-05-17T21:19:37Z] commit-checkpoint: refused — current branch 'main' does not match state branch 'ticket/T104-t104-per-ticket-worker-worktrees-and-isolated-runt'
[2026-05-17T21:19:37Z] push: refused — current branch 'main' does not match state branch 'ticket/T104-t104-per-ticket-worker-worktrees-and-isolated-runt'
[2026-05-17T21:19:39Z] commit-checkpoint: refused — current branch 'main' does not match state branch 'ticket/T104-t104-per-ticket-worker-worktrees-and-isolated-runt'
[2026-05-17T21:20:11Z] commit-checkpoint: refused — current branch 'main' does not match state branch 'ticket/T104-t104-per-ticket-worker-worktrees-and-isolated-runt'
[2026-05-17T21:20:44Z] commit-checkpoint: refused — current branch 'main' does not match state branch 'ticket/T104-t104-per-ticket-worker-worktrees-and-isolated-runt'
