[2026-05-17T23:12:08Z] auto-run start: state=INIT
[2026-05-17T23:12:08Z] auto-run: running step=planner
[2026-05-17T23:12:08Z] prompt: resolved=prompts/generic/planner.md source=generic
[2026-05-17T23:12:08Z] prompt: generic fallback — injecting runs/T108/ticket.md
[2026-05-17T23:12:08Z] compose: global-context=docs/ai/global-context.md
[2026-05-17T23:12:08Z] compose: role=ai/roles/planner.md
[2026-05-17T23:12:08Z] compose: skill=ai/skills/workflow-discipline.md
[2026-05-17T23:12:08Z] compose: skill=ai/skills/architecture-discipline.md
[2026-05-17T23:12:08Z] compose: skill=ai/skills/documentation.md
[2026-05-17T23:12:08Z] compose: task (canonical prompt)
[2026-05-17T23:12:08Z] snapshot: runtime-prompt=runs/T108/prompts/planner-attempt-1.md
[2026-05-17T23:15:51Z] auto-run: step=planner done rc=0
[2026-05-17T23:15:51Z] planner validation success
[2026-05-17T23:15:51Z] auto-run: transition INIT → PLAN_REVIEW_NEEDED
[2026-05-17T23:16:26Z] commit-checkpoint: skipped missing scope paths: package.json, package-lock.json
[2026-05-17T23:16:26Z] commit-checkpoint: sha=41c46e7 message='T108: checkpoint [PLAN_REVIEW_NEEDED] — update workflow artifacts'
[2026-05-17T23:16:26Z] push: pushing branch=ticket/T108-t108-multi-project-onboarding-and-project-registry
[2026-05-17T23:16:28Z] push: done branch=ticket/T108-t108-multi-project-onboarding-and-project-registry
[2026-05-17T23:17:03Z] commit-checkpoint: skipped missing scope paths: package.json, package-lock.json
[2026-05-17T23:17:03Z] commit-checkpoint: refused — nothing to commit in runs/
[2026-05-17T23:17:03Z] push: pushing branch=ticket/T108-t108-multi-project-onboarding-and-project-registry
[2026-05-17T23:17:04Z] push: done branch=ticket/T108-t108-multi-project-onboarding-and-project-registry
[2026-05-17T23:17:39Z] commit-checkpoint: skipped missing scope paths: package.json, package-lock.json
[2026-05-17T23:17:39Z] commit-checkpoint: refused — nothing to commit in runs/
[2026-05-17T23:17:39Z] push: pushing branch=ticket/T108-t108-multi-project-onboarding-and-project-registry
[2026-05-17T23:17:40Z] push: done branch=ticket/T108-t108-multi-project-onboarding-and-project-registry
[2026-05-17T23:18:15Z] commit-checkpoint: skipped missing scope paths: package.json, package-lock.json
[2026-05-17T23:18:15Z] commit-checkpoint: refused — nothing to commit in runs/
[2026-05-17T23:18:15Z] push: pushing branch=ticket/T108-t108-multi-project-onboarding-and-project-registry
[2026-05-17T23:18:17Z] push: done branch=ticket/T108-t108-multi-project-onboarding-and-project-registry
[2026-05-17T23:18:51Z] commit-checkpoint: skipped missing scope paths: package.json, package-lock.json
[2026-05-17T23:18:51Z] commit-checkpoint: refused — nothing to commit in runs/
[2026-05-17T23:18:51Z] push: pushing branch=ticket/T108-t108-multi-project-onboarding-and-project-registry
[2026-05-17T23:18:53Z] push: done branch=ticket/T108-t108-multi-project-onboarding-and-project-registry
[2026-05-17T23:19:27Z] commit-checkpoint: skipped missing scope paths: package.json, package-lock.json
[2026-05-17T23:19:27Z] commit-checkpoint: refused — nothing to commit in runs/
[2026-05-17T23:19:27Z] push: pushing branch=ticket/T108-t108-multi-project-onboarding-and-project-registry
[2026-05-17T23:19:28Z] push: done branch=ticket/T108-t108-multi-project-onboarding-and-project-registry
[2026-05-17T23:20:03Z] commit-checkpoint: skipped missing scope paths: package.json, package-lock.json
[2026-05-17T23:20:03Z] commit-checkpoint: refused — nothing to commit in runs/
[2026-05-17T23:20:03Z] push: pushing branch=ticket/T108-t108-multi-project-onboarding-and-project-registry
[2026-05-17T23:20:04Z] push: done branch=ticket/T108-t108-multi-project-onboarding-and-project-registry
[2026-05-17T23:20:39Z] commit-checkpoint: skipped missing scope paths: package.json, package-lock.json
[2026-05-17T23:20:39Z] commit-checkpoint: refused — nothing to commit in runs/
[2026-05-17T23:20:39Z] push: pushing branch=ticket/T108-t108-multi-project-onboarding-and-project-registry
[2026-05-17T23:20:41Z] push: done branch=ticket/T108-t108-multi-project-onboarding-and-project-registry
[2026-05-17T23:21:15Z] commit-checkpoint: skipped missing scope paths: package.json, package-lock.json
[2026-05-17T23:21:15Z] commit-checkpoint: refused — nothing to commit in runs/
[2026-05-17T23:21:15Z] push: pushing branch=ticket/T108-t108-multi-project-onboarding-and-project-registry
[2026-05-17T23:21:16Z] push: done branch=ticket/T108-t108-multi-project-onboarding-and-project-registry
[2026-05-17T23:21:51Z] commit-checkpoint: skipped missing scope paths: package.json, package-lock.json
[2026-05-17T23:21:51Z] commit-checkpoint: refused — nothing to commit in runs/
[2026-05-17T23:21:51Z] push: pushing branch=ticket/T108-t108-multi-project-onboarding-and-project-registry
[2026-05-17T23:21:53Z] push: done branch=ticket/T108-t108-multi-project-onboarding-and-project-registry
[2026-05-17T23:22:27Z] commit-checkpoint: skipped missing scope paths: package.json, package-lock.json
[2026-05-17T23:22:27Z] commit-checkpoint: refused — nothing to commit in runs/
[2026-05-17T23:22:27Z] push: pushing branch=ticket/T108-t108-multi-project-onboarding-and-project-registry
[2026-05-17T23:22:29Z] push: done branch=ticket/T108-t108-multi-project-onboarding-and-project-registry
[2026-05-17T23:23:03Z] commit-checkpoint: skipped missing scope paths: package.json, package-lock.json
[2026-05-17T23:23:03Z] commit-checkpoint: refused — nothing to commit in runs/
[2026-05-17T23:23:03Z] push: pushing branch=ticket/T108-t108-multi-project-onboarding-and-project-registry
[2026-05-17T23:23:05Z] push: done branch=ticket/T108-t108-multi-project-onboarding-and-project-registry
[2026-05-17T23:23:39Z] commit-checkpoint: skipped missing scope paths: package.json, package-lock.json
[2026-05-17T23:23:39Z] commit-checkpoint: refused — nothing to commit in runs/
[2026-05-17T23:23:39Z] push: pushing branch=ticket/T108-t108-multi-project-onboarding-and-project-registry
[2026-05-17T23:23:41Z] push: done branch=ticket/T108-t108-multi-project-onboarding-and-project-registry
[2026-05-17T23:24:15Z] commit-checkpoint: skipped missing scope paths: package.json, package-lock.json
[2026-05-17T23:24:15Z] commit-checkpoint: refused — nothing to commit in runs/
[2026-05-17T23:24:15Z] push: pushing branch=ticket/T108-t108-multi-project-onboarding-and-project-registry
[2026-05-17T23:24:17Z] push: done branch=ticket/T108-t108-multi-project-onboarding-and-project-registry
[2026-05-17T23:24:51Z] commit-checkpoint: skipped missing scope paths: package.json, package-lock.json
[2026-05-17T23:24:51Z] commit-checkpoint: refused — nothing to commit in runs/
[2026-05-17T23:24:51Z] push: pushing branch=ticket/T108-t108-multi-project-onboarding-and-project-registry
[2026-05-17T23:24:53Z] push: done branch=ticket/T108-t108-multi-project-onboarding-and-project-registry
[2026-05-17T23:25:27Z] commit-checkpoint: skipped missing scope paths: package.json, package-lock.json
[2026-05-17T23:25:27Z] commit-checkpoint: refused — nothing to commit in runs/
[2026-05-17T23:25:27Z] push: pushing branch=ticket/T108-t108-multi-project-onboarding-and-project-registry
[2026-05-17T23:25:29Z] push: done branch=ticket/T108-t108-multi-project-onboarding-and-project-registry
[2026-05-17T23:26:03Z] commit-checkpoint: skipped missing scope paths: package.json, package-lock.json
[2026-05-17T23:26:03Z] commit-checkpoint: refused — nothing to commit in runs/
[2026-05-17T23:26:03Z] push: pushing branch=ticket/T108-t108-multi-project-onboarding-and-project-registry
[2026-05-17T23:26:05Z] push: done branch=ticket/T108-t108-multi-project-onboarding-and-project-registry
[2026-05-17T23:26:39Z] commit-checkpoint: skipped missing scope paths: package.json, package-lock.json
[2026-05-17T23:26:39Z] commit-checkpoint: refused — nothing to commit in runs/
[2026-05-17T23:26:39Z] push: pushing branch=ticket/T108-t108-multi-project-onboarding-and-project-registry
[2026-05-17T23:26:40Z] push: done branch=ticket/T108-t108-multi-project-onboarding-and-project-registry
[2026-05-17T23:27:15Z] commit-checkpoint: skipped missing scope paths: package.json, package-lock.json
[2026-05-17T23:27:15Z] commit-checkpoint: refused — nothing to commit in runs/
[2026-05-17T23:27:15Z] push: pushing branch=ticket/T108-t108-multi-project-onboarding-and-project-registry
[2026-05-17T23:27:16Z] push: done branch=ticket/T108-t108-multi-project-onboarding-and-project-registry
[2026-05-17T23:27:51Z] commit-checkpoint: skipped missing scope paths: package.json, package-lock.json
[2026-05-17T23:27:51Z] commit-checkpoint: refused — nothing to commit in runs/
[2026-05-17T23:27:51Z] push: pushing branch=ticket/T108-t108-multi-project-onboarding-and-project-registry
[2026-05-17T23:27:53Z] push: done branch=ticket/T108-t108-multi-project-onboarding-and-project-registry
[2026-05-17T23:28:27Z] commit-checkpoint: skipped missing scope paths: package.json, package-lock.json
[2026-05-17T23:28:27Z] commit-checkpoint: refused — nothing to commit in runs/
[2026-05-17T23:28:27Z] push: pushing branch=ticket/T108-t108-multi-project-onboarding-and-project-registry
[2026-05-17T23:28:29Z] push: done branch=ticket/T108-t108-multi-project-onboarding-and-project-registry
[2026-05-17T23:29:03Z] commit-checkpoint: skipped missing scope paths: package.json, package-lock.json
[2026-05-17T23:29:03Z] commit-checkpoint: refused — nothing to commit in runs/
[2026-05-17T23:29:03Z] push: pushing branch=ticket/T108-t108-multi-project-onboarding-and-project-registry
[2026-05-17T23:29:05Z] push: done branch=ticket/T108-t108-multi-project-onboarding-and-project-registry
[2026-05-17T23:29:39Z] commit-checkpoint: skipped missing scope paths: package.json, package-lock.json
[2026-05-17T23:29:39Z] commit-checkpoint: refused — nothing to commit in runs/
[2026-05-17T23:29:40Z] push: pushing branch=ticket/T108-t108-multi-project-onboarding-and-project-registry
[2026-05-17T23:29:41Z] push: done branch=ticket/T108-t108-multi-project-onboarding-and-project-registry
[2026-05-17T23:30:16Z] commit-checkpoint: skipped missing scope paths: package.json, package-lock.json
[2026-05-17T23:30:16Z] commit-checkpoint: refused — nothing to commit in runs/
[2026-05-17T23:30:16Z] push: pushing branch=ticket/T108-t108-multi-project-onboarding-and-project-registry
[2026-05-17T23:30:17Z] push: done branch=ticket/T108-t108-multi-project-onboarding-and-project-registry
[2026-05-17T23:30:52Z] commit-checkpoint: skipped missing scope paths: package.json, package-lock.json
[2026-05-17T23:30:52Z] commit-checkpoint: refused — nothing to commit in runs/
[2026-05-17T23:30:52Z] push: pushing branch=ticket/T108-t108-multi-project-onboarding-and-project-registry
[2026-05-17T23:30:53Z] push: done branch=ticket/T108-t108-multi-project-onboarding-and-project-registry
[2026-05-17T23:31:28Z] commit-checkpoint: skipped missing scope paths: package.json, package-lock.json
[2026-05-17T23:31:28Z] commit-checkpoint: refused — nothing to commit in runs/
[2026-05-17T23:31:28Z] push: pushing branch=ticket/T108-t108-multi-project-onboarding-and-project-registry
[2026-05-17T23:31:29Z] push: done branch=ticket/T108-t108-multi-project-onboarding-and-project-registry
[2026-05-17T23:32:04Z] commit-checkpoint: skipped missing scope paths: package.json, package-lock.json
[2026-05-17T23:32:04Z] commit-checkpoint: refused — nothing to commit in runs/
[2026-05-17T23:32:04Z] push: pushing branch=ticket/T108-t108-multi-project-onboarding-and-project-registry
[2026-05-17T23:32:05Z] push: done branch=ticket/T108-t108-multi-project-onboarding-and-project-registry
[2026-05-17T23:32:39Z] commit-checkpoint: skipped missing scope paths: package.json, package-lock.json
[2026-05-17T23:32:39Z] commit-checkpoint: refused — nothing to commit in runs/
[2026-05-17T23:32:39Z] push: pushing branch=ticket/T108-t108-multi-project-onboarding-and-project-registry
[2026-05-17T23:32:41Z] push: done branch=ticket/T108-t108-multi-project-onboarding-and-project-registry
[2026-05-17T23:33:15Z] commit-checkpoint: skipped missing scope paths: package.json, package-lock.json
[2026-05-17T23:33:15Z] commit-checkpoint: refused — nothing to commit in runs/
[2026-05-17T23:33:16Z] push: pushing branch=ticket/T108-t108-multi-project-onboarding-and-project-registry
[2026-05-17T23:33:17Z] push: done branch=ticket/T108-t108-multi-project-onboarding-and-project-registry
[2026-05-17T23:33:51Z] commit-checkpoint: skipped missing scope paths: package.json, package-lock.json
[2026-05-17T23:33:51Z] commit-checkpoint: refused — nothing to commit in runs/
[2026-05-17T23:33:51Z] push: pushing branch=ticket/T108-t108-multi-project-onboarding-and-project-registry
[2026-05-17T23:33:53Z] push: done branch=ticket/T108-t108-multi-project-onboarding-and-project-registry
[2026-05-17T23:34:27Z] commit-checkpoint: skipped missing scope paths: package.json, package-lock.json
[2026-05-17T23:34:27Z] commit-checkpoint: refused — nothing to commit in runs/
[2026-05-17T23:34:28Z] push: pushing branch=ticket/T108-t108-multi-project-onboarding-and-project-registry
[2026-05-17T23:34:29Z] push: done branch=ticket/T108-t108-multi-project-onboarding-and-project-registry
[2026-05-17T23:35:03Z] commit-checkpoint: skipped missing scope paths: package.json, package-lock.json
[2026-05-17T23:35:04Z] commit-checkpoint: refused — nothing to commit in runs/
[2026-05-17T23:35:04Z] push: pushing branch=ticket/T108-t108-multi-project-onboarding-and-project-registry
[2026-05-17T23:35:05Z] push: done branch=ticket/T108-t108-multi-project-onboarding-and-project-registry
[2026-05-17T23:35:40Z] commit-checkpoint: skipped missing scope paths: package.json, package-lock.json
[2026-05-17T23:35:40Z] commit-checkpoint: refused — nothing to commit in runs/
[2026-05-17T23:35:40Z] push: pushing branch=ticket/T108-t108-multi-project-onboarding-and-project-registry
[2026-05-17T23:35:41Z] push: done branch=ticket/T108-t108-multi-project-onboarding-and-project-registry
[2026-05-17T23:36:16Z] commit-checkpoint: skipped missing scope paths: package.json, package-lock.json
[2026-05-17T23:36:16Z] commit-checkpoint: refused — nothing to commit in runs/
[2026-05-17T23:36:16Z] push: pushing branch=ticket/T108-t108-multi-project-onboarding-and-project-registry
[2026-05-17T23:36:17Z] push: done branch=ticket/T108-t108-multi-project-onboarding-and-project-registry
[2026-05-17T23:36:51Z] commit-checkpoint: skipped missing scope paths: package.json, package-lock.json
[2026-05-17T23:36:51Z] commit-checkpoint: refused — nothing to commit in runs/
[2026-05-17T23:36:52Z] push: pushing branch=ticket/T108-t108-multi-project-onboarding-and-project-registry
[2026-05-17T23:36:53Z] push: done branch=ticket/T108-t108-multi-project-onboarding-and-project-registry
[2026-05-17T23:37:28Z] commit-checkpoint: skipped missing scope paths: package.json, package-lock.json
[2026-05-17T23:37:28Z] commit-checkpoint: refused — nothing to commit in runs/
[2026-05-17T23:37:28Z] push: pushing branch=ticket/T108-t108-multi-project-onboarding-and-project-registry
[2026-05-17T23:37:29Z] push: done branch=ticket/T108-t108-multi-project-onboarding-and-project-registry
[2026-05-17T23:38:04Z] commit-checkpoint: skipped missing scope paths: package.json, package-lock.json
[2026-05-17T23:38:04Z] commit-checkpoint: refused — nothing to commit in runs/
[2026-05-17T23:38:04Z] push: pushing branch=ticket/T108-t108-multi-project-onboarding-and-project-registry
[2026-05-17T23:38:05Z] push: done branch=ticket/T108-t108-multi-project-onboarding-and-project-registry
[2026-05-17T23:38:39Z] commit-checkpoint: skipped missing scope paths: package.json, package-lock.json
[2026-05-17T23:38:39Z] commit-checkpoint: refused — nothing to commit in runs/
[2026-05-17T23:38:40Z] push: pushing branch=ticket/T108-t108-multi-project-onboarding-and-project-registry
[2026-05-17T23:38:41Z] push: done branch=ticket/T108-t108-multi-project-onboarding-and-project-registry
[2026-05-17T23:39:16Z] commit-checkpoint: skipped missing scope paths: package.json, package-lock.json
[2026-05-17T23:39:16Z] commit-checkpoint: refused — nothing to commit in runs/
[2026-05-17T23:39:16Z] push: pushing branch=ticket/T108-t108-multi-project-onboarding-and-project-registry
[2026-05-17T23:39:17Z] push: done branch=ticket/T108-t108-multi-project-onboarding-and-project-registry
[2026-05-17T23:39:52Z] commit-checkpoint: skipped missing scope paths: package.json, package-lock.json
[2026-05-17T23:39:52Z] commit-checkpoint: refused — nothing to commit in runs/
[2026-05-17T23:39:52Z] push: pushing branch=ticket/T108-t108-multi-project-onboarding-and-project-registry
[2026-05-17T23:39:53Z] push: done branch=ticket/T108-t108-multi-project-onboarding-and-project-registry
[2026-05-17T23:40:28Z] commit-checkpoint: skipped missing scope paths: package.json, package-lock.json
[2026-05-17T23:40:28Z] commit-checkpoint: refused — nothing to commit in runs/
[2026-05-17T23:40:28Z] push: pushing branch=ticket/T108-t108-multi-project-onboarding-and-project-registry
[2026-05-17T23:40:29Z] push: done branch=ticket/T108-t108-multi-project-onboarding-and-project-registry
[2026-05-17T23:41:04Z] commit-checkpoint: skipped missing scope paths: package.json, package-lock.json
[2026-05-17T23:41:04Z] commit-checkpoint: refused — nothing to commit in runs/
[2026-05-17T23:41:04Z] push: pushing branch=ticket/T108-t108-multi-project-onboarding-and-project-registry
[2026-05-17T23:41:06Z] push: done branch=ticket/T108-t108-multi-project-onboarding-and-project-registry
[2026-05-17T23:41:40Z] commit-checkpoint: skipped missing scope paths: package.json, package-lock.json
[2026-05-17T23:41:40Z] commit-checkpoint: refused — nothing to commit in runs/
[2026-05-17T23:41:40Z] push: pushing branch=ticket/T108-t108-multi-project-onboarding-and-project-registry
[2026-05-17T23:41:42Z] push: done branch=ticket/T108-t108-multi-project-onboarding-and-project-registry
[2026-05-17T23:42:16Z] commit-checkpoint: skipped missing scope paths: package.json, package-lock.json
[2026-05-17T23:42:16Z] commit-checkpoint: refused — nothing to commit in runs/
[2026-05-17T23:42:16Z] push: pushing branch=ticket/T108-t108-multi-project-onboarding-and-project-registry
[2026-05-17T23:42:18Z] push: done branch=ticket/T108-t108-multi-project-onboarding-and-project-registry
[2026-05-17T23:42:52Z] commit-checkpoint: skipped missing scope paths: package.json, package-lock.json
[2026-05-17T23:42:52Z] commit-checkpoint: refused — nothing to commit in runs/
[2026-05-17T23:42:52Z] push: pushing branch=ticket/T108-t108-multi-project-onboarding-and-project-registry
[2026-05-17T23:42:54Z] push: done branch=ticket/T108-t108-multi-project-onboarding-and-project-registry
[2026-05-17T23:43:28Z] commit-checkpoint: skipped missing scope paths: package.json, package-lock.json
[2026-05-17T23:43:28Z] commit-checkpoint: refused — nothing to commit in runs/
[2026-05-17T23:43:28Z] push: pushing branch=ticket/T108-t108-multi-project-onboarding-and-project-registry
[2026-05-17T23:43:30Z] push: done branch=ticket/T108-t108-multi-project-onboarding-and-project-registry
[2026-05-17T23:44:04Z] commit-checkpoint: skipped missing scope paths: package.json, package-lock.json
[2026-05-17T23:44:04Z] commit-checkpoint: refused — nothing to commit in runs/
[2026-05-17T23:44:04Z] push: pushing branch=ticket/T108-t108-multi-project-onboarding-and-project-registry
[2026-05-17T23:44:06Z] push: done branch=ticket/T108-t108-multi-project-onboarding-and-project-registry
[2026-05-17T23:44:40Z] commit-checkpoint: skipped missing scope paths: package.json, package-lock.json
[2026-05-17T23:44:40Z] commit-checkpoint: refused — nothing to commit in runs/
[2026-05-17T23:44:40Z] push: pushing branch=ticket/T108-t108-multi-project-onboarding-and-project-registry
[2026-05-17T23:44:42Z] push: done branch=ticket/T108-t108-multi-project-onboarding-and-project-registry
[2026-05-17T23:45:16Z] commit-checkpoint: skipped missing scope paths: package.json, package-lock.json
[2026-05-17T23:45:16Z] commit-checkpoint: refused — nothing to commit in runs/
[2026-05-17T23:45:16Z] push: pushing branch=ticket/T108-t108-multi-project-onboarding-and-project-registry
[2026-05-17T23:45:18Z] push: done branch=ticket/T108-t108-multi-project-onboarding-and-project-registry
[2026-05-17T23:45:52Z] commit-checkpoint: skipped missing scope paths: package.json, package-lock.json
[2026-05-17T23:45:52Z] commit-checkpoint: refused — nothing to commit in runs/
[2026-05-17T23:45:52Z] push: pushing branch=ticket/T108-t108-multi-project-onboarding-and-project-registry
[2026-05-17T23:45:54Z] push: done branch=ticket/T108-t108-multi-project-onboarding-and-project-registry
[2026-05-17T23:46:28Z] commit-checkpoint: skipped missing scope paths: package.json, package-lock.json
[2026-05-17T23:46:28Z] commit-checkpoint: refused — nothing to commit in runs/
[2026-05-17T23:46:28Z] push: pushing branch=ticket/T108-t108-multi-project-onboarding-and-project-registry
[2026-05-17T23:46:30Z] push: done branch=ticket/T108-t108-multi-project-onboarding-and-project-registry
[2026-05-17T23:47:04Z] commit-checkpoint: skipped missing scope paths: package.json, package-lock.json
[2026-05-17T23:47:04Z] commit-checkpoint: refused — nothing to commit in runs/
[2026-05-17T23:47:04Z] push: pushing branch=ticket/T108-t108-multi-project-onboarding-and-project-registry
[2026-05-17T23:47:06Z] push: done branch=ticket/T108-t108-multi-project-onboarding-and-project-registry
[2026-05-17T23:47:40Z] commit-checkpoint: skipped missing scope paths: package.json, package-lock.json
[2026-05-17T23:47:40Z] commit-checkpoint: refused — nothing to commit in runs/
[2026-05-17T23:47:40Z] push: pushing branch=ticket/T108-t108-multi-project-onboarding-and-project-registry
[2026-05-17T23:47:42Z] push: done branch=ticket/T108-t108-multi-project-onboarding-and-project-registry
[2026-05-17T23:48:16Z] commit-checkpoint: skipped missing scope paths: package.json, package-lock.json
[2026-05-17T23:48:16Z] commit-checkpoint: refused — nothing to commit in runs/
[2026-05-17T23:48:16Z] push: pushing branch=ticket/T108-t108-multi-project-onboarding-and-project-registry
[2026-05-17T23:48:18Z] push: done branch=ticket/T108-t108-multi-project-onboarding-and-project-registry
[2026-05-17T23:48:53Z] commit-checkpoint: skipped missing scope paths: package.json, package-lock.json
[2026-05-17T23:48:53Z] commit-checkpoint: refused — nothing to commit in runs/
[2026-05-17T23:48:53Z] push: pushing branch=ticket/T108-t108-multi-project-onboarding-and-project-registry
[2026-05-17T23:48:54Z] push: done branch=ticket/T108-t108-multi-project-onboarding-and-project-registry
[2026-05-17T23:49:29Z] commit-checkpoint: skipped missing scope paths: package.json, package-lock.json
[2026-05-17T23:49:29Z] commit-checkpoint: refused — nothing to commit in runs/
[2026-05-17T23:49:29Z] push: pushing branch=ticket/T108-t108-multi-project-onboarding-and-project-registry
[2026-05-17T23:49:30Z] push: done branch=ticket/T108-t108-multi-project-onboarding-and-project-registry
[2026-05-17T23:50:05Z] commit-checkpoint: skipped missing scope paths: package.json, package-lock.json
[2026-05-17T23:50:05Z] commit-checkpoint: refused — nothing to commit in runs/
[2026-05-17T23:50:05Z] push: pushing branch=ticket/T108-t108-multi-project-onboarding-and-project-registry
[2026-05-17T23:50:06Z] push: done branch=ticket/T108-t108-multi-project-onboarding-and-project-registry
[2026-05-17T23:50:41Z] commit-checkpoint: skipped missing scope paths: package.json, package-lock.json
[2026-05-17T23:50:41Z] commit-checkpoint: refused — nothing to commit in runs/
[2026-05-17T23:50:41Z] push: pushing branch=ticket/T108-t108-multi-project-onboarding-and-project-registry
[2026-05-17T23:50:42Z] push: done branch=ticket/T108-t108-multi-project-onboarding-and-project-registry
[2026-05-17T23:51:17Z] commit-checkpoint: skipped missing scope paths: package.json, package-lock.json
[2026-05-17T23:51:17Z] commit-checkpoint: refused — nothing to commit in runs/
[2026-05-17T23:51:17Z] push: pushing branch=ticket/T108-t108-multi-project-onboarding-and-project-registry
[2026-05-17T23:51:18Z] push: done branch=ticket/T108-t108-multi-project-onboarding-and-project-registry
[2026-05-17T23:51:53Z] commit-checkpoint: skipped missing scope paths: package.json, package-lock.json
[2026-05-17T23:51:53Z] commit-checkpoint: refused — nothing to commit in runs/
[2026-05-17T23:51:53Z] push: pushing branch=ticket/T108-t108-multi-project-onboarding-and-project-registry
[2026-05-17T23:51:54Z] push: done branch=ticket/T108-t108-multi-project-onboarding-and-project-registry
[2026-05-17T23:52:29Z] commit-checkpoint: skipped missing scope paths: package.json, package-lock.json
[2026-05-17T23:52:29Z] commit-checkpoint: refused — nothing to commit in runs/
[2026-05-17T23:52:29Z] push: pushing branch=ticket/T108-t108-multi-project-onboarding-and-project-registry
[2026-05-17T23:52:30Z] push: done branch=ticket/T108-t108-multi-project-onboarding-and-project-registry
[2026-05-17T23:53:05Z] commit-checkpoint: skipped missing scope paths: package.json, package-lock.json
[2026-05-17T23:53:05Z] commit-checkpoint: refused — nothing to commit in runs/
[2026-05-17T23:53:05Z] push: pushing branch=ticket/T108-t108-multi-project-onboarding-and-project-registry
[2026-05-17T23:53:06Z] push: done branch=ticket/T108-t108-multi-project-onboarding-and-project-registry
[2026-05-17T23:53:41Z] commit-checkpoint: skipped missing scope paths: package.json, package-lock.json
[2026-05-17T23:53:41Z] commit-checkpoint: refused — nothing to commit in runs/
[2026-05-17T23:53:41Z] push: pushing branch=ticket/T108-t108-multi-project-onboarding-and-project-registry
[2026-05-17T23:53:42Z] push: done branch=ticket/T108-t108-multi-project-onboarding-and-project-registry
[2026-05-17T23:54:17Z] commit-checkpoint: skipped missing scope paths: package.json, package-lock.json
[2026-05-17T23:54:17Z] commit-checkpoint: refused — nothing to commit in runs/
[2026-05-17T23:54:17Z] push: pushing branch=ticket/T108-t108-multi-project-onboarding-and-project-registry
[2026-05-17T23:54:19Z] push: done branch=ticket/T108-t108-multi-project-onboarding-and-project-registry
[2026-05-17T23:54:53Z] commit-checkpoint: skipped missing scope paths: package.json, package-lock.json
[2026-05-17T23:54:53Z] commit-checkpoint: refused — nothing to commit in runs/
[2026-05-17T23:54:53Z] push: pushing branch=ticket/T108-t108-multi-project-onboarding-and-project-registry
[2026-05-17T23:54:55Z] push: done branch=ticket/T108-t108-multi-project-onboarding-and-project-registry
[2026-05-17T23:55:29Z] commit-checkpoint: skipped missing scope paths: package.json, package-lock.json
[2026-05-17T23:55:29Z] commit-checkpoint: refused — nothing to commit in runs/
[2026-05-17T23:55:29Z] push: pushing branch=ticket/T108-t108-multi-project-onboarding-and-project-registry
[2026-05-17T23:55:31Z] push: done branch=ticket/T108-t108-multi-project-onboarding-and-project-registry
[2026-05-17T23:56:05Z] commit-checkpoint: skipped missing scope paths: package.json, package-lock.json
[2026-05-17T23:56:05Z] commit-checkpoint: refused — nothing to commit in runs/
[2026-05-17T23:56:05Z] push: pushing branch=ticket/T108-t108-multi-project-onboarding-and-project-registry
[2026-05-17T23:56:07Z] push: done branch=ticket/T108-t108-multi-project-onboarding-and-project-registry
[2026-05-17T23:56:41Z] commit-checkpoint: skipped missing scope paths: package.json, package-lock.json
[2026-05-17T23:56:41Z] commit-checkpoint: refused — nothing to commit in runs/
[2026-05-17T23:56:41Z] push: pushing branch=ticket/T108-t108-multi-project-onboarding-and-project-registry
[2026-05-17T23:56:43Z] push: done branch=ticket/T108-t108-multi-project-onboarding-and-project-registry
[2026-05-17T23:57:17Z] commit-checkpoint: skipped missing scope paths: package.json, package-lock.json
[2026-05-17T23:57:17Z] commit-checkpoint: refused — nothing to commit in runs/
[2026-05-17T23:57:17Z] push: pushing branch=ticket/T108-t108-multi-project-onboarding-and-project-registry
[2026-05-17T23:57:19Z] push: done branch=ticket/T108-t108-multi-project-onboarding-and-project-registry
[2026-05-17T23:57:53Z] commit-checkpoint: skipped missing scope paths: package.json, package-lock.json
[2026-05-17T23:57:53Z] commit-checkpoint: refused — nothing to commit in runs/
[2026-05-17T23:57:53Z] push: pushing branch=ticket/T108-t108-multi-project-onboarding-and-project-registry
[2026-05-17T23:57:55Z] push: done branch=ticket/T108-t108-multi-project-onboarding-and-project-registry
[2026-05-17T23:58:29Z] commit-checkpoint: skipped missing scope paths: package.json, package-lock.json
[2026-05-17T23:58:29Z] commit-checkpoint: refused — nothing to commit in runs/
[2026-05-17T23:58:29Z] push: pushing branch=ticket/T108-t108-multi-project-onboarding-and-project-registry
[2026-05-17T23:58:31Z] push: done branch=ticket/T108-t108-multi-project-onboarding-and-project-registry
[2026-05-17T23:59:06Z] commit-checkpoint: skipped missing scope paths: package.json, package-lock.json
[2026-05-17T23:59:06Z] commit-checkpoint: refused — nothing to commit in runs/
[2026-05-17T23:59:06Z] push: pushing branch=ticket/T108-t108-multi-project-onboarding-and-project-registry
[2026-05-17T23:59:07Z] push: done branch=ticket/T108-t108-multi-project-onboarding-and-project-registry
[2026-05-17T23:59:42Z] commit-checkpoint: skipped missing scope paths: package.json, package-lock.json
[2026-05-17T23:59:42Z] commit-checkpoint: refused — nothing to commit in runs/
[2026-05-17T23:59:42Z] push: pushing branch=ticket/T108-t108-multi-project-onboarding-and-project-registry
[2026-05-17T23:59:44Z] push: done branch=ticket/T108-t108-multi-project-onboarding-and-project-registry
[2026-05-18T00:00:18Z] commit-checkpoint: skipped missing scope paths: package.json, package-lock.json
[2026-05-18T00:00:18Z] commit-checkpoint: refused — nothing to commit in runs/
[2026-05-18T00:00:18Z] push: pushing branch=ticket/T108-t108-multi-project-onboarding-and-project-registry
[2026-05-18T00:00:20Z] push: done branch=ticket/T108-t108-multi-project-onboarding-and-project-registry
[2026-05-18T00:00:54Z] commit-checkpoint: skipped missing scope paths: package.json, package-lock.json
[2026-05-18T00:00:54Z] commit-checkpoint: refused — nothing to commit in runs/
[2026-05-18T00:00:54Z] push: pushing branch=ticket/T108-t108-multi-project-onboarding-and-project-registry
[2026-05-18T00:00:56Z] push: done branch=ticket/T108-t108-multi-project-onboarding-and-project-registry
[2026-05-18T00:01:30Z] commit-checkpoint: skipped missing scope paths: package.json, package-lock.json
[2026-05-18T00:01:30Z] commit-checkpoint: refused — nothing to commit in runs/
[2026-05-18T00:01:30Z] push: pushing branch=ticket/T108-t108-multi-project-onboarding-and-project-registry
[2026-05-18T00:01:32Z] push: done branch=ticket/T108-t108-multi-project-onboarding-and-project-registry
[2026-05-18T00:02:06Z] commit-checkpoint: skipped missing scope paths: package.json, package-lock.json
[2026-05-18T00:02:06Z] commit-checkpoint: refused — nothing to commit in runs/
[2026-05-18T00:02:06Z] push: pushing branch=ticket/T108-t108-multi-project-onboarding-and-project-registry
[2026-05-18T00:02:08Z] push: done branch=ticket/T108-t108-multi-project-onboarding-and-project-registry
[2026-05-18T00:02:43Z] commit-checkpoint: skipped missing scope paths: package.json, package-lock.json
[2026-05-18T00:02:43Z] commit-checkpoint: refused — nothing to commit in runs/
[2026-05-18T00:02:43Z] push: pushing branch=ticket/T108-t108-multi-project-onboarding-and-project-registry
[2026-05-18T00:02:44Z] push: done branch=ticket/T108-t108-multi-project-onboarding-and-project-registry
[2026-05-18T00:03:18Z] commit-checkpoint: skipped missing scope paths: package.json, package-lock.json
[2026-05-18T00:03:18Z] commit-checkpoint: refused — nothing to commit in runs/
[2026-05-18T00:03:19Z] push: pushing branch=ticket/T108-t108-multi-project-onboarding-and-project-registry
[2026-05-18T00:03:20Z] push: done branch=ticket/T108-t108-multi-project-onboarding-and-project-registry
[2026-05-18T00:03:54Z] commit-checkpoint: skipped missing scope paths: package.json, package-lock.json
[2026-05-18T00:03:54Z] commit-checkpoint: refused — nothing to commit in runs/
[2026-05-18T00:03:54Z] push: pushing branch=ticket/T108-t108-multi-project-onboarding-and-project-registry
[2026-05-18T00:03:56Z] push: done branch=ticket/T108-t108-multi-project-onboarding-and-project-registry
[2026-05-18T00:04:30Z] commit-checkpoint: skipped missing scope paths: package.json, package-lock.json
[2026-05-18T00:04:30Z] commit-checkpoint: refused — nothing to commit in runs/
[2026-05-18T00:04:30Z] push: pushing branch=ticket/T108-t108-multi-project-onboarding-and-project-registry
[2026-05-18T00:04:32Z] push: done branch=ticket/T108-t108-multi-project-onboarding-and-project-registry
[2026-05-18T00:05:07Z] commit-checkpoint: skipped missing scope paths: package.json, package-lock.json
[2026-05-18T00:05:07Z] commit-checkpoint: refused — nothing to commit in runs/
[2026-05-18T00:05:07Z] push: pushing branch=ticket/T108-t108-multi-project-onboarding-and-project-registry
[2026-05-18T00:05:08Z] push: done branch=ticket/T108-t108-multi-project-onboarding-and-project-registry
[2026-05-18T00:05:43Z] commit-checkpoint: skipped missing scope paths: package.json, package-lock.json
[2026-05-18T00:05:43Z] commit-checkpoint: refused — nothing to commit in runs/
[2026-05-18T00:05:43Z] push: pushing branch=ticket/T108-t108-multi-project-onboarding-and-project-registry
[2026-05-18T00:05:45Z] push: done branch=ticket/T108-t108-multi-project-onboarding-and-project-registry
[2026-05-18T00:06:19Z] commit-checkpoint: skipped missing scope paths: package.json, package-lock.json
[2026-05-18T00:06:19Z] commit-checkpoint: refused — nothing to commit in runs/
[2026-05-18T00:06:19Z] push: pushing branch=ticket/T108-t108-multi-project-onboarding-and-project-registry
[2026-05-18T00:06:21Z] push: done branch=ticket/T108-t108-multi-project-onboarding-and-project-registry
[2026-05-18T00:06:55Z] commit-checkpoint: skipped missing scope paths: package.json, package-lock.json
[2026-05-18T00:06:55Z] commit-checkpoint: refused — nothing to commit in runs/
[2026-05-18T00:06:55Z] push: pushing branch=ticket/T108-t108-multi-project-onboarding-and-project-registry
[2026-05-18T00:06:57Z] push: done branch=ticket/T108-t108-multi-project-onboarding-and-project-registry
[2026-05-18T00:07:31Z] commit-checkpoint: skipped missing scope paths: package.json, package-lock.json
[2026-05-18T00:07:31Z] commit-checkpoint: refused — nothing to commit in runs/
[2026-05-18T00:07:32Z] push: pushing branch=ticket/T108-t108-multi-project-onboarding-and-project-registry
[2026-05-18T00:07:33Z] push: done branch=ticket/T108-t108-multi-project-onboarding-and-project-registry
[2026-05-18T00:08:08Z] commit-checkpoint: skipped missing scope paths: package.json, package-lock.json
[2026-05-18T00:08:08Z] commit-checkpoint: refused — nothing to commit in runs/
[2026-05-18T00:08:08Z] push: pushing branch=ticket/T108-t108-multi-project-onboarding-and-project-registry
[2026-05-18T00:08:09Z] push: done branch=ticket/T108-t108-multi-project-onboarding-and-project-registry
[2026-05-18T00:08:44Z] commit-checkpoint: skipped missing scope paths: package.json, package-lock.json
[2026-05-18T00:08:44Z] commit-checkpoint: refused — nothing to commit in runs/
[2026-05-18T00:08:44Z] push: pushing branch=ticket/T108-t108-multi-project-onboarding-and-project-registry
[2026-05-18T00:08:45Z] push: done branch=ticket/T108-t108-multi-project-onboarding-and-project-registry
[2026-05-18T00:09:20Z] commit-checkpoint: skipped missing scope paths: package.json, package-lock.json
[2026-05-18T00:09:20Z] commit-checkpoint: refused — nothing to commit in runs/
[2026-05-18T00:09:20Z] push: pushing branch=ticket/T108-t108-multi-project-onboarding-and-project-registry
[2026-05-18T00:09:22Z] push: done branch=ticket/T108-t108-multi-project-onboarding-and-project-registry
[2026-05-18T00:09:56Z] commit-checkpoint: skipped missing scope paths: package.json, package-lock.json
[2026-05-18T00:09:56Z] commit-checkpoint: refused — nothing to commit in runs/
[2026-05-18T00:09:56Z] push: pushing branch=ticket/T108-t108-multi-project-onboarding-and-project-registry
[2026-05-18T00:09:58Z] push: done branch=ticket/T108-t108-multi-project-onboarding-and-project-registry
[2026-05-18T00:10:32Z] commit-checkpoint: skipped missing scope paths: package.json, package-lock.json
[2026-05-18T00:10:32Z] commit-checkpoint: refused — nothing to commit in runs/
[2026-05-18T00:10:32Z] push: pushing branch=ticket/T108-t108-multi-project-onboarding-and-project-registry
[2026-05-18T00:10:34Z] push: done branch=ticket/T108-t108-multi-project-onboarding-and-project-registry
[2026-05-18T00:11:08Z] commit-checkpoint: skipped missing scope paths: package.json, package-lock.json
[2026-05-18T00:11:08Z] commit-checkpoint: refused — nothing to commit in runs/
[2026-05-18T00:11:08Z] push: pushing branch=ticket/T108-t108-multi-project-onboarding-and-project-registry
[2026-05-18T00:11:10Z] push: done branch=ticket/T108-t108-multi-project-onboarding-and-project-registry
[2026-05-18T00:11:45Z] commit-checkpoint: skipped missing scope paths: package.json, package-lock.json
[2026-05-18T00:11:45Z] commit-checkpoint: refused — nothing to commit in runs/
[2026-05-18T00:11:45Z] push: pushing branch=ticket/T108-t108-multi-project-onboarding-and-project-registry
[2026-05-18T00:11:46Z] push: done branch=ticket/T108-t108-multi-project-onboarding-and-project-registry
[2026-05-18T00:12:21Z] commit-checkpoint: skipped missing scope paths: package.json, package-lock.json
[2026-05-18T00:12:21Z] commit-checkpoint: refused — nothing to commit in runs/
[2026-05-18T00:12:21Z] push: pushing branch=ticket/T108-t108-multi-project-onboarding-and-project-registry
[2026-05-18T00:12:23Z] push: done branch=ticket/T108-t108-multi-project-onboarding-and-project-registry
[2026-05-18T00:12:57Z] commit-checkpoint: skipped missing scope paths: package.json, package-lock.json
[2026-05-18T00:12:57Z] commit-checkpoint: refused — nothing to commit in runs/
[2026-05-18T00:12:57Z] push: pushing branch=ticket/T108-t108-multi-project-onboarding-and-project-registry
[2026-05-18T00:12:59Z] push: done branch=ticket/T108-t108-multi-project-onboarding-and-project-registry
[2026-05-18T00:13:33Z] commit-checkpoint: skipped missing scope paths: package.json, package-lock.json
[2026-05-18T00:13:33Z] commit-checkpoint: refused — nothing to commit in runs/
[2026-05-18T00:13:33Z] push: pushing branch=ticket/T108-t108-multi-project-onboarding-and-project-registry
[2026-05-18T00:13:35Z] push: done branch=ticket/T108-t108-multi-project-onboarding-and-project-registry
[2026-05-18T00:14:09Z] commit-checkpoint: skipped missing scope paths: package.json, package-lock.json
[2026-05-18T00:14:09Z] commit-checkpoint: refused — nothing to commit in runs/
[2026-05-18T00:14:09Z] push: pushing branch=ticket/T108-t108-multi-project-onboarding-and-project-registry
[2026-05-18T00:14:11Z] push: done branch=ticket/T108-t108-multi-project-onboarding-and-project-registry
[2026-05-18T00:14:45Z] commit-checkpoint: skipped missing scope paths: package.json, package-lock.json
[2026-05-18T00:14:45Z] commit-checkpoint: refused — nothing to commit in runs/
[2026-05-18T00:14:45Z] push: pushing branch=ticket/T108-t108-multi-project-onboarding-and-project-registry
[2026-05-18T00:14:47Z] push: done branch=ticket/T108-t108-multi-project-onboarding-and-project-registry
[2026-05-18T00:15:22Z] commit-checkpoint: skipped missing scope paths: package.json, package-lock.json
[2026-05-18T00:15:22Z] commit-checkpoint: refused — nothing to commit in runs/
[2026-05-18T00:15:22Z] push: pushing branch=ticket/T108-t108-multi-project-onboarding-and-project-registry
[2026-05-18T00:15:23Z] push: done branch=ticket/T108-t108-multi-project-onboarding-and-project-registry
[2026-05-18T00:15:58Z] commit-checkpoint: skipped missing scope paths: package.json, package-lock.json
[2026-05-18T00:15:58Z] commit-checkpoint: refused — nothing to commit in runs/
[2026-05-18T00:15:58Z] push: pushing branch=ticket/T108-t108-multi-project-onboarding-and-project-registry
[2026-05-18T00:15:59Z] push: done branch=ticket/T108-t108-multi-project-onboarding-and-project-registry
[2026-05-18T00:16:34Z] commit-checkpoint: skipped missing scope paths: package.json, package-lock.json
[2026-05-18T00:16:34Z] commit-checkpoint: refused — nothing to commit in runs/
[2026-05-18T00:16:34Z] push: pushing branch=ticket/T108-t108-multi-project-onboarding-and-project-registry
[2026-05-18T00:16:35Z] push: done branch=ticket/T108-t108-multi-project-onboarding-and-project-registry
[2026-05-18T00:17:10Z] commit-checkpoint: skipped missing scope paths: package.json, package-lock.json
[2026-05-18T00:17:10Z] commit-checkpoint: refused — nothing to commit in runs/
[2026-05-18T00:17:10Z] push: pushing branch=ticket/T108-t108-multi-project-onboarding-and-project-registry
[2026-05-18T00:17:11Z] push: done branch=ticket/T108-t108-multi-project-onboarding-and-project-registry
[2026-05-18T00:17:46Z] commit-checkpoint: skipped missing scope paths: package.json, package-lock.json
[2026-05-18T00:17:46Z] commit-checkpoint: refused — nothing to commit in runs/
[2026-05-18T00:17:46Z] push: pushing branch=ticket/T108-t108-multi-project-onboarding-and-project-registry
[2026-05-18T00:17:47Z] push: done branch=ticket/T108-t108-multi-project-onboarding-and-project-registry
[2026-05-18T00:18:22Z] commit-checkpoint: skipped missing scope paths: package.json, package-lock.json
[2026-05-18T00:18:22Z] commit-checkpoint: refused — nothing to commit in runs/
[2026-05-18T00:18:22Z] push: pushing branch=ticket/T108-t108-multi-project-onboarding-and-project-registry
[2026-05-18T00:18:24Z] push: done branch=ticket/T108-t108-multi-project-onboarding-and-project-registry
[2026-05-18T00:18:58Z] commit-checkpoint: skipped missing scope paths: package.json, package-lock.json
[2026-05-18T00:18:58Z] commit-checkpoint: refused — nothing to commit in runs/
[2026-05-18T00:18:58Z] push: pushing branch=ticket/T108-t108-multi-project-onboarding-and-project-registry
[2026-05-18T00:19:00Z] push: done branch=ticket/T108-t108-multi-project-onboarding-and-project-registry
[2026-05-18T00:19:35Z] commit-checkpoint: skipped missing scope paths: package.json, package-lock.json
[2026-05-18T00:19:35Z] commit-checkpoint: refused — nothing to commit in runs/
[2026-05-18T00:19:35Z] push: pushing branch=ticket/T108-t108-multi-project-onboarding-and-project-registry
[2026-05-18T00:19:36Z] push: done branch=ticket/T108-t108-multi-project-onboarding-and-project-registry
[2026-05-18T00:20:10Z] commit-checkpoint: skipped missing scope paths: package.json, package-lock.json
[2026-05-18T00:20:10Z] commit-checkpoint: refused — nothing to commit in runs/
[2026-05-18T00:20:11Z] push: pushing branch=ticket/T108-t108-multi-project-onboarding-and-project-registry
[2026-05-18T00:20:12Z] push: done branch=ticket/T108-t108-multi-project-onboarding-and-project-registry
[2026-05-18T00:20:46Z] commit-checkpoint: skipped missing scope paths: package.json, package-lock.json
[2026-05-18T00:20:46Z] commit-checkpoint: refused — nothing to commit in runs/
[2026-05-18T00:20:47Z] push: pushing branch=ticket/T108-t108-multi-project-onboarding-and-project-registry
[2026-05-18T00:20:48Z] push: done branch=ticket/T108-t108-multi-project-onboarding-and-project-registry
[2026-05-18T00:21:22Z] commit-checkpoint: skipped missing scope paths: package.json, package-lock.json
[2026-05-18T00:21:23Z] commit-checkpoint: refused — nothing to commit in runs/
[2026-05-18T00:21:23Z] push: pushing branch=ticket/T108-t108-multi-project-onboarding-and-project-registry
[2026-05-18T00:21:24Z] push: done branch=ticket/T108-t108-multi-project-onboarding-and-project-registry
[2026-05-18T00:21:59Z] commit-checkpoint: skipped missing scope paths: package.json, package-lock.json
[2026-05-18T00:21:59Z] commit-checkpoint: refused — nothing to commit in runs/
[2026-05-18T00:21:59Z] push: pushing branch=ticket/T108-t108-multi-project-onboarding-and-project-registry
[2026-05-18T00:22:00Z] push: done branch=ticket/T108-t108-multi-project-onboarding-and-project-registry
[2026-05-18T00:22:35Z] commit-checkpoint: skipped missing scope paths: package.json, package-lock.json
[2026-05-18T00:22:35Z] commit-checkpoint: refused — nothing to commit in runs/
[2026-05-18T00:22:35Z] push: pushing branch=ticket/T108-t108-multi-project-onboarding-and-project-registry
[2026-05-18T00:22:36Z] push: done branch=ticket/T108-t108-multi-project-onboarding-and-project-registry
[2026-05-18T00:23:11Z] commit-checkpoint: skipped missing scope paths: package.json, package-lock.json
[2026-05-18T00:23:11Z] commit-checkpoint: refused — nothing to commit in runs/
[2026-05-18T00:23:11Z] push: pushing branch=ticket/T108-t108-multi-project-onboarding-and-project-registry
[2026-05-18T00:23:12Z] push: done branch=ticket/T108-t108-multi-project-onboarding-and-project-registry
[2026-05-18T00:23:47Z] commit-checkpoint: skipped missing scope paths: package.json, package-lock.json
[2026-05-18T00:23:47Z] commit-checkpoint: refused — nothing to commit in runs/
[2026-05-18T00:23:47Z] push: pushing branch=ticket/T108-t108-multi-project-onboarding-and-project-registry
[2026-05-18T00:23:49Z] push: done branch=ticket/T108-t108-multi-project-onboarding-and-project-registry
[2026-05-18T00:24:23Z] commit-checkpoint: skipped missing scope paths: package.json, package-lock.json
[2026-05-18T00:24:23Z] commit-checkpoint: refused — nothing to commit in runs/
[2026-05-18T00:24:23Z] push: pushing branch=ticket/T108-t108-multi-project-onboarding-and-project-registry
[2026-05-18T00:24:25Z] push: done branch=ticket/T108-t108-multi-project-onboarding-and-project-registry
[2026-05-18T00:24:59Z] commit-checkpoint: skipped missing scope paths: package.json, package-lock.json
[2026-05-18T00:24:59Z] commit-checkpoint: refused — nothing to commit in runs/
[2026-05-18T00:24:59Z] push: pushing branch=ticket/T108-t108-multi-project-onboarding-and-project-registry
[2026-05-18T00:25:01Z] push: done branch=ticket/T108-t108-multi-project-onboarding-and-project-registry
[2026-05-18T00:25:35Z] commit-checkpoint: skipped missing scope paths: package.json, package-lock.json
[2026-05-18T00:25:35Z] commit-checkpoint: refused — nothing to commit in runs/
[2026-05-18T00:25:35Z] push: pushing branch=ticket/T108-t108-multi-project-onboarding-and-project-registry
[2026-05-18T00:25:37Z] push: done branch=ticket/T108-t108-multi-project-onboarding-and-project-registry
[2026-05-18T00:26:11Z] commit-checkpoint: skipped missing scope paths: package.json, package-lock.json
[2026-05-18T00:26:11Z] commit-checkpoint: refused — nothing to commit in runs/
[2026-05-18T00:26:11Z] push: pushing branch=ticket/T108-t108-multi-project-onboarding-and-project-registry
[2026-05-18T00:26:12Z] push: done branch=ticket/T108-t108-multi-project-onboarding-and-project-registry
[2026-05-18T00:26:47Z] commit-checkpoint: skipped missing scope paths: package.json, package-lock.json
[2026-05-18T00:26:47Z] commit-checkpoint: refused — nothing to commit in runs/
[2026-05-18T00:26:47Z] push: pushing branch=ticket/T108-t108-multi-project-onboarding-and-project-registry
[2026-05-18T00:26:48Z] push: done branch=ticket/T108-t108-multi-project-onboarding-and-project-registry
[2026-05-18T00:27:23Z] commit-checkpoint: skipped missing scope paths: package.json, package-lock.json
[2026-05-18T00:27:23Z] commit-checkpoint: refused — nothing to commit in runs/
[2026-05-18T00:27:23Z] push: pushing branch=ticket/T108-t108-multi-project-onboarding-and-project-registry
[2026-05-18T00:27:24Z] push: done branch=ticket/T108-t108-multi-project-onboarding-and-project-registry
[2026-05-18T00:27:59Z] commit-checkpoint: skipped missing scope paths: package.json, package-lock.json
[2026-05-18T00:27:59Z] commit-checkpoint: refused — nothing to commit in runs/
[2026-05-18T00:27:59Z] push: pushing branch=ticket/T108-t108-multi-project-onboarding-and-project-registry
[2026-05-18T00:28:00Z] push: done branch=ticket/T108-t108-multi-project-onboarding-and-project-registry
[2026-05-18T00:28:35Z] commit-checkpoint: skipped missing scope paths: package.json, package-lock.json
[2026-05-18T00:28:35Z] commit-checkpoint: refused — nothing to commit in runs/
[2026-05-18T00:28:35Z] push: pushing branch=ticket/T108-t108-multi-project-onboarding-and-project-registry
[2026-05-18T00:28:36Z] push: done branch=ticket/T108-t108-multi-project-onboarding-and-project-registry
[2026-05-18T00:29:11Z] commit-checkpoint: skipped missing scope paths: package.json, package-lock.json
[2026-05-18T00:29:11Z] commit-checkpoint: refused — nothing to commit in runs/
[2026-05-18T00:29:11Z] push: pushing branch=ticket/T108-t108-multi-project-onboarding-and-project-registry
[2026-05-18T00:29:13Z] push: done branch=ticket/T108-t108-multi-project-onboarding-and-project-registry
[2026-05-18T00:29:47Z] commit-checkpoint: skipped missing scope paths: package.json, package-lock.json
[2026-05-18T00:29:47Z] commit-checkpoint: refused — nothing to commit in runs/
[2026-05-18T00:29:47Z] push: pushing branch=ticket/T108-t108-multi-project-onboarding-and-project-registry
[2026-05-18T00:29:48Z] push: done branch=ticket/T108-t108-multi-project-onboarding-and-project-registry
[2026-05-18T00:30:23Z] commit-checkpoint: skipped missing scope paths: package.json, package-lock.json
[2026-05-18T00:30:23Z] commit-checkpoint: refused — nothing to commit in runs/
[2026-05-18T00:30:23Z] push: pushing branch=ticket/T108-t108-multi-project-onboarding-and-project-registry
[2026-05-18T00:30:24Z] push: done branch=ticket/T108-t108-multi-project-onboarding-and-project-registry
[2026-05-18T00:30:59Z] commit-checkpoint: skipped missing scope paths: package.json, package-lock.json
[2026-05-18T00:30:59Z] commit-checkpoint: refused — nothing to commit in runs/
[2026-05-18T00:30:59Z] push: pushing branch=ticket/T108-t108-multi-project-onboarding-and-project-registry
[2026-05-18T00:31:00Z] push: done branch=ticket/T108-t108-multi-project-onboarding-and-project-registry
[2026-05-18T00:31:35Z] commit-checkpoint: skipped missing scope paths: package.json, package-lock.json
[2026-05-18T00:31:35Z] commit-checkpoint: refused — nothing to commit in runs/
[2026-05-18T00:31:35Z] push: pushing branch=ticket/T108-t108-multi-project-onboarding-and-project-registry
[2026-05-18T00:31:36Z] push: done branch=ticket/T108-t108-multi-project-onboarding-and-project-registry
[2026-05-18T00:32:11Z] commit-checkpoint: skipped missing scope paths: package.json, package-lock.json
[2026-05-18T00:32:11Z] commit-checkpoint: refused — nothing to commit in runs/
[2026-05-18T00:32:11Z] push: pushing branch=ticket/T108-t108-multi-project-onboarding-and-project-registry
[2026-05-18T00:32:13Z] push: done branch=ticket/T108-t108-multi-project-onboarding-and-project-registry
[2026-05-18T00:32:47Z] commit-checkpoint: skipped missing scope paths: package.json, package-lock.json
[2026-05-18T00:32:47Z] commit-checkpoint: refused — nothing to commit in runs/
[2026-05-18T00:32:47Z] push: pushing branch=ticket/T108-t108-multi-project-onboarding-and-project-registry
[2026-05-18T00:32:49Z] push: done branch=ticket/T108-t108-multi-project-onboarding-and-project-registry
[2026-05-18T00:33:23Z] commit-checkpoint: skipped missing scope paths: package.json, package-lock.json
[2026-05-18T00:33:23Z] commit-checkpoint: refused — nothing to commit in runs/
[2026-05-18T00:33:23Z] push: pushing branch=ticket/T108-t108-multi-project-onboarding-and-project-registry
[2026-05-18T00:33:25Z] push: done branch=ticket/T108-t108-multi-project-onboarding-and-project-registry
[2026-05-18T00:33:59Z] commit-checkpoint: skipped missing scope paths: package.json, package-lock.json
[2026-05-18T00:33:59Z] commit-checkpoint: refused — nothing to commit in runs/
[2026-05-18T00:33:59Z] push: pushing branch=ticket/T108-t108-multi-project-onboarding-and-project-registry
[2026-05-18T00:34:01Z] push: done branch=ticket/T108-t108-multi-project-onboarding-and-project-registry
[2026-05-18T00:34:35Z] commit-checkpoint: skipped missing scope paths: package.json, package-lock.json
[2026-05-18T00:34:35Z] commit-checkpoint: refused — nothing to commit in runs/
[2026-05-18T00:34:35Z] push: pushing branch=ticket/T108-t108-multi-project-onboarding-and-project-registry
[2026-05-18T00:34:37Z] push: done branch=ticket/T108-t108-multi-project-onboarding-and-project-registry
[2026-05-18T00:35:11Z] commit-checkpoint: skipped missing scope paths: package.json, package-lock.json
[2026-05-18T00:35:11Z] commit-checkpoint: refused — nothing to commit in runs/
[2026-05-18T00:35:11Z] push: pushing branch=ticket/T108-t108-multi-project-onboarding-and-project-registry
[2026-05-18T00:35:13Z] push: done branch=ticket/T108-t108-multi-project-onboarding-and-project-registry
[2026-05-18T00:35:47Z] commit-checkpoint: skipped missing scope paths: package.json, package-lock.json
[2026-05-18T00:35:47Z] commit-checkpoint: refused — nothing to commit in runs/
[2026-05-18T00:35:48Z] push: pushing branch=ticket/T108-t108-multi-project-onboarding-and-project-registry
[2026-05-18T00:35:49Z] push: done branch=ticket/T108-t108-multi-project-onboarding-and-project-registry
[2026-05-18T00:36:23Z] commit-checkpoint: skipped missing scope paths: package.json, package-lock.json
[2026-05-18T00:36:24Z] commit-checkpoint: refused — nothing to commit in runs/
[2026-05-18T00:36:24Z] push: pushing branch=ticket/T108-t108-multi-project-onboarding-and-project-registry
[2026-05-18T00:36:25Z] push: done branch=ticket/T108-t108-multi-project-onboarding-and-project-registry
[2026-05-18T00:37:00Z] commit-checkpoint: skipped missing scope paths: package.json, package-lock.json
[2026-05-18T00:37:00Z] commit-checkpoint: refused — nothing to commit in runs/
[2026-05-18T00:37:00Z] push: pushing branch=ticket/T108-t108-multi-project-onboarding-and-project-registry
[2026-05-18T00:37:01Z] push: done branch=ticket/T108-t108-multi-project-onboarding-and-project-registry
[2026-05-18T00:37:35Z] commit-checkpoint: skipped missing scope paths: package.json, package-lock.json
[2026-05-18T00:37:35Z] commit-checkpoint: refused — nothing to commit in runs/
[2026-05-18T00:37:36Z] push: pushing branch=ticket/T108-t108-multi-project-onboarding-and-project-registry
[2026-05-18T00:37:37Z] push: done branch=ticket/T108-t108-multi-project-onboarding-and-project-registry
[2026-05-18T00:38:11Z] commit-checkpoint: skipped missing scope paths: package.json, package-lock.json
[2026-05-18T00:38:11Z] commit-checkpoint: refused — nothing to commit in runs/
[2026-05-18T00:38:12Z] push: pushing branch=ticket/T108-t108-multi-project-onboarding-and-project-registry
[2026-05-18T00:38:13Z] push: done branch=ticket/T108-t108-multi-project-onboarding-and-project-registry
[2026-05-18T00:38:47Z] commit-checkpoint: skipped missing scope paths: package.json, package-lock.json
[2026-05-18T00:38:47Z] commit-checkpoint: refused — nothing to commit in runs/
[2026-05-18T00:38:48Z] push: pushing branch=ticket/T108-t108-multi-project-onboarding-and-project-registry
[2026-05-18T00:38:49Z] push: done branch=ticket/T108-t108-multi-project-onboarding-and-project-registry
[2026-05-18T00:39:24Z] commit-checkpoint: skipped missing scope paths: package.json, package-lock.json
[2026-05-18T00:39:24Z] commit-checkpoint: refused — nothing to commit in runs/
[2026-05-18T00:39:24Z] push: pushing branch=ticket/T108-t108-multi-project-onboarding-and-project-registry
[2026-05-18T00:39:25Z] push: done branch=ticket/T108-t108-multi-project-onboarding-and-project-registry
[2026-05-18T00:40:00Z] commit-checkpoint: skipped missing scope paths: package.json, package-lock.json
[2026-05-18T00:40:00Z] commit-checkpoint: refused — nothing to commit in runs/
[2026-05-18T00:40:00Z] push: pushing branch=ticket/T108-t108-multi-project-onboarding-and-project-registry
[2026-05-18T00:40:01Z] push: done branch=ticket/T108-t108-multi-project-onboarding-and-project-registry
[2026-05-18T00:40:36Z] commit-checkpoint: skipped missing scope paths: package.json, package-lock.json
[2026-05-18T00:40:36Z] commit-checkpoint: refused — nothing to commit in runs/
[2026-05-18T00:40:36Z] push: pushing branch=ticket/T108-t108-multi-project-onboarding-and-project-registry
[2026-05-18T00:40:37Z] push: done branch=ticket/T108-t108-multi-project-onboarding-and-project-registry
[2026-05-18T00:41:12Z] commit-checkpoint: skipped missing scope paths: package.json, package-lock.json
[2026-05-18T00:41:12Z] commit-checkpoint: refused — nothing to commit in runs/
[2026-05-18T00:41:12Z] push: pushing branch=ticket/T108-t108-multi-project-onboarding-and-project-registry
[2026-05-18T00:41:13Z] push: done branch=ticket/T108-t108-multi-project-onboarding-and-project-registry
[2026-05-18T00:41:48Z] commit-checkpoint: skipped missing scope paths: package.json, package-lock.json
[2026-05-18T00:41:48Z] commit-checkpoint: refused — nothing to commit in runs/
[2026-05-18T00:41:48Z] push: pushing branch=ticket/T108-t108-multi-project-onboarding-and-project-registry
[2026-05-18T00:41:49Z] push: done branch=ticket/T108-t108-multi-project-onboarding-and-project-registry
[2026-05-18T00:42:24Z] commit-checkpoint: skipped missing scope paths: package.json, package-lock.json
[2026-05-18T00:42:24Z] commit-checkpoint: refused — nothing to commit in runs/
[2026-05-18T00:42:24Z] push: pushing branch=ticket/T108-t108-multi-project-onboarding-and-project-registry
[2026-05-18T00:42:25Z] push: done branch=ticket/T108-t108-multi-project-onboarding-and-project-registry
[2026-05-18T00:43:00Z] commit-checkpoint: skipped missing scope paths: package.json, package-lock.json
[2026-05-18T00:43:00Z] commit-checkpoint: refused — nothing to commit in runs/
[2026-05-18T00:43:00Z] push: pushing branch=ticket/T108-t108-multi-project-onboarding-and-project-registry
[2026-05-18T00:43:01Z] push: done branch=ticket/T108-t108-multi-project-onboarding-and-project-registry
[2026-05-18T00:43:36Z] commit-checkpoint: skipped missing scope paths: package.json, package-lock.json
[2026-05-18T00:43:36Z] commit-checkpoint: refused — nothing to commit in runs/
[2026-05-18T00:43:36Z] push: pushing branch=ticket/T108-t108-multi-project-onboarding-and-project-registry
[2026-05-18T00:43:37Z] push: done branch=ticket/T108-t108-multi-project-onboarding-and-project-registry
[2026-05-18T00:44:12Z] commit-checkpoint: skipped missing scope paths: package.json, package-lock.json
[2026-05-18T00:44:12Z] commit-checkpoint: refused — nothing to commit in runs/
[2026-05-18T00:44:12Z] push: pushing branch=ticket/T108-t108-multi-project-onboarding-and-project-registry
[2026-05-18T00:44:13Z] push: done branch=ticket/T108-t108-multi-project-onboarding-and-project-registry
[2026-05-18T00:44:48Z] commit-checkpoint: skipped missing scope paths: package.json, package-lock.json
[2026-05-18T00:44:48Z] commit-checkpoint: refused — nothing to commit in runs/
[2026-05-18T00:44:48Z] push: pushing branch=ticket/T108-t108-multi-project-onboarding-and-project-registry
[2026-05-18T00:44:49Z] push: done branch=ticket/T108-t108-multi-project-onboarding-and-project-registry
[2026-05-18T00:45:24Z] commit-checkpoint: skipped missing scope paths: package.json, package-lock.json
[2026-05-18T00:45:24Z] commit-checkpoint: refused — nothing to commit in runs/
[2026-05-18T00:45:24Z] push: pushing branch=ticket/T108-t108-multi-project-onboarding-and-project-registry
[2026-05-18T00:45:25Z] push: done branch=ticket/T108-t108-multi-project-onboarding-and-project-registry
[2026-05-18T00:46:00Z] commit-checkpoint: skipped missing scope paths: package.json, package-lock.json
[2026-05-18T00:46:00Z] commit-checkpoint: refused — nothing to commit in runs/
[2026-05-18T00:46:00Z] push: pushing branch=ticket/T108-t108-multi-project-onboarding-and-project-registry
[2026-05-18T00:46:01Z] push: done branch=ticket/T108-t108-multi-project-onboarding-and-project-registry
[2026-05-18T00:46:36Z] commit-checkpoint: skipped missing scope paths: package.json, package-lock.json
[2026-05-18T00:46:36Z] commit-checkpoint: refused — nothing to commit in runs/
[2026-05-18T00:46:36Z] push: pushing branch=ticket/T108-t108-multi-project-onboarding-and-project-registry
[2026-05-18T00:46:37Z] push: done branch=ticket/T108-t108-multi-project-onboarding-and-project-registry
[2026-05-18T00:47:12Z] commit-checkpoint: skipped missing scope paths: package.json, package-lock.json
[2026-05-18T00:47:12Z] commit-checkpoint: refused — nothing to commit in runs/
[2026-05-18T00:47:12Z] push: pushing branch=ticket/T108-t108-multi-project-onboarding-and-project-registry
[2026-05-18T00:47:13Z] push: done branch=ticket/T108-t108-multi-project-onboarding-and-project-registry
[2026-05-18T00:47:47Z] commit-checkpoint: skipped missing scope paths: package.json, package-lock.json
[2026-05-18T00:47:47Z] commit-checkpoint: refused — nothing to commit in runs/
[2026-05-18T00:47:48Z] push: pushing branch=ticket/T108-t108-multi-project-onboarding-and-project-registry
[2026-05-18T00:47:49Z] push: done branch=ticket/T108-t108-multi-project-onboarding-and-project-registry
[2026-05-18T00:48:23Z] commit-checkpoint: skipped missing scope paths: package.json, package-lock.json
[2026-05-18T00:48:23Z] commit-checkpoint: refused — nothing to commit in runs/
[2026-05-18T00:48:24Z] push: pushing branch=ticket/T108-t108-multi-project-onboarding-and-project-registry
[2026-05-18T00:48:25Z] push: done branch=ticket/T108-t108-multi-project-onboarding-and-project-registry
[2026-05-18T00:48:59Z] commit-checkpoint: skipped missing scope paths: package.json, package-lock.json
[2026-05-18T00:49:00Z] commit-checkpoint: refused — nothing to commit in runs/
[2026-05-18T00:49:00Z] push: pushing branch=ticket/T108-t108-multi-project-onboarding-and-project-registry
[2026-05-18T00:49:01Z] push: done branch=ticket/T108-t108-multi-project-onboarding-and-project-registry
[2026-05-18T00:49:35Z] commit-checkpoint: skipped missing scope paths: package.json, package-lock.json
[2026-05-18T00:49:35Z] commit-checkpoint: refused — nothing to commit in runs/
[2026-05-18T00:49:35Z] push: pushing branch=ticket/T108-t108-multi-project-onboarding-and-project-registry
[2026-05-18T00:49:37Z] push: done branch=ticket/T108-t108-multi-project-onboarding-and-project-registry
[2026-05-18T00:50:11Z] commit-checkpoint: skipped missing scope paths: package.json, package-lock.json
[2026-05-18T00:50:11Z] commit-checkpoint: refused — nothing to commit in runs/
[2026-05-18T00:50:11Z] push: pushing branch=ticket/T108-t108-multi-project-onboarding-and-project-registry
[2026-05-18T00:50:13Z] push: done branch=ticket/T108-t108-multi-project-onboarding-and-project-registry
[2026-05-18T00:50:48Z] commit-checkpoint: skipped missing scope paths: package.json, package-lock.json
[2026-05-18T00:50:48Z] commit-checkpoint: refused — nothing to commit in runs/
[2026-05-18T00:50:48Z] push: pushing branch=ticket/T108-t108-multi-project-onboarding-and-project-registry
[2026-05-18T00:50:49Z] push: done branch=ticket/T108-t108-multi-project-onboarding-and-project-registry
[2026-05-18T00:51:24Z] commit-checkpoint: skipped missing scope paths: package.json, package-lock.json
[2026-05-18T00:51:24Z] commit-checkpoint: refused — nothing to commit in runs/
[2026-05-18T00:51:24Z] push: pushing branch=ticket/T108-t108-multi-project-onboarding-and-project-registry
[2026-05-18T00:51:26Z] push: done branch=ticket/T108-t108-multi-project-onboarding-and-project-registry
[2026-05-18T00:52:00Z] commit-checkpoint: skipped missing scope paths: package.json, package-lock.json
[2026-05-18T00:52:00Z] commit-checkpoint: refused — nothing to commit in runs/
[2026-05-18T00:52:00Z] push: pushing branch=ticket/T108-t108-multi-project-onboarding-and-project-registry
[2026-05-18T00:52:02Z] push: done branch=ticket/T108-t108-multi-project-onboarding-and-project-registry
[2026-05-18T00:52:36Z] commit-checkpoint: skipped missing scope paths: package.json, package-lock.json
[2026-05-18T00:52:36Z] commit-checkpoint: refused — nothing to commit in runs/
[2026-05-18T00:52:36Z] push: pushing branch=ticket/T108-t108-multi-project-onboarding-and-project-registry
[2026-05-18T00:52:38Z] push: done branch=ticket/T108-t108-multi-project-onboarding-and-project-registry
[2026-05-18T00:53:12Z] commit-checkpoint: skipped missing scope paths: package.json, package-lock.json
[2026-05-18T00:53:12Z] commit-checkpoint: refused — nothing to commit in runs/
[2026-05-18T00:53:12Z] push: pushing branch=ticket/T108-t108-multi-project-onboarding-and-project-registry
[2026-05-18T00:53:14Z] push: done branch=ticket/T108-t108-multi-project-onboarding-and-project-registry
[2026-05-18T00:53:48Z] commit-checkpoint: skipped missing scope paths: package.json, package-lock.json
[2026-05-18T00:53:48Z] commit-checkpoint: refused — nothing to commit in runs/
[2026-05-18T00:53:49Z] push: pushing branch=ticket/T108-t108-multi-project-onboarding-and-project-registry
[2026-05-18T00:53:50Z] push: done branch=ticket/T108-t108-multi-project-onboarding-and-project-registry
[2026-05-18T00:54:25Z] commit-checkpoint: skipped missing scope paths: package.json, package-lock.json
[2026-05-18T00:54:25Z] commit-checkpoint: refused — nothing to commit in runs/
[2026-05-18T00:54:25Z] push: pushing branch=ticket/T108-t108-multi-project-onboarding-and-project-registry
[2026-05-18T00:54:26Z] push: done branch=ticket/T108-t108-multi-project-onboarding-and-project-registry
[2026-05-18T00:55:01Z] commit-checkpoint: skipped missing scope paths: package.json, package-lock.json
[2026-05-18T00:55:01Z] commit-checkpoint: refused — nothing to commit in runs/
[2026-05-18T00:55:01Z] push: pushing branch=ticket/T108-t108-multi-project-onboarding-and-project-registry
[2026-05-18T00:55:03Z] push: done branch=ticket/T108-t108-multi-project-onboarding-and-project-registry
[2026-05-18T00:55:37Z] commit-checkpoint: skipped missing scope paths: package.json, package-lock.json
[2026-05-18T00:55:37Z] commit-checkpoint: refused — nothing to commit in runs/
[2026-05-18T00:55:37Z] push: pushing branch=ticket/T108-t108-multi-project-onboarding-and-project-registry
[2026-05-18T00:55:39Z] push: done branch=ticket/T108-t108-multi-project-onboarding-and-project-registry
[2026-05-18T00:56:13Z] commit-checkpoint: skipped missing scope paths: package.json, package-lock.json
[2026-05-18T00:56:13Z] commit-checkpoint: refused — nothing to commit in runs/
[2026-05-18T00:56:13Z] push: pushing branch=ticket/T108-t108-multi-project-onboarding-and-project-registry
[2026-05-18T00:56:15Z] push: done branch=ticket/T108-t108-multi-project-onboarding-and-project-registry
[2026-05-18T00:56:49Z] commit-checkpoint: skipped missing scope paths: package.json, package-lock.json
[2026-05-18T00:56:49Z] commit-checkpoint: refused — nothing to commit in runs/
[2026-05-18T00:56:49Z] push: pushing branch=ticket/T108-t108-multi-project-onboarding-and-project-registry
[2026-05-18T00:56:51Z] push: done branch=ticket/T108-t108-multi-project-onboarding-and-project-registry
[2026-05-18T00:57:25Z] commit-checkpoint: skipped missing scope paths: package.json, package-lock.json
[2026-05-18T00:57:25Z] commit-checkpoint: refused — nothing to commit in runs/
[2026-05-18T00:57:25Z] push: pushing branch=ticket/T108-t108-multi-project-onboarding-and-project-registry
[2026-05-18T00:57:27Z] push: done branch=ticket/T108-t108-multi-project-onboarding-and-project-registry
[2026-05-18T00:58:01Z] commit-checkpoint: skipped missing scope paths: package.json, package-lock.json
[2026-05-18T00:58:01Z] commit-checkpoint: refused — nothing to commit in runs/
[2026-05-18T00:58:01Z] push: pushing branch=ticket/T108-t108-multi-project-onboarding-and-project-registry
[2026-05-18T00:58:03Z] push: done branch=ticket/T108-t108-multi-project-onboarding-and-project-registry
[2026-05-18T00:58:37Z] commit-checkpoint: skipped missing scope paths: package.json, package-lock.json
[2026-05-18T00:58:37Z] commit-checkpoint: refused — nothing to commit in runs/
[2026-05-18T00:58:37Z] push: pushing branch=ticket/T108-t108-multi-project-onboarding-and-project-registry
[2026-05-18T00:58:39Z] push: done branch=ticket/T108-t108-multi-project-onboarding-and-project-registry
[2026-05-18T00:59:13Z] commit-checkpoint: skipped missing scope paths: package.json, package-lock.json
[2026-05-18T00:59:13Z] commit-checkpoint: refused — nothing to commit in runs/
[2026-05-18T00:59:13Z] push: pushing branch=ticket/T108-t108-multi-project-onboarding-and-project-registry
[2026-05-18T00:59:15Z] push: done branch=ticket/T108-t108-multi-project-onboarding-and-project-registry
[2026-05-18T00:59:49Z] commit-checkpoint: skipped missing scope paths: package.json, package-lock.json
[2026-05-18T00:59:49Z] commit-checkpoint: refused — nothing to commit in runs/
[2026-05-18T00:59:49Z] push: pushing branch=ticket/T108-t108-multi-project-onboarding-and-project-registry
[2026-05-18T00:59:51Z] push: done branch=ticket/T108-t108-multi-project-onboarding-and-project-registry
[2026-05-18T01:00:25Z] commit-checkpoint: skipped missing scope paths: package.json, package-lock.json
[2026-05-18T01:00:25Z] commit-checkpoint: refused — nothing to commit in runs/
[2026-05-18T01:00:25Z] push: pushing branch=ticket/T108-t108-multi-project-onboarding-and-project-registry
[2026-05-18T01:00:27Z] push: done branch=ticket/T108-t108-multi-project-onboarding-and-project-registry
[2026-05-18T01:01:01Z] commit-checkpoint: skipped missing scope paths: package.json, package-lock.json
[2026-05-18T01:01:02Z] commit-checkpoint: refused — nothing to commit in runs/
[2026-05-18T01:01:02Z] push: pushing branch=ticket/T108-t108-multi-project-onboarding-and-project-registry
[2026-05-18T01:01:03Z] push: done branch=ticket/T108-t108-multi-project-onboarding-and-project-registry
[2026-05-18T01:01:38Z] commit-checkpoint: skipped missing scope paths: package.json, package-lock.json
[2026-05-18T01:01:38Z] commit-checkpoint: refused — nothing to commit in runs/
[2026-05-18T01:01:38Z] push: pushing branch=ticket/T108-t108-multi-project-onboarding-and-project-registry
[2026-05-18T01:01:39Z] push: done branch=ticket/T108-t108-multi-project-onboarding-and-project-registry
[2026-05-18T01:02:14Z] commit-checkpoint: skipped missing scope paths: package.json, package-lock.json
[2026-05-18T01:02:14Z] commit-checkpoint: refused — nothing to commit in runs/
[2026-05-18T01:02:14Z] push: pushing branch=ticket/T108-t108-multi-project-onboarding-and-project-registry
[2026-05-18T01:02:15Z] push: done branch=ticket/T108-t108-multi-project-onboarding-and-project-registry
[2026-05-18T01:02:50Z] commit-checkpoint: skipped missing scope paths: package.json, package-lock.json
[2026-05-18T01:02:50Z] commit-checkpoint: refused — nothing to commit in runs/
[2026-05-18T01:02:50Z] push: pushing branch=ticket/T108-t108-multi-project-onboarding-and-project-registry
[2026-05-18T01:02:51Z] push: done branch=ticket/T108-t108-multi-project-onboarding-and-project-registry
[2026-05-18T01:03:26Z] commit-checkpoint: skipped missing scope paths: package.json, package-lock.json
[2026-05-18T01:03:26Z] commit-checkpoint: refused — nothing to commit in runs/
[2026-05-18T01:03:26Z] push: pushing branch=ticket/T108-t108-multi-project-onboarding-and-project-registry
[2026-05-18T01:03:28Z] push: done branch=ticket/T108-t108-multi-project-onboarding-and-project-registry
[2026-05-18T01:04:02Z] commit-checkpoint: skipped missing scope paths: package.json, package-lock.json
[2026-05-18T01:04:02Z] commit-checkpoint: refused — nothing to commit in runs/
[2026-05-18T01:04:02Z] push: pushing branch=ticket/T108-t108-multi-project-onboarding-and-project-registry
[2026-05-18T01:04:04Z] push: done branch=ticket/T108-t108-multi-project-onboarding-and-project-registry
[2026-05-18T01:04:38Z] commit-checkpoint: skipped missing scope paths: package.json, package-lock.json
[2026-05-18T01:04:38Z] commit-checkpoint: refused — nothing to commit in runs/
[2026-05-18T01:04:38Z] push: pushing branch=ticket/T108-t108-multi-project-onboarding-and-project-registry
[2026-05-18T01:04:40Z] push: done branch=ticket/T108-t108-multi-project-onboarding-and-project-registry
[2026-05-18T01:05:14Z] commit-checkpoint: skipped missing scope paths: package.json, package-lock.json
[2026-05-18T01:05:14Z] commit-checkpoint: refused — nothing to commit in runs/
[2026-05-18T01:05:14Z] push: pushing branch=ticket/T108-t108-multi-project-onboarding-and-project-registry
[2026-05-18T01:05:16Z] push: done branch=ticket/T108-t108-multi-project-onboarding-and-project-registry
[2026-05-18T01:05:50Z] commit-checkpoint: skipped missing scope paths: package.json, package-lock.json
[2026-05-18T01:05:50Z] commit-checkpoint: refused — nothing to commit in runs/
[2026-05-18T01:05:50Z] push: pushing branch=ticket/T108-t108-multi-project-onboarding-and-project-registry
[2026-05-18T01:05:52Z] push: done branch=ticket/T108-t108-multi-project-onboarding-and-project-registry
[2026-05-18T01:06:26Z] commit-checkpoint: skipped missing scope paths: package.json, package-lock.json
[2026-05-18T01:06:26Z] commit-checkpoint: refused — nothing to commit in runs/
[2026-05-18T01:06:26Z] push: pushing branch=ticket/T108-t108-multi-project-onboarding-and-project-registry
[2026-05-18T01:06:28Z] push: done branch=ticket/T108-t108-multi-project-onboarding-and-project-registry
[2026-05-18T01:07:02Z] commit-checkpoint: skipped missing scope paths: package.json, package-lock.json
[2026-05-18T01:07:02Z] commit-checkpoint: refused — nothing to commit in runs/
[2026-05-18T01:07:03Z] push: pushing branch=ticket/T108-t108-multi-project-onboarding-and-project-registry
[2026-05-18T01:07:04Z] push: done branch=ticket/T108-t108-multi-project-onboarding-and-project-registry
[2026-05-18T01:07:38Z] commit-checkpoint: skipped missing scope paths: package.json, package-lock.json
[2026-05-18T01:07:38Z] commit-checkpoint: refused — nothing to commit in runs/
[2026-05-18T01:07:38Z] push: pushing branch=ticket/T108-t108-multi-project-onboarding-and-project-registry
[2026-05-18T01:07:40Z] push: done branch=ticket/T108-t108-multi-project-onboarding-and-project-registry
[2026-05-18T01:08:14Z] commit-checkpoint: skipped missing scope paths: package.json, package-lock.json
[2026-05-18T01:08:14Z] commit-checkpoint: refused — nothing to commit in runs/
[2026-05-18T01:08:15Z] push: pushing branch=ticket/T108-t108-multi-project-onboarding-and-project-registry
[2026-05-18T01:08:16Z] push: done branch=ticket/T108-t108-multi-project-onboarding-and-project-registry
[2026-05-18T01:08:51Z] commit-checkpoint: skipped missing scope paths: package.json, package-lock.json
[2026-05-18T01:08:51Z] commit-checkpoint: refused — nothing to commit in runs/
[2026-05-18T01:08:51Z] push: pushing branch=ticket/T108-t108-multi-project-onboarding-and-project-registry
[2026-05-18T01:08:53Z] push: done branch=ticket/T108-t108-multi-project-onboarding-and-project-registry
[2026-05-18T01:09:27Z] commit-checkpoint: skipped missing scope paths: package.json, package-lock.json
[2026-05-18T01:09:27Z] commit-checkpoint: refused — nothing to commit in runs/
[2026-05-18T01:09:27Z] push: pushing branch=ticket/T108-t108-multi-project-onboarding-and-project-registry
[2026-05-18T01:09:29Z] push: done branch=ticket/T108-t108-multi-project-onboarding-and-project-registry
[2026-05-18T01:10:04Z] commit-checkpoint: skipped missing scope paths: package.json, package-lock.json
[2026-05-18T01:10:04Z] commit-checkpoint: refused — nothing to commit in runs/
[2026-05-18T01:10:04Z] push: pushing branch=ticket/T108-t108-multi-project-onboarding-and-project-registry
[2026-05-18T01:10:05Z] push: done branch=ticket/T108-t108-multi-project-onboarding-and-project-registry
[2026-05-18T01:10:39Z] commit-checkpoint: skipped missing scope paths: package.json, package-lock.json
[2026-05-18T01:10:40Z] commit-checkpoint: refused — nothing to commit in runs/
[2026-05-18T01:10:40Z] push: pushing branch=ticket/T108-t108-multi-project-onboarding-and-project-registry
[2026-05-18T01:10:41Z] push: done branch=ticket/T108-t108-multi-project-onboarding-and-project-registry
[2026-05-18T01:11:16Z] commit-checkpoint: skipped missing scope paths: package.json, package-lock.json
[2026-05-18T01:11:16Z] commit-checkpoint: refused — nothing to commit in runs/
[2026-05-18T01:11:16Z] push: pushing branch=ticket/T108-t108-multi-project-onboarding-and-project-registry
[2026-05-18T01:11:17Z] push: done branch=ticket/T108-t108-multi-project-onboarding-and-project-registry
[2026-05-18T01:11:52Z] commit-checkpoint: skipped missing scope paths: package.json, package-lock.json
[2026-05-18T01:11:52Z] commit-checkpoint: refused — nothing to commit in runs/
[2026-05-18T01:11:52Z] push: pushing branch=ticket/T108-t108-multi-project-onboarding-and-project-registry
[2026-05-18T01:11:53Z] push: done branch=ticket/T108-t108-multi-project-onboarding-and-project-registry
[2026-05-18T01:12:28Z] commit-checkpoint: skipped missing scope paths: package.json, package-lock.json
[2026-05-18T01:12:28Z] commit-checkpoint: refused — nothing to commit in runs/
[2026-05-18T01:12:28Z] push: pushing branch=ticket/T108-t108-multi-project-onboarding-and-project-registry
[2026-05-18T01:12:30Z] push: done branch=ticket/T108-t108-multi-project-onboarding-and-project-registry
[2026-05-18T01:13:04Z] commit-checkpoint: skipped missing scope paths: package.json, package-lock.json
[2026-05-18T01:13:04Z] commit-checkpoint: refused — nothing to commit in runs/
[2026-05-18T01:13:04Z] push: pushing branch=ticket/T108-t108-multi-project-onboarding-and-project-registry
[2026-05-18T01:13:06Z] push: done branch=ticket/T108-t108-multi-project-onboarding-and-project-registry
[2026-05-18T01:13:40Z] commit-checkpoint: skipped missing scope paths: package.json, package-lock.json
[2026-05-18T01:13:40Z] commit-checkpoint: refused — nothing to commit in runs/
[2026-05-18T01:13:40Z] push: pushing branch=ticket/T108-t108-multi-project-onboarding-and-project-registry
[2026-05-18T01:13:42Z] push: done branch=ticket/T108-t108-multi-project-onboarding-and-project-registry
[2026-05-18T01:14:16Z] commit-checkpoint: skipped missing scope paths: package.json, package-lock.json
[2026-05-18T01:14:16Z] commit-checkpoint: refused — nothing to commit in runs/
[2026-05-18T01:14:16Z] push: pushing branch=ticket/T108-t108-multi-project-onboarding-and-project-registry
[2026-05-18T01:14:18Z] push: done branch=ticket/T108-t108-multi-project-onboarding-and-project-registry
[2026-05-18T01:14:52Z] commit-checkpoint: skipped missing scope paths: package.json, package-lock.json
[2026-05-18T01:14:52Z] commit-checkpoint: refused — nothing to commit in runs/
[2026-05-18T01:14:52Z] push: pushing branch=ticket/T108-t108-multi-project-onboarding-and-project-registry
[2026-05-18T01:14:54Z] push: done branch=ticket/T108-t108-multi-project-onboarding-and-project-registry
[2026-05-18T01:15:28Z] commit-checkpoint: skipped missing scope paths: package.json, package-lock.json
[2026-05-18T01:15:28Z] commit-checkpoint: refused — nothing to commit in runs/
[2026-05-18T01:15:28Z] push: pushing branch=ticket/T108-t108-multi-project-onboarding-and-project-registry
[2026-05-18T01:15:30Z] push: done branch=ticket/T108-t108-multi-project-onboarding-and-project-registry
[2026-05-18T01:16:05Z] commit-checkpoint: skipped missing scope paths: package.json, package-lock.json
[2026-05-18T01:16:05Z] commit-checkpoint: refused — nothing to commit in runs/
[2026-05-18T01:16:05Z] push: pushing branch=ticket/T108-t108-multi-project-onboarding-and-project-registry
[2026-05-18T01:16:06Z] push: done branch=ticket/T108-t108-multi-project-onboarding-and-project-registry
[2026-05-18T01:16:41Z] commit-checkpoint: skipped missing scope paths: package.json, package-lock.json
[2026-05-18T01:16:41Z] commit-checkpoint: refused — nothing to commit in runs/
[2026-05-18T01:16:41Z] push: pushing branch=ticket/T108-t108-multi-project-onboarding-and-project-registry
[2026-05-18T01:16:42Z] push: done branch=ticket/T108-t108-multi-project-onboarding-and-project-registry
[2026-05-18T01:17:17Z] commit-checkpoint: skipped missing scope paths: package.json, package-lock.json
[2026-05-18T01:17:17Z] commit-checkpoint: refused — nothing to commit in runs/
[2026-05-18T01:17:17Z] push: pushing branch=ticket/T108-t108-multi-project-onboarding-and-project-registry
[2026-05-18T01:17:18Z] push: done branch=ticket/T108-t108-multi-project-onboarding-and-project-registry
[2026-05-18T01:17:53Z] commit-checkpoint: skipped missing scope paths: package.json, package-lock.json
[2026-05-18T01:17:53Z] commit-checkpoint: refused — nothing to commit in runs/
[2026-05-18T01:17:53Z] push: pushing branch=ticket/T108-t108-multi-project-onboarding-and-project-registry
[2026-05-18T01:17:54Z] push: done branch=ticket/T108-t108-multi-project-onboarding-and-project-registry
[2026-05-18T01:18:29Z] commit-checkpoint: skipped missing scope paths: package.json, package-lock.json
[2026-05-18T01:18:29Z] commit-checkpoint: refused — nothing to commit in runs/
[2026-05-18T01:18:29Z] push: pushing branch=ticket/T108-t108-multi-project-onboarding-and-project-registry
[2026-05-18T01:18:31Z] push: done branch=ticket/T108-t108-multi-project-onboarding-and-project-registry
[2026-05-18T01:19:05Z] commit-checkpoint: skipped missing scope paths: package.json, package-lock.json
[2026-05-18T01:19:05Z] commit-checkpoint: refused — nothing to commit in runs/
[2026-05-18T01:19:05Z] push: pushing branch=ticket/T108-t108-multi-project-onboarding-and-project-registry
[2026-05-18T01:19:07Z] push: done branch=ticket/T108-t108-multi-project-onboarding-and-project-registry
[2026-05-18T01:19:41Z] commit-checkpoint: skipped missing scope paths: package.json, package-lock.json
[2026-05-18T01:19:41Z] commit-checkpoint: refused — nothing to commit in runs/
[2026-05-18T01:19:41Z] push: pushing branch=ticket/T108-t108-multi-project-onboarding-and-project-registry
[2026-05-18T01:19:43Z] push: done branch=ticket/T108-t108-multi-project-onboarding-and-project-registry
[2026-05-18T01:20:17Z] commit-checkpoint: skipped missing scope paths: package.json, package-lock.json
[2026-05-18T01:20:17Z] commit-checkpoint: refused — nothing to commit in runs/
[2026-05-18T01:20:17Z] push: pushing branch=ticket/T108-t108-multi-project-onboarding-and-project-registry
[2026-05-18T01:20:19Z] push: done branch=ticket/T108-t108-multi-project-onboarding-and-project-registry
[2026-05-18T01:20:53Z] commit-checkpoint: skipped missing scope paths: package.json, package-lock.json
[2026-05-18T01:20:53Z] commit-checkpoint: refused — nothing to commit in runs/
[2026-05-18T01:20:53Z] push: pushing branch=ticket/T108-t108-multi-project-onboarding-and-project-registry
[2026-05-18T01:20:55Z] push: done branch=ticket/T108-t108-multi-project-onboarding-and-project-registry
[2026-05-18T01:21:29Z] commit-checkpoint: skipped missing scope paths: package.json, package-lock.json
[2026-05-18T01:21:29Z] commit-checkpoint: refused — nothing to commit in runs/
[2026-05-18T01:21:29Z] push: pushing branch=ticket/T108-t108-multi-project-onboarding-and-project-registry
[2026-05-18T01:21:31Z] push: done branch=ticket/T108-t108-multi-project-onboarding-and-project-registry
[2026-05-18T01:22:05Z] commit-checkpoint: skipped missing scope paths: package.json, package-lock.json
[2026-05-18T01:22:05Z] commit-checkpoint: refused — nothing to commit in runs/
[2026-05-18T01:22:05Z] push: pushing branch=ticket/T108-t108-multi-project-onboarding-and-project-registry
[2026-05-18T01:22:07Z] push: done branch=ticket/T108-t108-multi-project-onboarding-and-project-registry
[2026-05-18T01:22:41Z] commit-checkpoint: skipped missing scope paths: package.json, package-lock.json
[2026-05-18T01:22:41Z] commit-checkpoint: refused — nothing to commit in runs/
[2026-05-18T01:22:42Z] push: pushing branch=ticket/T108-t108-multi-project-onboarding-and-project-registry
[2026-05-18T01:22:43Z] push: done branch=ticket/T108-t108-multi-project-onboarding-and-project-registry
[2026-05-18T01:23:17Z] commit-checkpoint: skipped missing scope paths: package.json, package-lock.json
[2026-05-18T01:23:18Z] commit-checkpoint: refused — nothing to commit in runs/
[2026-05-18T01:23:18Z] push: pushing branch=ticket/T108-t108-multi-project-onboarding-and-project-registry
[2026-05-18T01:23:19Z] push: done branch=ticket/T108-t108-multi-project-onboarding-and-project-registry
[2026-05-18T01:23:54Z] commit-checkpoint: skipped missing scope paths: package.json, package-lock.json
[2026-05-18T01:23:54Z] commit-checkpoint: refused — nothing to commit in runs/
[2026-05-18T01:23:54Z] push: pushing branch=ticket/T108-t108-multi-project-onboarding-and-project-registry
[2026-05-18T01:23:55Z] push: done branch=ticket/T108-t108-multi-project-onboarding-and-project-registry
[2026-05-18T01:24:30Z] commit-checkpoint: skipped missing scope paths: package.json, package-lock.json
[2026-05-18T01:24:30Z] commit-checkpoint: refused — nothing to commit in runs/
[2026-05-18T01:24:30Z] push: pushing branch=ticket/T108-t108-multi-project-onboarding-and-project-registry
[2026-05-18T01:24:32Z] push: done branch=ticket/T108-t108-multi-project-onboarding-and-project-registry
[2026-05-18T01:25:06Z] commit-checkpoint: skipped missing scope paths: package.json, package-lock.json
[2026-05-18T01:25:06Z] commit-checkpoint: refused — nothing to commit in runs/
[2026-05-18T01:25:06Z] push: pushing branch=ticket/T108-t108-multi-project-onboarding-and-project-registry
[2026-05-18T01:25:08Z] push: done branch=ticket/T108-t108-multi-project-onboarding-and-project-registry
[2026-05-18T01:25:42Z] commit-checkpoint: skipped missing scope paths: package.json, package-lock.json
[2026-05-18T01:25:42Z] commit-checkpoint: refused — nothing to commit in runs/
[2026-05-18T01:25:42Z] push: pushing branch=ticket/T108-t108-multi-project-onboarding-and-project-registry
[2026-05-18T01:25:44Z] push: done branch=ticket/T108-t108-multi-project-onboarding-and-project-registry
[2026-05-18T01:26:18Z] commit-checkpoint: skipped missing scope paths: package.json, package-lock.json
[2026-05-18T01:26:18Z] commit-checkpoint: refused — nothing to commit in runs/
[2026-05-18T01:26:18Z] push: pushing branch=ticket/T108-t108-multi-project-onboarding-and-project-registry
[2026-05-18T01:26:20Z] push: done branch=ticket/T108-t108-multi-project-onboarding-and-project-registry
[2026-05-18T01:26:54Z] commit-checkpoint: skipped missing scope paths: package.json, package-lock.json
[2026-05-18T01:26:54Z] commit-checkpoint: refused — nothing to commit in runs/
[2026-05-18T01:26:54Z] push: pushing branch=ticket/T108-t108-multi-project-onboarding-and-project-registry
[2026-05-18T01:26:56Z] push: done branch=ticket/T108-t108-multi-project-onboarding-and-project-registry
[2026-05-18T01:27:30Z] commit-checkpoint: skipped missing scope paths: package.json, package-lock.json
[2026-05-18T01:27:30Z] commit-checkpoint: refused — nothing to commit in runs/
[2026-05-18T01:27:30Z] push: pushing branch=ticket/T108-t108-multi-project-onboarding-and-project-registry
[2026-05-18T01:27:32Z] push: done branch=ticket/T108-t108-multi-project-onboarding-and-project-registry
[2026-05-18T01:28:07Z] commit-checkpoint: skipped missing scope paths: package.json, package-lock.json
[2026-05-18T01:28:07Z] commit-checkpoint: refused — nothing to commit in runs/
[2026-05-18T01:28:07Z] push: pushing branch=ticket/T108-t108-multi-project-onboarding-and-project-registry
[2026-05-18T01:28:08Z] push: done branch=ticket/T108-t108-multi-project-onboarding-and-project-registry
[2026-05-18T01:28:42Z] commit-checkpoint: skipped missing scope paths: package.json, package-lock.json
[2026-05-18T01:28:42Z] commit-checkpoint: refused — nothing to commit in runs/
[2026-05-18T01:28:43Z] push: pushing branch=ticket/T108-t108-multi-project-onboarding-and-project-registry
[2026-05-18T01:28:44Z] push: done branch=ticket/T108-t108-multi-project-onboarding-and-project-registry
[2026-05-18T01:29:19Z] commit-checkpoint: skipped missing scope paths: package.json, package-lock.json
[2026-05-18T01:29:19Z] commit-checkpoint: refused — nothing to commit in runs/
[2026-05-18T01:29:19Z] push: pushing branch=ticket/T108-t108-multi-project-onboarding-and-project-registry
[2026-05-18T01:29:20Z] push: done branch=ticket/T108-t108-multi-project-onboarding-and-project-registry
[2026-05-18T01:29:55Z] commit-checkpoint: skipped missing scope paths: package.json, package-lock.json
[2026-05-18T01:29:55Z] commit-checkpoint: refused — nothing to commit in runs/
[2026-05-18T01:29:55Z] push: pushing branch=ticket/T108-t108-multi-project-onboarding-and-project-registry
[2026-05-18T01:29:56Z] push: done branch=ticket/T108-t108-multi-project-onboarding-and-project-registry
[2026-05-18T01:30:31Z] commit-checkpoint: skipped missing scope paths: package.json, package-lock.json
[2026-05-18T01:30:31Z] commit-checkpoint: refused — nothing to commit in runs/
[2026-05-18T01:30:31Z] push: pushing branch=ticket/T108-t108-multi-project-onboarding-and-project-registry
[2026-05-18T01:30:32Z] push: done branch=ticket/T108-t108-multi-project-onboarding-and-project-registry
[2026-05-18T01:31:07Z] commit-checkpoint: skipped missing scope paths: package.json, package-lock.json
[2026-05-18T01:31:07Z] commit-checkpoint: refused — nothing to commit in runs/
[2026-05-18T01:31:07Z] push: pushing branch=ticket/T108-t108-multi-project-onboarding-and-project-registry
[2026-05-18T01:31:08Z] push: done branch=ticket/T108-t108-multi-project-onboarding-and-project-registry
[2026-05-18T01:31:43Z] commit-checkpoint: skipped missing scope paths: package.json, package-lock.json
[2026-05-18T01:31:43Z] commit-checkpoint: refused — nothing to commit in runs/
[2026-05-18T01:31:43Z] push: pushing branch=ticket/T108-t108-multi-project-onboarding-and-project-registry
[2026-05-18T01:31:44Z] push: done branch=ticket/T108-t108-multi-project-onboarding-and-project-registry
[2026-05-18T01:32:19Z] commit-checkpoint: skipped missing scope paths: package.json, package-lock.json
[2026-05-18T01:32:19Z] commit-checkpoint: refused — nothing to commit in runs/
[2026-05-18T01:32:19Z] push: pushing branch=ticket/T108-t108-multi-project-onboarding-and-project-registry
[2026-05-18T01:32:21Z] push: done branch=ticket/T108-t108-multi-project-onboarding-and-project-registry
[2026-05-18T01:32:55Z] commit-checkpoint: skipped missing scope paths: package.json, package-lock.json
[2026-05-18T01:32:55Z] commit-checkpoint: refused — nothing to commit in runs/
[2026-05-18T01:32:55Z] push: pushing branch=ticket/T108-t108-multi-project-onboarding-and-project-registry
[2026-05-18T01:32:57Z] push: done branch=ticket/T108-t108-multi-project-onboarding-and-project-registry
[2026-05-18T01:33:31Z] commit-checkpoint: skipped missing scope paths: package.json, package-lock.json
[2026-05-18T01:33:31Z] commit-checkpoint: refused — nothing to commit in runs/
[2026-05-18T01:33:31Z] push: pushing branch=ticket/T108-t108-multi-project-onboarding-and-project-registry
[2026-05-18T01:33:33Z] push: done branch=ticket/T108-t108-multi-project-onboarding-and-project-registry
[2026-05-18T01:34:07Z] commit-checkpoint: skipped missing scope paths: package.json, package-lock.json
[2026-05-18T01:34:07Z] commit-checkpoint: refused — nothing to commit in runs/
[2026-05-18T01:34:07Z] push: pushing branch=ticket/T108-t108-multi-project-onboarding-and-project-registry
[2026-05-18T01:34:09Z] push: done branch=ticket/T108-t108-multi-project-onboarding-and-project-registry
[2026-05-18T01:34:43Z] commit-checkpoint: skipped missing scope paths: package.json, package-lock.json
[2026-05-18T01:34:43Z] commit-checkpoint: refused — nothing to commit in runs/
[2026-05-18T01:34:43Z] push: pushing branch=ticket/T108-t108-multi-project-onboarding-and-project-registry
[2026-05-18T01:34:45Z] push: done branch=ticket/T108-t108-multi-project-onboarding-and-project-registry
[2026-05-18T01:35:19Z] commit-checkpoint: skipped missing scope paths: package.json, package-lock.json
[2026-05-18T01:35:19Z] commit-checkpoint: refused — nothing to commit in runs/
[2026-05-18T01:35:19Z] push: pushing branch=ticket/T108-t108-multi-project-onboarding-and-project-registry
[2026-05-18T01:35:21Z] push: done branch=ticket/T108-t108-multi-project-onboarding-and-project-registry
[2026-05-18T01:35:56Z] commit-checkpoint: skipped missing scope paths: package.json, package-lock.json
[2026-05-18T01:35:56Z] commit-checkpoint: refused — nothing to commit in runs/
[2026-05-18T01:35:56Z] push: pushing branch=ticket/T108-t108-multi-project-onboarding-and-project-registry
[2026-05-18T01:35:58Z] push: done branch=ticket/T108-t108-multi-project-onboarding-and-project-registry
[2026-05-18T01:36:32Z] commit-checkpoint: skipped missing scope paths: package.json, package-lock.json
[2026-05-18T01:36:32Z] commit-checkpoint: refused — nothing to commit in runs/
[2026-05-18T01:36:32Z] push: pushing branch=ticket/T108-t108-multi-project-onboarding-and-project-registry
[2026-05-18T01:36:34Z] push: done branch=ticket/T108-t108-multi-project-onboarding-and-project-registry
[2026-05-18T01:37:08Z] commit-checkpoint: skipped missing scope paths: package.json, package-lock.json
[2026-05-18T01:37:08Z] commit-checkpoint: refused — nothing to commit in runs/
[2026-05-18T01:37:08Z] push: pushing branch=ticket/T108-t108-multi-project-onboarding-and-project-registry
[2026-05-18T01:37:10Z] push: done branch=ticket/T108-t108-multi-project-onboarding-and-project-registry
[2026-05-18T01:37:44Z] commit-checkpoint: skipped missing scope paths: package.json, package-lock.json
[2026-05-18T01:37:44Z] commit-checkpoint: refused — nothing to commit in runs/
[2026-05-18T01:37:44Z] push: pushing branch=ticket/T108-t108-multi-project-onboarding-and-project-registry
[2026-05-18T01:37:46Z] push: done branch=ticket/T108-t108-multi-project-onboarding-and-project-registry
[2026-05-18T01:38:20Z] commit-checkpoint: skipped missing scope paths: package.json, package-lock.json
[2026-05-18T01:38:20Z] commit-checkpoint: refused — nothing to commit in runs/
[2026-05-18T01:38:20Z] push: pushing branch=ticket/T108-t108-multi-project-onboarding-and-project-registry
[2026-05-18T01:38:22Z] push: done branch=ticket/T108-t108-multi-project-onboarding-and-project-registry
[2026-05-18T01:38:56Z] commit-checkpoint: skipped missing scope paths: package.json, package-lock.json
[2026-05-18T01:38:56Z] commit-checkpoint: refused — nothing to commit in runs/
[2026-05-18T01:38:56Z] push: pushing branch=ticket/T108-t108-multi-project-onboarding-and-project-registry
[2026-05-18T01:38:58Z] push: done branch=ticket/T108-t108-multi-project-onboarding-and-project-registry
[2026-05-18T01:39:32Z] commit-checkpoint: skipped missing scope paths: package.json, package-lock.json
[2026-05-18T01:39:32Z] commit-checkpoint: refused — nothing to commit in runs/
[2026-05-18T01:39:33Z] push: pushing branch=ticket/T108-t108-multi-project-onboarding-and-project-registry
[2026-05-18T01:39:34Z] push: done branch=ticket/T108-t108-multi-project-onboarding-and-project-registry
[2026-05-18T01:40:08Z] commit-checkpoint: skipped missing scope paths: package.json, package-lock.json
[2026-05-18T01:40:08Z] commit-checkpoint: refused — nothing to commit in runs/
[2026-05-18T01:40:08Z] push: pushing branch=ticket/T108-t108-multi-project-onboarding-and-project-registry
[2026-05-18T01:40:10Z] push: done branch=ticket/T108-t108-multi-project-onboarding-and-project-registry
[2026-05-18T01:40:44Z] commit-checkpoint: skipped missing scope paths: package.json, package-lock.json
[2026-05-18T01:40:44Z] commit-checkpoint: refused — nothing to commit in runs/
[2026-05-18T01:40:44Z] push: pushing branch=ticket/T108-t108-multi-project-onboarding-and-project-registry
[2026-05-18T01:40:46Z] push: done branch=ticket/T108-t108-multi-project-onboarding-and-project-registry
[2026-05-18T01:41:20Z] commit-checkpoint: skipped missing scope paths: package.json, package-lock.json
[2026-05-18T01:41:20Z] commit-checkpoint: refused — nothing to commit in runs/
[2026-05-18T01:41:20Z] push: pushing branch=ticket/T108-t108-multi-project-onboarding-and-project-registry
[2026-05-18T01:41:22Z] push: done branch=ticket/T108-t108-multi-project-onboarding-and-project-registry
[2026-05-18T01:41:57Z] commit-checkpoint: skipped missing scope paths: package.json, package-lock.json
[2026-05-18T01:41:57Z] commit-checkpoint: refused — nothing to commit in runs/
[2026-05-18T01:41:57Z] push: pushing branch=ticket/T108-t108-multi-project-onboarding-and-project-registry
[2026-05-18T01:41:58Z] push: done branch=ticket/T108-t108-multi-project-onboarding-and-project-registry
[2026-05-18T01:42:33Z] commit-checkpoint: skipped missing scope paths: package.json, package-lock.json
[2026-05-18T01:42:33Z] commit-checkpoint: refused — nothing to commit in runs/
[2026-05-18T01:42:33Z] push: pushing branch=ticket/T108-t108-multi-project-onboarding-and-project-registry
[2026-05-18T01:42:34Z] push: done branch=ticket/T108-t108-multi-project-onboarding-and-project-registry
[2026-05-18T01:43:09Z] commit-checkpoint: skipped missing scope paths: package.json, package-lock.json
[2026-05-18T01:43:09Z] commit-checkpoint: refused — nothing to commit in runs/
[2026-05-18T01:43:09Z] push: pushing branch=ticket/T108-t108-multi-project-onboarding-and-project-registry
[2026-05-18T01:43:10Z] push: done branch=ticket/T108-t108-multi-project-onboarding-and-project-registry
[2026-05-18T01:43:45Z] commit-checkpoint: skipped missing scope paths: package.json, package-lock.json
[2026-05-18T01:43:45Z] commit-checkpoint: refused — nothing to commit in runs/
[2026-05-18T01:43:45Z] push: pushing branch=ticket/T108-t108-multi-project-onboarding-and-project-registry
[2026-05-18T01:43:46Z] push: done branch=ticket/T108-t108-multi-project-onboarding-and-project-registry
[2026-05-18T01:44:21Z] commit-checkpoint: skipped missing scope paths: package.json, package-lock.json
[2026-05-18T01:44:21Z] commit-checkpoint: refused — nothing to commit in runs/
[2026-05-18T01:44:21Z] push: pushing branch=ticket/T108-t108-multi-project-onboarding-and-project-registry
[2026-05-18T01:44:23Z] push: done branch=ticket/T108-t108-multi-project-onboarding-and-project-registry
[2026-05-18T01:44:57Z] commit-checkpoint: skipped missing scope paths: package.json, package-lock.json
[2026-05-18T01:44:57Z] commit-checkpoint: refused — nothing to commit in runs/
[2026-05-18T01:44:57Z] push: pushing branch=ticket/T108-t108-multi-project-onboarding-and-project-registry
[2026-05-18T01:44:59Z] push: done branch=ticket/T108-t108-multi-project-onboarding-and-project-registry
[2026-05-18T01:45:33Z] commit-checkpoint: skipped missing scope paths: package.json, package-lock.json
[2026-05-18T01:45:33Z] commit-checkpoint: refused — nothing to commit in runs/
[2026-05-18T01:45:33Z] push: pushing branch=ticket/T108-t108-multi-project-onboarding-and-project-registry
[2026-05-18T01:45:35Z] push: done branch=ticket/T108-t108-multi-project-onboarding-and-project-registry
[2026-05-18T01:46:09Z] commit-checkpoint: skipped missing scope paths: package.json, package-lock.json
[2026-05-18T01:46:09Z] commit-checkpoint: refused — nothing to commit in runs/
[2026-05-18T01:46:09Z] push: pushing branch=ticket/T108-t108-multi-project-onboarding-and-project-registry
[2026-05-18T01:46:11Z] push: done branch=ticket/T108-t108-multi-project-onboarding-and-project-registry
[2026-05-18T01:46:45Z] commit-checkpoint: skipped missing scope paths: package.json, package-lock.json
[2026-05-18T01:46:45Z] commit-checkpoint: refused — nothing to commit in runs/
[2026-05-18T01:46:45Z] push: pushing branch=ticket/T108-t108-multi-project-onboarding-and-project-registry
[2026-05-18T01:46:47Z] push: done branch=ticket/T108-t108-multi-project-onboarding-and-project-registry
[2026-05-18T01:47:22Z] commit-checkpoint: skipped missing scope paths: package.json, package-lock.json
[2026-05-18T01:47:22Z] commit-checkpoint: refused — nothing to commit in runs/
[2026-05-18T01:47:22Z] push: pushing branch=ticket/T108-t108-multi-project-onboarding-and-project-registry
[2026-05-18T01:47:23Z] push: done branch=ticket/T108-t108-multi-project-onboarding-and-project-registry
[2026-05-18T01:47:58Z] commit-checkpoint: skipped missing scope paths: package.json, package-lock.json
[2026-05-18T01:47:58Z] commit-checkpoint: refused — nothing to commit in runs/
[2026-05-18T01:47:58Z] push: pushing branch=ticket/T108-t108-multi-project-onboarding-and-project-registry
[2026-05-18T01:48:00Z] push: done branch=ticket/T108-t108-multi-project-onboarding-and-project-registry
[2026-05-18T01:48:34Z] commit-checkpoint: skipped missing scope paths: package.json, package-lock.json
[2026-05-18T01:48:34Z] commit-checkpoint: refused — nothing to commit in runs/
[2026-05-18T01:48:34Z] push: pushing branch=ticket/T108-t108-multi-project-onboarding-and-project-registry
[2026-05-18T01:48:36Z] push: done branch=ticket/T108-t108-multi-project-onboarding-and-project-registry
[2026-05-18T01:49:11Z] commit-checkpoint: skipped missing scope paths: package.json, package-lock.json
[2026-05-18T01:49:11Z] commit-checkpoint: refused — nothing to commit in runs/
[2026-05-18T01:49:11Z] push: pushing branch=ticket/T108-t108-multi-project-onboarding-and-project-registry
[2026-05-18T01:49:12Z] push: done branch=ticket/T108-t108-multi-project-onboarding-and-project-registry
[2026-05-18T01:49:46Z] commit-checkpoint: skipped missing scope paths: package.json, package-lock.json
[2026-05-18T01:49:46Z] commit-checkpoint: refused — nothing to commit in runs/
[2026-05-18T01:49:47Z] push: pushing branch=ticket/T108-t108-multi-project-onboarding-and-project-registry
[2026-05-18T01:49:48Z] push: done branch=ticket/T108-t108-multi-project-onboarding-and-project-registry
[2026-05-18T01:50:22Z] commit-checkpoint: skipped missing scope paths: package.json, package-lock.json
[2026-05-18T01:50:22Z] commit-checkpoint: refused — nothing to commit in runs/
[2026-05-18T01:50:22Z] push: pushing branch=ticket/T108-t108-multi-project-onboarding-and-project-registry
[2026-05-18T01:50:24Z] push: done branch=ticket/T108-t108-multi-project-onboarding-and-project-registry
[2026-05-18T01:50:58Z] commit-checkpoint: skipped missing scope paths: package.json, package-lock.json
[2026-05-18T01:50:58Z] commit-checkpoint: refused — nothing to commit in runs/
[2026-05-18T01:50:58Z] push: pushing branch=ticket/T108-t108-multi-project-onboarding-and-project-registry
[2026-05-18T01:51:00Z] push: done branch=ticket/T108-t108-multi-project-onboarding-and-project-registry
[2026-05-18T01:51:34Z] commit-checkpoint: skipped missing scope paths: package.json, package-lock.json
[2026-05-18T01:51:34Z] commit-checkpoint: refused — nothing to commit in runs/
[2026-05-18T01:51:35Z] push: pushing branch=ticket/T108-t108-multi-project-onboarding-and-project-registry
[2026-05-18T01:51:36Z] push: done branch=ticket/T108-t108-multi-project-onboarding-and-project-registry
[2026-05-18T01:52:10Z] commit-checkpoint: skipped missing scope paths: package.json, package-lock.json
[2026-05-18T01:52:10Z] commit-checkpoint: refused — nothing to commit in runs/
[2026-05-18T01:52:10Z] push: pushing branch=ticket/T108-t108-multi-project-onboarding-and-project-registry
[2026-05-18T01:52:12Z] push: done branch=ticket/T108-t108-multi-project-onboarding-and-project-registry
[2026-05-18T01:52:47Z] commit-checkpoint: skipped missing scope paths: package.json, package-lock.json
[2026-05-18T01:52:47Z] commit-checkpoint: refused — nothing to commit in runs/
[2026-05-18T01:52:47Z] push: pushing branch=ticket/T108-t108-multi-project-onboarding-and-project-registry
[2026-05-18T01:52:48Z] push: done branch=ticket/T108-t108-multi-project-onboarding-and-project-registry
[2026-05-18T01:53:23Z] commit-checkpoint: skipped missing scope paths: package.json, package-lock.json
[2026-05-18T01:53:23Z] commit-checkpoint: refused — nothing to commit in runs/
[2026-05-18T01:53:23Z] push: pushing branch=ticket/T108-t108-multi-project-onboarding-and-project-registry
[2026-05-18T01:53:24Z] push: done branch=ticket/T108-t108-multi-project-onboarding-and-project-registry
[2026-05-18T01:53:59Z] commit-checkpoint: skipped missing scope paths: package.json, package-lock.json
[2026-05-18T01:53:59Z] commit-checkpoint: refused — nothing to commit in runs/
[2026-05-18T01:53:59Z] push: pushing branch=ticket/T108-t108-multi-project-onboarding-and-project-registry
[2026-05-18T01:54:00Z] push: done branch=ticket/T108-t108-multi-project-onboarding-and-project-registry
[2026-05-18T01:54:35Z] commit-checkpoint: skipped missing scope paths: package.json, package-lock.json
[2026-05-18T01:54:35Z] commit-checkpoint: refused — nothing to commit in runs/
[2026-05-18T01:54:35Z] push: pushing branch=ticket/T108-t108-multi-project-onboarding-and-project-registry
[2026-05-18T01:54:36Z] push: done branch=ticket/T108-t108-multi-project-onboarding-and-project-registry
[2026-05-18T01:55:11Z] commit-checkpoint: skipped missing scope paths: package.json, package-lock.json
[2026-05-18T01:55:11Z] commit-checkpoint: refused — nothing to commit in runs/
[2026-05-18T01:55:11Z] push: pushing branch=ticket/T108-t108-multi-project-onboarding-and-project-registry
[2026-05-18T01:55:12Z] push: done branch=ticket/T108-t108-multi-project-onboarding-and-project-registry
[2026-05-18T01:55:47Z] commit-checkpoint: skipped missing scope paths: package.json, package-lock.json
[2026-05-18T01:55:47Z] commit-checkpoint: refused — nothing to commit in runs/
[2026-05-18T01:55:47Z] push: pushing branch=ticket/T108-t108-multi-project-onboarding-and-project-registry
[2026-05-18T01:55:48Z] push: done branch=ticket/T108-t108-multi-project-onboarding-and-project-registry
[2026-05-18T01:56:22Z] commit-checkpoint: skipped missing scope paths: package.json, package-lock.json
[2026-05-18T01:56:22Z] commit-checkpoint: refused — nothing to commit in runs/
[2026-05-18T01:56:22Z] push: pushing branch=ticket/T108-t108-multi-project-onboarding-and-project-registry
[2026-05-18T01:56:24Z] push: done branch=ticket/T108-t108-multi-project-onboarding-and-project-registry
[2026-05-18T01:56:58Z] commit-checkpoint: skipped missing scope paths: package.json, package-lock.json
[2026-05-18T01:56:58Z] commit-checkpoint: refused — nothing to commit in runs/
[2026-05-18T01:56:59Z] push: pushing branch=ticket/T108-t108-multi-project-onboarding-and-project-registry
[2026-05-18T01:57:00Z] push: done branch=ticket/T108-t108-multi-project-onboarding-and-project-registry
[2026-05-18T01:57:34Z] commit-checkpoint: skipped missing scope paths: package.json, package-lock.json
[2026-05-18T01:57:34Z] commit-checkpoint: refused — nothing to commit in runs/
[2026-05-18T01:57:34Z] push: pushing branch=ticket/T108-t108-multi-project-onboarding-and-project-registry
[2026-05-18T01:57:36Z] push: done branch=ticket/T108-t108-multi-project-onboarding-and-project-registry
[2026-05-18T01:58:10Z] commit-checkpoint: skipped missing scope paths: package.json, package-lock.json
[2026-05-18T01:58:10Z] commit-checkpoint: refused — nothing to commit in runs/
[2026-05-18T01:58:11Z] push: pushing branch=ticket/T108-t108-multi-project-onboarding-and-project-registry
[2026-05-18T01:58:12Z] push: done branch=ticket/T108-t108-multi-project-onboarding-and-project-registry
[2026-05-18T01:58:46Z] commit-checkpoint: skipped missing scope paths: package.json, package-lock.json
[2026-05-18T01:58:46Z] commit-checkpoint: refused — nothing to commit in runs/
[2026-05-18T01:58:47Z] push: pushing branch=ticket/T108-t108-multi-project-onboarding-and-project-registry
[2026-05-18T01:58:48Z] push: done branch=ticket/T108-t108-multi-project-onboarding-and-project-registry
[2026-05-18T01:59:22Z] commit-checkpoint: skipped missing scope paths: package.json, package-lock.json
[2026-05-18T01:59:22Z] commit-checkpoint: refused — nothing to commit in runs/
[2026-05-18T01:59:22Z] push: pushing branch=ticket/T108-t108-multi-project-onboarding-and-project-registry
[2026-05-18T01:59:24Z] push: done branch=ticket/T108-t108-multi-project-onboarding-and-project-registry
[2026-05-18T01:59:59Z] commit-checkpoint: skipped missing scope paths: package.json, package-lock.json
[2026-05-18T01:59:59Z] commit-checkpoint: refused — nothing to commit in runs/
[2026-05-18T01:59:59Z] push: pushing branch=ticket/T108-t108-multi-project-onboarding-and-project-registry
[2026-05-18T02:00:00Z] push: done branch=ticket/T108-t108-multi-project-onboarding-and-project-registry
[2026-05-18T02:00:38Z] commit-checkpoint: skipped missing scope paths: package.json, package-lock.json
[2026-05-18T02:00:38Z] commit-checkpoint: refused — nothing to commit in runs/
[2026-05-18T02:00:38Z] push: pushing branch=ticket/T108-t108-multi-project-onboarding-and-project-registry
[2026-05-18T02:00:40Z] push: done branch=ticket/T108-t108-multi-project-onboarding-and-project-registry
[2026-05-18T02:01:14Z] commit-checkpoint: skipped missing scope paths: package.json, package-lock.json
[2026-05-18T02:01:14Z] commit-checkpoint: refused — nothing to commit in runs/
[2026-05-18T02:01:15Z] push: pushing branch=ticket/T108-t108-multi-project-onboarding-and-project-registry
[2026-05-18T02:01:16Z] push: done branch=ticket/T108-t108-multi-project-onboarding-and-project-registry
[2026-05-18T02:01:51Z] commit-checkpoint: skipped missing scope paths: package.json, package-lock.json
[2026-05-18T02:01:51Z] commit-checkpoint: refused — nothing to commit in runs/
[2026-05-18T02:01:51Z] push: pushing branch=ticket/T108-t108-multi-project-onboarding-and-project-registry
[2026-05-18T02:01:52Z] push: done branch=ticket/T108-t108-multi-project-onboarding-and-project-registry
[2026-05-18T02:02:27Z] commit-checkpoint: skipped missing scope paths: package.json, package-lock.json
[2026-05-18T02:02:27Z] commit-checkpoint: refused — nothing to commit in runs/
[2026-05-18T02:02:27Z] push: pushing branch=ticket/T108-t108-multi-project-onboarding-and-project-registry
[2026-05-18T02:02:29Z] push: done branch=ticket/T108-t108-multi-project-onboarding-and-project-registry
[2026-05-18T02:03:03Z] commit-checkpoint: skipped missing scope paths: package.json, package-lock.json
[2026-05-18T02:03:03Z] commit-checkpoint: refused — nothing to commit in runs/
[2026-05-18T02:03:03Z] push: pushing branch=ticket/T108-t108-multi-project-onboarding-and-project-registry
[2026-05-18T02:03:05Z] push: done branch=ticket/T108-t108-multi-project-onboarding-and-project-registry
[2026-05-18T02:03:40Z] commit-checkpoint: skipped missing scope paths: package.json, package-lock.json
[2026-05-18T02:03:40Z] commit-checkpoint: refused — nothing to commit in runs/
[2026-05-18T02:03:40Z] push: pushing branch=ticket/T108-t108-multi-project-onboarding-and-project-registry
[2026-05-18T02:03:41Z] push: done branch=ticket/T108-t108-multi-project-onboarding-and-project-registry
[2026-05-18T02:04:16Z] commit-checkpoint: skipped missing scope paths: package.json, package-lock.json
[2026-05-18T02:04:16Z] commit-checkpoint: refused — nothing to commit in runs/
[2026-05-18T02:04:16Z] push: pushing branch=ticket/T108-t108-multi-project-onboarding-and-project-registry
[2026-05-18T02:04:18Z] push: done branch=ticket/T108-t108-multi-project-onboarding-and-project-registry
[2026-05-18T02:04:52Z] commit-checkpoint: skipped missing scope paths: package.json, package-lock.json
[2026-05-18T02:04:52Z] commit-checkpoint: refused — nothing to commit in runs/
[2026-05-18T02:04:52Z] push: pushing branch=ticket/T108-t108-multi-project-onboarding-and-project-registry
[2026-05-18T02:04:54Z] push: done branch=ticket/T108-t108-multi-project-onboarding-and-project-registry
[2026-05-18T02:05:28Z] commit-checkpoint: skipped missing scope paths: package.json, package-lock.json
[2026-05-18T02:05:28Z] commit-checkpoint: refused — nothing to commit in runs/
[2026-05-18T02:05:28Z] push: pushing branch=ticket/T108-t108-multi-project-onboarding-and-project-registry
[2026-05-18T02:05:30Z] push: done branch=ticket/T108-t108-multi-project-onboarding-and-project-registry
[2026-05-18T02:06:05Z] commit-checkpoint: skipped missing scope paths: package.json, package-lock.json
[2026-05-18T02:06:05Z] commit-checkpoint: refused — nothing to commit in runs/
[2026-05-18T02:06:05Z] push: pushing branch=ticket/T108-t108-multi-project-onboarding-and-project-registry
[2026-05-18T02:06:06Z] push: done branch=ticket/T108-t108-multi-project-onboarding-and-project-registry
[2026-05-18T02:06:41Z] commit-checkpoint: skipped missing scope paths: package.json, package-lock.json
[2026-05-18T02:06:41Z] commit-checkpoint: refused — nothing to commit in runs/
[2026-05-18T02:06:41Z] push: pushing branch=ticket/T108-t108-multi-project-onboarding-and-project-registry
[2026-05-18T02:06:42Z] push: done branch=ticket/T108-t108-multi-project-onboarding-and-project-registry
[2026-05-18T02:07:17Z] commit-checkpoint: skipped missing scope paths: package.json, package-lock.json
[2026-05-18T02:07:17Z] commit-checkpoint: refused — nothing to commit in runs/
[2026-05-18T02:07:17Z] push: pushing branch=ticket/T108-t108-multi-project-onboarding-and-project-registry
[2026-05-18T02:07:18Z] push: done branch=ticket/T108-t108-multi-project-onboarding-and-project-registry
[2026-05-18T02:07:53Z] commit-checkpoint: skipped missing scope paths: package.json, package-lock.json
[2026-05-18T02:07:53Z] commit-checkpoint: refused — nothing to commit in runs/
[2026-05-18T02:07:53Z] push: pushing branch=ticket/T108-t108-multi-project-onboarding-and-project-registry
[2026-05-18T02:07:55Z] push: done branch=ticket/T108-t108-multi-project-onboarding-and-project-registry
[2026-05-18T02:08:29Z] commit-checkpoint: skipped missing scope paths: package.json, package-lock.json
[2026-05-18T02:08:29Z] commit-checkpoint: refused — nothing to commit in runs/
[2026-05-18T02:08:29Z] push: pushing branch=ticket/T108-t108-multi-project-onboarding-and-project-registry
[2026-05-18T02:08:31Z] push: done branch=ticket/T108-t108-multi-project-onboarding-and-project-registry
[2026-05-18T02:09:05Z] commit-checkpoint: skipped missing scope paths: package.json, package-lock.json
[2026-05-18T02:09:05Z] commit-checkpoint: refused — nothing to commit in runs/
[2026-05-18T02:09:05Z] push: pushing branch=ticket/T108-t108-multi-project-onboarding-and-project-registry
[2026-05-18T02:09:07Z] push: done branch=ticket/T108-t108-multi-project-onboarding-and-project-registry
[2026-05-18T02:09:41Z] commit-checkpoint: skipped missing scope paths: package.json, package-lock.json
[2026-05-18T02:09:41Z] commit-checkpoint: refused — nothing to commit in runs/
[2026-05-18T02:09:41Z] push: pushing branch=ticket/T108-t108-multi-project-onboarding-and-project-registry
[2026-05-18T02:09:43Z] push: done branch=ticket/T108-t108-multi-project-onboarding-and-project-registry
[2026-05-18T02:10:17Z] commit-checkpoint: skipped missing scope paths: package.json, package-lock.json
[2026-05-18T02:10:17Z] commit-checkpoint: refused — nothing to commit in runs/
[2026-05-18T02:10:17Z] push: pushing branch=ticket/T108-t108-multi-project-onboarding-and-project-registry
[2026-05-18T02:10:19Z] push: done branch=ticket/T108-t108-multi-project-onboarding-and-project-registry
[2026-05-18T02:10:53Z] commit-checkpoint: skipped missing scope paths: package.json, package-lock.json
[2026-05-18T02:10:53Z] commit-checkpoint: refused — nothing to commit in runs/
[2026-05-18T02:10:53Z] push: pushing branch=ticket/T108-t108-multi-project-onboarding-and-project-registry
[2026-05-18T02:10:55Z] push: done branch=ticket/T108-t108-multi-project-onboarding-and-project-registry
[2026-05-18T02:11:30Z] commit-checkpoint: skipped missing scope paths: package.json, package-lock.json
[2026-05-18T02:11:30Z] commit-checkpoint: refused — nothing to commit in runs/
[2026-05-18T02:11:30Z] push: pushing branch=ticket/T108-t108-multi-project-onboarding-and-project-registry
[2026-05-18T02:11:31Z] push: done branch=ticket/T108-t108-multi-project-onboarding-and-project-registry
[2026-05-18T02:12:06Z] commit-checkpoint: skipped missing scope paths: package.json, package-lock.json
[2026-05-18T02:12:06Z] commit-checkpoint: refused — nothing to commit in runs/
[2026-05-18T02:12:06Z] push: pushing branch=ticket/T108-t108-multi-project-onboarding-and-project-registry
[2026-05-18T02:12:07Z] push: done branch=ticket/T108-t108-multi-project-onboarding-and-project-registry
[2026-05-18T02:12:42Z] commit-checkpoint: skipped missing scope paths: package.json, package-lock.json
[2026-05-18T02:12:42Z] commit-checkpoint: refused — nothing to commit in runs/
[2026-05-18T02:12:42Z] push: pushing branch=ticket/T108-t108-multi-project-onboarding-and-project-registry
[2026-05-18T02:12:43Z] push: done branch=ticket/T108-t108-multi-project-onboarding-and-project-registry
[2026-05-18T02:13:18Z] commit-checkpoint: skipped missing scope paths: package.json, package-lock.json
[2026-05-18T02:13:18Z] commit-checkpoint: refused — nothing to commit in runs/
[2026-05-18T02:13:18Z] push: pushing branch=ticket/T108-t108-multi-project-onboarding-and-project-registry
[2026-05-18T02:13:20Z] push: done branch=ticket/T108-t108-multi-project-onboarding-and-project-registry
[2026-05-18T02:13:54Z] commit-checkpoint: skipped missing scope paths: package.json, package-lock.json
[2026-05-18T02:13:54Z] commit-checkpoint: refused — nothing to commit in runs/
[2026-05-18T02:13:54Z] push: pushing branch=ticket/T108-t108-multi-project-onboarding-and-project-registry
[2026-05-18T02:13:56Z] push: done branch=ticket/T108-t108-multi-project-onboarding-and-project-registry
[2026-05-18T02:14:30Z] commit-checkpoint: skipped missing scope paths: package.json, package-lock.json
[2026-05-18T02:14:31Z] commit-checkpoint: refused — nothing to commit in runs/
[2026-05-18T02:14:31Z] push: pushing branch=ticket/T108-t108-multi-project-onboarding-and-project-registry
[2026-05-18T02:14:32Z] push: done branch=ticket/T108-t108-multi-project-onboarding-and-project-registry
[2026-05-18T02:15:06Z] commit-checkpoint: skipped missing scope paths: package.json, package-lock.json
[2026-05-18T02:15:06Z] commit-checkpoint: refused — nothing to commit in runs/
[2026-05-18T02:15:06Z] push: pushing branch=ticket/T108-t108-multi-project-onboarding-and-project-registry
[2026-05-18T02:15:08Z] push: done branch=ticket/T108-t108-multi-project-onboarding-and-project-registry
[2026-05-18T02:15:42Z] commit-checkpoint: skipped missing scope paths: package.json, package-lock.json
[2026-05-18T02:15:42Z] commit-checkpoint: refused — nothing to commit in runs/
[2026-05-18T02:15:42Z] push: pushing branch=ticket/T108-t108-multi-project-onboarding-and-project-registry
[2026-05-18T02:15:44Z] push: done branch=ticket/T108-t108-multi-project-onboarding-and-project-registry
[2026-05-18T02:16:18Z] commit-checkpoint: skipped missing scope paths: package.json, package-lock.json
[2026-05-18T02:16:18Z] commit-checkpoint: refused — nothing to commit in runs/
[2026-05-18T02:16:18Z] push: pushing branch=ticket/T108-t108-multi-project-onboarding-and-project-registry
[2026-05-18T02:16:20Z] push: done branch=ticket/T108-t108-multi-project-onboarding-and-project-registry
[2026-05-18T02:16:55Z] commit-checkpoint: skipped missing scope paths: package.json, package-lock.json
[2026-05-18T02:16:55Z] commit-checkpoint: refused — nothing to commit in runs/
[2026-05-18T02:16:55Z] push: pushing branch=ticket/T108-t108-multi-project-onboarding-and-project-registry
[2026-05-18T02:16:56Z] push: done branch=ticket/T108-t108-multi-project-onboarding-and-project-registry
[2026-05-18T02:17:31Z] commit-checkpoint: skipped missing scope paths: package.json, package-lock.json
[2026-05-18T02:17:31Z] commit-checkpoint: refused — nothing to commit in runs/
[2026-05-18T02:17:31Z] push: pushing branch=ticket/T108-t108-multi-project-onboarding-and-project-registry
[2026-05-18T02:17:32Z] push: done branch=ticket/T108-t108-multi-project-onboarding-and-project-registry
[2026-05-18T02:18:06Z] commit-checkpoint: skipped missing scope paths: package.json, package-lock.json
[2026-05-18T02:18:06Z] commit-checkpoint: refused — nothing to commit in runs/
[2026-05-18T02:18:07Z] push: pushing branch=ticket/T108-t108-multi-project-onboarding-and-project-registry
[2026-05-18T02:18:08Z] push: done branch=ticket/T108-t108-multi-project-onboarding-and-project-registry
[2026-05-18T02:18:42Z] commit-checkpoint: skipped missing scope paths: package.json, package-lock.json
[2026-05-18T02:18:42Z] commit-checkpoint: refused — nothing to commit in runs/
[2026-05-18T02:18:42Z] push: pushing branch=ticket/T108-t108-multi-project-onboarding-and-project-registry
[2026-05-18T02:18:44Z] push: done branch=ticket/T108-t108-multi-project-onboarding-and-project-registry
[2026-05-18T02:19:19Z] commit-checkpoint: skipped missing scope paths: package.json, package-lock.json
[2026-05-18T02:19:19Z] commit-checkpoint: refused — nothing to commit in runs/
[2026-05-18T02:19:19Z] push: pushing branch=ticket/T108-t108-multi-project-onboarding-and-project-registry
[2026-05-18T02:19:20Z] push: done branch=ticket/T108-t108-multi-project-onboarding-and-project-registry
[2026-05-18T02:19:54Z] commit-checkpoint: skipped missing scope paths: package.json, package-lock.json
[2026-05-18T02:19:54Z] commit-checkpoint: refused — nothing to commit in runs/
[2026-05-18T02:19:55Z] push: pushing branch=ticket/T108-t108-multi-project-onboarding-and-project-registry
[2026-05-18T02:19:56Z] push: done branch=ticket/T108-t108-multi-project-onboarding-and-project-registry
[2026-05-18T02:20:31Z] commit-checkpoint: skipped missing scope paths: package.json, package-lock.json
[2026-05-18T02:20:31Z] commit-checkpoint: refused — nothing to commit in runs/
[2026-05-18T02:20:31Z] push: pushing branch=ticket/T108-t108-multi-project-onboarding-and-project-registry
[2026-05-18T02:20:32Z] push: done branch=ticket/T108-t108-multi-project-onboarding-and-project-registry
[2026-05-18T02:21:07Z] commit-checkpoint: skipped missing scope paths: package.json, package-lock.json
[2026-05-18T02:21:07Z] commit-checkpoint: refused — nothing to commit in runs/
[2026-05-18T02:21:07Z] push: pushing branch=ticket/T108-t108-multi-project-onboarding-and-project-registry
[2026-05-18T02:21:08Z] push: done branch=ticket/T108-t108-multi-project-onboarding-and-project-registry
[2026-05-18T02:21:43Z] commit-checkpoint: skipped missing scope paths: package.json, package-lock.json
[2026-05-18T02:21:43Z] commit-checkpoint: refused — nothing to commit in runs/
[2026-05-18T02:21:43Z] push: pushing branch=ticket/T108-t108-multi-project-onboarding-and-project-registry
[2026-05-18T02:21:44Z] push: done branch=ticket/T108-t108-multi-project-onboarding-and-project-registry
[2026-05-18T02:22:19Z] commit-checkpoint: skipped missing scope paths: package.json, package-lock.json
[2026-05-18T02:22:19Z] commit-checkpoint: refused — nothing to commit in runs/
[2026-05-18T02:22:19Z] push: pushing branch=ticket/T108-t108-multi-project-onboarding-and-project-registry
[2026-05-18T02:22:20Z] push: done branch=ticket/T108-t108-multi-project-onboarding-and-project-registry
[2026-05-18T02:22:55Z] commit-checkpoint: skipped missing scope paths: package.json, package-lock.json
[2026-05-18T02:22:55Z] commit-checkpoint: refused — nothing to commit in runs/
[2026-05-18T02:22:55Z] push: pushing branch=ticket/T108-t108-multi-project-onboarding-and-project-registry
[2026-05-18T02:22:56Z] push: done branch=ticket/T108-t108-multi-project-onboarding-and-project-registry
[2026-05-18T02:23:31Z] commit-checkpoint: skipped missing scope paths: package.json, package-lock.json
[2026-05-18T02:23:31Z] commit-checkpoint: refused — nothing to commit in runs/
[2026-05-18T02:23:31Z] push: pushing branch=ticket/T108-t108-multi-project-onboarding-and-project-registry
[2026-05-18T02:23:33Z] push: done branch=ticket/T108-t108-multi-project-onboarding-and-project-registry
[2026-05-18T02:24:07Z] commit-checkpoint: skipped missing scope paths: package.json, package-lock.json
[2026-05-18T02:24:07Z] commit-checkpoint: refused — nothing to commit in runs/
[2026-05-18T02:24:07Z] push: pushing branch=ticket/T108-t108-multi-project-onboarding-and-project-registry
[2026-05-18T02:24:09Z] push: done branch=ticket/T108-t108-multi-project-onboarding-and-project-registry
[2026-05-18T02:24:43Z] commit-checkpoint: skipped missing scope paths: package.json, package-lock.json
[2026-05-18T02:24:43Z] commit-checkpoint: refused — nothing to commit in runs/
[2026-05-18T02:24:43Z] push: pushing branch=ticket/T108-t108-multi-project-onboarding-and-project-registry
[2026-05-18T02:24:45Z] push: done branch=ticket/T108-t108-multi-project-onboarding-and-project-registry
[2026-05-18T02:25:19Z] commit-checkpoint: skipped missing scope paths: package.json, package-lock.json
[2026-05-18T02:25:19Z] commit-checkpoint: refused — nothing to commit in runs/
[2026-05-18T02:25:19Z] push: pushing branch=ticket/T108-t108-multi-project-onboarding-and-project-registry
[2026-05-18T02:25:21Z] push: done branch=ticket/T108-t108-multi-project-onboarding-and-project-registry
[2026-05-18T02:25:55Z] commit-checkpoint: skipped missing scope paths: package.json, package-lock.json
[2026-05-18T02:25:55Z] commit-checkpoint: refused — nothing to commit in runs/
[2026-05-18T02:25:55Z] push: pushing branch=ticket/T108-t108-multi-project-onboarding-and-project-registry
[2026-05-18T02:25:57Z] push: done branch=ticket/T108-t108-multi-project-onboarding-and-project-registry
[2026-05-18T02:26:31Z] commit-checkpoint: skipped missing scope paths: package.json, package-lock.json
[2026-05-18T02:26:31Z] commit-checkpoint: refused — nothing to commit in runs/
[2026-05-18T02:26:31Z] push: pushing branch=ticket/T108-t108-multi-project-onboarding-and-project-registry
[2026-05-18T02:26:33Z] push: done branch=ticket/T108-t108-multi-project-onboarding-and-project-registry
[2026-05-18T02:27:07Z] commit-checkpoint: skipped missing scope paths: package.json, package-lock.json
[2026-05-18T02:27:07Z] commit-checkpoint: refused — nothing to commit in runs/
[2026-05-18T02:27:07Z] push: pushing branch=ticket/T108-t108-multi-project-onboarding-and-project-registry
[2026-05-18T02:27:09Z] push: done branch=ticket/T108-t108-multi-project-onboarding-and-project-registry
[2026-05-18T02:27:43Z] commit-checkpoint: skipped missing scope paths: package.json, package-lock.json
[2026-05-18T02:27:43Z] commit-checkpoint: refused — nothing to commit in runs/
[2026-05-18T02:27:43Z] push: pushing branch=ticket/T108-t108-multi-project-onboarding-and-project-registry
[2026-05-18T02:27:45Z] push: done branch=ticket/T108-t108-multi-project-onboarding-and-project-registry
[2026-05-18T02:28:19Z] commit-checkpoint: skipped missing scope paths: package.json, package-lock.json
[2026-05-18T02:28:19Z] commit-checkpoint: refused — nothing to commit in runs/
[2026-05-18T02:28:19Z] push: pushing branch=ticket/T108-t108-multi-project-onboarding-and-project-registry
[2026-05-18T02:28:21Z] push: done branch=ticket/T108-t108-multi-project-onboarding-and-project-registry
[2026-05-18T02:28:55Z] commit-checkpoint: skipped missing scope paths: package.json, package-lock.json
[2026-05-18T02:28:55Z] commit-checkpoint: refused — nothing to commit in runs/
[2026-05-18T02:28:55Z] push: pushing branch=ticket/T108-t108-multi-project-onboarding-and-project-registry
[2026-05-18T02:28:57Z] push: done branch=ticket/T108-t108-multi-project-onboarding-and-project-registry
[2026-05-18T02:29:31Z] commit-checkpoint: skipped missing scope paths: package.json, package-lock.json
[2026-05-18T02:29:31Z] commit-checkpoint: refused — nothing to commit in runs/
[2026-05-18T02:29:31Z] push: pushing branch=ticket/T108-t108-multi-project-onboarding-and-project-registry
[2026-05-18T02:29:33Z] push: done branch=ticket/T108-t108-multi-project-onboarding-and-project-registry
[2026-05-18T02:30:07Z] commit-checkpoint: skipped missing scope paths: package.json, package-lock.json
[2026-05-18T02:30:07Z] commit-checkpoint: refused — nothing to commit in runs/
[2026-05-18T02:30:07Z] push: pushing branch=ticket/T108-t108-multi-project-onboarding-and-project-registry
[2026-05-18T02:30:09Z] push: done branch=ticket/T108-t108-multi-project-onboarding-and-project-registry
[2026-05-18T02:30:43Z] commit-checkpoint: skipped missing scope paths: package.json, package-lock.json
[2026-05-18T02:30:43Z] commit-checkpoint: refused — nothing to commit in runs/
[2026-05-18T02:30:43Z] push: pushing branch=ticket/T108-t108-multi-project-onboarding-and-project-registry
[2026-05-18T02:30:45Z] push: done branch=ticket/T108-t108-multi-project-onboarding-and-project-registry
[2026-05-18T02:31:19Z] commit-checkpoint: skipped missing scope paths: package.json, package-lock.json
[2026-05-18T02:31:19Z] commit-checkpoint: refused — nothing to commit in runs/
[2026-05-18T02:31:19Z] push: pushing branch=ticket/T108-t108-multi-project-onboarding-and-project-registry
[2026-05-18T02:31:21Z] push: done branch=ticket/T108-t108-multi-project-onboarding-and-project-registry
[2026-05-18T02:31:55Z] commit-checkpoint: skipped missing scope paths: package.json, package-lock.json
[2026-05-18T02:31:55Z] commit-checkpoint: refused — nothing to commit in runs/
[2026-05-18T02:31:55Z] push: pushing branch=ticket/T108-t108-multi-project-onboarding-and-project-registry
[2026-05-18T02:31:57Z] push: done branch=ticket/T108-t108-multi-project-onboarding-and-project-registry
[2026-05-18T02:32:31Z] commit-checkpoint: skipped missing scope paths: package.json, package-lock.json
[2026-05-18T02:32:31Z] commit-checkpoint: refused — nothing to commit in runs/
[2026-05-18T02:32:31Z] push: pushing branch=ticket/T108-t108-multi-project-onboarding-and-project-registry
[2026-05-18T02:32:33Z] push: done branch=ticket/T108-t108-multi-project-onboarding-and-project-registry
[2026-05-18T02:33:07Z] commit-checkpoint: skipped missing scope paths: package.json, package-lock.json
[2026-05-18T02:33:07Z] commit-checkpoint: refused — nothing to commit in runs/
[2026-05-18T02:33:08Z] push: pushing branch=ticket/T108-t108-multi-project-onboarding-and-project-registry
[2026-05-18T02:33:09Z] push: done branch=ticket/T108-t108-multi-project-onboarding-and-project-registry
[2026-05-18T02:33:44Z] commit-checkpoint: skipped missing scope paths: package.json, package-lock.json
[2026-05-18T02:33:44Z] commit-checkpoint: refused — nothing to commit in runs/
[2026-05-18T02:33:44Z] push: pushing branch=ticket/T108-t108-multi-project-onboarding-and-project-registry
[2026-05-18T02:33:45Z] push: done branch=ticket/T108-t108-multi-project-onboarding-and-project-registry
[2026-05-18T02:34:20Z] commit-checkpoint: skipped missing scope paths: package.json, package-lock.json
[2026-05-18T02:34:20Z] commit-checkpoint: refused — nothing to commit in runs/
[2026-05-18T02:34:20Z] push: pushing branch=ticket/T108-t108-multi-project-onboarding-and-project-registry
[2026-05-18T02:34:21Z] push: done branch=ticket/T108-t108-multi-project-onboarding-and-project-registry
[2026-05-18T02:34:55Z] commit-checkpoint: skipped missing scope paths: package.json, package-lock.json
[2026-05-18T02:34:55Z] commit-checkpoint: refused — nothing to commit in runs/
[2026-05-18T02:34:55Z] push: pushing branch=ticket/T108-t108-multi-project-onboarding-and-project-registry
[2026-05-18T02:34:57Z] push: done branch=ticket/T108-t108-multi-project-onboarding-and-project-registry
[2026-05-18T02:35:32Z] commit-checkpoint: skipped missing scope paths: package.json, package-lock.json
[2026-05-18T02:35:32Z] commit-checkpoint: refused — nothing to commit in runs/
[2026-05-18T02:35:32Z] push: pushing branch=ticket/T108-t108-multi-project-onboarding-and-project-registry
[2026-05-18T02:35:33Z] push: done branch=ticket/T108-t108-multi-project-onboarding-and-project-registry
[2026-05-18T02:36:08Z] commit-checkpoint: skipped missing scope paths: package.json, package-lock.json
[2026-05-18T02:36:08Z] commit-checkpoint: refused — nothing to commit in runs/
[2026-05-18T02:36:08Z] push: pushing branch=ticket/T108-t108-multi-project-onboarding-and-project-registry
[2026-05-18T02:36:09Z] push: done branch=ticket/T108-t108-multi-project-onboarding-and-project-registry
[2026-05-18T02:36:43Z] commit-checkpoint: skipped missing scope paths: package.json, package-lock.json
[2026-05-18T02:36:43Z] commit-checkpoint: refused — nothing to commit in runs/
[2026-05-18T02:36:44Z] push: pushing branch=ticket/T108-t108-multi-project-onboarding-and-project-registry
[2026-05-18T02:36:45Z] push: done branch=ticket/T108-t108-multi-project-onboarding-and-project-registry
[2026-05-18T02:37:19Z] commit-checkpoint: skipped missing scope paths: package.json, package-lock.json
[2026-05-18T02:37:19Z] commit-checkpoint: refused — nothing to commit in runs/
[2026-05-18T02:37:19Z] push: pushing branch=ticket/T108-t108-multi-project-onboarding-and-project-registry
[2026-05-18T02:37:21Z] push: done branch=ticket/T108-t108-multi-project-onboarding-and-project-registry
[2026-05-18T02:37:55Z] commit-checkpoint: skipped missing scope paths: package.json, package-lock.json
[2026-05-18T02:37:55Z] commit-checkpoint: refused — nothing to commit in runs/
[2026-05-18T02:37:55Z] push: pushing branch=ticket/T108-t108-multi-project-onboarding-and-project-registry
[2026-05-18T02:37:57Z] push: done branch=ticket/T108-t108-multi-project-onboarding-and-project-registry
[2026-05-18T02:38:31Z] commit-checkpoint: skipped missing scope paths: package.json, package-lock.json
[2026-05-18T02:38:31Z] commit-checkpoint: refused — nothing to commit in runs/
[2026-05-18T02:38:32Z] push: pushing branch=ticket/T108-t108-multi-project-onboarding-and-project-registry
[2026-05-18T02:38:33Z] push: done branch=ticket/T108-t108-multi-project-onboarding-and-project-registry
[2026-05-18T02:39:08Z] commit-checkpoint: skipped missing scope paths: package.json, package-lock.json
[2026-05-18T02:39:08Z] commit-checkpoint: refused — nothing to commit in runs/
[2026-05-18T02:39:08Z] push: pushing branch=ticket/T108-t108-multi-project-onboarding-and-project-registry
[2026-05-18T02:39:09Z] push: done branch=ticket/T108-t108-multi-project-onboarding-and-project-registry
[2026-05-18T02:39:44Z] commit-checkpoint: skipped missing scope paths: package.json, package-lock.json
[2026-05-18T02:39:44Z] commit-checkpoint: refused — nothing to commit in runs/
[2026-05-18T02:39:44Z] push: pushing branch=ticket/T108-t108-multi-project-onboarding-and-project-registry
[2026-05-18T02:39:45Z] push: done branch=ticket/T108-t108-multi-project-onboarding-and-project-registry
[2026-05-18T02:40:20Z] commit-checkpoint: skipped missing scope paths: package.json, package-lock.json
[2026-05-18T02:40:20Z] commit-checkpoint: refused — nothing to commit in runs/
[2026-05-18T02:40:20Z] push: pushing branch=ticket/T108-t108-multi-project-onboarding-and-project-registry
[2026-05-18T02:40:21Z] push: done branch=ticket/T108-t108-multi-project-onboarding-and-project-registry
[2026-05-18T02:40:56Z] commit-checkpoint: skipped missing scope paths: package.json, package-lock.json
[2026-05-18T02:40:56Z] commit-checkpoint: refused — nothing to commit in runs/
[2026-05-18T02:40:56Z] push: pushing branch=ticket/T108-t108-multi-project-onboarding-and-project-registry
[2026-05-18T02:40:57Z] push: done branch=ticket/T108-t108-multi-project-onboarding-and-project-registry
[2026-05-18T02:41:32Z] commit-checkpoint: skipped missing scope paths: package.json, package-lock.json
[2026-05-18T02:41:32Z] commit-checkpoint: refused — nothing to commit in runs/
[2026-05-18T02:41:32Z] push: pushing branch=ticket/T108-t108-multi-project-onboarding-and-project-registry
[2026-05-18T02:41:33Z] push: done branch=ticket/T108-t108-multi-project-onboarding-and-project-registry
[2026-05-18T02:42:07Z] commit-checkpoint: skipped missing scope paths: package.json, package-lock.json
[2026-05-18T02:42:07Z] commit-checkpoint: refused — nothing to commit in runs/
[2026-05-18T02:42:08Z] push: pushing branch=ticket/T108-t108-multi-project-onboarding-and-project-registry
[2026-05-18T02:42:09Z] push: done branch=ticket/T108-t108-multi-project-onboarding-and-project-registry
[2026-05-18T02:42:43Z] commit-checkpoint: skipped missing scope paths: package.json, package-lock.json
[2026-05-18T02:42:43Z] commit-checkpoint: refused — nothing to commit in runs/
[2026-05-18T02:42:43Z] push: pushing branch=ticket/T108-t108-multi-project-onboarding-and-project-registry
[2026-05-18T02:42:45Z] push: done branch=ticket/T108-t108-multi-project-onboarding-and-project-registry
[2026-05-18T02:43:20Z] commit-checkpoint: skipped missing scope paths: package.json, package-lock.json
[2026-05-18T02:43:20Z] commit-checkpoint: refused — nothing to commit in runs/
[2026-05-18T02:43:20Z] push: pushing branch=ticket/T108-t108-multi-project-onboarding-and-project-registry
[2026-05-18T02:43:21Z] push: done branch=ticket/T108-t108-multi-project-onboarding-and-project-registry
[2026-05-18T02:43:55Z] commit-checkpoint: skipped missing scope paths: package.json, package-lock.json
[2026-05-18T02:43:55Z] commit-checkpoint: refused — nothing to commit in runs/
[2026-05-18T02:43:56Z] push: pushing branch=ticket/T108-t108-multi-project-onboarding-and-project-registry
[2026-05-18T02:43:57Z] push: done branch=ticket/T108-t108-multi-project-onboarding-and-project-registry
[2026-05-18T02:44:32Z] commit-checkpoint: skipped missing scope paths: package.json, package-lock.json
[2026-05-18T02:44:32Z] commit-checkpoint: refused — nothing to commit in runs/
[2026-05-18T02:44:32Z] push: pushing branch=ticket/T108-t108-multi-project-onboarding-and-project-registry
[2026-05-18T02:44:33Z] push: done branch=ticket/T108-t108-multi-project-onboarding-and-project-registry
[2026-05-18T02:45:08Z] commit-checkpoint: skipped missing scope paths: package.json, package-lock.json
[2026-05-18T02:45:08Z] commit-checkpoint: refused — nothing to commit in runs/
[2026-05-18T02:45:08Z] push: pushing branch=ticket/T108-t108-multi-project-onboarding-and-project-registry
[2026-05-18T02:45:09Z] push: done branch=ticket/T108-t108-multi-project-onboarding-and-project-registry
[2026-05-18T02:45:44Z] commit-checkpoint: skipped missing scope paths: package.json, package-lock.json
[2026-05-18T02:45:44Z] commit-checkpoint: refused — nothing to commit in runs/
[2026-05-18T02:45:44Z] push: pushing branch=ticket/T108-t108-multi-project-onboarding-and-project-registry
[2026-05-18T02:45:45Z] push: done branch=ticket/T108-t108-multi-project-onboarding-and-project-registry
[2026-05-18T02:46:20Z] commit-checkpoint: skipped missing scope paths: package.json, package-lock.json
[2026-05-18T02:46:20Z] commit-checkpoint: refused — nothing to commit in runs/
[2026-05-18T02:46:20Z] push: pushing branch=ticket/T108-t108-multi-project-onboarding-and-project-registry
[2026-05-18T02:46:21Z] push: done branch=ticket/T108-t108-multi-project-onboarding-and-project-registry
[2026-05-18T02:46:56Z] commit-checkpoint: skipped missing scope paths: package.json, package-lock.json
[2026-05-18T02:46:56Z] commit-checkpoint: refused — nothing to commit in runs/
[2026-05-18T02:46:56Z] push: pushing branch=ticket/T108-t108-multi-project-onboarding-and-project-registry
[2026-05-18T02:46:57Z] push: done branch=ticket/T108-t108-multi-project-onboarding-and-project-registry
[2026-05-18T02:47:32Z] commit-checkpoint: skipped missing scope paths: package.json, package-lock.json
[2026-05-18T02:47:32Z] commit-checkpoint: refused — nothing to commit in runs/
[2026-05-18T02:47:32Z] push: pushing branch=ticket/T108-t108-multi-project-onboarding-and-project-registry
[2026-05-18T02:47:33Z] push: done branch=ticket/T108-t108-multi-project-onboarding-and-project-registry
[2026-05-18T02:48:08Z] commit-checkpoint: skipped missing scope paths: package.json, package-lock.json
[2026-05-18T02:48:08Z] commit-checkpoint: refused — nothing to commit in runs/
[2026-05-18T02:48:08Z] push: pushing branch=ticket/T108-t108-multi-project-onboarding-and-project-registry
[2026-05-18T02:48:09Z] push: done branch=ticket/T108-t108-multi-project-onboarding-and-project-registry
[2026-05-18T02:48:44Z] commit-checkpoint: skipped missing scope paths: package.json, package-lock.json
[2026-05-18T02:48:44Z] commit-checkpoint: refused — nothing to commit in runs/
[2026-05-18T02:48:44Z] push: pushing branch=ticket/T108-t108-multi-project-onboarding-and-project-registry
[2026-05-18T02:48:46Z] push: done branch=ticket/T108-t108-multi-project-onboarding-and-project-registry
[2026-05-18T02:49:20Z] commit-checkpoint: skipped missing scope paths: package.json, package-lock.json
[2026-05-18T02:49:20Z] commit-checkpoint: refused — nothing to commit in runs/
[2026-05-18T02:49:20Z] push: pushing branch=ticket/T108-t108-multi-project-onboarding-and-project-registry
[2026-05-18T02:49:22Z] push: done branch=ticket/T108-t108-multi-project-onboarding-and-project-registry
[2026-05-18T02:49:56Z] commit-checkpoint: skipped missing scope paths: package.json, package-lock.json
[2026-05-18T02:49:56Z] commit-checkpoint: refused — nothing to commit in runs/
[2026-05-18T02:49:56Z] push: pushing branch=ticket/T108-t108-multi-project-onboarding-and-project-registry
[2026-05-18T02:49:58Z] push: done branch=ticket/T108-t108-multi-project-onboarding-and-project-registry
[2026-05-18T02:50:32Z] commit-checkpoint: skipped missing scope paths: package.json, package-lock.json
[2026-05-18T02:50:32Z] commit-checkpoint: refused — nothing to commit in runs/
[2026-05-18T02:50:32Z] push: pushing branch=ticket/T108-t108-multi-project-onboarding-and-project-registry
[2026-05-18T02:50:34Z] push: done branch=ticket/T108-t108-multi-project-onboarding-and-project-registry
[2026-05-18T02:51:09Z] commit-checkpoint: skipped missing scope paths: package.json, package-lock.json
[2026-05-18T02:51:09Z] commit-checkpoint: refused — nothing to commit in runs/
[2026-05-18T02:51:09Z] push: pushing branch=ticket/T108-t108-multi-project-onboarding-and-project-registry
[2026-05-18T02:51:10Z] push: done branch=ticket/T108-t108-multi-project-onboarding-and-project-registry
[2026-05-18T02:51:44Z] commit-checkpoint: skipped missing scope paths: package.json, package-lock.json
[2026-05-18T02:51:44Z] commit-checkpoint: refused — nothing to commit in runs/
[2026-05-18T02:51:45Z] push: pushing branch=ticket/T108-t108-multi-project-onboarding-and-project-registry
[2026-05-18T02:51:46Z] push: done branch=ticket/T108-t108-multi-project-onboarding-and-project-registry
[2026-05-18T02:52:20Z] commit-checkpoint: skipped missing scope paths: package.json, package-lock.json
[2026-05-18T02:52:20Z] commit-checkpoint: refused — nothing to commit in runs/
[2026-05-18T02:52:21Z] push: pushing branch=ticket/T108-t108-multi-project-onboarding-and-project-registry
[2026-05-18T02:52:22Z] push: done branch=ticket/T108-t108-multi-project-onboarding-and-project-registry
[2026-05-18T02:52:57Z] commit-checkpoint: skipped missing scope paths: package.json, package-lock.json
[2026-05-18T02:52:57Z] commit-checkpoint: refused — nothing to commit in runs/
[2026-05-18T02:52:57Z] push: pushing branch=ticket/T108-t108-multi-project-onboarding-and-project-registry
[2026-05-18T02:52:58Z] push: done branch=ticket/T108-t108-multi-project-onboarding-and-project-registry
[2026-05-18T02:53:32Z] commit-checkpoint: skipped missing scope paths: package.json, package-lock.json
[2026-05-18T02:53:32Z] commit-checkpoint: refused — nothing to commit in runs/
[2026-05-18T02:53:32Z] push: pushing branch=ticket/T108-t108-multi-project-onboarding-and-project-registry
[2026-05-18T02:53:34Z] push: done branch=ticket/T108-t108-multi-project-onboarding-and-project-registry
[2026-05-18T02:54:08Z] commit-checkpoint: skipped missing scope paths: package.json, package-lock.json
[2026-05-18T02:54:08Z] commit-checkpoint: refused — nothing to commit in runs/
[2026-05-18T02:54:08Z] push: pushing branch=ticket/T108-t108-multi-project-onboarding-and-project-registry
[2026-05-18T02:54:10Z] push: done branch=ticket/T108-t108-multi-project-onboarding-and-project-registry
[2026-05-18T02:54:45Z] commit-checkpoint: skipped missing scope paths: package.json, package-lock.json
[2026-05-18T02:54:45Z] commit-checkpoint: refused — nothing to commit in runs/
[2026-05-18T02:54:45Z] push: pushing branch=ticket/T108-t108-multi-project-onboarding-and-project-registry
[2026-05-18T02:54:46Z] push: done branch=ticket/T108-t108-multi-project-onboarding-and-project-registry
[2026-05-18T02:55:21Z] commit-checkpoint: skipped missing scope paths: package.json, package-lock.json
[2026-05-18T02:55:21Z] commit-checkpoint: refused — nothing to commit in runs/
[2026-05-18T02:55:21Z] push: pushing branch=ticket/T108-t108-multi-project-onboarding-and-project-registry
[2026-05-18T02:55:22Z] push: done branch=ticket/T108-t108-multi-project-onboarding-and-project-registry
[2026-05-18T02:55:57Z] commit-checkpoint: skipped missing scope paths: package.json, package-lock.json
[2026-05-18T02:55:57Z] commit-checkpoint: refused — nothing to commit in runs/
[2026-05-18T02:55:57Z] push: pushing branch=ticket/T108-t108-multi-project-onboarding-and-project-registry
[2026-05-18T02:55:58Z] push: done branch=ticket/T108-t108-multi-project-onboarding-and-project-registry
[2026-05-18T02:56:33Z] commit-checkpoint: skipped missing scope paths: package.json, package-lock.json
[2026-05-18T02:56:33Z] commit-checkpoint: refused — nothing to commit in runs/
[2026-05-18T02:56:33Z] push: pushing branch=ticket/T108-t108-multi-project-onboarding-and-project-registry
[2026-05-18T02:56:35Z] push: done branch=ticket/T108-t108-multi-project-onboarding-and-project-registry
[2026-05-18T02:57:09Z] commit-checkpoint: skipped missing scope paths: package.json, package-lock.json
[2026-05-18T02:57:09Z] commit-checkpoint: refused — nothing to commit in runs/
[2026-05-18T02:57:09Z] push: pushing branch=ticket/T108-t108-multi-project-onboarding-and-project-registry
[2026-05-18T02:57:11Z] push: done branch=ticket/T108-t108-multi-project-onboarding-and-project-registry
[2026-05-18T02:57:45Z] commit-checkpoint: skipped missing scope paths: package.json, package-lock.json
[2026-05-18T02:57:45Z] commit-checkpoint: refused — nothing to commit in runs/
[2026-05-18T02:57:45Z] push: pushing branch=ticket/T108-t108-multi-project-onboarding-and-project-registry
[2026-05-18T02:57:47Z] push: done branch=ticket/T108-t108-multi-project-onboarding-and-project-registry
[2026-05-18T02:58:21Z] commit-checkpoint: skipped missing scope paths: package.json, package-lock.json
[2026-05-18T02:58:21Z] commit-checkpoint: refused — nothing to commit in runs/
[2026-05-18T02:58:21Z] push: pushing branch=ticket/T108-t108-multi-project-onboarding-and-project-registry
[2026-05-18T02:58:23Z] push: done branch=ticket/T108-t108-multi-project-onboarding-and-project-registry
[2026-05-18T02:58:57Z] commit-checkpoint: skipped missing scope paths: package.json, package-lock.json
[2026-05-18T02:58:57Z] commit-checkpoint: refused — nothing to commit in runs/
[2026-05-18T02:58:58Z] push: pushing branch=ticket/T108-t108-multi-project-onboarding-and-project-registry
[2026-05-18T02:58:59Z] push: done branch=ticket/T108-t108-multi-project-onboarding-and-project-registry
[2026-05-18T02:59:33Z] commit-checkpoint: skipped missing scope paths: package.json, package-lock.json
[2026-05-18T02:59:33Z] commit-checkpoint: refused — nothing to commit in runs/
[2026-05-18T02:59:34Z] push: pushing branch=ticket/T108-t108-multi-project-onboarding-and-project-registry
[2026-05-18T02:59:35Z] push: done branch=ticket/T108-t108-multi-project-onboarding-and-project-registry
[2026-05-18T03:00:10Z] commit-checkpoint: skipped missing scope paths: package.json, package-lock.json
[2026-05-18T03:00:10Z] commit-checkpoint: refused — nothing to commit in runs/
[2026-05-18T03:00:10Z] push: pushing branch=ticket/T108-t108-multi-project-onboarding-and-project-registry
[2026-05-18T03:00:11Z] push: done branch=ticket/T108-t108-multi-project-onboarding-and-project-registry
[2026-05-18T03:00:46Z] commit-checkpoint: skipped missing scope paths: package.json, package-lock.json
[2026-05-18T03:00:46Z] commit-checkpoint: refused — nothing to commit in runs/
[2026-05-18T03:00:46Z] push: pushing branch=ticket/T108-t108-multi-project-onboarding-and-project-registry
[2026-05-18T03:00:47Z] push: done branch=ticket/T108-t108-multi-project-onboarding-and-project-registry
[2026-05-18T03:01:22Z] commit-checkpoint: skipped missing scope paths: package.json, package-lock.json
[2026-05-18T03:01:22Z] commit-checkpoint: refused — nothing to commit in runs/
[2026-05-18T03:01:22Z] push: pushing branch=ticket/T108-t108-multi-project-onboarding-and-project-registry
[2026-05-18T03:01:23Z] push: done branch=ticket/T108-t108-multi-project-onboarding-and-project-registry
[2026-05-18T03:01:58Z] commit-checkpoint: skipped missing scope paths: package.json, package-lock.json
[2026-05-18T03:01:58Z] commit-checkpoint: refused — nothing to commit in runs/
[2026-05-18T03:01:58Z] push: pushing branch=ticket/T108-t108-multi-project-onboarding-and-project-registry
[2026-05-18T03:01:59Z] push: done branch=ticket/T108-t108-multi-project-onboarding-and-project-registry
[2026-05-18T03:02:34Z] commit-checkpoint: skipped missing scope paths: package.json, package-lock.json
[2026-05-18T03:02:34Z] commit-checkpoint: refused — nothing to commit in runs/
[2026-05-18T03:02:34Z] push: pushing branch=ticket/T108-t108-multi-project-onboarding-and-project-registry
[2026-05-18T03:02:36Z] push: done branch=ticket/T108-t108-multi-project-onboarding-and-project-registry
[2026-05-18T03:03:10Z] commit-checkpoint: skipped missing scope paths: package.json, package-lock.json
[2026-05-18T03:03:10Z] commit-checkpoint: refused — nothing to commit in runs/
[2026-05-18T03:03:10Z] push: pushing branch=ticket/T108-t108-multi-project-onboarding-and-project-registry
[2026-05-18T03:03:12Z] push: done branch=ticket/T108-t108-multi-project-onboarding-and-project-registry
[2026-05-18T03:03:46Z] commit-checkpoint: skipped missing scope paths: package.json, package-lock.json
[2026-05-18T03:03:46Z] commit-checkpoint: refused — nothing to commit in runs/
[2026-05-18T03:03:46Z] push: pushing branch=ticket/T108-t108-multi-project-onboarding-and-project-registry
[2026-05-18T03:03:48Z] push: done branch=ticket/T108-t108-multi-project-onboarding-and-project-registry
[2026-05-18T03:04:23Z] commit-checkpoint: skipped missing scope paths: package.json, package-lock.json
[2026-05-18T03:04:23Z] commit-checkpoint: refused — nothing to commit in runs/
[2026-05-18T03:04:23Z] push: pushing branch=ticket/T108-t108-multi-project-onboarding-and-project-registry
[2026-05-18T03:04:24Z] push: done branch=ticket/T108-t108-multi-project-onboarding-and-project-registry
[2026-05-18T03:04:59Z] commit-checkpoint: skipped missing scope paths: package.json, package-lock.json
[2026-05-18T03:04:59Z] commit-checkpoint: refused — nothing to commit in runs/
[2026-05-18T03:04:59Z] push: pushing branch=ticket/T108-t108-multi-project-onboarding-and-project-registry
[2026-05-18T03:05:00Z] push: done branch=ticket/T108-t108-multi-project-onboarding-and-project-registry
[2026-05-18T03:05:35Z] commit-checkpoint: skipped missing scope paths: package.json, package-lock.json
[2026-05-18T03:05:35Z] commit-checkpoint: refused — nothing to commit in runs/
[2026-05-18T03:05:35Z] push: pushing branch=ticket/T108-t108-multi-project-onboarding-and-project-registry
[2026-05-18T03:05:36Z] push: done branch=ticket/T108-t108-multi-project-onboarding-and-project-registry
[2026-05-18T03:06:11Z] commit-checkpoint: skipped missing scope paths: package.json, package-lock.json
[2026-05-18T03:06:11Z] commit-checkpoint: refused — nothing to commit in runs/
[2026-05-18T03:06:11Z] push: pushing branch=ticket/T108-t108-multi-project-onboarding-and-project-registry
[2026-05-18T03:06:12Z] push: done branch=ticket/T108-t108-multi-project-onboarding-and-project-registry
[2026-05-18T03:06:47Z] commit-checkpoint: skipped missing scope paths: package.json, package-lock.json
[2026-05-18T03:06:47Z] commit-checkpoint: refused — nothing to commit in runs/
[2026-05-18T03:06:47Z] push: pushing branch=ticket/T108-t108-multi-project-onboarding-and-project-registry
[2026-05-18T03:06:48Z] push: done branch=ticket/T108-t108-multi-project-onboarding-and-project-registry
[2026-05-18T03:07:23Z] commit-checkpoint: skipped missing scope paths: package.json, package-lock.json
[2026-05-18T03:07:23Z] commit-checkpoint: refused — nothing to commit in runs/
[2026-05-18T03:07:23Z] push: pushing branch=ticket/T108-t108-multi-project-onboarding-and-project-registry
[2026-05-18T03:07:24Z] push: done branch=ticket/T108-t108-multi-project-onboarding-and-project-registry
[2026-05-18T03:07:59Z] commit-checkpoint: skipped missing scope paths: package.json, package-lock.json
[2026-05-18T03:07:59Z] commit-checkpoint: refused — nothing to commit in runs/
[2026-05-18T03:07:59Z] push: pushing branch=ticket/T108-t108-multi-project-onboarding-and-project-registry
[2026-05-18T03:08:01Z] push: done branch=ticket/T108-t108-multi-project-onboarding-and-project-registry
[2026-05-18T03:08:35Z] commit-checkpoint: skipped missing scope paths: package.json, package-lock.json
[2026-05-18T03:08:35Z] commit-checkpoint: refused — nothing to commit in runs/
[2026-05-18T03:08:35Z] push: pushing branch=ticket/T108-t108-multi-project-onboarding-and-project-registry
[2026-05-18T03:08:37Z] push: done branch=ticket/T108-t108-multi-project-onboarding-and-project-registry
[2026-05-18T03:09:11Z] commit-checkpoint: skipped missing scope paths: package.json, package-lock.json
[2026-05-18T03:09:11Z] commit-checkpoint: refused — nothing to commit in runs/
[2026-05-18T03:09:12Z] push: pushing branch=ticket/T108-t108-multi-project-onboarding-and-project-registry
[2026-05-18T03:09:13Z] push: done branch=ticket/T108-t108-multi-project-onboarding-and-project-registry
[2026-05-18T03:09:48Z] commit-checkpoint: skipped missing scope paths: package.json, package-lock.json
[2026-05-18T03:09:48Z] commit-checkpoint: refused — nothing to commit in runs/
[2026-05-18T03:09:48Z] push: pushing branch=ticket/T108-t108-multi-project-onboarding-and-project-registry
[2026-05-18T03:09:49Z] push: done branch=ticket/T108-t108-multi-project-onboarding-and-project-registry
[2026-05-18T03:10:24Z] commit-checkpoint: skipped missing scope paths: package.json, package-lock.json
[2026-05-18T03:10:24Z] commit-checkpoint: refused — nothing to commit in runs/
[2026-05-18T03:10:24Z] push: pushing branch=ticket/T108-t108-multi-project-onboarding-and-project-registry
[2026-05-18T03:10:25Z] push: done branch=ticket/T108-t108-multi-project-onboarding-and-project-registry
[2026-05-18T03:11:00Z] commit-checkpoint: skipped missing scope paths: package.json, package-lock.json
[2026-05-18T03:11:00Z] commit-checkpoint: refused — nothing to commit in runs/
[2026-05-18T03:11:00Z] push: pushing branch=ticket/T108-t108-multi-project-onboarding-and-project-registry
[2026-05-18T03:11:02Z] push: done branch=ticket/T108-t108-multi-project-onboarding-and-project-registry
[2026-05-18T03:11:36Z] commit-checkpoint: skipped missing scope paths: package.json, package-lock.json
[2026-05-18T03:11:36Z] commit-checkpoint: refused — nothing to commit in runs/
[2026-05-18T03:11:36Z] push: pushing branch=ticket/T108-t108-multi-project-onboarding-and-project-registry
[2026-05-18T03:11:38Z] push: done branch=ticket/T108-t108-multi-project-onboarding-and-project-registry
[2026-05-18T03:12:13Z] commit-checkpoint: skipped missing scope paths: package.json, package-lock.json
[2026-05-18T03:12:13Z] commit-checkpoint: refused — nothing to commit in runs/
[2026-05-18T03:12:13Z] push: pushing branch=ticket/T108-t108-multi-project-onboarding-and-project-registry
[2026-05-18T03:12:14Z] push: done branch=ticket/T108-t108-multi-project-onboarding-and-project-registry
[2026-05-18T03:12:48Z] commit-checkpoint: skipped missing scope paths: package.json, package-lock.json
[2026-05-18T03:12:49Z] commit-checkpoint: refused — nothing to commit in runs/
[2026-05-18T03:12:49Z] push: pushing branch=ticket/T108-t108-multi-project-onboarding-and-project-registry
[2026-05-18T03:12:50Z] push: done branch=ticket/T108-t108-multi-project-onboarding-and-project-registry
[2026-05-18T03:13:25Z] commit-checkpoint: skipped missing scope paths: package.json, package-lock.json
[2026-05-18T03:13:25Z] commit-checkpoint: refused — nothing to commit in runs/
[2026-05-18T03:13:25Z] push: pushing branch=ticket/T108-t108-multi-project-onboarding-and-project-registry
[2026-05-18T03:13:26Z] push: done branch=ticket/T108-t108-multi-project-onboarding-and-project-registry
[2026-05-18T03:14:01Z] commit-checkpoint: skipped missing scope paths: package.json, package-lock.json
[2026-05-18T03:14:01Z] commit-checkpoint: refused — nothing to commit in runs/
[2026-05-18T03:14:01Z] push: pushing branch=ticket/T108-t108-multi-project-onboarding-and-project-registry
[2026-05-18T03:14:02Z] push: done branch=ticket/T108-t108-multi-project-onboarding-and-project-registry
[2026-05-18T03:14:37Z] commit-checkpoint: skipped missing scope paths: package.json, package-lock.json
[2026-05-18T03:14:37Z] commit-checkpoint: refused — nothing to commit in runs/
[2026-05-18T03:14:37Z] push: pushing branch=ticket/T108-t108-multi-project-onboarding-and-project-registry
[2026-05-18T03:14:38Z] push: done branch=ticket/T108-t108-multi-project-onboarding-and-project-registry
[2026-05-18T03:15:13Z] commit-checkpoint: skipped missing scope paths: package.json, package-lock.json
[2026-05-18T03:15:13Z] commit-checkpoint: refused — nothing to commit in runs/
[2026-05-18T03:15:13Z] push: pushing branch=ticket/T108-t108-multi-project-onboarding-and-project-registry
[2026-05-18T03:15:15Z] push: done branch=ticket/T108-t108-multi-project-onboarding-and-project-registry
[2026-05-18T03:15:49Z] commit-checkpoint: skipped missing scope paths: package.json, package-lock.json
[2026-05-18T03:15:49Z] commit-checkpoint: refused — nothing to commit in runs/
[2026-05-18T03:15:49Z] push: pushing branch=ticket/T108-t108-multi-project-onboarding-and-project-registry
[2026-05-18T03:15:51Z] push: done branch=ticket/T108-t108-multi-project-onboarding-and-project-registry
[2026-05-18T03:16:26Z] commit-checkpoint: skipped missing scope paths: package.json, package-lock.json
[2026-05-18T03:16:26Z] commit-checkpoint: refused — nothing to commit in runs/
[2026-05-18T03:16:26Z] push: pushing branch=ticket/T108-t108-multi-project-onboarding-and-project-registry
[2026-05-18T03:16:27Z] push: done branch=ticket/T108-t108-multi-project-onboarding-and-project-registry
[2026-05-18T03:17:02Z] commit-checkpoint: skipped missing scope paths: package.json, package-lock.json
[2026-05-18T03:17:02Z] commit-checkpoint: refused — nothing to commit in runs/
[2026-05-18T03:17:02Z] push: pushing branch=ticket/T108-t108-multi-project-onboarding-and-project-registry
[2026-05-18T03:17:03Z] push: done branch=ticket/T108-t108-multi-project-onboarding-and-project-registry
[2026-05-18T03:17:38Z] commit-checkpoint: skipped missing scope paths: package.json, package-lock.json
[2026-05-18T03:17:38Z] commit-checkpoint: refused — nothing to commit in runs/
[2026-05-18T03:17:38Z] push: pushing branch=ticket/T108-t108-multi-project-onboarding-and-project-registry
[2026-05-18T03:17:39Z] push: done branch=ticket/T108-t108-multi-project-onboarding-and-project-registry
[2026-05-18T03:18:14Z] commit-checkpoint: skipped missing scope paths: package.json, package-lock.json
[2026-05-18T03:18:14Z] commit-checkpoint: refused — nothing to commit in runs/
[2026-05-18T03:18:14Z] push: pushing branch=ticket/T108-t108-multi-project-onboarding-and-project-registry
[2026-05-18T03:18:15Z] push: done branch=ticket/T108-t108-multi-project-onboarding-and-project-registry
[2026-05-18T03:18:49Z] commit-checkpoint: skipped missing scope paths: package.json, package-lock.json
[2026-05-18T03:18:49Z] commit-checkpoint: refused — nothing to commit in runs/
[2026-05-18T03:18:50Z] push: pushing branch=ticket/T108-t108-multi-project-onboarding-and-project-registry
[2026-05-18T03:18:51Z] push: done branch=ticket/T108-t108-multi-project-onboarding-and-project-registry
[2026-05-18T03:19:26Z] commit-checkpoint: skipped missing scope paths: package.json, package-lock.json
[2026-05-18T03:19:26Z] commit-checkpoint: refused — nothing to commit in runs/
[2026-05-18T03:19:26Z] push: pushing branch=ticket/T108-t108-multi-project-onboarding-and-project-registry
[2026-05-18T03:19:27Z] push: done branch=ticket/T108-t108-multi-project-onboarding-and-project-registry
[2026-05-18T03:20:02Z] commit-checkpoint: skipped missing scope paths: package.json, package-lock.json
[2026-05-18T03:20:02Z] commit-checkpoint: refused — nothing to commit in runs/
[2026-05-18T03:20:02Z] push: pushing branch=ticket/T108-t108-multi-project-onboarding-and-project-registry
[2026-05-18T03:20:03Z] push: done branch=ticket/T108-t108-multi-project-onboarding-and-project-registry
[2026-05-18T03:20:37Z] commit-checkpoint: skipped missing scope paths: package.json, package-lock.json
[2026-05-18T03:20:37Z] commit-checkpoint: refused — nothing to commit in runs/
[2026-05-18T03:20:38Z] push: pushing branch=ticket/T108-t108-multi-project-onboarding-and-project-registry
[2026-05-18T03:20:39Z] push: done branch=ticket/T108-t108-multi-project-onboarding-and-project-registry
[2026-05-18T03:21:13Z] commit-checkpoint: skipped missing scope paths: package.json, package-lock.json
[2026-05-18T03:21:13Z] commit-checkpoint: refused — nothing to commit in runs/
[2026-05-18T03:21:13Z] push: pushing branch=ticket/T108-t108-multi-project-onboarding-and-project-registry
[2026-05-18T03:21:15Z] push: done branch=ticket/T108-t108-multi-project-onboarding-and-project-registry
[2026-05-18T03:21:49Z] commit-checkpoint: skipped missing scope paths: package.json, package-lock.json
[2026-05-18T03:21:49Z] commit-checkpoint: refused — nothing to commit in runs/
[2026-05-18T03:21:49Z] push: pushing branch=ticket/T108-t108-multi-project-onboarding-and-project-registry
[2026-05-18T03:21:51Z] push: done branch=ticket/T108-t108-multi-project-onboarding-and-project-registry
[2026-05-18T03:22:25Z] commit-checkpoint: skipped missing scope paths: package.json, package-lock.json
[2026-05-18T03:22:25Z] commit-checkpoint: refused — nothing to commit in runs/
[2026-05-18T03:22:25Z] push: pushing branch=ticket/T108-t108-multi-project-onboarding-and-project-registry
[2026-05-18T03:22:27Z] push: done branch=ticket/T108-t108-multi-project-onboarding-and-project-registry
[2026-05-18T03:23:01Z] commit-checkpoint: skipped missing scope paths: package.json, package-lock.json
[2026-05-18T03:23:01Z] commit-checkpoint: refused — nothing to commit in runs/
[2026-05-18T03:23:01Z] push: pushing branch=ticket/T108-t108-multi-project-onboarding-and-project-registry
[2026-05-18T03:23:03Z] push: done branch=ticket/T108-t108-multi-project-onboarding-and-project-registry
[2026-05-18T03:23:37Z] commit-checkpoint: skipped missing scope paths: package.json, package-lock.json
[2026-05-18T03:23:37Z] commit-checkpoint: refused — nothing to commit in runs/
[2026-05-18T03:23:37Z] push: pushing branch=ticket/T108-t108-multi-project-onboarding-and-project-registry
[2026-05-18T03:23:39Z] push: done branch=ticket/T108-t108-multi-project-onboarding-and-project-registry
[2026-05-18T03:24:13Z] commit-checkpoint: skipped missing scope paths: package.json, package-lock.json
[2026-05-18T03:24:13Z] commit-checkpoint: refused — nothing to commit in runs/
[2026-05-18T03:24:13Z] push: pushing branch=ticket/T108-t108-multi-project-onboarding-and-project-registry
[2026-05-18T03:24:15Z] push: done branch=ticket/T108-t108-multi-project-onboarding-and-project-registry
[2026-05-18T03:24:49Z] commit-checkpoint: skipped missing scope paths: package.json, package-lock.json
[2026-05-18T03:24:49Z] commit-checkpoint: refused — nothing to commit in runs/
[2026-05-18T03:24:49Z] push: pushing branch=ticket/T108-t108-multi-project-onboarding-and-project-registry
[2026-05-18T03:24:51Z] push: done branch=ticket/T108-t108-multi-project-onboarding-and-project-registry
[2026-05-18T03:25:26Z] commit-checkpoint: skipped missing scope paths: package.json, package-lock.json
[2026-05-18T03:25:26Z] commit-checkpoint: refused — nothing to commit in runs/
[2026-05-18T03:25:26Z] push: pushing branch=ticket/T108-t108-multi-project-onboarding-and-project-registry
[2026-05-18T03:25:27Z] push: done branch=ticket/T108-t108-multi-project-onboarding-and-project-registry
[2026-05-18T03:26:02Z] commit-checkpoint: skipped missing scope paths: package.json, package-lock.json
[2026-05-18T03:26:02Z] commit-checkpoint: refused — nothing to commit in runs/
[2026-05-18T03:26:02Z] push: pushing branch=ticket/T108-t108-multi-project-onboarding-and-project-registry
[2026-05-18T03:26:04Z] push: done branch=ticket/T108-t108-multi-project-onboarding-and-project-registry
[2026-05-18T03:26:38Z] commit-checkpoint: skipped missing scope paths: package.json, package-lock.json
[2026-05-18T03:26:38Z] commit-checkpoint: refused — nothing to commit in runs/
[2026-05-18T03:26:38Z] push: pushing branch=ticket/T108-t108-multi-project-onboarding-and-project-registry
[2026-05-18T03:26:40Z] push: done branch=ticket/T108-t108-multi-project-onboarding-and-project-registry
[2026-05-18T03:27:14Z] commit-checkpoint: skipped missing scope paths: package.json, package-lock.json
[2026-05-18T03:27:14Z] commit-checkpoint: refused — nothing to commit in runs/
[2026-05-18T03:27:14Z] push: pushing branch=ticket/T108-t108-multi-project-onboarding-and-project-registry
[2026-05-18T03:27:16Z] push: done branch=ticket/T108-t108-multi-project-onboarding-and-project-registry
[2026-05-18T03:27:50Z] commit-checkpoint: skipped missing scope paths: package.json, package-lock.json
[2026-05-18T03:27:50Z] commit-checkpoint: refused — nothing to commit in runs/
[2026-05-18T03:27:50Z] push: pushing branch=ticket/T108-t108-multi-project-onboarding-and-project-registry
[2026-05-18T03:27:52Z] push: done branch=ticket/T108-t108-multi-project-onboarding-and-project-registry
[2026-05-18T03:28:26Z] commit-checkpoint: skipped missing scope paths: package.json, package-lock.json
[2026-05-18T03:28:26Z] commit-checkpoint: refused — nothing to commit in runs/
[2026-05-18T03:28:26Z] push: pushing branch=ticket/T108-t108-multi-project-onboarding-and-project-registry
[2026-05-18T03:28:27Z] push: done branch=ticket/T108-t108-multi-project-onboarding-and-project-registry
[2026-05-18T03:29:02Z] commit-checkpoint: skipped missing scope paths: package.json, package-lock.json
[2026-05-18T03:29:02Z] commit-checkpoint: refused — nothing to commit in runs/
[2026-05-18T03:29:02Z] push: pushing branch=ticket/T108-t108-multi-project-onboarding-and-project-registry
[2026-05-18T03:29:03Z] push: done branch=ticket/T108-t108-multi-project-onboarding-and-project-registry
[2026-05-18T03:29:38Z] commit-checkpoint: skipped missing scope paths: package.json, package-lock.json
[2026-05-18T03:29:38Z] commit-checkpoint: refused — nothing to commit in runs/
[2026-05-18T03:29:38Z] push: pushing branch=ticket/T108-t108-multi-project-onboarding-and-project-registry
[2026-05-18T03:29:39Z] push: done branch=ticket/T108-t108-multi-project-onboarding-and-project-registry
[2026-05-18T03:30:14Z] commit-checkpoint: skipped missing scope paths: package.json, package-lock.json
[2026-05-18T03:30:14Z] commit-checkpoint: refused — nothing to commit in runs/
[2026-05-18T03:30:14Z] push: pushing branch=ticket/T108-t108-multi-project-onboarding-and-project-registry
[2026-05-18T03:30:15Z] push: done branch=ticket/T108-t108-multi-project-onboarding-and-project-registry
[2026-05-18T03:30:50Z] commit-checkpoint: skipped missing scope paths: package.json, package-lock.json
[2026-05-18T03:30:50Z] commit-checkpoint: refused — nothing to commit in runs/
[2026-05-18T03:30:50Z] push: pushing branch=ticket/T108-t108-multi-project-onboarding-and-project-registry
[2026-05-18T03:30:51Z] push: done branch=ticket/T108-t108-multi-project-onboarding-and-project-registry
[2026-05-18T03:31:26Z] commit-checkpoint: skipped missing scope paths: package.json, package-lock.json
[2026-05-18T03:31:26Z] commit-checkpoint: refused — nothing to commit in runs/
[2026-05-18T03:31:26Z] push: pushing branch=ticket/T108-t108-multi-project-onboarding-and-project-registry
[2026-05-18T03:31:27Z] push: done branch=ticket/T108-t108-multi-project-onboarding-and-project-registry
[2026-05-18T03:32:02Z] commit-checkpoint: skipped missing scope paths: package.json, package-lock.json
[2026-05-18T03:32:02Z] commit-checkpoint: refused — nothing to commit in runs/
[2026-05-18T03:32:02Z] push: pushing branch=ticket/T108-t108-multi-project-onboarding-and-project-registry
[2026-05-18T03:32:03Z] push: done branch=ticket/T108-t108-multi-project-onboarding-and-project-registry
[2026-05-18T03:32:38Z] commit-checkpoint: skipped missing scope paths: package.json, package-lock.json
[2026-05-18T03:32:38Z] commit-checkpoint: refused — nothing to commit in runs/
[2026-05-18T03:32:38Z] push: pushing branch=ticket/T108-t108-multi-project-onboarding-and-project-registry
[2026-05-18T03:32:39Z] push: done branch=ticket/T108-t108-multi-project-onboarding-and-project-registry
[2026-05-18T03:33:14Z] commit-checkpoint: skipped missing scope paths: package.json, package-lock.json
[2026-05-18T03:33:14Z] commit-checkpoint: refused — nothing to commit in runs/
[2026-05-18T03:33:14Z] push: pushing branch=ticket/T108-t108-multi-project-onboarding-and-project-registry
[2026-05-18T03:33:15Z] push: done branch=ticket/T108-t108-multi-project-onboarding-and-project-registry
[2026-05-18T03:33:50Z] commit-checkpoint: skipped missing scope paths: package.json, package-lock.json
[2026-05-18T03:33:50Z] commit-checkpoint: refused — nothing to commit in runs/
[2026-05-18T03:33:50Z] push: pushing branch=ticket/T108-t108-multi-project-onboarding-and-project-registry
[2026-05-18T03:33:51Z] push: done branch=ticket/T108-t108-multi-project-onboarding-and-project-registry
[2026-05-18T03:34:26Z] commit-checkpoint: skipped missing scope paths: package.json, package-lock.json
[2026-05-18T03:34:26Z] commit-checkpoint: refused — nothing to commit in runs/
[2026-05-18T03:34:26Z] push: pushing branch=ticket/T108-t108-multi-project-onboarding-and-project-registry
[2026-05-18T03:34:27Z] push: done branch=ticket/T108-t108-multi-project-onboarding-and-project-registry
[2026-05-18T03:35:02Z] commit-checkpoint: skipped missing scope paths: package.json, package-lock.json
[2026-05-18T03:35:02Z] commit-checkpoint: refused — nothing to commit in runs/
[2026-05-18T03:35:02Z] push: pushing branch=ticket/T108-t108-multi-project-onboarding-and-project-registry
[2026-05-18T03:35:03Z] push: done branch=ticket/T108-t108-multi-project-onboarding-and-project-registry
[2026-05-18T03:35:38Z] commit-checkpoint: skipped missing scope paths: package.json, package-lock.json
[2026-05-18T03:35:38Z] commit-checkpoint: refused — nothing to commit in runs/
[2026-05-18T03:35:38Z] push: pushing branch=ticket/T108-t108-multi-project-onboarding-and-project-registry
[2026-05-18T03:35:39Z] push: done branch=ticket/T108-t108-multi-project-onboarding-and-project-registry
[2026-05-18T03:36:14Z] commit-checkpoint: skipped missing scope paths: package.json, package-lock.json
[2026-05-18T03:36:14Z] commit-checkpoint: refused — nothing to commit in runs/
[2026-05-18T03:36:14Z] push: pushing branch=ticket/T108-t108-multi-project-onboarding-and-project-registry
[2026-05-18T03:36:16Z] push: done branch=ticket/T108-t108-multi-project-onboarding-and-project-registry
[2026-05-18T03:36:50Z] commit-checkpoint: skipped missing scope paths: package.json, package-lock.json
[2026-05-18T03:36:50Z] commit-checkpoint: refused — nothing to commit in runs/
[2026-05-18T03:36:50Z] push: pushing branch=ticket/T108-t108-multi-project-onboarding-and-project-registry
[2026-05-18T03:36:52Z] push: done branch=ticket/T108-t108-multi-project-onboarding-and-project-registry
[2026-05-18T03:37:26Z] commit-checkpoint: skipped missing scope paths: package.json, package-lock.json
[2026-05-18T03:37:26Z] commit-checkpoint: refused — nothing to commit in runs/
[2026-05-18T03:37:26Z] push: pushing branch=ticket/T108-t108-multi-project-onboarding-and-project-registry
[2026-05-18T03:37:28Z] push: done branch=ticket/T108-t108-multi-project-onboarding-and-project-registry
[2026-05-18T03:38:02Z] commit-checkpoint: skipped missing scope paths: package.json, package-lock.json
[2026-05-18T03:38:02Z] commit-checkpoint: refused — nothing to commit in runs/
[2026-05-18T03:38:02Z] push: pushing branch=ticket/T108-t108-multi-project-onboarding-and-project-registry
[2026-05-18T03:38:04Z] push: done branch=ticket/T108-t108-multi-project-onboarding-and-project-registry
[2026-05-18T03:38:38Z] commit-checkpoint: skipped missing scope paths: package.json, package-lock.json
[2026-05-18T03:38:38Z] commit-checkpoint: refused — nothing to commit in runs/
[2026-05-18T03:38:38Z] push: pushing branch=ticket/T108-t108-multi-project-onboarding-and-project-registry
[2026-05-18T03:38:40Z] push: done branch=ticket/T108-t108-multi-project-onboarding-and-project-registry
[2026-05-18T03:39:15Z] commit-checkpoint: skipped missing scope paths: package.json, package-lock.json
[2026-05-18T03:39:15Z] commit-checkpoint: refused — nothing to commit in runs/
[2026-05-18T03:39:15Z] push: pushing branch=ticket/T108-t108-multi-project-onboarding-and-project-registry
[2026-05-18T03:39:16Z] push: done branch=ticket/T108-t108-multi-project-onboarding-and-project-registry
[2026-05-18T03:39:51Z] commit-checkpoint: skipped missing scope paths: package.json, package-lock.json
[2026-05-18T03:39:51Z] commit-checkpoint: refused — nothing to commit in runs/
[2026-05-18T03:39:51Z] push: pushing branch=ticket/T108-t108-multi-project-onboarding-and-project-registry
[2026-05-18T03:39:52Z] push: done branch=ticket/T108-t108-multi-project-onboarding-and-project-registry
[2026-05-18T03:40:27Z] commit-checkpoint: skipped missing scope paths: package.json, package-lock.json
[2026-05-18T03:40:27Z] commit-checkpoint: refused — nothing to commit in runs/
[2026-05-18T03:40:27Z] push: pushing branch=ticket/T108-t108-multi-project-onboarding-and-project-registry
[2026-05-18T03:40:28Z] push: done branch=ticket/T108-t108-multi-project-onboarding-and-project-registry
[2026-05-18T03:41:03Z] commit-checkpoint: skipped missing scope paths: package.json, package-lock.json
[2026-05-18T03:41:03Z] commit-checkpoint: refused — nothing to commit in runs/
[2026-05-18T03:41:03Z] push: pushing branch=ticket/T108-t108-multi-project-onboarding-and-project-registry
[2026-05-18T03:41:04Z] push: done branch=ticket/T108-t108-multi-project-onboarding-and-project-registry
[2026-05-18T03:41:39Z] commit-checkpoint: skipped missing scope paths: package.json, package-lock.json
[2026-05-18T03:41:39Z] commit-checkpoint: refused — nothing to commit in runs/
[2026-05-18T03:41:39Z] push: pushing branch=ticket/T108-t108-multi-project-onboarding-and-project-registry
[2026-05-18T03:41:41Z] push: done branch=ticket/T108-t108-multi-project-onboarding-and-project-registry
[2026-05-18T03:42:15Z] commit-checkpoint: skipped missing scope paths: package.json, package-lock.json
[2026-05-18T03:42:15Z] commit-checkpoint: refused — nothing to commit in runs/
[2026-05-18T03:42:15Z] push: pushing branch=ticket/T108-t108-multi-project-onboarding-and-project-registry
[2026-05-18T03:42:17Z] push: done branch=ticket/T108-t108-multi-project-onboarding-and-project-registry
[2026-05-18T03:42:51Z] commit-checkpoint: skipped missing scope paths: package.json, package-lock.json
[2026-05-18T03:42:51Z] commit-checkpoint: refused — nothing to commit in runs/
[2026-05-18T03:42:51Z] push: pushing branch=ticket/T108-t108-multi-project-onboarding-and-project-registry
[2026-05-18T03:42:53Z] push: done branch=ticket/T108-t108-multi-project-onboarding-and-project-registry
[2026-05-18T03:43:27Z] commit-checkpoint: skipped missing scope paths: package.json, package-lock.json
[2026-05-18T03:43:27Z] commit-checkpoint: refused — nothing to commit in runs/
[2026-05-18T03:43:27Z] push: pushing branch=ticket/T108-t108-multi-project-onboarding-and-project-registry
[2026-05-18T03:43:29Z] push: done branch=ticket/T108-t108-multi-project-onboarding-and-project-registry
[2026-05-18T03:44:03Z] commit-checkpoint: skipped missing scope paths: package.json, package-lock.json
[2026-05-18T03:44:03Z] commit-checkpoint: refused — nothing to commit in runs/
[2026-05-18T03:44:04Z] push: pushing branch=ticket/T108-t108-multi-project-onboarding-and-project-registry
[2026-05-18T03:44:05Z] push: done branch=ticket/T108-t108-multi-project-onboarding-and-project-registry
[2026-05-18T03:44:39Z] commit-checkpoint: skipped missing scope paths: package.json, package-lock.json
[2026-05-18T03:44:39Z] commit-checkpoint: refused — nothing to commit in runs/
[2026-05-18T03:44:40Z] push: pushing branch=ticket/T108-t108-multi-project-onboarding-and-project-registry
[2026-05-18T03:44:41Z] push: done branch=ticket/T108-t108-multi-project-onboarding-and-project-registry
[2026-05-18T03:45:15Z] commit-checkpoint: skipped missing scope paths: package.json, package-lock.json
[2026-05-18T03:45:15Z] commit-checkpoint: refused — nothing to commit in runs/
[2026-05-18T03:45:16Z] push: pushing branch=ticket/T108-t108-multi-project-onboarding-and-project-registry
[2026-05-18T03:45:17Z] push: done branch=ticket/T108-t108-multi-project-onboarding-and-project-registry
[2026-05-18T03:45:51Z] commit-checkpoint: skipped missing scope paths: package.json, package-lock.json
[2026-05-18T03:45:51Z] commit-checkpoint: refused — nothing to commit in runs/
[2026-05-18T03:45:51Z] push: pushing branch=ticket/T108-t108-multi-project-onboarding-and-project-registry
[2026-05-18T03:45:53Z] push: done branch=ticket/T108-t108-multi-project-onboarding-and-project-registry
[2026-05-18T03:46:27Z] commit-checkpoint: skipped missing scope paths: package.json, package-lock.json
[2026-05-18T03:46:27Z] commit-checkpoint: refused — nothing to commit in runs/
[2026-05-18T03:46:27Z] push: pushing branch=ticket/T108-t108-multi-project-onboarding-and-project-registry
[2026-05-18T03:46:29Z] push: done branch=ticket/T108-t108-multi-project-onboarding-and-project-registry
[2026-05-18T03:47:03Z] commit-checkpoint: skipped missing scope paths: package.json, package-lock.json
[2026-05-18T03:47:03Z] commit-checkpoint: refused — nothing to commit in runs/
[2026-05-18T03:47:03Z] push: pushing branch=ticket/T108-t108-multi-project-onboarding-and-project-registry
[2026-05-18T03:47:05Z] push: done branch=ticket/T108-t108-multi-project-onboarding-and-project-registry
[2026-05-18T03:47:39Z] commit-checkpoint: skipped missing scope paths: package.json, package-lock.json
[2026-05-18T03:47:39Z] commit-checkpoint: refused — nothing to commit in runs/
[2026-05-18T03:47:39Z] push: pushing branch=ticket/T108-t108-multi-project-onboarding-and-project-registry
[2026-05-18T03:47:41Z] push: done branch=ticket/T108-t108-multi-project-onboarding-and-project-registry
[2026-05-18T03:48:15Z] commit-checkpoint: skipped missing scope paths: package.json, package-lock.json
[2026-05-18T03:48:15Z] commit-checkpoint: refused — nothing to commit in runs/
[2026-05-18T03:48:15Z] push: pushing branch=ticket/T108-t108-multi-project-onboarding-and-project-registry
[2026-05-18T03:48:17Z] push: done branch=ticket/T108-t108-multi-project-onboarding-and-project-registry
[2026-05-18T03:48:51Z] commit-checkpoint: skipped missing scope paths: package.json, package-lock.json
[2026-05-18T03:48:51Z] commit-checkpoint: refused — nothing to commit in runs/
[2026-05-18T03:48:51Z] push: pushing branch=ticket/T108-t108-multi-project-onboarding-and-project-registry
[2026-05-18T03:48:53Z] push: done branch=ticket/T108-t108-multi-project-onboarding-and-project-registry
[2026-05-18T03:49:27Z] commit-checkpoint: skipped missing scope paths: package.json, package-lock.json
[2026-05-18T03:49:27Z] commit-checkpoint: refused — nothing to commit in runs/
[2026-05-18T03:49:28Z] push: pushing branch=ticket/T108-t108-multi-project-onboarding-and-project-registry
[2026-05-18T03:49:29Z] push: done branch=ticket/T108-t108-multi-project-onboarding-and-project-registry
[2026-05-18T03:50:04Z] commit-checkpoint: skipped missing scope paths: package.json, package-lock.json
[2026-05-18T03:50:04Z] commit-checkpoint: refused — nothing to commit in runs/
[2026-05-18T03:50:04Z] push: pushing branch=ticket/T108-t108-multi-project-onboarding-and-project-registry
[2026-05-18T03:50:05Z] push: done branch=ticket/T108-t108-multi-project-onboarding-and-project-registry
[2026-05-18T03:50:40Z] commit-checkpoint: skipped missing scope paths: package.json, package-lock.json
[2026-05-18T03:50:40Z] commit-checkpoint: refused — nothing to commit in runs/
[2026-05-18T03:50:40Z] push: pushing branch=ticket/T108-t108-multi-project-onboarding-and-project-registry
[2026-05-18T03:50:42Z] push: done branch=ticket/T108-t108-multi-project-onboarding-and-project-registry
[2026-05-18T03:51:16Z] commit-checkpoint: skipped missing scope paths: package.json, package-lock.json
[2026-05-18T03:51:16Z] commit-checkpoint: refused — nothing to commit in runs/
[2026-05-18T03:51:16Z] push: pushing branch=ticket/T108-t108-multi-project-onboarding-and-project-registry
[2026-05-18T03:51:18Z] push: done branch=ticket/T108-t108-multi-project-onboarding-and-project-registry
[2026-05-18T03:51:52Z] commit-checkpoint: skipped missing scope paths: package.json, package-lock.json
[2026-05-18T03:51:52Z] commit-checkpoint: refused — nothing to commit in runs/
[2026-05-18T03:51:52Z] push: pushing branch=ticket/T108-t108-multi-project-onboarding-and-project-registry
[2026-05-18T03:51:54Z] push: done branch=ticket/T108-t108-multi-project-onboarding-and-project-registry
[2026-05-18T03:52:28Z] commit-checkpoint: skipped missing scope paths: package.json, package-lock.json
[2026-05-18T03:52:28Z] commit-checkpoint: refused — nothing to commit in runs/
[2026-05-18T03:52:28Z] push: pushing branch=ticket/T108-t108-multi-project-onboarding-and-project-registry
[2026-05-18T03:52:30Z] push: done branch=ticket/T108-t108-multi-project-onboarding-and-project-registry
[2026-05-18T03:53:04Z] commit-checkpoint: skipped missing scope paths: package.json, package-lock.json
[2026-05-18T03:53:04Z] commit-checkpoint: refused — nothing to commit in runs/
[2026-05-18T03:53:04Z] push: pushing branch=ticket/T108-t108-multi-project-onboarding-and-project-registry
[2026-05-18T03:53:06Z] push: done branch=ticket/T108-t108-multi-project-onboarding-and-project-registry
[2026-05-18T03:53:40Z] commit-checkpoint: skipped missing scope paths: package.json, package-lock.json
[2026-05-18T03:53:40Z] commit-checkpoint: refused — nothing to commit in runs/
[2026-05-18T03:53:40Z] push: pushing branch=ticket/T108-t108-multi-project-onboarding-and-project-registry
[2026-05-18T03:53:42Z] push: done branch=ticket/T108-t108-multi-project-onboarding-and-project-registry
[2026-05-18T03:54:16Z] commit-checkpoint: skipped missing scope paths: package.json, package-lock.json
[2026-05-18T03:54:16Z] commit-checkpoint: refused — nothing to commit in runs/
[2026-05-18T03:54:16Z] push: pushing branch=ticket/T108-t108-multi-project-onboarding-and-project-registry
[2026-05-18T03:54:18Z] push: done branch=ticket/T108-t108-multi-project-onboarding-and-project-registry
[2026-05-18T03:54:52Z] commit-checkpoint: skipped missing scope paths: package.json, package-lock.json
[2026-05-18T03:54:53Z] commit-checkpoint: refused — nothing to commit in runs/
[2026-05-18T03:54:53Z] push: pushing branch=ticket/T108-t108-multi-project-onboarding-and-project-registry
[2026-05-18T03:54:54Z] push: done branch=ticket/T108-t108-multi-project-onboarding-and-project-registry
[2026-05-18T03:55:29Z] commit-checkpoint: skipped missing scope paths: package.json, package-lock.json
[2026-05-18T03:55:29Z] commit-checkpoint: refused — nothing to commit in runs/
[2026-05-18T03:55:29Z] push: pushing branch=ticket/T108-t108-multi-project-onboarding-and-project-registry
[2026-05-18T03:55:30Z] push: done branch=ticket/T108-t108-multi-project-onboarding-and-project-registry
[2026-05-18T03:56:05Z] commit-checkpoint: skipped missing scope paths: package.json, package-lock.json
[2026-05-18T03:56:05Z] commit-checkpoint: refused — nothing to commit in runs/
[2026-05-18T03:56:05Z] push: pushing branch=ticket/T108-t108-multi-project-onboarding-and-project-registry
[2026-05-18T03:56:06Z] push: done branch=ticket/T108-t108-multi-project-onboarding-and-project-registry
[2026-05-18T03:56:41Z] commit-checkpoint: skipped missing scope paths: package.json, package-lock.json
[2026-05-18T03:56:41Z] commit-checkpoint: refused — nothing to commit in runs/
[2026-05-18T03:56:41Z] push: pushing branch=ticket/T108-t108-multi-project-onboarding-and-project-registry
[2026-05-18T03:56:42Z] push: done branch=ticket/T108-t108-multi-project-onboarding-and-project-registry
[2026-05-18T03:57:17Z] commit-checkpoint: skipped missing scope paths: package.json, package-lock.json
[2026-05-18T03:57:17Z] commit-checkpoint: refused — nothing to commit in runs/
[2026-05-18T03:57:17Z] push: pushing branch=ticket/T108-t108-multi-project-onboarding-and-project-registry
[2026-05-18T03:57:18Z] push: done branch=ticket/T108-t108-multi-project-onboarding-and-project-registry
[2026-05-18T03:57:53Z] commit-checkpoint: skipped missing scope paths: package.json, package-lock.json
[2026-05-18T03:57:53Z] commit-checkpoint: refused — nothing to commit in runs/
[2026-05-18T03:57:53Z] push: pushing branch=ticket/T108-t108-multi-project-onboarding-and-project-registry
[2026-05-18T03:57:54Z] push: done branch=ticket/T108-t108-multi-project-onboarding-and-project-registry
[2026-05-18T03:58:29Z] commit-checkpoint: skipped missing scope paths: package.json, package-lock.json
[2026-05-18T03:58:29Z] commit-checkpoint: refused — nothing to commit in runs/
[2026-05-18T03:58:29Z] push: pushing branch=ticket/T108-t108-multi-project-onboarding-and-project-registry
[2026-05-18T03:58:31Z] push: done branch=ticket/T108-t108-multi-project-onboarding-and-project-registry
[2026-05-18T03:59:05Z] commit-checkpoint: skipped missing scope paths: package.json, package-lock.json
[2026-05-18T03:59:05Z] commit-checkpoint: refused — nothing to commit in runs/
[2026-05-18T03:59:05Z] push: pushing branch=ticket/T108-t108-multi-project-onboarding-and-project-registry
[2026-05-18T03:59:07Z] push: done branch=ticket/T108-t108-multi-project-onboarding-and-project-registry
[2026-05-18T03:59:41Z] commit-checkpoint: skipped missing scope paths: package.json, package-lock.json
[2026-05-18T03:59:41Z] commit-checkpoint: refused — nothing to commit in runs/
[2026-05-18T03:59:41Z] push: pushing branch=ticket/T108-t108-multi-project-onboarding-and-project-registry
[2026-05-18T03:59:43Z] push: done branch=ticket/T108-t108-multi-project-onboarding-and-project-registry
[2026-05-18T04:00:18Z] commit-checkpoint: skipped missing scope paths: package.json, package-lock.json
[2026-05-18T04:00:18Z] commit-checkpoint: refused — nothing to commit in runs/
[2026-05-18T04:00:18Z] push: pushing branch=ticket/T108-t108-multi-project-onboarding-and-project-registry
[2026-05-18T04:00:19Z] push: done branch=ticket/T108-t108-multi-project-onboarding-and-project-registry
[2026-05-18T04:00:53Z] commit-checkpoint: skipped missing scope paths: package.json, package-lock.json
[2026-05-18T04:00:53Z] commit-checkpoint: refused — nothing to commit in runs/
[2026-05-18T04:00:54Z] push: pushing branch=ticket/T108-t108-multi-project-onboarding-and-project-registry
[2026-05-18T04:00:55Z] push: done branch=ticket/T108-t108-multi-project-onboarding-and-project-registry
[2026-05-18T04:01:29Z] commit-checkpoint: skipped missing scope paths: package.json, package-lock.json
[2026-05-18T04:01:29Z] commit-checkpoint: refused — nothing to commit in runs/
[2026-05-18T04:01:29Z] push: pushing branch=ticket/T108-t108-multi-project-onboarding-and-project-registry
[2026-05-18T04:01:31Z] push: done branch=ticket/T108-t108-multi-project-onboarding-and-project-registry
[2026-05-18T04:02:05Z] commit-checkpoint: skipped missing scope paths: package.json, package-lock.json
[2026-05-18T04:02:05Z] commit-checkpoint: refused — nothing to commit in runs/
[2026-05-18T04:02:05Z] push: pushing branch=ticket/T108-t108-multi-project-onboarding-and-project-registry
[2026-05-18T04:02:07Z] push: done branch=ticket/T108-t108-multi-project-onboarding-and-project-registry
[2026-05-18T04:02:41Z] commit-checkpoint: skipped missing scope paths: package.json, package-lock.json
[2026-05-18T04:02:41Z] commit-checkpoint: refused — nothing to commit in runs/
[2026-05-18T04:02:41Z] push: pushing branch=ticket/T108-t108-multi-project-onboarding-and-project-registry
[2026-05-18T04:02:43Z] push: done branch=ticket/T108-t108-multi-project-onboarding-and-project-registry
[2026-05-18T04:03:17Z] commit-checkpoint: skipped missing scope paths: package.json, package-lock.json
[2026-05-18T04:03:17Z] commit-checkpoint: refused — nothing to commit in runs/
[2026-05-18T04:03:18Z] push: pushing branch=ticket/T108-t108-multi-project-onboarding-and-project-registry
[2026-05-18T04:03:19Z] push: done branch=ticket/T108-t108-multi-project-onboarding-and-project-registry
[2026-05-18T04:03:54Z] commit-checkpoint: skipped missing scope paths: package.json, package-lock.json
[2026-05-18T04:03:54Z] commit-checkpoint: refused — nothing to commit in runs/
[2026-05-18T04:03:54Z] push: pushing branch=ticket/T108-t108-multi-project-onboarding-and-project-registry
[2026-05-18T04:03:55Z] push: done branch=ticket/T108-t108-multi-project-onboarding-and-project-registry
[2026-05-18T04:04:30Z] commit-checkpoint: skipped missing scope paths: package.json, package-lock.json
[2026-05-18T04:04:30Z] commit-checkpoint: refused — nothing to commit in runs/
[2026-05-18T04:04:30Z] push: pushing branch=ticket/T108-t108-multi-project-onboarding-and-project-registry
[2026-05-18T04:04:31Z] push: done branch=ticket/T108-t108-multi-project-onboarding-and-project-registry
[2026-05-18T04:05:06Z] commit-checkpoint: skipped missing scope paths: package.json, package-lock.json
[2026-05-18T04:05:06Z] commit-checkpoint: refused — nothing to commit in runs/
[2026-05-18T04:05:06Z] push: pushing branch=ticket/T108-t108-multi-project-onboarding-and-project-registry
[2026-05-18T04:05:07Z] push: done branch=ticket/T108-t108-multi-project-onboarding-and-project-registry
[2026-05-18T04:05:42Z] commit-checkpoint: skipped missing scope paths: package.json, package-lock.json
[2026-05-18T04:05:42Z] commit-checkpoint: refused — nothing to commit in runs/
[2026-05-18T04:05:42Z] push: pushing branch=ticket/T108-t108-multi-project-onboarding-and-project-registry
[2026-05-18T04:05:44Z] push: done branch=ticket/T108-t108-multi-project-onboarding-and-project-registry
[2026-05-18T04:06:18Z] commit-checkpoint: skipped missing scope paths: package.json, package-lock.json
[2026-05-18T04:06:18Z] commit-checkpoint: refused — nothing to commit in runs/
[2026-05-18T04:06:18Z] push: pushing branch=ticket/T108-t108-multi-project-onboarding-and-project-registry
[2026-05-18T04:06:20Z] push: done branch=ticket/T108-t108-multi-project-onboarding-and-project-registry
[2026-05-18T04:06:54Z] commit-checkpoint: skipped missing scope paths: package.json, package-lock.json
[2026-05-18T04:06:54Z] commit-checkpoint: refused — nothing to commit in runs/
[2026-05-18T04:06:54Z] push: pushing branch=ticket/T108-t108-multi-project-onboarding-and-project-registry
[2026-05-18T04:06:56Z] push: done branch=ticket/T108-t108-multi-project-onboarding-and-project-registry
[2026-05-18T04:07:30Z] commit-checkpoint: skipped missing scope paths: package.json, package-lock.json
[2026-05-18T04:07:30Z] commit-checkpoint: refused — nothing to commit in runs/
[2026-05-18T04:07:30Z] push: pushing branch=ticket/T108-t108-multi-project-onboarding-and-project-registry
[2026-05-18T04:07:32Z] push: done branch=ticket/T108-t108-multi-project-onboarding-and-project-registry
[2026-05-18T04:08:06Z] commit-checkpoint: skipped missing scope paths: package.json, package-lock.json
[2026-05-18T04:08:06Z] commit-checkpoint: refused — nothing to commit in runs/
[2026-05-18T04:08:07Z] push: pushing branch=ticket/T108-t108-multi-project-onboarding-and-project-registry
[2026-05-18T04:08:08Z] push: done branch=ticket/T108-t108-multi-project-onboarding-and-project-registry
[2026-05-18T04:08:42Z] commit-checkpoint: skipped missing scope paths: package.json, package-lock.json
[2026-05-18T04:08:43Z] commit-checkpoint: refused — nothing to commit in runs/
[2026-05-18T04:08:43Z] push: pushing branch=ticket/T108-t108-multi-project-onboarding-and-project-registry
[2026-05-18T04:08:44Z] push: done branch=ticket/T108-t108-multi-project-onboarding-and-project-registry
[2026-05-18T04:09:18Z] commit-checkpoint: skipped missing scope paths: package.json, package-lock.json
[2026-05-18T04:09:18Z] commit-checkpoint: refused — nothing to commit in runs/
[2026-05-18T04:09:18Z] push: pushing branch=ticket/T108-t108-multi-project-onboarding-and-project-registry
[2026-05-18T04:09:20Z] push: done branch=ticket/T108-t108-multi-project-onboarding-and-project-registry
[2026-05-18T04:09:55Z] commit-checkpoint: skipped missing scope paths: package.json, package-lock.json
[2026-05-18T04:09:55Z] commit-checkpoint: refused — nothing to commit in runs/
[2026-05-18T04:09:55Z] push: pushing branch=ticket/T108-t108-multi-project-onboarding-and-project-registry
[2026-05-18T04:09:56Z] push: done branch=ticket/T108-t108-multi-project-onboarding-and-project-registry
[2026-05-18T04:10:31Z] commit-checkpoint: skipped missing scope paths: package.json, package-lock.json
[2026-05-18T04:10:31Z] commit-checkpoint: refused — nothing to commit in runs/
[2026-05-18T04:10:31Z] push: pushing branch=ticket/T108-t108-multi-project-onboarding-and-project-registry
[2026-05-18T04:10:32Z] push: done branch=ticket/T108-t108-multi-project-onboarding-and-project-registry
[2026-05-18T04:11:07Z] commit-checkpoint: skipped missing scope paths: package.json, package-lock.json
[2026-05-18T04:11:07Z] commit-checkpoint: refused — nothing to commit in runs/
[2026-05-18T04:11:07Z] push: pushing branch=ticket/T108-t108-multi-project-onboarding-and-project-registry
[2026-05-18T04:11:09Z] push: done branch=ticket/T108-t108-multi-project-onboarding-and-project-registry
[2026-05-18T04:11:43Z] commit-checkpoint: skipped missing scope paths: package.json, package-lock.json
[2026-05-18T04:11:43Z] commit-checkpoint: refused — nothing to commit in runs/
[2026-05-18T04:11:43Z] push: pushing branch=ticket/T108-t108-multi-project-onboarding-and-project-registry
[2026-05-18T04:11:45Z] push: done branch=ticket/T108-t108-multi-project-onboarding-and-project-registry
[2026-05-18T04:12:19Z] commit-checkpoint: skipped missing scope paths: package.json, package-lock.json
[2026-05-18T04:12:19Z] commit-checkpoint: refused — nothing to commit in runs/
[2026-05-18T04:12:20Z] push: pushing branch=ticket/T108-t108-multi-project-onboarding-and-project-registry
[2026-05-18T04:12:21Z] push: done branch=ticket/T108-t108-multi-project-onboarding-and-project-registry
[2026-05-18T04:12:56Z] commit-checkpoint: skipped missing scope paths: package.json, package-lock.json
[2026-05-18T04:12:56Z] commit-checkpoint: refused — nothing to commit in runs/
[2026-05-18T04:12:56Z] push: pushing branch=ticket/T108-t108-multi-project-onboarding-and-project-registry
[2026-05-18T04:12:57Z] push: done branch=ticket/T108-t108-multi-project-onboarding-and-project-registry
[2026-05-18T04:13:32Z] commit-checkpoint: skipped missing scope paths: package.json, package-lock.json
[2026-05-18T04:13:32Z] commit-checkpoint: refused — nothing to commit in runs/
[2026-05-18T04:13:32Z] push: pushing branch=ticket/T108-t108-multi-project-onboarding-and-project-registry
[2026-05-18T04:13:33Z] push: done branch=ticket/T108-t108-multi-project-onboarding-and-project-registry
[2026-05-18T04:14:08Z] commit-checkpoint: skipped missing scope paths: package.json, package-lock.json
[2026-05-18T04:14:08Z] commit-checkpoint: refused — nothing to commit in runs/
[2026-05-18T04:14:08Z] push: pushing branch=ticket/T108-t108-multi-project-onboarding-and-project-registry
[2026-05-18T04:14:09Z] push: done branch=ticket/T108-t108-multi-project-onboarding-and-project-registry
[2026-05-18T04:14:44Z] commit-checkpoint: skipped missing scope paths: package.json, package-lock.json
[2026-05-18T04:14:44Z] commit-checkpoint: refused — nothing to commit in runs/
[2026-05-18T04:14:44Z] push: pushing branch=ticket/T108-t108-multi-project-onboarding-and-project-registry
[2026-05-18T04:14:45Z] push: done branch=ticket/T108-t108-multi-project-onboarding-and-project-registry
[2026-05-18T04:15:20Z] commit-checkpoint: skipped missing scope paths: package.json, package-lock.json
[2026-05-18T04:15:20Z] commit-checkpoint: refused — nothing to commit in runs/
[2026-05-18T04:15:20Z] push: pushing branch=ticket/T108-t108-multi-project-onboarding-and-project-registry
[2026-05-18T04:15:21Z] push: done branch=ticket/T108-t108-multi-project-onboarding-and-project-registry
[2026-05-18T04:15:56Z] commit-checkpoint: skipped missing scope paths: package.json, package-lock.json
[2026-05-18T04:15:56Z] commit-checkpoint: refused — nothing to commit in runs/
[2026-05-18T04:15:56Z] push: pushing branch=ticket/T108-t108-multi-project-onboarding-and-project-registry
[2026-05-18T04:15:58Z] push: done branch=ticket/T108-t108-multi-project-onboarding-and-project-registry
[2026-05-18T04:16:32Z] commit-checkpoint: skipped missing scope paths: package.json, package-lock.json
[2026-05-18T04:16:32Z] commit-checkpoint: refused — nothing to commit in runs/
[2026-05-18T04:16:32Z] push: pushing branch=ticket/T108-t108-multi-project-onboarding-and-project-registry
[2026-05-18T04:16:34Z] push: done branch=ticket/T108-t108-multi-project-onboarding-and-project-registry
[2026-05-18T04:17:08Z] commit-checkpoint: skipped missing scope paths: package.json, package-lock.json
[2026-05-18T04:17:08Z] commit-checkpoint: refused — nothing to commit in runs/
[2026-05-18T04:17:08Z] push: pushing branch=ticket/T108-t108-multi-project-onboarding-and-project-registry
[2026-05-18T04:17:10Z] push: done branch=ticket/T108-t108-multi-project-onboarding-and-project-registry
[2026-05-18T04:17:44Z] commit-checkpoint: skipped missing scope paths: package.json, package-lock.json
[2026-05-18T04:17:44Z] commit-checkpoint: refused — nothing to commit in runs/
[2026-05-18T04:17:44Z] push: pushing branch=ticket/T108-t108-multi-project-onboarding-and-project-registry
[2026-05-18T04:17:46Z] push: done branch=ticket/T108-t108-multi-project-onboarding-and-project-registry
[2026-05-18T04:18:20Z] commit-checkpoint: skipped missing scope paths: package.json, package-lock.json
[2026-05-18T04:18:20Z] commit-checkpoint: refused — nothing to commit in runs/
[2026-05-18T04:18:20Z] push: pushing branch=ticket/T108-t108-multi-project-onboarding-and-project-registry
[2026-05-18T04:18:22Z] push: done branch=ticket/T108-t108-multi-project-onboarding-and-project-registry
[2026-05-18T04:18:56Z] commit-checkpoint: skipped missing scope paths: package.json, package-lock.json
[2026-05-18T04:18:56Z] commit-checkpoint: refused — nothing to commit in runs/
[2026-05-18T04:18:56Z] push: pushing branch=ticket/T108-t108-multi-project-onboarding-and-project-registry
[2026-05-18T04:18:58Z] push: done branch=ticket/T108-t108-multi-project-onboarding-and-project-registry
[2026-05-18T04:19:32Z] commit-checkpoint: skipped missing scope paths: package.json, package-lock.json
[2026-05-18T04:19:32Z] commit-checkpoint: refused — nothing to commit in runs/
[2026-05-18T04:19:32Z] push: pushing branch=ticket/T108-t108-multi-project-onboarding-and-project-registry
[2026-05-18T04:19:34Z] push: done branch=ticket/T108-t108-multi-project-onboarding-and-project-registry
[2026-05-18T04:20:08Z] commit-checkpoint: skipped missing scope paths: package.json, package-lock.json
[2026-05-18T04:20:08Z] commit-checkpoint: refused — nothing to commit in runs/
[2026-05-18T04:20:08Z] push: pushing branch=ticket/T108-t108-multi-project-onboarding-and-project-registry
[2026-05-18T04:20:10Z] push: done branch=ticket/T108-t108-multi-project-onboarding-and-project-registry
[2026-05-18T04:20:44Z] commit-checkpoint: skipped missing scope paths: package.json, package-lock.json
[2026-05-18T04:20:44Z] commit-checkpoint: refused — nothing to commit in runs/
[2026-05-18T04:20:44Z] push: pushing branch=ticket/T108-t108-multi-project-onboarding-and-project-registry
[2026-05-18T04:20:46Z] push: done branch=ticket/T108-t108-multi-project-onboarding-and-project-registry
[2026-05-18T04:21:20Z] commit-checkpoint: skipped missing scope paths: package.json, package-lock.json
[2026-05-18T04:21:20Z] commit-checkpoint: refused — nothing to commit in runs/
[2026-05-18T04:21:20Z] push: pushing branch=ticket/T108-t108-multi-project-onboarding-and-project-registry
[2026-05-18T04:21:22Z] push: done branch=ticket/T108-t108-multi-project-onboarding-and-project-registry
[2026-05-18T04:21:56Z] commit-checkpoint: skipped missing scope paths: package.json, package-lock.json
[2026-05-18T04:21:56Z] commit-checkpoint: refused — nothing to commit in runs/
[2026-05-18T04:21:56Z] push: pushing branch=ticket/T108-t108-multi-project-onboarding-and-project-registry
[2026-05-18T04:21:58Z] push: done branch=ticket/T108-t108-multi-project-onboarding-and-project-registry
[2026-05-18T04:22:32Z] commit-checkpoint: skipped missing scope paths: package.json, package-lock.json
[2026-05-18T04:22:32Z] commit-checkpoint: refused — nothing to commit in runs/
[2026-05-18T04:22:32Z] push: pushing branch=ticket/T108-t108-multi-project-onboarding-and-project-registry
[2026-05-18T04:22:34Z] push: done branch=ticket/T108-t108-multi-project-onboarding-and-project-registry
[2026-05-18T04:23:08Z] commit-checkpoint: skipped missing scope paths: package.json, package-lock.json
[2026-05-18T04:23:08Z] commit-checkpoint: refused — nothing to commit in runs/
[2026-05-18T04:23:08Z] push: pushing branch=ticket/T108-t108-multi-project-onboarding-and-project-registry
[2026-05-18T04:23:10Z] push: done branch=ticket/T108-t108-multi-project-onboarding-and-project-registry
[2026-05-18T04:23:44Z] commit-checkpoint: skipped missing scope paths: package.json, package-lock.json
[2026-05-18T04:23:44Z] commit-checkpoint: refused — nothing to commit in runs/
[2026-05-18T04:23:44Z] push: pushing branch=ticket/T108-t108-multi-project-onboarding-and-project-registry
[2026-05-18T04:23:46Z] push: done branch=ticket/T108-t108-multi-project-onboarding-and-project-registry
[2026-05-18T04:24:20Z] commit-checkpoint: skipped missing scope paths: package.json, package-lock.json
[2026-05-18T04:24:20Z] commit-checkpoint: refused — nothing to commit in runs/
[2026-05-18T04:24:21Z] push: pushing branch=ticket/T108-t108-multi-project-onboarding-and-project-registry
[2026-05-18T04:24:22Z] push: done branch=ticket/T108-t108-multi-project-onboarding-and-project-registry
[2026-05-18T04:24:57Z] commit-checkpoint: skipped missing scope paths: package.json, package-lock.json
[2026-05-18T04:24:57Z] commit-checkpoint: refused — nothing to commit in runs/
[2026-05-18T04:24:57Z] push: pushing branch=ticket/T108-t108-multi-project-onboarding-and-project-registry
[2026-05-18T04:24:58Z] push: done branch=ticket/T108-t108-multi-project-onboarding-and-project-registry
[2026-05-18T04:25:33Z] commit-checkpoint: skipped missing scope paths: package.json, package-lock.json
[2026-05-18T04:25:33Z] commit-checkpoint: refused — nothing to commit in runs/
[2026-05-18T04:25:33Z] push: pushing branch=ticket/T108-t108-multi-project-onboarding-and-project-registry
[2026-05-18T04:25:34Z] push: done branch=ticket/T108-t108-multi-project-onboarding-and-project-registry
[2026-05-18T04:26:09Z] commit-checkpoint: skipped missing scope paths: package.json, package-lock.json
[2026-05-18T04:26:09Z] commit-checkpoint: refused — nothing to commit in runs/
[2026-05-18T04:26:09Z] push: pushing branch=ticket/T108-t108-multi-project-onboarding-and-project-registry
[2026-05-18T04:26:10Z] push: done branch=ticket/T108-t108-multi-project-onboarding-and-project-registry
[2026-05-18T04:26:45Z] commit-checkpoint: skipped missing scope paths: package.json, package-lock.json
[2026-05-18T04:26:45Z] commit-checkpoint: refused — nothing to commit in runs/
[2026-05-18T04:26:45Z] push: pushing branch=ticket/T108-t108-multi-project-onboarding-and-project-registry
[2026-05-18T04:26:47Z] push: done branch=ticket/T108-t108-multi-project-onboarding-and-project-registry
[2026-05-18T04:27:21Z] commit-checkpoint: skipped missing scope paths: package.json, package-lock.json
[2026-05-18T04:27:21Z] commit-checkpoint: refused — nothing to commit in runs/
[2026-05-18T04:27:21Z] push: pushing branch=ticket/T108-t108-multi-project-onboarding-and-project-registry
[2026-05-18T04:27:23Z] push: done branch=ticket/T108-t108-multi-project-onboarding-and-project-registry
[2026-05-18T04:27:57Z] commit-checkpoint: skipped missing scope paths: package.json, package-lock.json
[2026-05-18T04:27:57Z] commit-checkpoint: refused — nothing to commit in runs/
[2026-05-18T04:27:57Z] push: pushing branch=ticket/T108-t108-multi-project-onboarding-and-project-registry
[2026-05-18T04:27:59Z] push: done branch=ticket/T108-t108-multi-project-onboarding-and-project-registry
[2026-05-18T04:28:33Z] commit-checkpoint: skipped missing scope paths: package.json, package-lock.json
[2026-05-18T04:28:33Z] commit-checkpoint: refused — nothing to commit in runs/
[2026-05-18T04:28:34Z] push: pushing branch=ticket/T108-t108-multi-project-onboarding-and-project-registry
[2026-05-18T04:28:35Z] push: done branch=ticket/T108-t108-multi-project-onboarding-and-project-registry
[2026-05-18T04:29:10Z] commit-checkpoint: skipped missing scope paths: package.json, package-lock.json
[2026-05-18T04:29:10Z] commit-checkpoint: refused — nothing to commit in runs/
[2026-05-18T04:29:10Z] push: pushing branch=ticket/T108-t108-multi-project-onboarding-and-project-registry
[2026-05-18T04:29:11Z] push: done branch=ticket/T108-t108-multi-project-onboarding-and-project-registry
[2026-05-18T04:29:46Z] commit-checkpoint: skipped missing scope paths: package.json, package-lock.json
[2026-05-18T04:29:46Z] commit-checkpoint: refused — nothing to commit in runs/
[2026-05-18T04:29:46Z] push: pushing branch=ticket/T108-t108-multi-project-onboarding-and-project-registry
[2026-05-18T04:29:47Z] push: done branch=ticket/T108-t108-multi-project-onboarding-and-project-registry
[2026-05-18T04:30:22Z] commit-checkpoint: skipped missing scope paths: package.json, package-lock.json
[2026-05-18T04:30:22Z] commit-checkpoint: refused — nothing to commit in runs/
[2026-05-18T04:30:22Z] push: pushing branch=ticket/T108-t108-multi-project-onboarding-and-project-registry
[2026-05-18T04:30:23Z] push: done branch=ticket/T108-t108-multi-project-onboarding-and-project-registry
[2026-05-18T04:30:58Z] commit-checkpoint: skipped missing scope paths: package.json, package-lock.json
[2026-05-18T04:30:58Z] commit-checkpoint: refused — nothing to commit in runs/
[2026-05-18T04:30:58Z] push: pushing branch=ticket/T108-t108-multi-project-onboarding-and-project-registry
[2026-05-18T04:30:59Z] push: done branch=ticket/T108-t108-multi-project-onboarding-and-project-registry
[2026-05-18T04:31:34Z] commit-checkpoint: skipped missing scope paths: package.json, package-lock.json
[2026-05-18T04:31:34Z] commit-checkpoint: refused — nothing to commit in runs/
[2026-05-18T04:31:34Z] push: pushing branch=ticket/T108-t108-multi-project-onboarding-and-project-registry
[2026-05-18T04:31:36Z] push: done branch=ticket/T108-t108-multi-project-onboarding-and-project-registry
[2026-05-18T04:32:10Z] commit-checkpoint: skipped missing scope paths: package.json, package-lock.json
[2026-05-18T04:32:10Z] commit-checkpoint: refused — nothing to commit in runs/
[2026-05-18T04:32:10Z] push: pushing branch=ticket/T108-t108-multi-project-onboarding-and-project-registry
[2026-05-18T04:32:12Z] push: done branch=ticket/T108-t108-multi-project-onboarding-and-project-registry
[2026-05-18T04:32:46Z] commit-checkpoint: skipped missing scope paths: package.json, package-lock.json
[2026-05-18T04:32:46Z] commit-checkpoint: refused — nothing to commit in runs/
[2026-05-18T04:32:46Z] push: pushing branch=ticket/T108-t108-multi-project-onboarding-and-project-registry
[2026-05-18T04:32:48Z] push: done branch=ticket/T108-t108-multi-project-onboarding-and-project-registry
[2026-05-18T04:33:22Z] commit-checkpoint: skipped missing scope paths: package.json, package-lock.json
[2026-05-18T04:33:22Z] commit-checkpoint: refused — nothing to commit in runs/
[2026-05-18T04:33:22Z] push: pushing branch=ticket/T108-t108-multi-project-onboarding-and-project-registry
[2026-05-18T04:33:24Z] push: done branch=ticket/T108-t108-multi-project-onboarding-and-project-registry
[2026-05-18T04:33:58Z] commit-checkpoint: skipped missing scope paths: package.json, package-lock.json
[2026-05-18T04:33:58Z] commit-checkpoint: refused — nothing to commit in runs/
[2026-05-18T04:33:58Z] push: pushing branch=ticket/T108-t108-multi-project-onboarding-and-project-registry
[2026-05-18T04:34:00Z] push: done branch=ticket/T108-t108-multi-project-onboarding-and-project-registry
[2026-05-18T04:34:34Z] commit-checkpoint: skipped missing scope paths: package.json, package-lock.json
[2026-05-18T04:34:34Z] commit-checkpoint: refused — nothing to commit in runs/
[2026-05-18T04:34:34Z] push: pushing branch=ticket/T108-t108-multi-project-onboarding-and-project-registry
[2026-05-18T04:34:36Z] push: done branch=ticket/T108-t108-multi-project-onboarding-and-project-registry
[2026-05-18T04:35:10Z] commit-checkpoint: skipped missing scope paths: package.json, package-lock.json
[2026-05-18T04:35:10Z] commit-checkpoint: refused — nothing to commit in runs/
[2026-05-18T04:35:10Z] push: pushing branch=ticket/T108-t108-multi-project-onboarding-and-project-registry
[2026-05-18T04:35:12Z] push: done branch=ticket/T108-t108-multi-project-onboarding-and-project-registry
[2026-05-18T04:35:46Z] commit-checkpoint: skipped missing scope paths: package.json, package-lock.json
[2026-05-18T04:35:46Z] commit-checkpoint: refused — nothing to commit in runs/
[2026-05-18T04:35:46Z] push: pushing branch=ticket/T108-t108-multi-project-onboarding-and-project-registry
[2026-05-18T04:35:48Z] push: done branch=ticket/T108-t108-multi-project-onboarding-and-project-registry
[2026-05-18T04:36:22Z] commit-checkpoint: skipped missing scope paths: package.json, package-lock.json
[2026-05-18T04:36:22Z] commit-checkpoint: refused — nothing to commit in runs/
[2026-05-18T04:36:22Z] push: pushing branch=ticket/T108-t108-multi-project-onboarding-and-project-registry
[2026-05-18T04:36:24Z] push: done branch=ticket/T108-t108-multi-project-onboarding-and-project-registry
[2026-05-18T04:36:58Z] commit-checkpoint: skipped missing scope paths: package.json, package-lock.json
[2026-05-18T04:36:58Z] commit-checkpoint: refused — nothing to commit in runs/
[2026-05-18T04:36:58Z] push: pushing branch=ticket/T108-t108-multi-project-onboarding-and-project-registry
[2026-05-18T04:37:00Z] push: done branch=ticket/T108-t108-multi-project-onboarding-and-project-registry
[2026-05-18T04:37:34Z] commit-checkpoint: skipped missing scope paths: package.json, package-lock.json
[2026-05-18T04:37:34Z] commit-checkpoint: refused — nothing to commit in runs/
[2026-05-18T04:37:35Z] push: pushing branch=ticket/T108-t108-multi-project-onboarding-and-project-registry
[2026-05-18T04:37:36Z] push: done branch=ticket/T108-t108-multi-project-onboarding-and-project-registry
[2026-05-18T04:38:10Z] commit-checkpoint: skipped missing scope paths: package.json, package-lock.json
[2026-05-18T04:38:10Z] commit-checkpoint: refused — nothing to commit in runs/
[2026-05-18T04:38:10Z] push: pushing branch=ticket/T108-t108-multi-project-onboarding-and-project-registry
[2026-05-18T04:38:12Z] push: done branch=ticket/T108-t108-multi-project-onboarding-and-project-registry
[2026-05-18T04:38:46Z] commit-checkpoint: skipped missing scope paths: package.json, package-lock.json
[2026-05-18T04:38:46Z] commit-checkpoint: refused — nothing to commit in runs/
[2026-05-18T04:38:47Z] push: pushing branch=ticket/T108-t108-multi-project-onboarding-and-project-registry
[2026-05-18T04:38:48Z] push: done branch=ticket/T108-t108-multi-project-onboarding-and-project-registry
[2026-05-18T04:39:22Z] commit-checkpoint: skipped missing scope paths: package.json, package-lock.json
[2026-05-18T04:39:22Z] commit-checkpoint: refused — nothing to commit in runs/
[2026-05-18T04:39:23Z] push: pushing branch=ticket/T108-t108-multi-project-onboarding-and-project-registry
[2026-05-18T04:39:24Z] push: done branch=ticket/T108-t108-multi-project-onboarding-and-project-registry
[2026-05-18T04:39:58Z] commit-checkpoint: skipped missing scope paths: package.json, package-lock.json
[2026-05-18T04:39:58Z] commit-checkpoint: refused — nothing to commit in runs/
[2026-05-18T04:39:58Z] push: pushing branch=ticket/T108-t108-multi-project-onboarding-and-project-registry
[2026-05-18T04:40:00Z] push: done branch=ticket/T108-t108-multi-project-onboarding-and-project-registry
[2026-05-18T04:40:34Z] commit-checkpoint: skipped missing scope paths: package.json, package-lock.json
[2026-05-18T04:40:34Z] commit-checkpoint: refused — nothing to commit in runs/
[2026-05-18T04:40:34Z] push: pushing branch=ticket/T108-t108-multi-project-onboarding-and-project-registry
[2026-05-18T04:40:36Z] push: done branch=ticket/T108-t108-multi-project-onboarding-and-project-registry
[2026-05-18T04:41:10Z] commit-checkpoint: skipped missing scope paths: package.json, package-lock.json
[2026-05-18T04:41:10Z] commit-checkpoint: refused — nothing to commit in runs/
[2026-05-18T04:41:10Z] push: pushing branch=ticket/T108-t108-multi-project-onboarding-and-project-registry
[2026-05-18T04:41:12Z] push: done branch=ticket/T108-t108-multi-project-onboarding-and-project-registry
[2026-05-18T04:41:47Z] commit-checkpoint: skipped missing scope paths: package.json, package-lock.json
[2026-05-18T04:41:47Z] commit-checkpoint: refused — nothing to commit in runs/
[2026-05-18T04:41:47Z] push: pushing branch=ticket/T108-t108-multi-project-onboarding-and-project-registry
[2026-05-18T04:41:48Z] push: done branch=ticket/T108-t108-multi-project-onboarding-and-project-registry
[2026-05-18T04:42:23Z] commit-checkpoint: skipped missing scope paths: package.json, package-lock.json
[2026-05-18T04:42:23Z] commit-checkpoint: refused — nothing to commit in runs/
[2026-05-18T04:42:23Z] push: pushing branch=ticket/T108-t108-multi-project-onboarding-and-project-registry
[2026-05-18T04:42:24Z] push: done branch=ticket/T108-t108-multi-project-onboarding-and-project-registry
[2026-05-18T04:42:59Z] commit-checkpoint: skipped missing scope paths: package.json, package-lock.json
[2026-05-18T04:42:59Z] commit-checkpoint: refused — nothing to commit in runs/
[2026-05-18T04:42:59Z] push: pushing branch=ticket/T108-t108-multi-project-onboarding-and-project-registry
[2026-05-18T04:43:00Z] push: done branch=ticket/T108-t108-multi-project-onboarding-and-project-registry
[2026-05-18T04:43:35Z] commit-checkpoint: skipped missing scope paths: package.json, package-lock.json
[2026-05-18T04:43:35Z] commit-checkpoint: refused — nothing to commit in runs/
[2026-05-18T04:43:35Z] push: pushing branch=ticket/T108-t108-multi-project-onboarding-and-project-registry
[2026-05-18T04:43:36Z] push: done branch=ticket/T108-t108-multi-project-onboarding-and-project-registry
[2026-05-18T04:44:11Z] commit-checkpoint: skipped missing scope paths: package.json, package-lock.json
[2026-05-18T04:44:11Z] commit-checkpoint: refused — nothing to commit in runs/
[2026-05-18T04:44:11Z] push: pushing branch=ticket/T108-t108-multi-project-onboarding-and-project-registry
[2026-05-18T04:44:13Z] push: done branch=ticket/T108-t108-multi-project-onboarding-and-project-registry
[2026-05-18T04:44:47Z] commit-checkpoint: skipped missing scope paths: package.json, package-lock.json
[2026-05-18T04:44:47Z] commit-checkpoint: refused — nothing to commit in runs/
[2026-05-18T04:44:47Z] push: pushing branch=ticket/T108-t108-multi-project-onboarding-and-project-registry
[2026-05-18T04:44:49Z] push: done branch=ticket/T108-t108-multi-project-onboarding-and-project-registry
[2026-05-18T04:45:23Z] commit-checkpoint: skipped missing scope paths: package.json, package-lock.json
[2026-05-18T04:45:23Z] commit-checkpoint: refused — nothing to commit in runs/
[2026-05-18T04:45:23Z] push: pushing branch=ticket/T108-t108-multi-project-onboarding-and-project-registry
[2026-05-18T04:45:25Z] push: done branch=ticket/T108-t108-multi-project-onboarding-and-project-registry
[2026-05-18T04:45:59Z] commit-checkpoint: skipped missing scope paths: package.json, package-lock.json
[2026-05-18T04:45:59Z] commit-checkpoint: refused — nothing to commit in runs/
[2026-05-18T04:45:59Z] push: pushing branch=ticket/T108-t108-multi-project-onboarding-and-project-registry
[2026-05-18T04:46:01Z] push: done branch=ticket/T108-t108-multi-project-onboarding-and-project-registry
[2026-05-18T04:46:35Z] commit-checkpoint: skipped missing scope paths: package.json, package-lock.json
[2026-05-18T04:46:35Z] commit-checkpoint: refused — nothing to commit in runs/
[2026-05-18T04:46:35Z] push: pushing branch=ticket/T108-t108-multi-project-onboarding-and-project-registry
[2026-05-18T04:46:37Z] push: done branch=ticket/T108-t108-multi-project-onboarding-and-project-registry
[2026-05-18T04:47:11Z] commit-checkpoint: skipped missing scope paths: package.json, package-lock.json
[2026-05-18T04:47:11Z] commit-checkpoint: refused — nothing to commit in runs/
[2026-05-18T04:47:11Z] push: pushing branch=ticket/T108-t108-multi-project-onboarding-and-project-registry
[2026-05-18T04:47:13Z] push: done branch=ticket/T108-t108-multi-project-onboarding-and-project-registry
[2026-05-18T04:47:47Z] commit-checkpoint: skipped missing scope paths: package.json, package-lock.json
[2026-05-18T04:47:47Z] commit-checkpoint: refused — nothing to commit in runs/
[2026-05-18T04:47:47Z] push: pushing branch=ticket/T108-t108-multi-project-onboarding-and-project-registry
[2026-05-18T04:47:49Z] push: done branch=ticket/T108-t108-multi-project-onboarding-and-project-registry
[2026-05-18T04:48:23Z] commit-checkpoint: skipped missing scope paths: package.json, package-lock.json
[2026-05-18T04:48:23Z] commit-checkpoint: refused — nothing to commit in runs/
[2026-05-18T04:48:24Z] push: pushing branch=ticket/T108-t108-multi-project-onboarding-and-project-registry
[2026-05-18T04:48:25Z] push: done branch=ticket/T108-t108-multi-project-onboarding-and-project-registry
[2026-05-18T04:48:59Z] commit-checkpoint: skipped missing scope paths: package.json, package-lock.json
[2026-05-18T04:48:59Z] commit-checkpoint: refused — nothing to commit in runs/
[2026-05-18T04:49:00Z] push: pushing branch=ticket/T108-t108-multi-project-onboarding-and-project-registry
[2026-05-18T04:49:01Z] push: done branch=ticket/T108-t108-multi-project-onboarding-and-project-registry
[2026-05-18T04:49:36Z] commit-checkpoint: skipped missing scope paths: package.json, package-lock.json
[2026-05-18T04:49:36Z] commit-checkpoint: refused — nothing to commit in runs/
[2026-05-18T04:49:36Z] push: pushing branch=ticket/T108-t108-multi-project-onboarding-and-project-registry
[2026-05-18T04:49:37Z] push: done branch=ticket/T108-t108-multi-project-onboarding-and-project-registry
[2026-05-18T04:50:12Z] commit-checkpoint: skipped missing scope paths: package.json, package-lock.json
[2026-05-18T04:50:12Z] commit-checkpoint: refused — nothing to commit in runs/
[2026-05-18T04:50:12Z] push: pushing branch=ticket/T108-t108-multi-project-onboarding-and-project-registry
[2026-05-18T04:50:13Z] push: done branch=ticket/T108-t108-multi-project-onboarding-and-project-registry
[2026-05-18T04:50:48Z] commit-checkpoint: skipped missing scope paths: package.json, package-lock.json
[2026-05-18T04:50:48Z] commit-checkpoint: refused — nothing to commit in runs/
[2026-05-18T04:50:48Z] push: pushing branch=ticket/T108-t108-multi-project-onboarding-and-project-registry
[2026-05-18T04:50:49Z] push: done branch=ticket/T108-t108-multi-project-onboarding-and-project-registry
[2026-05-18T04:51:24Z] commit-checkpoint: skipped missing scope paths: package.json, package-lock.json
[2026-05-18T04:51:24Z] commit-checkpoint: refused — nothing to commit in runs/
[2026-05-18T04:51:24Z] push: pushing branch=ticket/T108-t108-multi-project-onboarding-and-project-registry
[2026-05-18T04:51:25Z] push: done branch=ticket/T108-t108-multi-project-onboarding-and-project-registry
[2026-05-18T04:52:00Z] commit-checkpoint: skipped missing scope paths: package.json, package-lock.json
[2026-05-18T04:52:00Z] commit-checkpoint: refused — nothing to commit in runs/
[2026-05-18T04:52:00Z] push: pushing branch=ticket/T108-t108-multi-project-onboarding-and-project-registry
[2026-05-18T04:52:01Z] push: done branch=ticket/T108-t108-multi-project-onboarding-and-project-registry
[2026-05-18T04:52:36Z] commit-checkpoint: skipped missing scope paths: package.json, package-lock.json
[2026-05-18T04:52:36Z] commit-checkpoint: refused — nothing to commit in runs/
[2026-05-18T04:52:36Z] push: pushing branch=ticket/T108-t108-multi-project-onboarding-and-project-registry
[2026-05-18T04:52:37Z] push: done branch=ticket/T108-t108-multi-project-onboarding-and-project-registry
[2026-05-18T04:53:12Z] commit-checkpoint: skipped missing scope paths: package.json, package-lock.json
[2026-05-18T04:53:12Z] commit-checkpoint: refused — nothing to commit in runs/
[2026-05-18T04:53:12Z] push: pushing branch=ticket/T108-t108-multi-project-onboarding-and-project-registry
[2026-05-18T04:53:13Z] push: done branch=ticket/T108-t108-multi-project-onboarding-and-project-registry
[2026-05-18T04:53:48Z] commit-checkpoint: skipped missing scope paths: package.json, package-lock.json
[2026-05-18T04:53:48Z] commit-checkpoint: refused — nothing to commit in runs/
[2026-05-18T04:53:48Z] push: pushing branch=ticket/T108-t108-multi-project-onboarding-and-project-registry
[2026-05-18T04:53:50Z] push: done branch=ticket/T108-t108-multi-project-onboarding-and-project-registry
[2026-05-18T04:54:24Z] commit-checkpoint: skipped missing scope paths: package.json, package-lock.json
[2026-05-18T04:54:24Z] commit-checkpoint: refused — nothing to commit in runs/
[2026-05-18T04:54:24Z] push: pushing branch=ticket/T108-t108-multi-project-onboarding-and-project-registry
[2026-05-18T04:54:26Z] push: done branch=ticket/T108-t108-multi-project-onboarding-and-project-registry
[2026-05-18T04:55:01Z] commit-checkpoint: skipped missing scope paths: package.json, package-lock.json
[2026-05-18T04:55:01Z] commit-checkpoint: refused — nothing to commit in runs/
[2026-05-18T04:55:01Z] push: pushing branch=ticket/T108-t108-multi-project-onboarding-and-project-registry
[2026-05-18T04:55:02Z] push: done branch=ticket/T108-t108-multi-project-onboarding-and-project-registry
[2026-05-18T04:55:37Z] commit-checkpoint: skipped missing scope paths: package.json, package-lock.json
[2026-05-18T04:55:37Z] commit-checkpoint: refused — nothing to commit in runs/
[2026-05-18T04:55:37Z] push: pushing branch=ticket/T108-t108-multi-project-onboarding-and-project-registry
[2026-05-18T04:55:38Z] push: done branch=ticket/T108-t108-multi-project-onboarding-and-project-registry
[2026-05-18T04:56:12Z] commit-checkpoint: skipped missing scope paths: package.json, package-lock.json
[2026-05-18T04:56:13Z] commit-checkpoint: refused — nothing to commit in runs/
[2026-05-18T04:56:13Z] push: pushing branch=ticket/T108-t108-multi-project-onboarding-and-project-registry
[2026-05-18T04:56:14Z] push: done branch=ticket/T108-t108-multi-project-onboarding-and-project-registry
[2026-05-18T04:56:49Z] commit-checkpoint: skipped missing scope paths: package.json, package-lock.json
[2026-05-18T04:56:49Z] commit-checkpoint: refused — nothing to commit in runs/
[2026-05-18T04:56:49Z] push: pushing branch=ticket/T108-t108-multi-project-onboarding-and-project-registry
[2026-05-18T04:56:50Z] push: done branch=ticket/T108-t108-multi-project-onboarding-and-project-registry
[2026-05-18T04:57:25Z] commit-checkpoint: skipped missing scope paths: package.json, package-lock.json
[2026-05-18T04:57:25Z] commit-checkpoint: refused — nothing to commit in runs/
[2026-05-18T04:57:25Z] push: pushing branch=ticket/T108-t108-multi-project-onboarding-and-project-registry
[2026-05-18T04:57:26Z] push: done branch=ticket/T108-t108-multi-project-onboarding-and-project-registry
[2026-05-18T04:58:01Z] commit-checkpoint: skipped missing scope paths: package.json, package-lock.json
[2026-05-18T04:58:01Z] commit-checkpoint: refused — nothing to commit in runs/
[2026-05-18T04:58:01Z] push: pushing branch=ticket/T108-t108-multi-project-onboarding-and-project-registry
[2026-05-18T04:58:02Z] push: done branch=ticket/T108-t108-multi-project-onboarding-and-project-registry
[2026-05-18T04:58:37Z] commit-checkpoint: skipped missing scope paths: package.json, package-lock.json
[2026-05-18T04:58:37Z] commit-checkpoint: refused — nothing to commit in runs/
[2026-05-18T04:58:37Z] push: pushing branch=ticket/T108-t108-multi-project-onboarding-and-project-registry
[2026-05-18T04:58:39Z] push: done branch=ticket/T108-t108-multi-project-onboarding-and-project-registry
[2026-05-18T04:59:13Z] commit-checkpoint: skipped missing scope paths: package.json, package-lock.json
[2026-05-18T04:59:13Z] commit-checkpoint: refused — nothing to commit in runs/
[2026-05-18T04:59:13Z] push: pushing branch=ticket/T108-t108-multi-project-onboarding-and-project-registry
[2026-05-18T04:59:14Z] push: done branch=ticket/T108-t108-multi-project-onboarding-and-project-registry
[2026-05-18T04:59:49Z] commit-checkpoint: skipped missing scope paths: package.json, package-lock.json
[2026-05-18T04:59:49Z] commit-checkpoint: refused — nothing to commit in runs/
[2026-05-18T04:59:49Z] push: pushing branch=ticket/T108-t108-multi-project-onboarding-and-project-registry
[2026-05-18T04:59:51Z] push: done branch=ticket/T108-t108-multi-project-onboarding-and-project-registry
[2026-05-18T05:00:25Z] commit-checkpoint: skipped missing scope paths: package.json, package-lock.json
[2026-05-18T05:00:25Z] commit-checkpoint: refused — nothing to commit in runs/
[2026-05-18T05:00:25Z] push: pushing branch=ticket/T108-t108-multi-project-onboarding-and-project-registry
[2026-05-18T05:00:27Z] push: done branch=ticket/T108-t108-multi-project-onboarding-and-project-registry
[2026-05-18T05:01:01Z] commit-checkpoint: skipped missing scope paths: package.json, package-lock.json
[2026-05-18T05:01:01Z] commit-checkpoint: refused — nothing to commit in runs/
[2026-05-18T05:01:01Z] push: pushing branch=ticket/T108-t108-multi-project-onboarding-and-project-registry
[2026-05-18T05:01:03Z] push: done branch=ticket/T108-t108-multi-project-onboarding-and-project-registry
[2026-05-18T05:01:37Z] commit-checkpoint: skipped missing scope paths: package.json, package-lock.json
[2026-05-18T05:01:37Z] commit-checkpoint: refused — nothing to commit in runs/
[2026-05-18T05:01:37Z] push: pushing branch=ticket/T108-t108-multi-project-onboarding-and-project-registry
[2026-05-18T05:01:39Z] push: done branch=ticket/T108-t108-multi-project-onboarding-and-project-registry
[2026-05-18T05:02:13Z] commit-checkpoint: skipped missing scope paths: package.json, package-lock.json
[2026-05-18T05:02:13Z] commit-checkpoint: refused — nothing to commit in runs/
[2026-05-18T05:02:14Z] push: pushing branch=ticket/T108-t108-multi-project-onboarding-and-project-registry
[2026-05-18T05:02:15Z] push: done branch=ticket/T108-t108-multi-project-onboarding-and-project-registry
[2026-05-18T05:02:50Z] commit-checkpoint: skipped missing scope paths: package.json, package-lock.json
[2026-05-18T05:02:50Z] commit-checkpoint: refused — nothing to commit in runs/
[2026-05-18T05:02:50Z] push: pushing branch=ticket/T108-t108-multi-project-onboarding-and-project-registry
[2026-05-18T05:02:51Z] push: done branch=ticket/T108-t108-multi-project-onboarding-and-project-registry
[2026-05-18T05:03:26Z] commit-checkpoint: skipped missing scope paths: package.json, package-lock.json
[2026-05-18T05:03:26Z] commit-checkpoint: refused — nothing to commit in runs/
[2026-05-18T05:03:26Z] push: pushing branch=ticket/T108-t108-multi-project-onboarding-and-project-registry
[2026-05-18T05:03:27Z] push: done branch=ticket/T108-t108-multi-project-onboarding-and-project-registry
[2026-05-18T05:04:02Z] commit-checkpoint: skipped missing scope paths: package.json, package-lock.json
[2026-05-18T05:04:02Z] commit-checkpoint: refused — nothing to commit in runs/
[2026-05-18T05:04:02Z] push: pushing branch=ticket/T108-t108-multi-project-onboarding-and-project-registry
[2026-05-18T05:04:04Z] push: done branch=ticket/T108-t108-multi-project-onboarding-and-project-registry
[2026-05-18T05:04:38Z] commit-checkpoint: skipped missing scope paths: package.json, package-lock.json
[2026-05-18T05:04:38Z] commit-checkpoint: refused — nothing to commit in runs/
[2026-05-18T05:04:38Z] push: pushing branch=ticket/T108-t108-multi-project-onboarding-and-project-registry
[2026-05-18T05:04:40Z] push: done branch=ticket/T108-t108-multi-project-onboarding-and-project-registry
[2026-05-18T05:05:14Z] commit-checkpoint: skipped missing scope paths: package.json, package-lock.json
[2026-05-18T05:05:14Z] commit-checkpoint: refused — nothing to commit in runs/
[2026-05-18T05:05:14Z] push: pushing branch=ticket/T108-t108-multi-project-onboarding-and-project-registry
[2026-05-18T05:05:15Z] push: done branch=ticket/T108-t108-multi-project-onboarding-and-project-registry
[2026-05-18T05:05:50Z] commit-checkpoint: skipped missing scope paths: package.json, package-lock.json
[2026-05-18T05:05:50Z] commit-checkpoint: refused — nothing to commit in runs/
[2026-05-18T05:05:50Z] push: pushing branch=ticket/T108-t108-multi-project-onboarding-and-project-registry
[2026-05-18T05:05:51Z] push: done branch=ticket/T108-t108-multi-project-onboarding-and-project-registry
[2026-05-18T05:06:26Z] commit-checkpoint: skipped missing scope paths: package.json, package-lock.json
[2026-05-18T05:06:26Z] commit-checkpoint: refused — nothing to commit in runs/
[2026-05-18T05:06:26Z] push: pushing branch=ticket/T108-t108-multi-project-onboarding-and-project-registry
[2026-05-18T05:06:27Z] push: done branch=ticket/T108-t108-multi-project-onboarding-and-project-registry
[2026-05-18T05:07:02Z] commit-checkpoint: skipped missing scope paths: package.json, package-lock.json
[2026-05-18T05:07:02Z] commit-checkpoint: refused — nothing to commit in runs/
[2026-05-18T05:07:02Z] push: pushing branch=ticket/T108-t108-multi-project-onboarding-and-project-registry
[2026-05-18T05:07:04Z] push: done branch=ticket/T108-t108-multi-project-onboarding-and-project-registry
[2026-05-18T05:07:38Z] commit-checkpoint: skipped missing scope paths: package.json, package-lock.json
[2026-05-18T05:07:38Z] commit-checkpoint: refused — nothing to commit in runs/
[2026-05-18T05:07:38Z] push: pushing branch=ticket/T108-t108-multi-project-onboarding-and-project-registry
[2026-05-18T05:07:40Z] push: done branch=ticket/T108-t108-multi-project-onboarding-and-project-registry
[2026-05-18T05:08:14Z] commit-checkpoint: skipped missing scope paths: package.json, package-lock.json
[2026-05-18T05:08:14Z] commit-checkpoint: refused — nothing to commit in runs/
[2026-05-18T05:08:14Z] push: pushing branch=ticket/T108-t108-multi-project-onboarding-and-project-registry
[2026-05-18T05:08:16Z] push: done branch=ticket/T108-t108-multi-project-onboarding-and-project-registry
[2026-05-18T05:08:50Z] commit-checkpoint: skipped missing scope paths: package.json, package-lock.json
[2026-05-18T05:08:50Z] commit-checkpoint: refused — nothing to commit in runs/
[2026-05-18T05:08:50Z] push: pushing branch=ticket/T108-t108-multi-project-onboarding-and-project-registry
[2026-05-18T05:08:52Z] push: done branch=ticket/T108-t108-multi-project-onboarding-and-project-registry
[2026-05-18T05:09:26Z] commit-checkpoint: skipped missing scope paths: package.json, package-lock.json
[2026-05-18T05:09:26Z] commit-checkpoint: refused — nothing to commit in runs/
[2026-05-18T05:09:26Z] push: pushing branch=ticket/T108-t108-multi-project-onboarding-and-project-registry
[2026-05-18T05:09:28Z] push: done branch=ticket/T108-t108-multi-project-onboarding-and-project-registry
[2026-05-18T05:10:02Z] commit-checkpoint: skipped missing scope paths: package.json, package-lock.json
[2026-05-18T05:10:02Z] commit-checkpoint: refused — nothing to commit in runs/
[2026-05-18T05:10:03Z] push: pushing branch=ticket/T108-t108-multi-project-onboarding-and-project-registry
[2026-05-18T05:10:04Z] push: done branch=ticket/T108-t108-multi-project-onboarding-and-project-registry
[2026-05-18T05:10:39Z] commit-checkpoint: skipped missing scope paths: package.json, package-lock.json
[2026-05-18T05:10:39Z] commit-checkpoint: refused — nothing to commit in runs/
[2026-05-18T05:10:39Z] push: pushing branch=ticket/T108-t108-multi-project-onboarding-and-project-registry
[2026-05-18T05:10:40Z] push: done branch=ticket/T108-t108-multi-project-onboarding-and-project-registry
[2026-05-18T05:11:15Z] commit-checkpoint: skipped missing scope paths: package.json, package-lock.json
[2026-05-18T05:11:15Z] commit-checkpoint: refused — nothing to commit in runs/
[2026-05-18T05:11:15Z] push: pushing branch=ticket/T108-t108-multi-project-onboarding-and-project-registry
[2026-05-18T05:11:16Z] push: done branch=ticket/T108-t108-multi-project-onboarding-and-project-registry
[2026-05-18T05:11:51Z] commit-checkpoint: skipped missing scope paths: package.json, package-lock.json
[2026-05-18T05:11:51Z] commit-checkpoint: refused — nothing to commit in runs/
[2026-05-18T05:11:51Z] push: pushing branch=ticket/T108-t108-multi-project-onboarding-and-project-registry
[2026-05-18T05:11:52Z] push: done branch=ticket/T108-t108-multi-project-onboarding-and-project-registry
[2026-05-18T05:12:27Z] commit-checkpoint: skipped missing scope paths: package.json, package-lock.json
[2026-05-18T05:12:27Z] commit-checkpoint: refused — nothing to commit in runs/
[2026-05-18T05:12:27Z] push: pushing branch=ticket/T108-t108-multi-project-onboarding-and-project-registry
[2026-05-18T05:12:29Z] push: done branch=ticket/T108-t108-multi-project-onboarding-and-project-registry
[2026-05-18T05:13:03Z] commit-checkpoint: skipped missing scope paths: package.json, package-lock.json
[2026-05-18T05:13:04Z] commit-checkpoint: refused — nothing to commit in runs/
[2026-05-18T05:13:04Z] push: pushing branch=ticket/T108-t108-multi-project-onboarding-and-project-registry
[2026-05-18T05:13:05Z] push: done branch=ticket/T108-t108-multi-project-onboarding-and-project-registry
[2026-05-18T05:13:40Z] commit-checkpoint: skipped missing scope paths: package.json, package-lock.json
[2026-05-18T05:13:40Z] commit-checkpoint: refused — nothing to commit in runs/
[2026-05-18T05:13:40Z] push: pushing branch=ticket/T108-t108-multi-project-onboarding-and-project-registry
[2026-05-18T05:13:41Z] push: done branch=ticket/T108-t108-multi-project-onboarding-and-project-registry
[2026-05-18T05:14:16Z] commit-checkpoint: skipped missing scope paths: package.json, package-lock.json
[2026-05-18T05:14:16Z] commit-checkpoint: refused — nothing to commit in runs/
[2026-05-18T05:14:16Z] push: pushing branch=ticket/T108-t108-multi-project-onboarding-and-project-registry
[2026-05-18T05:14:18Z] push: done branch=ticket/T108-t108-multi-project-onboarding-and-project-registry
[2026-05-18T05:14:52Z] commit-checkpoint: skipped missing scope paths: package.json, package-lock.json
[2026-05-18T05:14:52Z] commit-checkpoint: refused — nothing to commit in runs/
[2026-05-18T05:14:52Z] push: pushing branch=ticket/T108-t108-multi-project-onboarding-and-project-registry
[2026-05-18T05:14:54Z] push: done branch=ticket/T108-t108-multi-project-onboarding-and-project-registry
[2026-05-18T05:15:28Z] commit-checkpoint: skipped missing scope paths: package.json, package-lock.json
[2026-05-18T05:15:28Z] commit-checkpoint: refused — nothing to commit in runs/
[2026-05-18T05:15:28Z] push: pushing branch=ticket/T108-t108-multi-project-onboarding-and-project-registry
[2026-05-18T05:15:30Z] push: done branch=ticket/T108-t108-multi-project-onboarding-and-project-registry
[2026-05-18T05:16:04Z] commit-checkpoint: skipped missing scope paths: package.json, package-lock.json
[2026-05-18T05:16:04Z] commit-checkpoint: refused — nothing to commit in runs/
[2026-05-18T05:16:04Z] push: pushing branch=ticket/T108-t108-multi-project-onboarding-and-project-registry
[2026-05-18T05:16:06Z] push: done branch=ticket/T108-t108-multi-project-onboarding-and-project-registry
[2026-05-18T05:16:40Z] commit-checkpoint: skipped missing scope paths: package.json, package-lock.json
[2026-05-18T05:16:40Z] commit-checkpoint: refused — nothing to commit in runs/
[2026-05-18T05:16:40Z] push: pushing branch=ticket/T108-t108-multi-project-onboarding-and-project-registry
[2026-05-18T05:16:42Z] push: done branch=ticket/T108-t108-multi-project-onboarding-and-project-registry
[2026-05-18T05:17:16Z] commit-checkpoint: skipped missing scope paths: package.json, package-lock.json
[2026-05-18T05:17:16Z] commit-checkpoint: refused — nothing to commit in runs/
[2026-05-18T05:17:17Z] push: pushing branch=ticket/T108-t108-multi-project-onboarding-and-project-registry
[2026-05-18T05:17:18Z] push: done branch=ticket/T108-t108-multi-project-onboarding-and-project-registry
[2026-05-18T05:17:53Z] commit-checkpoint: skipped missing scope paths: package.json, package-lock.json
[2026-05-18T05:17:53Z] commit-checkpoint: refused — nothing to commit in runs/
[2026-05-18T05:17:53Z] push: pushing branch=ticket/T108-t108-multi-project-onboarding-and-project-registry
[2026-05-18T05:17:54Z] push: done branch=ticket/T108-t108-multi-project-onboarding-and-project-registry
[2026-05-18T05:18:29Z] commit-checkpoint: skipped missing scope paths: package.json, package-lock.json
[2026-05-18T05:18:29Z] commit-checkpoint: refused — nothing to commit in runs/
[2026-05-18T05:18:29Z] push: pushing branch=ticket/T108-t108-multi-project-onboarding-and-project-registry
[2026-05-18T05:18:30Z] push: done branch=ticket/T108-t108-multi-project-onboarding-and-project-registry
[2026-05-18T05:19:05Z] commit-checkpoint: skipped missing scope paths: package.json, package-lock.json
[2026-05-18T05:19:05Z] commit-checkpoint: refused — nothing to commit in runs/
[2026-05-18T05:19:05Z] push: pushing branch=ticket/T108-t108-multi-project-onboarding-and-project-registry
[2026-05-18T05:19:07Z] push: done branch=ticket/T108-t108-multi-project-onboarding-and-project-registry
[2026-05-18T05:19:41Z] commit-checkpoint: skipped missing scope paths: package.json, package-lock.json
[2026-05-18T05:19:41Z] commit-checkpoint: refused — nothing to commit in runs/
[2026-05-18T05:19:41Z] push: pushing branch=ticket/T108-t108-multi-project-onboarding-and-project-registry
[2026-05-18T05:19:43Z] push: done branch=ticket/T108-t108-multi-project-onboarding-and-project-registry
[2026-05-18T05:20:17Z] commit-checkpoint: skipped missing scope paths: package.json, package-lock.json
[2026-05-18T05:20:17Z] commit-checkpoint: refused — nothing to commit in runs/
[2026-05-18T05:20:17Z] push: pushing branch=ticket/T108-t108-multi-project-onboarding-and-project-registry
[2026-05-18T05:20:19Z] push: done branch=ticket/T108-t108-multi-project-onboarding-and-project-registry
[2026-05-18T05:20:53Z] commit-checkpoint: skipped missing scope paths: package.json, package-lock.json
[2026-05-18T05:20:53Z] commit-checkpoint: refused — nothing to commit in runs/
[2026-05-18T05:20:53Z] push: pushing branch=ticket/T108-t108-multi-project-onboarding-and-project-registry
[2026-05-18T05:20:55Z] push: done branch=ticket/T108-t108-multi-project-onboarding-and-project-registry
[2026-05-18T05:21:29Z] commit-checkpoint: skipped missing scope paths: package.json, package-lock.json
[2026-05-18T05:21:29Z] commit-checkpoint: refused — nothing to commit in runs/
[2026-05-18T05:21:29Z] push: pushing branch=ticket/T108-t108-multi-project-onboarding-and-project-registry
[2026-05-18T05:21:31Z] push: done branch=ticket/T108-t108-multi-project-onboarding-and-project-registry
[2026-05-18T05:22:05Z] commit-checkpoint: skipped missing scope paths: package.json, package-lock.json
[2026-05-18T05:22:05Z] commit-checkpoint: refused — nothing to commit in runs/
[2026-05-18T05:22:05Z] push: pushing branch=ticket/T108-t108-multi-project-onboarding-and-project-registry
[2026-05-18T05:22:07Z] push: done branch=ticket/T108-t108-multi-project-onboarding-and-project-registry
[2026-05-18T05:22:41Z] commit-checkpoint: skipped missing scope paths: package.json, package-lock.json
[2026-05-18T05:22:41Z] commit-checkpoint: refused — nothing to commit in runs/
[2026-05-18T05:22:41Z] push: pushing branch=ticket/T108-t108-multi-project-onboarding-and-project-registry
[2026-05-18T05:22:43Z] push: done branch=ticket/T108-t108-multi-project-onboarding-and-project-registry
[2026-05-18T05:23:17Z] commit-checkpoint: skipped missing scope paths: package.json, package-lock.json
[2026-05-18T05:23:17Z] commit-checkpoint: refused — nothing to commit in runs/
[2026-05-18T05:23:17Z] push: pushing branch=ticket/T108-t108-multi-project-onboarding-and-project-registry
[2026-05-18T05:23:19Z] push: done branch=ticket/T108-t108-multi-project-onboarding-and-project-registry
[2026-05-18T05:23:53Z] commit-checkpoint: skipped missing scope paths: package.json, package-lock.json
[2026-05-18T05:23:53Z] commit-checkpoint: refused — nothing to commit in runs/
[2026-05-18T05:23:53Z] push: pushing branch=ticket/T108-t108-multi-project-onboarding-and-project-registry
[2026-05-18T05:23:55Z] push: done branch=ticket/T108-t108-multi-project-onboarding-and-project-registry
[2026-05-18T05:24:29Z] commit-checkpoint: skipped missing scope paths: package.json, package-lock.json
[2026-05-18T05:24:29Z] commit-checkpoint: refused — nothing to commit in runs/
[2026-05-18T05:24:29Z] push: pushing branch=ticket/T108-t108-multi-project-onboarding-and-project-registry
[2026-05-18T05:24:31Z] push: done branch=ticket/T108-t108-multi-project-onboarding-and-project-registry
[2026-05-18T05:25:05Z] commit-checkpoint: skipped missing scope paths: package.json, package-lock.json
[2026-05-18T05:25:05Z] commit-checkpoint: refused — nothing to commit in runs/
[2026-05-18T05:25:05Z] push: pushing branch=ticket/T108-t108-multi-project-onboarding-and-project-registry
[2026-05-18T05:25:07Z] push: done branch=ticket/T108-t108-multi-project-onboarding-and-project-registry
[2026-05-18T05:25:41Z] commit-checkpoint: skipped missing scope paths: package.json, package-lock.json
[2026-05-18T05:25:41Z] commit-checkpoint: refused — nothing to commit in runs/
[2026-05-18T05:25:42Z] push: pushing branch=ticket/T108-t108-multi-project-onboarding-and-project-registry
[2026-05-18T05:25:43Z] push: done branch=ticket/T108-t108-multi-project-onboarding-and-project-registry
[2026-05-18T05:26:17Z] commit-checkpoint: skipped missing scope paths: package.json, package-lock.json
[2026-05-18T05:26:17Z] commit-checkpoint: refused — nothing to commit in runs/
[2026-05-18T05:26:18Z] push: pushing branch=ticket/T108-t108-multi-project-onboarding-and-project-registry
[2026-05-18T05:26:19Z] push: done branch=ticket/T108-t108-multi-project-onboarding-and-project-registry
[2026-05-18T05:26:54Z] commit-checkpoint: skipped missing scope paths: package.json, package-lock.json
[2026-05-18T05:26:54Z] commit-checkpoint: refused — nothing to commit in runs/
[2026-05-18T05:26:54Z] push: pushing branch=ticket/T108-t108-multi-project-onboarding-and-project-registry
[2026-05-18T05:26:55Z] push: done branch=ticket/T108-t108-multi-project-onboarding-and-project-registry
[2026-05-18T05:27:30Z] commit-checkpoint: skipped missing scope paths: package.json, package-lock.json
[2026-05-18T05:27:30Z] commit-checkpoint: refused — nothing to commit in runs/
[2026-05-18T05:27:30Z] push: pushing branch=ticket/T108-t108-multi-project-onboarding-and-project-registry
[2026-05-18T05:27:31Z] push: done branch=ticket/T108-t108-multi-project-onboarding-and-project-registry
[2026-05-18T05:28:06Z] commit-checkpoint: skipped missing scope paths: package.json, package-lock.json
[2026-05-18T05:28:06Z] commit-checkpoint: refused — nothing to commit in runs/
[2026-05-18T05:28:06Z] push: pushing branch=ticket/T108-t108-multi-project-onboarding-and-project-registry
[2026-05-18T05:28:07Z] push: done branch=ticket/T108-t108-multi-project-onboarding-and-project-registry
[2026-05-18T05:28:42Z] commit-checkpoint: skipped missing scope paths: package.json, package-lock.json
[2026-05-18T05:28:42Z] commit-checkpoint: refused — nothing to commit in runs/
[2026-05-18T05:28:42Z] push: pushing branch=ticket/T108-t108-multi-project-onboarding-and-project-registry
[2026-05-18T05:28:43Z] push: done branch=ticket/T108-t108-multi-project-onboarding-and-project-registry
[2026-05-18T05:29:18Z] commit-checkpoint: skipped missing scope paths: package.json, package-lock.json
[2026-05-18T05:29:18Z] commit-checkpoint: refused — nothing to commit in runs/
[2026-05-18T05:29:18Z] push: pushing branch=ticket/T108-t108-multi-project-onboarding-and-project-registry
[2026-05-18T05:29:19Z] push: done branch=ticket/T108-t108-multi-project-onboarding-and-project-registry
[2026-05-18T05:29:54Z] commit-checkpoint: skipped missing scope paths: package.json, package-lock.json
[2026-05-18T05:29:54Z] commit-checkpoint: refused — nothing to commit in runs/
[2026-05-18T05:29:54Z] push: pushing branch=ticket/T108-t108-multi-project-onboarding-and-project-registry
[2026-05-18T05:29:55Z] push: done branch=ticket/T108-t108-multi-project-onboarding-and-project-registry
[2026-05-18T05:30:30Z] commit-checkpoint: skipped missing scope paths: package.json, package-lock.json
[2026-05-18T05:30:30Z] commit-checkpoint: refused — nothing to commit in runs/
[2026-05-18T05:30:30Z] push: pushing branch=ticket/T108-t108-multi-project-onboarding-and-project-registry
[2026-05-18T05:30:31Z] push: done branch=ticket/T108-t108-multi-project-onboarding-and-project-registry
[2026-05-18T05:31:06Z] commit-checkpoint: skipped missing scope paths: package.json, package-lock.json
[2026-05-18T05:31:06Z] commit-checkpoint: refused — nothing to commit in runs/
[2026-05-18T05:31:06Z] push: pushing branch=ticket/T108-t108-multi-project-onboarding-and-project-registry
[2026-05-18T05:31:07Z] push: done branch=ticket/T108-t108-multi-project-onboarding-and-project-registry
[2026-05-18T05:31:42Z] commit-checkpoint: skipped missing scope paths: package.json, package-lock.json
[2026-05-18T05:31:42Z] commit-checkpoint: refused — nothing to commit in runs/
[2026-05-18T05:31:42Z] push: pushing branch=ticket/T108-t108-multi-project-onboarding-and-project-registry
[2026-05-18T05:31:43Z] push: done branch=ticket/T108-t108-multi-project-onboarding-and-project-registry
[2026-05-18T05:32:18Z] commit-checkpoint: skipped missing scope paths: package.json, package-lock.json
[2026-05-18T05:32:18Z] commit-checkpoint: refused — nothing to commit in runs/
[2026-05-18T05:32:18Z] push: pushing branch=ticket/T108-t108-multi-project-onboarding-and-project-registry
[2026-05-18T05:32:19Z] push: done branch=ticket/T108-t108-multi-project-onboarding-and-project-registry
[2026-05-18T05:32:54Z] commit-checkpoint: skipped missing scope paths: package.json, package-lock.json
[2026-05-18T05:32:54Z] commit-checkpoint: refused — nothing to commit in runs/
[2026-05-18T05:32:54Z] push: pushing branch=ticket/T108-t108-multi-project-onboarding-and-project-registry
[2026-05-18T05:32:56Z] push: done branch=ticket/T108-t108-multi-project-onboarding-and-project-registry
[2026-05-18T05:33:30Z] commit-checkpoint: skipped missing scope paths: package.json, package-lock.json
[2026-05-18T05:33:30Z] commit-checkpoint: refused — nothing to commit in runs/
[2026-05-18T05:33:30Z] push: pushing branch=ticket/T108-t108-multi-project-onboarding-and-project-registry
[2026-05-18T05:33:32Z] push: done branch=ticket/T108-t108-multi-project-onboarding-and-project-registry
[2026-05-18T05:34:06Z] commit-checkpoint: skipped missing scope paths: package.json, package-lock.json
[2026-05-18T05:34:06Z] commit-checkpoint: refused — nothing to commit in runs/
[2026-05-18T05:34:06Z] push: pushing branch=ticket/T108-t108-multi-project-onboarding-and-project-registry
[2026-05-18T05:34:07Z] push: done branch=ticket/T108-t108-multi-project-onboarding-and-project-registry
[2026-05-18T05:34:42Z] commit-checkpoint: skipped missing scope paths: package.json, package-lock.json
[2026-05-18T05:34:42Z] commit-checkpoint: refused — nothing to commit in runs/
[2026-05-18T05:34:42Z] push: pushing branch=ticket/T108-t108-multi-project-onboarding-and-project-registry
[2026-05-18T05:34:44Z] push: done branch=ticket/T108-t108-multi-project-onboarding-and-project-registry
[2026-05-18T05:35:18Z] commit-checkpoint: skipped missing scope paths: package.json, package-lock.json
[2026-05-18T05:35:18Z] commit-checkpoint: refused — nothing to commit in runs/
[2026-05-18T05:35:18Z] push: pushing branch=ticket/T108-t108-multi-project-onboarding-and-project-registry
[2026-05-18T05:35:20Z] push: done branch=ticket/T108-t108-multi-project-onboarding-and-project-registry
[2026-05-18T05:35:54Z] commit-checkpoint: skipped missing scope paths: package.json, package-lock.json
[2026-05-18T05:35:54Z] commit-checkpoint: refused — nothing to commit in runs/
[2026-05-18T05:35:54Z] push: pushing branch=ticket/T108-t108-multi-project-onboarding-and-project-registry
[2026-05-18T05:35:56Z] push: done branch=ticket/T108-t108-multi-project-onboarding-and-project-registry
[2026-05-18T05:36:30Z] commit-checkpoint: skipped missing scope paths: package.json, package-lock.json
[2026-05-18T05:36:30Z] commit-checkpoint: refused — nothing to commit in runs/
[2026-05-18T05:36:30Z] push: pushing branch=ticket/T108-t108-multi-project-onboarding-and-project-registry
[2026-05-18T05:36:32Z] push: done branch=ticket/T108-t108-multi-project-onboarding-and-project-registry
[2026-05-18T05:37:06Z] commit-checkpoint: skipped missing scope paths: package.json, package-lock.json
[2026-05-18T05:37:06Z] commit-checkpoint: refused — nothing to commit in runs/
[2026-05-18T05:37:07Z] push: pushing branch=ticket/T108-t108-multi-project-onboarding-and-project-registry
[2026-05-18T05:37:08Z] push: done branch=ticket/T108-t108-multi-project-onboarding-and-project-registry
[2026-05-18T05:37:42Z] commit-checkpoint: skipped missing scope paths: package.json, package-lock.json
[2026-05-18T05:37:42Z] commit-checkpoint: refused — nothing to commit in runs/
[2026-05-18T05:37:42Z] push: pushing branch=ticket/T108-t108-multi-project-onboarding-and-project-registry
[2026-05-18T05:37:44Z] push: done branch=ticket/T108-t108-multi-project-onboarding-and-project-registry
[2026-05-18T05:38:18Z] commit-checkpoint: skipped missing scope paths: package.json, package-lock.json
[2026-05-18T05:38:18Z] commit-checkpoint: refused — nothing to commit in runs/
[2026-05-18T05:38:18Z] push: pushing branch=ticket/T108-t108-multi-project-onboarding-and-project-registry
[2026-05-18T05:38:20Z] push: done branch=ticket/T108-t108-multi-project-onboarding-and-project-registry
[2026-05-18T05:38:54Z] commit-checkpoint: skipped missing scope paths: package.json, package-lock.json
[2026-05-18T05:38:54Z] commit-checkpoint: refused — nothing to commit in runs/
[2026-05-18T05:38:55Z] push: pushing branch=ticket/T108-t108-multi-project-onboarding-and-project-registry
[2026-05-18T05:38:56Z] push: done branch=ticket/T108-t108-multi-project-onboarding-and-project-registry
[2026-05-18T05:39:30Z] commit-checkpoint: skipped missing scope paths: package.json, package-lock.json
[2026-05-18T05:39:30Z] commit-checkpoint: refused — nothing to commit in runs/
[2026-05-18T05:39:30Z] push: pushing branch=ticket/T108-t108-multi-project-onboarding-and-project-registry
[2026-05-18T05:39:32Z] push: done branch=ticket/T108-t108-multi-project-onboarding-and-project-registry
[2026-05-18T05:40:07Z] commit-checkpoint: skipped missing scope paths: package.json, package-lock.json
[2026-05-18T05:40:07Z] commit-checkpoint: refused — nothing to commit in runs/
[2026-05-18T05:40:07Z] push: pushing branch=ticket/T108-t108-multi-project-onboarding-and-project-registry
[2026-05-18T05:40:08Z] push: done branch=ticket/T108-t108-multi-project-onboarding-and-project-registry
[2026-05-18T05:40:42Z] commit-checkpoint: skipped missing scope paths: package.json, package-lock.json
[2026-05-18T05:40:42Z] commit-checkpoint: refused — nothing to commit in runs/
[2026-05-18T05:40:43Z] push: pushing branch=ticket/T108-t108-multi-project-onboarding-and-project-registry
[2026-05-18T05:40:44Z] push: done branch=ticket/T108-t108-multi-project-onboarding-and-project-registry
[2026-05-18T05:41:18Z] commit-checkpoint: skipped missing scope paths: package.json, package-lock.json
[2026-05-18T05:41:18Z] commit-checkpoint: refused — nothing to commit in runs/
[2026-05-18T05:41:18Z] push: pushing branch=ticket/T108-t108-multi-project-onboarding-and-project-registry
[2026-05-18T05:41:20Z] push: done branch=ticket/T108-t108-multi-project-onboarding-and-project-registry
[2026-05-18T05:41:54Z] commit-checkpoint: skipped missing scope paths: package.json, package-lock.json
[2026-05-18T05:41:54Z] commit-checkpoint: refused — nothing to commit in runs/
[2026-05-18T05:41:54Z] push: pushing branch=ticket/T108-t108-multi-project-onboarding-and-project-registry
[2026-05-18T05:41:56Z] push: done branch=ticket/T108-t108-multi-project-onboarding-and-project-registry
[2026-05-18T05:42:31Z] commit-checkpoint: skipped missing scope paths: package.json, package-lock.json
[2026-05-18T05:42:31Z] commit-checkpoint: refused — nothing to commit in runs/
[2026-05-18T05:42:31Z] push: pushing branch=ticket/T108-t108-multi-project-onboarding-and-project-registry
[2026-05-18T05:42:32Z] push: done branch=ticket/T108-t108-multi-project-onboarding-and-project-registry
[2026-05-18T05:43:07Z] commit-checkpoint: skipped missing scope paths: package.json, package-lock.json
[2026-05-18T05:43:07Z] commit-checkpoint: refused — nothing to commit in runs/
[2026-05-18T05:43:07Z] push: pushing branch=ticket/T108-t108-multi-project-onboarding-and-project-registry
[2026-05-18T05:43:08Z] push: done branch=ticket/T108-t108-multi-project-onboarding-and-project-registry
[2026-05-18T05:43:43Z] commit-checkpoint: skipped missing scope paths: package.json, package-lock.json
[2026-05-18T05:43:43Z] commit-checkpoint: refused — nothing to commit in runs/
[2026-05-18T05:43:44Z] push: pushing branch=ticket/T108-t108-multi-project-onboarding-and-project-registry
[2026-05-18T05:43:45Z] push: done branch=ticket/T108-t108-multi-project-onboarding-and-project-registry
[2026-05-18T05:44:19Z] commit-checkpoint: skipped missing scope paths: package.json, package-lock.json
[2026-05-18T05:44:20Z] commit-checkpoint: refused — nothing to commit in runs/
[2026-05-18T05:44:20Z] push: pushing branch=ticket/T108-t108-multi-project-onboarding-and-project-registry
[2026-05-18T05:44:21Z] push: done branch=ticket/T108-t108-multi-project-onboarding-and-project-registry
[2026-05-18T05:44:56Z] commit-checkpoint: skipped missing scope paths: package.json, package-lock.json
[2026-05-18T05:44:56Z] commit-checkpoint: refused — nothing to commit in runs/
[2026-05-18T05:44:56Z] push: pushing branch=ticket/T108-t108-multi-project-onboarding-and-project-registry
[2026-05-18T05:44:57Z] push: done branch=ticket/T108-t108-multi-project-onboarding-and-project-registry
[2026-05-18T05:45:32Z] commit-checkpoint: skipped missing scope paths: package.json, package-lock.json
[2026-05-18T05:45:32Z] commit-checkpoint: refused — nothing to commit in runs/
[2026-05-18T05:45:32Z] push: pushing branch=ticket/T108-t108-multi-project-onboarding-and-project-registry
[2026-05-18T05:45:33Z] push: done branch=ticket/T108-t108-multi-project-onboarding-and-project-registry
[2026-05-18T05:46:08Z] commit-checkpoint: skipped missing scope paths: package.json, package-lock.json
[2026-05-18T05:46:08Z] commit-checkpoint: refused — nothing to commit in runs/
[2026-05-18T05:46:08Z] push: pushing branch=ticket/T108-t108-multi-project-onboarding-and-project-registry
[2026-05-18T05:46:09Z] push: done branch=ticket/T108-t108-multi-project-onboarding-and-project-registry
[2026-05-18T05:46:44Z] commit-checkpoint: skipped missing scope paths: package.json, package-lock.json
[2026-05-18T05:46:44Z] commit-checkpoint: refused — nothing to commit in runs/
[2026-05-18T05:46:44Z] push: pushing branch=ticket/T108-t108-multi-project-onboarding-and-project-registry
[2026-05-18T05:46:45Z] push: done branch=ticket/T108-t108-multi-project-onboarding-and-project-registry
[2026-05-18T05:47:20Z] commit-checkpoint: skipped missing scope paths: package.json, package-lock.json
[2026-05-18T05:47:20Z] commit-checkpoint: refused — nothing to commit in runs/
[2026-05-18T05:47:20Z] push: pushing branch=ticket/T108-t108-multi-project-onboarding-and-project-registry
[2026-05-18T05:47:21Z] push: done branch=ticket/T108-t108-multi-project-onboarding-and-project-registry
[2026-05-18T05:47:56Z] commit-checkpoint: skipped missing scope paths: package.json, package-lock.json
[2026-05-18T05:47:56Z] commit-checkpoint: refused — nothing to commit in runs/
[2026-05-18T05:47:56Z] push: pushing branch=ticket/T108-t108-multi-project-onboarding-and-project-registry
[2026-05-18T05:47:57Z] push: done branch=ticket/T108-t108-multi-project-onboarding-and-project-registry
[2026-05-18T05:48:32Z] commit-checkpoint: skipped missing scope paths: package.json, package-lock.json
[2026-05-18T05:48:32Z] commit-checkpoint: refused — nothing to commit in runs/
[2026-05-18T05:48:32Z] push: pushing branch=ticket/T108-t108-multi-project-onboarding-and-project-registry
[2026-05-18T05:48:34Z] push: done branch=ticket/T108-t108-multi-project-onboarding-and-project-registry
[2026-05-18T05:49:08Z] commit-checkpoint: skipped missing scope paths: package.json, package-lock.json
[2026-05-18T05:49:08Z] commit-checkpoint: refused — nothing to commit in runs/
[2026-05-18T05:49:08Z] push: pushing branch=ticket/T108-t108-multi-project-onboarding-and-project-registry
[2026-05-18T05:49:10Z] push: done branch=ticket/T108-t108-multi-project-onboarding-and-project-registry
[2026-05-18T05:49:44Z] commit-checkpoint: skipped missing scope paths: package.json, package-lock.json
[2026-05-18T05:49:44Z] commit-checkpoint: refused — nothing to commit in runs/
[2026-05-18T05:49:44Z] push: pushing branch=ticket/T108-t108-multi-project-onboarding-and-project-registry
[2026-05-18T05:49:46Z] push: done branch=ticket/T108-t108-multi-project-onboarding-and-project-registry
[2026-05-18T05:50:20Z] commit-checkpoint: skipped missing scope paths: package.json, package-lock.json
[2026-05-18T05:50:20Z] commit-checkpoint: refused — nothing to commit in runs/
[2026-05-18T05:50:20Z] push: pushing branch=ticket/T108-t108-multi-project-onboarding-and-project-registry
[2026-05-18T05:50:22Z] push: done branch=ticket/T108-t108-multi-project-onboarding-and-project-registry
[2026-05-18T05:50:56Z] commit-checkpoint: skipped missing scope paths: package.json, package-lock.json
[2026-05-18T05:50:56Z] commit-checkpoint: refused — nothing to commit in runs/
[2026-05-18T05:50:56Z] push: pushing branch=ticket/T108-t108-multi-project-onboarding-and-project-registry
[2026-05-18T05:50:58Z] push: done branch=ticket/T108-t108-multi-project-onboarding-and-project-registry
[2026-05-18T05:51:32Z] commit-checkpoint: skipped missing scope paths: package.json, package-lock.json
[2026-05-18T05:51:32Z] commit-checkpoint: refused — nothing to commit in runs/
[2026-05-18T05:51:32Z] push: pushing branch=ticket/T108-t108-multi-project-onboarding-and-project-registry
[2026-05-18T05:51:34Z] push: done branch=ticket/T108-t108-multi-project-onboarding-and-project-registry
[2026-05-18T05:52:08Z] commit-checkpoint: skipped missing scope paths: package.json, package-lock.json
[2026-05-18T05:52:08Z] commit-checkpoint: refused — nothing to commit in runs/
[2026-05-18T05:52:08Z] push: pushing branch=ticket/T108-t108-multi-project-onboarding-and-project-registry
[2026-05-18T05:52:10Z] push: done branch=ticket/T108-t108-multi-project-onboarding-and-project-registry
[2026-05-18T05:52:44Z] commit-checkpoint: skipped missing scope paths: package.json, package-lock.json
[2026-05-18T05:52:44Z] commit-checkpoint: refused — nothing to commit in runs/
[2026-05-18T05:52:44Z] push: pushing branch=ticket/T108-t108-multi-project-onboarding-and-project-registry
[2026-05-18T05:52:46Z] push: done branch=ticket/T108-t108-multi-project-onboarding-and-project-registry
[2026-05-18T05:53:20Z] commit-checkpoint: skipped missing scope paths: package.json, package-lock.json
[2026-05-18T05:53:20Z] commit-checkpoint: refused — nothing to commit in runs/
[2026-05-18T05:53:20Z] push: pushing branch=ticket/T108-t108-multi-project-onboarding-and-project-registry
[2026-05-18T05:53:22Z] push: done branch=ticket/T108-t108-multi-project-onboarding-and-project-registry
[2026-05-18T05:53:56Z] commit-checkpoint: skipped missing scope paths: package.json, package-lock.json
[2026-05-18T05:53:56Z] commit-checkpoint: refused — nothing to commit in runs/
[2026-05-18T05:53:56Z] push: pushing branch=ticket/T108-t108-multi-project-onboarding-and-project-registry
[2026-05-18T05:53:58Z] push: done branch=ticket/T108-t108-multi-project-onboarding-and-project-registry
[2026-05-18T05:54:32Z] commit-checkpoint: skipped missing scope paths: package.json, package-lock.json
[2026-05-18T05:54:32Z] commit-checkpoint: refused — nothing to commit in runs/
[2026-05-18T05:54:32Z] push: pushing branch=ticket/T108-t108-multi-project-onboarding-and-project-registry
[2026-05-18T05:54:34Z] push: done branch=ticket/T108-t108-multi-project-onboarding-and-project-registry
[2026-05-18T05:55:08Z] commit-checkpoint: skipped missing scope paths: package.json, package-lock.json
[2026-05-18T05:55:08Z] commit-checkpoint: refused — nothing to commit in runs/
[2026-05-18T05:55:08Z] push: pushing branch=ticket/T108-t108-multi-project-onboarding-and-project-registry
[2026-05-18T05:55:10Z] push: done branch=ticket/T108-t108-multi-project-onboarding-and-project-registry
[2026-05-18T05:55:44Z] commit-checkpoint: skipped missing scope paths: package.json, package-lock.json
[2026-05-18T05:55:44Z] commit-checkpoint: refused — nothing to commit in runs/
[2026-05-18T05:55:44Z] push: pushing branch=ticket/T108-t108-multi-project-onboarding-and-project-registry
[2026-05-18T05:55:46Z] push: done branch=ticket/T108-t108-multi-project-onboarding-and-project-registry
[2026-05-18T05:56:20Z] commit-checkpoint: skipped missing scope paths: package.json, package-lock.json
[2026-05-18T05:56:20Z] commit-checkpoint: refused — nothing to commit in runs/
[2026-05-18T05:56:21Z] push: pushing branch=ticket/T108-t108-multi-project-onboarding-and-project-registry
[2026-05-18T05:56:22Z] push: done branch=ticket/T108-t108-multi-project-onboarding-and-project-registry
[2026-05-18T05:56:57Z] commit-checkpoint: skipped missing scope paths: package.json, package-lock.json
[2026-05-18T05:56:57Z] commit-checkpoint: refused — nothing to commit in runs/
[2026-05-18T05:56:57Z] push: pushing branch=ticket/T108-t108-multi-project-onboarding-and-project-registry
[2026-05-18T05:56:58Z] push: done branch=ticket/T108-t108-multi-project-onboarding-and-project-registry
[2026-05-18T05:57:33Z] commit-checkpoint: skipped missing scope paths: package.json, package-lock.json
[2026-05-18T05:57:33Z] commit-checkpoint: refused — nothing to commit in runs/
[2026-05-18T05:57:33Z] push: pushing branch=ticket/T108-t108-multi-project-onboarding-and-project-registry
[2026-05-18T05:57:34Z] push: done branch=ticket/T108-t108-multi-project-onboarding-and-project-registry
[2026-05-18T05:58:09Z] commit-checkpoint: skipped missing scope paths: package.json, package-lock.json
[2026-05-18T05:58:09Z] commit-checkpoint: refused — nothing to commit in runs/
[2026-05-18T05:58:09Z] push: pushing branch=ticket/T108-t108-multi-project-onboarding-and-project-registry
[2026-05-18T05:58:10Z] push: done branch=ticket/T108-t108-multi-project-onboarding-and-project-registry
[2026-05-18T05:58:45Z] commit-checkpoint: skipped missing scope paths: package.json, package-lock.json
[2026-05-18T05:58:45Z] commit-checkpoint: refused — nothing to commit in runs/
[2026-05-18T05:58:45Z] push: pushing branch=ticket/T108-t108-multi-project-onboarding-and-project-registry
[2026-05-18T05:58:46Z] push: done branch=ticket/T108-t108-multi-project-onboarding-and-project-registry
[2026-05-18T05:59:21Z] commit-checkpoint: skipped missing scope paths: package.json, package-lock.json
[2026-05-18T05:59:21Z] commit-checkpoint: refused — nothing to commit in runs/
[2026-05-18T05:59:21Z] push: pushing branch=ticket/T108-t108-multi-project-onboarding-and-project-registry
[2026-05-18T05:59:23Z] push: done branch=ticket/T108-t108-multi-project-onboarding-and-project-registry
[2026-05-18T05:59:57Z] commit-checkpoint: skipped missing scope paths: package.json, package-lock.json
[2026-05-18T05:59:57Z] commit-checkpoint: refused — nothing to commit in runs/
[2026-05-18T05:59:57Z] push: pushing branch=ticket/T108-t108-multi-project-onboarding-and-project-registry
[2026-05-18T05:59:59Z] push: done branch=ticket/T108-t108-multi-project-onboarding-and-project-registry
[2026-05-18T06:00:34Z] commit-checkpoint: skipped missing scope paths: package.json, package-lock.json
[2026-05-18T06:00:34Z] commit-checkpoint: refused — nothing to commit in runs/
[2026-05-18T06:00:34Z] push: pushing branch=ticket/T108-t108-multi-project-onboarding-and-project-registry
[2026-05-18T06:00:35Z] push: done branch=ticket/T108-t108-multi-project-onboarding-and-project-registry
[2026-05-18T06:01:10Z] commit-checkpoint: skipped missing scope paths: package.json, package-lock.json
[2026-05-18T06:01:10Z] commit-checkpoint: refused — nothing to commit in runs/
[2026-05-18T06:01:10Z] push: pushing branch=ticket/T108-t108-multi-project-onboarding-and-project-registry
[2026-05-18T06:01:11Z] push: done branch=ticket/T108-t108-multi-project-onboarding-and-project-registry
[2026-05-18T06:01:46Z] commit-checkpoint: skipped missing scope paths: package.json, package-lock.json
[2026-05-18T06:01:46Z] commit-checkpoint: refused — nothing to commit in runs/
[2026-05-18T06:01:46Z] push: pushing branch=ticket/T108-t108-multi-project-onboarding-and-project-registry
[2026-05-18T06:01:47Z] push: done branch=ticket/T108-t108-multi-project-onboarding-and-project-registry
[2026-05-18T06:02:22Z] commit-checkpoint: skipped missing scope paths: package.json, package-lock.json
[2026-05-18T06:02:22Z] commit-checkpoint: refused — nothing to commit in runs/
[2026-05-18T06:02:22Z] push: pushing branch=ticket/T108-t108-multi-project-onboarding-and-project-registry
[2026-05-18T06:02:23Z] push: done branch=ticket/T108-t108-multi-project-onboarding-and-project-registry
[2026-05-18T06:02:58Z] commit-checkpoint: skipped missing scope paths: package.json, package-lock.json
[2026-05-18T06:02:58Z] commit-checkpoint: refused — nothing to commit in runs/
[2026-05-18T06:02:58Z] push: pushing branch=ticket/T108-t108-multi-project-onboarding-and-project-registry
[2026-05-18T06:03:00Z] push: done branch=ticket/T108-t108-multi-project-onboarding-and-project-registry
[2026-05-18T06:03:34Z] commit-checkpoint: skipped missing scope paths: package.json, package-lock.json
[2026-05-18T06:03:34Z] commit-checkpoint: refused — nothing to commit in runs/
[2026-05-18T06:03:34Z] push: pushing branch=ticket/T108-t108-multi-project-onboarding-and-project-registry
[2026-05-18T06:03:36Z] push: done branch=ticket/T108-t108-multi-project-onboarding-and-project-registry
[2026-05-18T06:04:10Z] commit-checkpoint: skipped missing scope paths: package.json, package-lock.json
[2026-05-18T06:04:10Z] commit-checkpoint: refused — nothing to commit in runs/
[2026-05-18T06:04:10Z] push: pushing branch=ticket/T108-t108-multi-project-onboarding-and-project-registry
[2026-05-18T06:04:12Z] push: done branch=ticket/T108-t108-multi-project-onboarding-and-project-registry
[2026-05-18T06:04:47Z] commit-checkpoint: skipped missing scope paths: package.json, package-lock.json
[2026-05-18T06:04:47Z] commit-checkpoint: refused — nothing to commit in runs/
[2026-05-18T06:04:47Z] push: pushing branch=ticket/T108-t108-multi-project-onboarding-and-project-registry
[2026-05-18T06:04:48Z] push: done branch=ticket/T108-t108-multi-project-onboarding-and-project-registry
[2026-05-18T06:05:23Z] commit-checkpoint: skipped missing scope paths: package.json, package-lock.json
[2026-05-18T06:05:23Z] commit-checkpoint: refused — nothing to commit in runs/
[2026-05-18T06:05:23Z] push: pushing branch=ticket/T108-t108-multi-project-onboarding-and-project-registry
[2026-05-18T06:05:24Z] push: done branch=ticket/T108-t108-multi-project-onboarding-and-project-registry
[2026-05-18T06:05:59Z] commit-checkpoint: skipped missing scope paths: package.json, package-lock.json
[2026-05-18T06:05:59Z] commit-checkpoint: refused — nothing to commit in runs/
[2026-05-18T06:05:59Z] push: pushing branch=ticket/T108-t108-multi-project-onboarding-and-project-registry
[2026-05-18T06:06:01Z] push: done branch=ticket/T108-t108-multi-project-onboarding-and-project-registry
[2026-05-18T06:06:35Z] commit-checkpoint: skipped missing scope paths: package.json, package-lock.json
[2026-05-18T06:06:35Z] commit-checkpoint: refused — nothing to commit in runs/
[2026-05-18T06:06:35Z] push: pushing branch=ticket/T108-t108-multi-project-onboarding-and-project-registry
[2026-05-18T06:06:37Z] push: done branch=ticket/T108-t108-multi-project-onboarding-and-project-registry
[2026-05-18T06:07:11Z] commit-checkpoint: skipped missing scope paths: package.json, package-lock.json
[2026-05-18T06:07:11Z] commit-checkpoint: refused — nothing to commit in runs/
[2026-05-18T06:07:11Z] push: pushing branch=ticket/T108-t108-multi-project-onboarding-and-project-registry
[2026-05-18T06:07:13Z] push: done branch=ticket/T108-t108-multi-project-onboarding-and-project-registry
[2026-05-18T06:07:47Z] commit-checkpoint: skipped missing scope paths: package.json, package-lock.json
[2026-05-18T06:07:47Z] commit-checkpoint: refused — nothing to commit in runs/
[2026-05-18T06:07:47Z] push: pushing branch=ticket/T108-t108-multi-project-onboarding-and-project-registry
[2026-05-18T06:07:49Z] push: done branch=ticket/T108-t108-multi-project-onboarding-and-project-registry
[2026-05-18T06:08:23Z] commit-checkpoint: skipped missing scope paths: package.json, package-lock.json
[2026-05-18T06:08:23Z] commit-checkpoint: refused — nothing to commit in runs/
[2026-05-18T06:08:23Z] push: pushing branch=ticket/T108-t108-multi-project-onboarding-and-project-registry
[2026-05-18T06:08:25Z] push: done branch=ticket/T108-t108-multi-project-onboarding-and-project-registry
[2026-05-18T06:08:59Z] commit-checkpoint: skipped missing scope paths: package.json, package-lock.json
[2026-05-18T06:08:59Z] commit-checkpoint: refused — nothing to commit in runs/
[2026-05-18T06:08:59Z] push: pushing branch=ticket/T108-t108-multi-project-onboarding-and-project-registry
[2026-05-18T06:09:01Z] push: done branch=ticket/T108-t108-multi-project-onboarding-and-project-registry
[2026-05-18T06:09:35Z] commit-checkpoint: skipped missing scope paths: package.json, package-lock.json
[2026-05-18T06:09:35Z] commit-checkpoint: refused — nothing to commit in runs/
[2026-05-18T06:09:35Z] push: pushing branch=ticket/T108-t108-multi-project-onboarding-and-project-registry
[2026-05-18T06:09:37Z] push: done branch=ticket/T108-t108-multi-project-onboarding-and-project-registry
[2026-05-18T06:10:11Z] commit-checkpoint: skipped missing scope paths: package.json, package-lock.json
[2026-05-18T06:10:11Z] commit-checkpoint: refused — nothing to commit in runs/
[2026-05-18T06:10:11Z] push: pushing branch=ticket/T108-t108-multi-project-onboarding-and-project-registry
[2026-05-18T06:10:13Z] push: done branch=ticket/T108-t108-multi-project-onboarding-and-project-registry
[2026-05-18T06:10:48Z] commit-checkpoint: skipped missing scope paths: package.json, package-lock.json
[2026-05-18T06:10:48Z] commit-checkpoint: refused — nothing to commit in runs/
[2026-05-18T06:10:48Z] push: pushing branch=ticket/T108-t108-multi-project-onboarding-and-project-registry
[2026-05-18T06:10:49Z] push: done branch=ticket/T108-t108-multi-project-onboarding-and-project-registry
[2026-05-18T06:11:24Z] commit-checkpoint: skipped missing scope paths: package.json, package-lock.json
[2026-05-18T06:11:24Z] commit-checkpoint: refused — nothing to commit in runs/
[2026-05-18T06:11:24Z] push: pushing branch=ticket/T108-t108-multi-project-onboarding-and-project-registry
[2026-05-18T06:11:25Z] push: done branch=ticket/T108-t108-multi-project-onboarding-and-project-registry
[2026-05-18T06:12:00Z] commit-checkpoint: skipped missing scope paths: package.json, package-lock.json
[2026-05-18T06:12:00Z] commit-checkpoint: refused — nothing to commit in runs/
[2026-05-18T06:12:00Z] push: pushing branch=ticket/T108-t108-multi-project-onboarding-and-project-registry
[2026-05-18T06:12:02Z] push: done branch=ticket/T108-t108-multi-project-onboarding-and-project-registry
[2026-05-18T06:12:36Z] commit-checkpoint: skipped missing scope paths: package.json, package-lock.json
[2026-05-18T06:12:36Z] commit-checkpoint: refused — nothing to commit in runs/
[2026-05-18T06:12:36Z] push: pushing branch=ticket/T108-t108-multi-project-onboarding-and-project-registry
[2026-05-18T06:12:38Z] push: done branch=ticket/T108-t108-multi-project-onboarding-and-project-registry
[2026-05-18T06:13:12Z] commit-checkpoint: skipped missing scope paths: package.json, package-lock.json
[2026-05-18T06:13:12Z] commit-checkpoint: refused — nothing to commit in runs/
[2026-05-18T06:13:12Z] push: pushing branch=ticket/T108-t108-multi-project-onboarding-and-project-registry
[2026-05-18T06:13:14Z] push: done branch=ticket/T108-t108-multi-project-onboarding-and-project-registry
[2026-05-18T06:13:49Z] commit-checkpoint: skipped missing scope paths: package.json, package-lock.json
[2026-05-18T06:13:49Z] commit-checkpoint: refused — nothing to commit in runs/
[2026-05-18T06:13:49Z] push: pushing branch=ticket/T108-t108-multi-project-onboarding-and-project-registry
[2026-05-18T06:13:50Z] push: done branch=ticket/T108-t108-multi-project-onboarding-and-project-registry
[2026-05-18T06:14:25Z] commit-checkpoint: skipped missing scope paths: package.json, package-lock.json
[2026-05-18T06:14:25Z] commit-checkpoint: refused — nothing to commit in runs/
[2026-05-18T06:14:25Z] push: pushing branch=ticket/T108-t108-multi-project-onboarding-and-project-registry
[2026-05-18T06:14:26Z] push: done branch=ticket/T108-t108-multi-project-onboarding-and-project-registry
[2026-05-18T06:15:01Z] commit-checkpoint: skipped missing scope paths: package.json, package-lock.json
[2026-05-18T06:15:01Z] commit-checkpoint: refused — nothing to commit in runs/
[2026-05-18T06:15:01Z] push: pushing branch=ticket/T108-t108-multi-project-onboarding-and-project-registry
[2026-05-18T06:15:03Z] push: done branch=ticket/T108-t108-multi-project-onboarding-and-project-registry
[2026-05-18T06:15:37Z] commit-checkpoint: skipped missing scope paths: package.json, package-lock.json
[2026-05-18T06:15:37Z] commit-checkpoint: refused — nothing to commit in runs/
[2026-05-18T06:15:37Z] push: pushing branch=ticket/T108-t108-multi-project-onboarding-and-project-registry
[2026-05-18T06:15:39Z] push: done branch=ticket/T108-t108-multi-project-onboarding-and-project-registry
[2026-05-18T06:16:13Z] commit-checkpoint: skipped missing scope paths: package.json, package-lock.json
[2026-05-18T06:16:13Z] commit-checkpoint: refused — nothing to commit in runs/
[2026-05-18T06:16:13Z] push: pushing branch=ticket/T108-t108-multi-project-onboarding-and-project-registry
[2026-05-18T06:16:15Z] push: done branch=ticket/T108-t108-multi-project-onboarding-and-project-registry
[2026-05-18T06:16:49Z] commit-checkpoint: skipped missing scope paths: package.json, package-lock.json
[2026-05-18T06:16:49Z] commit-checkpoint: refused — nothing to commit in runs/
[2026-05-18T06:16:49Z] push: pushing branch=ticket/T108-t108-multi-project-onboarding-and-project-registry
[2026-05-18T06:16:51Z] push: done branch=ticket/T108-t108-multi-project-onboarding-and-project-registry
[2026-05-18T06:17:25Z] commit-checkpoint: skipped missing scope paths: package.json, package-lock.json
[2026-05-18T06:17:25Z] commit-checkpoint: refused — nothing to commit in runs/
[2026-05-18T06:17:25Z] push: pushing branch=ticket/T108-t108-multi-project-onboarding-and-project-registry
[2026-05-18T06:17:27Z] push: done branch=ticket/T108-t108-multi-project-onboarding-and-project-registry
[2026-05-18T06:18:01Z] commit-checkpoint: skipped missing scope paths: package.json, package-lock.json
[2026-05-18T06:18:01Z] commit-checkpoint: refused — nothing to commit in runs/
[2026-05-18T06:18:01Z] push: pushing branch=ticket/T108-t108-multi-project-onboarding-and-project-registry
[2026-05-18T06:18:03Z] push: done branch=ticket/T108-t108-multi-project-onboarding-and-project-registry
[2026-05-18T06:18:37Z] commit-checkpoint: skipped missing scope paths: package.json, package-lock.json
[2026-05-18T06:18:37Z] commit-checkpoint: refused — nothing to commit in runs/
[2026-05-18T06:18:37Z] push: pushing branch=ticket/T108-t108-multi-project-onboarding-and-project-registry
[2026-05-18T06:18:39Z] push: done branch=ticket/T108-t108-multi-project-onboarding-and-project-registry
[2026-05-18T06:19:13Z] commit-checkpoint: skipped missing scope paths: package.json, package-lock.json
[2026-05-18T06:19:13Z] commit-checkpoint: refused — nothing to commit in runs/
[2026-05-18T06:19:13Z] push: pushing branch=ticket/T108-t108-multi-project-onboarding-and-project-registry
[2026-05-18T06:19:15Z] push: done branch=ticket/T108-t108-multi-project-onboarding-and-project-registry
[2026-05-18T06:19:49Z] commit-checkpoint: skipped missing scope paths: package.json, package-lock.json
[2026-05-18T06:19:50Z] commit-checkpoint: refused — nothing to commit in runs/
[2026-05-18T06:19:50Z] push: pushing branch=ticket/T108-t108-multi-project-onboarding-and-project-registry
[2026-05-18T06:19:51Z] push: done branch=ticket/T108-t108-multi-project-onboarding-and-project-registry
[2026-05-18T06:20:26Z] commit-checkpoint: skipped missing scope paths: package.json, package-lock.json
[2026-05-18T06:20:26Z] commit-checkpoint: refused — nothing to commit in runs/
[2026-05-18T06:20:26Z] push: pushing branch=ticket/T108-t108-multi-project-onboarding-and-project-registry
[2026-05-18T06:20:27Z] push: done branch=ticket/T108-t108-multi-project-onboarding-and-project-registry
[2026-05-18T06:21:02Z] commit-checkpoint: skipped missing scope paths: package.json, package-lock.json
[2026-05-18T06:21:02Z] commit-checkpoint: refused — nothing to commit in runs/
[2026-05-18T06:21:02Z] push: pushing branch=ticket/T108-t108-multi-project-onboarding-and-project-registry
[2026-05-18T06:21:03Z] push: done branch=ticket/T108-t108-multi-project-onboarding-and-project-registry
[2026-05-18T06:21:38Z] commit-checkpoint: skipped missing scope paths: package.json, package-lock.json
[2026-05-18T06:21:38Z] commit-checkpoint: refused — nothing to commit in runs/
[2026-05-18T06:21:38Z] push: pushing branch=ticket/T108-t108-multi-project-onboarding-and-project-registry
[2026-05-18T06:21:39Z] push: done branch=ticket/T108-t108-multi-project-onboarding-and-project-registry
[2026-05-18T06:22:14Z] commit-checkpoint: skipped missing scope paths: package.json, package-lock.json
[2026-05-18T06:22:14Z] commit-checkpoint: refused — nothing to commit in runs/
[2026-05-18T06:22:14Z] push: pushing branch=ticket/T108-t108-multi-project-onboarding-and-project-registry
[2026-05-18T06:22:15Z] push: done branch=ticket/T108-t108-multi-project-onboarding-and-project-registry
[2026-05-18T06:22:50Z] commit-checkpoint: skipped missing scope paths: package.json, package-lock.json
[2026-05-18T06:22:50Z] commit-checkpoint: refused — nothing to commit in runs/
[2026-05-18T06:22:50Z] push: pushing branch=ticket/T108-t108-multi-project-onboarding-and-project-registry
[2026-05-18T06:22:52Z] push: done branch=ticket/T108-t108-multi-project-onboarding-and-project-registry
[2026-05-18T06:23:26Z] commit-checkpoint: skipped missing scope paths: package.json, package-lock.json
[2026-05-18T06:23:26Z] commit-checkpoint: refused — nothing to commit in runs/
[2026-05-18T06:23:26Z] push: pushing branch=ticket/T108-t108-multi-project-onboarding-and-project-registry
[2026-05-18T06:23:28Z] push: done branch=ticket/T108-t108-multi-project-onboarding-and-project-registry
[2026-05-18T06:24:02Z] commit-checkpoint: skipped missing scope paths: package.json, package-lock.json
[2026-05-18T06:24:02Z] commit-checkpoint: refused — nothing to commit in runs/
[2026-05-18T06:24:02Z] push: pushing branch=ticket/T108-t108-multi-project-onboarding-and-project-registry
[2026-05-18T06:24:04Z] push: done branch=ticket/T108-t108-multi-project-onboarding-and-project-registry
[2026-05-18T06:24:38Z] commit-checkpoint: skipped missing scope paths: package.json, package-lock.json
[2026-05-18T06:24:38Z] commit-checkpoint: refused — nothing to commit in runs/
[2026-05-18T06:24:38Z] push: pushing branch=ticket/T108-t108-multi-project-onboarding-and-project-registry
[2026-05-18T06:24:40Z] push: done branch=ticket/T108-t108-multi-project-onboarding-and-project-registry
[2026-05-18T06:25:14Z] commit-checkpoint: skipped missing scope paths: package.json, package-lock.json
[2026-05-18T06:25:14Z] commit-checkpoint: refused — nothing to commit in runs/
[2026-05-18T06:25:14Z] push: pushing branch=ticket/T108-t108-multi-project-onboarding-and-project-registry
[2026-05-18T06:25:16Z] push: done branch=ticket/T108-t108-multi-project-onboarding-and-project-registry
[2026-05-18T06:25:50Z] commit-checkpoint: skipped missing scope paths: package.json, package-lock.json
[2026-05-18T06:25:50Z] commit-checkpoint: refused — nothing to commit in runs/
[2026-05-18T06:25:50Z] push: pushing branch=ticket/T108-t108-multi-project-onboarding-and-project-registry
[2026-05-18T06:25:51Z] push: done branch=ticket/T108-t108-multi-project-onboarding-and-project-registry
[2026-05-18T06:26:26Z] commit-checkpoint: skipped missing scope paths: package.json, package-lock.json
[2026-05-18T06:26:26Z] commit-checkpoint: refused — nothing to commit in runs/
[2026-05-18T06:26:26Z] push: pushing branch=ticket/T108-t108-multi-project-onboarding-and-project-registry
[2026-05-18T06:26:28Z] push: done branch=ticket/T108-t108-multi-project-onboarding-and-project-registry
[2026-05-18T06:27:02Z] commit-checkpoint: skipped missing scope paths: package.json, package-lock.json
[2026-05-18T06:27:02Z] commit-checkpoint: refused — nothing to commit in runs/
[2026-05-18T06:27:02Z] push: pushing branch=ticket/T108-t108-multi-project-onboarding-and-project-registry
[2026-05-18T06:27:04Z] push: done branch=ticket/T108-t108-multi-project-onboarding-and-project-registry
[2026-05-18T06:27:38Z] commit-checkpoint: skipped missing scope paths: package.json, package-lock.json
[2026-05-18T06:27:38Z] commit-checkpoint: refused — nothing to commit in runs/
[2026-05-18T06:27:38Z] push: pushing branch=ticket/T108-t108-multi-project-onboarding-and-project-registry
[2026-05-18T06:27:40Z] push: done branch=ticket/T108-t108-multi-project-onboarding-and-project-registry
[2026-05-18T06:28:14Z] commit-checkpoint: skipped missing scope paths: package.json, package-lock.json
[2026-05-18T06:28:14Z] commit-checkpoint: refused — nothing to commit in runs/
[2026-05-18T06:28:15Z] push: pushing branch=ticket/T108-t108-multi-project-onboarding-and-project-registry
[2026-05-18T06:28:16Z] push: done branch=ticket/T108-t108-multi-project-onboarding-and-project-registry
[2026-05-18T06:28:50Z] commit-checkpoint: skipped missing scope paths: package.json, package-lock.json
[2026-05-18T06:28:50Z] commit-checkpoint: refused — nothing to commit in runs/
[2026-05-18T06:28:50Z] push: pushing branch=ticket/T108-t108-multi-project-onboarding-and-project-registry
[2026-05-18T06:28:52Z] push: done branch=ticket/T108-t108-multi-project-onboarding-and-project-registry
[2026-05-18T06:29:26Z] commit-checkpoint: skipped missing scope paths: package.json, package-lock.json
[2026-05-18T06:29:26Z] commit-checkpoint: refused — nothing to commit in runs/
[2026-05-18T06:29:26Z] push: pushing branch=ticket/T108-t108-multi-project-onboarding-and-project-registry
[2026-05-18T06:29:28Z] push: done branch=ticket/T108-t108-multi-project-onboarding-and-project-registry
[2026-05-18T06:34:58Z] commit-checkpoint: skipped missing scope paths: package.json, package-lock.json
[2026-05-18T06:34:58Z] commit-checkpoint: refused — nothing to commit in runs/
[2026-05-18T06:34:58Z] push: pushing branch=ticket/T108-t108-multi-project-onboarding-and-project-registry
[2026-05-18T06:34:59Z] push: done branch=ticket/T108-t108-multi-project-onboarding-and-project-registry
[2026-05-18T06:35:34Z] commit-checkpoint: skipped missing scope paths: package.json, package-lock.json
[2026-05-18T06:35:34Z] commit-checkpoint: refused — nothing to commit in runs/
[2026-05-18T06:35:34Z] push: pushing branch=ticket/T108-t108-multi-project-onboarding-and-project-registry
[2026-05-18T06:35:35Z] push: done branch=ticket/T108-t108-multi-project-onboarding-and-project-registry
[2026-05-18T06:36:09Z] commit-checkpoint: skipped missing scope paths: package.json, package-lock.json
[2026-05-18T06:36:09Z] commit-checkpoint: refused — nothing to commit in runs/
[2026-05-18T06:36:10Z] push: pushing branch=ticket/T108-t108-multi-project-onboarding-and-project-registry
[2026-05-18T06:36:11Z] push: done branch=ticket/T108-t108-multi-project-onboarding-and-project-registry
[2026-05-18T06:36:45Z] commit-checkpoint: skipped missing scope paths: package.json, package-lock.json
[2026-05-18T06:36:45Z] commit-checkpoint: refused — nothing to commit in runs/
[2026-05-18T06:36:46Z] push: pushing branch=ticket/T108-t108-multi-project-onboarding-and-project-registry
[2026-05-18T06:36:47Z] push: done branch=ticket/T108-t108-multi-project-onboarding-and-project-registry
[2026-05-18T06:37:21Z] commit-checkpoint: skipped missing scope paths: package.json, package-lock.json
[2026-05-18T06:37:21Z] commit-checkpoint: refused — nothing to commit in runs/
[2026-05-18T06:37:22Z] push: pushing branch=ticket/T108-t108-multi-project-onboarding-and-project-registry
[2026-05-18T06:37:23Z] push: done branch=ticket/T108-t108-multi-project-onboarding-and-project-registry
[2026-05-18T06:37:58Z] commit-checkpoint: skipped missing scope paths: package.json, package-lock.json
[2026-05-18T06:37:58Z] commit-checkpoint: refused — nothing to commit in runs/
[2026-05-18T06:37:58Z] push: pushing branch=ticket/T108-t108-multi-project-onboarding-and-project-registry
[2026-05-18T06:37:59Z] push: done branch=ticket/T108-t108-multi-project-onboarding-and-project-registry
[2026-05-18T06:38:33Z] commit-checkpoint: skipped missing scope paths: package.json, package-lock.json
[2026-05-18T06:38:33Z] commit-checkpoint: refused — nothing to commit in runs/
[2026-05-18T06:38:34Z] push: pushing branch=ticket/T108-t108-multi-project-onboarding-and-project-registry
[2026-05-18T06:38:35Z] push: done branch=ticket/T108-t108-multi-project-onboarding-and-project-registry
[2026-05-18T06:39:46Z] commit-checkpoint: skipped missing scope paths: package.json, package-lock.json
[2026-05-18T06:39:46Z] commit-checkpoint: refused — nothing to commit in runs/
[2026-05-18T06:39:46Z] push: pushing branch=ticket/T108-t108-multi-project-onboarding-and-project-registry
[2026-05-18T06:39:48Z] push: done branch=ticket/T108-t108-multi-project-onboarding-and-project-registry
[2026-05-18T06:40:22Z] commit-checkpoint: skipped missing scope paths: package.json, package-lock.json
[2026-05-18T06:40:22Z] commit-checkpoint: refused — nothing to commit in runs/
[2026-05-18T06:40:22Z] push: pushing branch=ticket/T108-t108-multi-project-onboarding-and-project-registry
[2026-05-18T06:40:24Z] push: done branch=ticket/T108-t108-multi-project-onboarding-and-project-registry
[2026-05-18T06:40:59Z] commit-checkpoint: skipped missing scope paths: package.json, package-lock.json
[2026-05-18T06:40:59Z] commit-checkpoint: refused — nothing to commit in runs/
[2026-05-18T06:40:59Z] push: pushing branch=ticket/T108-t108-multi-project-onboarding-and-project-registry
[2026-05-18T06:41:00Z] push: done branch=ticket/T108-t108-multi-project-onboarding-and-project-registry
[2026-05-18T06:41:35Z] commit-checkpoint: skipped missing scope paths: package.json, package-lock.json
[2026-05-18T06:41:35Z] commit-checkpoint: refused — nothing to commit in runs/
[2026-05-18T06:41:35Z] push: pushing branch=ticket/T108-t108-multi-project-onboarding-and-project-registry
[2026-05-18T06:41:36Z] push: done branch=ticket/T108-t108-multi-project-onboarding-and-project-registry
[2026-05-18T06:42:11Z] commit-checkpoint: skipped missing scope paths: package.json, package-lock.json
[2026-05-18T06:42:11Z] commit-checkpoint: refused — nothing to commit in runs/
[2026-05-18T06:42:11Z] push: pushing branch=ticket/T108-t108-multi-project-onboarding-and-project-registry
[2026-05-18T06:42:13Z] push: done branch=ticket/T108-t108-multi-project-onboarding-and-project-registry
[2026-05-18T06:47:10Z] commit-checkpoint: skipped missing scope paths: package.json, package-lock.json
[2026-05-18T06:47:10Z] commit-checkpoint: refused — nothing to commit in runs/
[2026-05-18T06:47:10Z] push: pushing branch=ticket/T108-t108-multi-project-onboarding-and-project-registry
[2026-05-18T06:47:11Z] push: done branch=ticket/T108-t108-multi-project-onboarding-and-project-registry
[2026-05-18T06:47:46Z] commit-checkpoint: skipped missing scope paths: package.json, package-lock.json
[2026-05-18T06:47:46Z] commit-checkpoint: refused — nothing to commit in runs/
[2026-05-18T06:47:46Z] push: pushing branch=ticket/T108-t108-multi-project-onboarding-and-project-registry
[2026-05-18T06:47:47Z] push: done branch=ticket/T108-t108-multi-project-onboarding-and-project-registry
[2026-05-18T06:48:22Z] commit-checkpoint: skipped missing scope paths: package.json, package-lock.json
[2026-05-18T06:48:22Z] commit-checkpoint: refused — nothing to commit in runs/
[2026-05-18T06:48:22Z] push: pushing branch=ticket/T108-t108-multi-project-onboarding-and-project-registry
[2026-05-18T06:48:23Z] push: done branch=ticket/T108-t108-multi-project-onboarding-and-project-registry
[2026-05-18T06:48:58Z] commit-checkpoint: skipped missing scope paths: package.json, package-lock.json
[2026-05-18T06:48:58Z] commit-checkpoint: refused — nothing to commit in runs/
[2026-05-18T06:48:58Z] push: pushing branch=ticket/T108-t108-multi-project-onboarding-and-project-registry
[2026-05-18T06:48:59Z] push: done branch=ticket/T108-t108-multi-project-onboarding-and-project-registry
[2026-05-18T06:54:05Z] commit-checkpoint: skipped missing scope paths: package.json, package-lock.json
[2026-05-18T06:54:05Z] commit-checkpoint: refused — nothing to commit in runs/
[2026-05-18T06:54:05Z] push: pushing branch=ticket/T108-t108-multi-project-onboarding-and-project-registry
[2026-05-18T06:54:07Z] push: done branch=ticket/T108-t108-multi-project-onboarding-and-project-registry
[2026-05-18T06:54:45Z] commit-checkpoint: skipped missing scope paths: package.json, package-lock.json
[2026-05-18T06:54:45Z] commit-checkpoint: refused — nothing to commit in runs/
[2026-05-18T06:54:45Z] push: pushing branch=ticket/T108-t108-multi-project-onboarding-and-project-registry
[2026-05-18T06:54:46Z] push: done branch=ticket/T108-t108-multi-project-onboarding-and-project-registry
[2026-05-18T06:55:22Z] commit-checkpoint: skipped missing scope paths: package.json, package-lock.json
[2026-05-18T06:55:22Z] commit-checkpoint: refused — nothing to commit in runs/
[2026-05-18T06:55:22Z] push: pushing branch=ticket/T108-t108-multi-project-onboarding-and-project-registry
[2026-05-18T06:55:24Z] push: done branch=ticket/T108-t108-multi-project-onboarding-and-project-registry
[2026-05-18T06:55:58Z] commit-checkpoint: skipped missing scope paths: package.json, package-lock.json
[2026-05-18T06:55:58Z] commit-checkpoint: refused — nothing to commit in runs/
[2026-05-18T06:55:58Z] push: pushing branch=ticket/T108-t108-multi-project-onboarding-and-project-registry
[2026-05-18T06:56:00Z] push: done branch=ticket/T108-t108-multi-project-onboarding-and-project-registry
[2026-05-18T06:56:34Z] commit-checkpoint: skipped missing scope paths: package.json, package-lock.json
[2026-05-18T06:56:35Z] commit-checkpoint: refused — nothing to commit in runs/
[2026-05-18T06:56:35Z] push: pushing branch=ticket/T108-t108-multi-project-onboarding-and-project-registry
[2026-05-18T06:56:36Z] push: done branch=ticket/T108-t108-multi-project-onboarding-and-project-registry
[2026-05-18T06:57:11Z] commit-checkpoint: skipped missing scope paths: package.json, package-lock.json
[2026-05-18T06:57:11Z] commit-checkpoint: refused — nothing to commit in runs/
[2026-05-18T06:57:11Z] push: pushing branch=ticket/T108-t108-multi-project-onboarding-and-project-registry
[2026-05-18T06:57:12Z] push: done branch=ticket/T108-t108-multi-project-onboarding-and-project-registry
[2026-05-18T06:57:47Z] commit-checkpoint: skipped missing scope paths: package.json, package-lock.json
[2026-05-18T06:57:47Z] commit-checkpoint: refused — nothing to commit in runs/
[2026-05-18T06:57:47Z] push: pushing branch=ticket/T108-t108-multi-project-onboarding-and-project-registry
[2026-05-18T06:57:49Z] push: done branch=ticket/T108-t108-multi-project-onboarding-and-project-registry
[2026-05-18T06:58:23Z] commit-checkpoint: skipped missing scope paths: package.json, package-lock.json
[2026-05-18T06:58:23Z] commit-checkpoint: refused — nothing to commit in runs/
[2026-05-18T06:58:23Z] push: pushing branch=ticket/T108-t108-multi-project-onboarding-and-project-registry
[2026-05-18T06:58:25Z] push: done branch=ticket/T108-t108-multi-project-onboarding-and-project-registry
[2026-05-18T06:59:04Z] commit-checkpoint: skipped missing scope paths: package.json, package-lock.json
[2026-05-18T06:59:04Z] commit-checkpoint: refused — nothing to commit in runs/
[2026-05-18T06:59:04Z] push: pushing branch=ticket/T108-t108-multi-project-onboarding-and-project-registry
[2026-05-18T06:59:05Z] push: done branch=ticket/T108-t108-multi-project-onboarding-and-project-registry
[2026-05-18T07:04:17Z] commit-checkpoint: skipped missing scope paths: package.json, package-lock.json
[2026-05-18T07:04:17Z] commit-checkpoint: refused — nothing to commit in runs/
[2026-05-18T07:04:17Z] push: pushing branch=ticket/T108-t108-multi-project-onboarding-and-project-registry
[2026-05-18T07:04:19Z] push: done branch=ticket/T108-t108-multi-project-onboarding-and-project-registry
[2026-05-18T07:04:53Z] commit-checkpoint: skipped missing scope paths: package.json, package-lock.json
[2026-05-18T07:04:53Z] commit-checkpoint: refused — nothing to commit in runs/
[2026-05-18T07:04:54Z] push: pushing branch=ticket/T108-t108-multi-project-onboarding-and-project-registry
[2026-05-18T07:04:55Z] push: done branch=ticket/T108-t108-multi-project-onboarding-and-project-registry
[2026-05-18T07:05:29Z] commit-checkpoint: skipped missing scope paths: package.json, package-lock.json
[2026-05-18T07:05:29Z] commit-checkpoint: refused — nothing to commit in runs/
[2026-05-18T07:05:29Z] push: pushing branch=ticket/T108-t108-multi-project-onboarding-and-project-registry
[2026-05-18T07:05:31Z] push: done branch=ticket/T108-t108-multi-project-onboarding-and-project-registry
[2026-05-18T07:06:05Z] commit-checkpoint: skipped missing scope paths: package.json, package-lock.json
[2026-05-18T07:06:05Z] commit-checkpoint: refused — nothing to commit in runs/
[2026-05-18T07:06:05Z] push: pushing branch=ticket/T108-t108-multi-project-onboarding-and-project-registry
[2026-05-18T07:06:07Z] push: done branch=ticket/T108-t108-multi-project-onboarding-and-project-registry
[2026-05-18T07:06:41Z] commit-checkpoint: skipped missing scope paths: package.json, package-lock.json
[2026-05-18T07:06:41Z] commit-checkpoint: refused — nothing to commit in runs/
[2026-05-18T07:06:41Z] push: pushing branch=ticket/T108-t108-multi-project-onboarding-and-project-registry
[2026-05-18T07:06:43Z] push: done branch=ticket/T108-t108-multi-project-onboarding-and-project-registry
[2026-05-18T07:07:17Z] commit-checkpoint: skipped missing scope paths: package.json, package-lock.json
[2026-05-18T07:07:17Z] commit-checkpoint: refused — nothing to commit in runs/
[2026-05-18T07:07:17Z] push: pushing branch=ticket/T108-t108-multi-project-onboarding-and-project-registry
[2026-05-18T07:07:19Z] push: done branch=ticket/T108-t108-multi-project-onboarding-and-project-registry
[2026-05-18T07:07:53Z] commit-checkpoint: skipped missing scope paths: package.json, package-lock.json
[2026-05-18T07:07:53Z] commit-checkpoint: refused — nothing to commit in runs/
[2026-05-18T07:07:53Z] push: pushing branch=ticket/T108-t108-multi-project-onboarding-and-project-registry
[2026-05-18T07:07:55Z] push: done branch=ticket/T108-t108-multi-project-onboarding-and-project-registry
[2026-05-18T07:08:29Z] commit-checkpoint: skipped missing scope paths: package.json, package-lock.json
[2026-05-18T07:08:29Z] commit-checkpoint: refused — nothing to commit in runs/
[2026-05-18T07:08:29Z] push: pushing branch=ticket/T108-t108-multi-project-onboarding-and-project-registry
[2026-05-18T07:08:31Z] push: done branch=ticket/T108-t108-multi-project-onboarding-and-project-registry
[2026-05-18T07:09:05Z] commit-checkpoint: skipped missing scope paths: package.json, package-lock.json
[2026-05-18T07:09:05Z] commit-checkpoint: refused — nothing to commit in runs/
[2026-05-18T07:09:05Z] push: pushing branch=ticket/T108-t108-multi-project-onboarding-and-project-registry
[2026-05-18T07:09:07Z] push: done branch=ticket/T108-t108-multi-project-onboarding-and-project-registry
[2026-05-18T07:09:41Z] commit-checkpoint: skipped missing scope paths: package.json, package-lock.json
[2026-05-18T07:09:41Z] commit-checkpoint: refused — nothing to commit in runs/
[2026-05-18T07:09:41Z] push: pushing branch=ticket/T108-t108-multi-project-onboarding-and-project-registry
[2026-05-18T07:09:42Z] push: done branch=ticket/T108-t108-multi-project-onboarding-and-project-registry
[2026-05-18T07:10:17Z] commit-checkpoint: skipped missing scope paths: package.json, package-lock.json
[2026-05-18T07:10:17Z] commit-checkpoint: refused — nothing to commit in runs/
[2026-05-18T07:10:17Z] push: pushing branch=ticket/T108-t108-multi-project-onboarding-and-project-registry
[2026-05-18T07:10:18Z] push: done branch=ticket/T108-t108-multi-project-onboarding-and-project-registry
[2026-05-18T07:10:52Z] commit-checkpoint: skipped missing scope paths: package.json, package-lock.json
[2026-05-18T07:10:52Z] commit-checkpoint: refused — nothing to commit in runs/
[2026-05-18T07:10:52Z] push: pushing branch=ticket/T108-t108-multi-project-onboarding-and-project-registry
[2026-05-18T07:10:54Z] push: done branch=ticket/T108-t108-multi-project-onboarding-and-project-registry
[2026-05-18T07:11:28Z] commit-checkpoint: skipped missing scope paths: package.json, package-lock.json
[2026-05-18T07:11:28Z] commit-checkpoint: refused — nothing to commit in runs/
[2026-05-18T07:11:28Z] push: pushing branch=ticket/T108-t108-multi-project-onboarding-and-project-registry
[2026-05-18T07:11:30Z] push: done branch=ticket/T108-t108-multi-project-onboarding-and-project-registry
[2026-05-18T07:12:04Z] commit-checkpoint: skipped missing scope paths: package.json, package-lock.json
[2026-05-18T07:12:04Z] commit-checkpoint: refused — nothing to commit in runs/
[2026-05-18T07:12:04Z] push: pushing branch=ticket/T108-t108-multi-project-onboarding-and-project-registry
[2026-05-18T07:12:06Z] push: done branch=ticket/T108-t108-multi-project-onboarding-and-project-registry
[2026-05-18T07:12:40Z] commit-checkpoint: skipped missing scope paths: package.json, package-lock.json
[2026-05-18T07:12:40Z] commit-checkpoint: refused — nothing to commit in runs/
[2026-05-18T07:12:40Z] push: pushing branch=ticket/T108-t108-multi-project-onboarding-and-project-registry
[2026-05-18T07:12:42Z] push: done branch=ticket/T108-t108-multi-project-onboarding-and-project-registry
[2026-05-18T07:13:16Z] commit-checkpoint: skipped missing scope paths: package.json, package-lock.json
[2026-05-18T07:13:16Z] commit-checkpoint: refused — nothing to commit in runs/
[2026-05-18T07:13:16Z] push: pushing branch=ticket/T108-t108-multi-project-onboarding-and-project-registry
[2026-05-18T07:13:17Z] push: done branch=ticket/T108-t108-multi-project-onboarding-and-project-registry
[2026-05-18T07:13:52Z] commit-checkpoint: skipped missing scope paths: package.json, package-lock.json
[2026-05-18T07:13:52Z] commit-checkpoint: refused — nothing to commit in runs/
[2026-05-18T07:13:52Z] push: pushing branch=ticket/T108-t108-multi-project-onboarding-and-project-registry
[2026-05-18T07:13:53Z] push: done branch=ticket/T108-t108-multi-project-onboarding-and-project-registry
[2026-05-18T07:14:28Z] commit-checkpoint: skipped missing scope paths: package.json, package-lock.json
[2026-05-18T07:14:28Z] commit-checkpoint: refused — nothing to commit in runs/
[2026-05-18T07:14:28Z] push: pushing branch=ticket/T108-t108-multi-project-onboarding-and-project-registry
[2026-05-18T07:14:29Z] push: done branch=ticket/T108-t108-multi-project-onboarding-and-project-registry
[2026-05-18T07:15:04Z] commit-checkpoint: skipped missing scope paths: package.json, package-lock.json
[2026-05-18T07:15:04Z] commit-checkpoint: refused — nothing to commit in runs/
[2026-05-18T07:15:04Z] push: pushing branch=ticket/T108-t108-multi-project-onboarding-and-project-registry
[2026-05-18T07:15:05Z] push: done branch=ticket/T108-t108-multi-project-onboarding-and-project-registry
[2026-05-18T07:15:39Z] commit-checkpoint: skipped missing scope paths: package.json, package-lock.json
[2026-05-18T07:15:39Z] commit-checkpoint: refused — nothing to commit in runs/
[2026-05-18T07:15:39Z] push: pushing branch=ticket/T108-t108-multi-project-onboarding-and-project-registry
[2026-05-18T07:15:41Z] push: done branch=ticket/T108-t108-multi-project-onboarding-and-project-registry
[2026-05-18T07:16:15Z] commit-checkpoint: skipped missing scope paths: package.json, package-lock.json
[2026-05-18T07:16:15Z] commit-checkpoint: refused — nothing to commit in runs/
[2026-05-18T07:16:15Z] push: pushing branch=ticket/T108-t108-multi-project-onboarding-and-project-registry
[2026-05-18T07:16:17Z] push: done branch=ticket/T108-t108-multi-project-onboarding-and-project-registry
[2026-05-18T07:16:51Z] commit-checkpoint: skipped missing scope paths: package.json, package-lock.json
[2026-05-18T07:16:51Z] commit-checkpoint: refused — nothing to commit in runs/
[2026-05-18T07:16:51Z] push: pushing branch=ticket/T108-t108-multi-project-onboarding-and-project-registry
[2026-05-18T07:16:53Z] push: done branch=ticket/T108-t108-multi-project-onboarding-and-project-registry
[2026-05-18T07:17:27Z] commit-checkpoint: skipped missing scope paths: package.json, package-lock.json
[2026-05-18T07:17:27Z] commit-checkpoint: refused — nothing to commit in runs/
[2026-05-18T07:17:27Z] push: pushing branch=ticket/T108-t108-multi-project-onboarding-and-project-registry
[2026-05-18T07:17:28Z] push: done branch=ticket/T108-t108-multi-project-onboarding-and-project-registry
[2026-05-18T07:18:02Z] commit-checkpoint: skipped missing scope paths: package.json, package-lock.json
[2026-05-18T07:18:02Z] commit-checkpoint: refused — nothing to commit in runs/
[2026-05-18T07:18:02Z] push: pushing branch=ticket/T108-t108-multi-project-onboarding-and-project-registry
[2026-05-18T07:18:04Z] push: done branch=ticket/T108-t108-multi-project-onboarding-and-project-registry
[2026-05-18T07:18:38Z] commit-checkpoint: skipped missing scope paths: package.json, package-lock.json
[2026-05-18T07:18:38Z] commit-checkpoint: refused — nothing to commit in runs/
[2026-05-18T07:18:38Z] push: pushing branch=ticket/T108-t108-multi-project-onboarding-and-project-registry
[2026-05-18T07:18:40Z] push: done branch=ticket/T108-t108-multi-project-onboarding-and-project-registry
[2026-05-18T07:19:14Z] commit-checkpoint: skipped missing scope paths: package.json, package-lock.json
[2026-05-18T07:19:14Z] commit-checkpoint: refused — nothing to commit in runs/
[2026-05-18T07:19:14Z] push: pushing branch=ticket/T108-t108-multi-project-onboarding-and-project-registry
[2026-05-18T07:19:16Z] push: done branch=ticket/T108-t108-multi-project-onboarding-and-project-registry
[2026-05-18T07:19:50Z] commit-checkpoint: skipped missing scope paths: package.json, package-lock.json
[2026-05-18T07:19:50Z] commit-checkpoint: refused — nothing to commit in runs/
[2026-05-18T07:19:50Z] push: pushing branch=ticket/T108-t108-multi-project-onboarding-and-project-registry
[2026-05-18T07:19:51Z] push: done branch=ticket/T108-t108-multi-project-onboarding-and-project-registry
[2026-05-18T07:20:26Z] commit-checkpoint: skipped missing scope paths: package.json, package-lock.json
[2026-05-18T07:20:26Z] commit-checkpoint: refused — nothing to commit in runs/
[2026-05-18T07:20:26Z] push: pushing branch=ticket/T108-t108-multi-project-onboarding-and-project-registry
[2026-05-18T07:20:27Z] push: done branch=ticket/T108-t108-multi-project-onboarding-and-project-registry
[2026-05-18T07:21:02Z] commit-checkpoint: skipped missing scope paths: package.json, package-lock.json
[2026-05-18T07:21:02Z] commit-checkpoint: refused — nothing to commit in runs/
[2026-05-18T07:21:02Z] push: pushing branch=ticket/T108-t108-multi-project-onboarding-and-project-registry
[2026-05-18T07:21:03Z] push: done branch=ticket/T108-t108-multi-project-onboarding-and-project-registry
[2026-05-18T07:21:37Z] commit-checkpoint: skipped missing scope paths: package.json, package-lock.json
[2026-05-18T07:21:37Z] commit-checkpoint: refused — nothing to commit in runs/
[2026-05-18T07:21:37Z] push: pushing branch=ticket/T108-t108-multi-project-onboarding-and-project-registry
[2026-05-18T07:21:39Z] push: done branch=ticket/T108-t108-multi-project-onboarding-and-project-registry
[2026-05-18T07:32:39Z] commit-checkpoint: skipped missing scope paths: package.json, package-lock.json
[2026-05-18T07:32:39Z] commit-checkpoint: refused — nothing to commit in runs/
[2026-05-18T07:32:39Z] push: pushing branch=ticket/T108-t108-multi-project-onboarding-and-project-registry
[2026-05-18T07:32:41Z] push: done branch=ticket/T108-t108-multi-project-onboarding-and-project-registry
[2026-05-18T07:33:15Z] commit-checkpoint: skipped missing scope paths: package.json, package-lock.json
[2026-05-18T07:33:15Z] commit-checkpoint: refused — nothing to commit in runs/
[2026-05-18T07:33:15Z] push: pushing branch=ticket/T108-t108-multi-project-onboarding-and-project-registry
[2026-05-18T07:33:17Z] push: done branch=ticket/T108-t108-multi-project-onboarding-and-project-registry
[2026-05-18T07:33:51Z] commit-checkpoint: skipped missing scope paths: package.json, package-lock.json
[2026-05-18T07:33:51Z] commit-checkpoint: refused — nothing to commit in runs/
[2026-05-18T07:33:51Z] push: pushing branch=ticket/T108-t108-multi-project-onboarding-and-project-registry
[2026-05-18T07:33:53Z] push: done branch=ticket/T108-t108-multi-project-onboarding-and-project-registry
[2026-05-18T07:34:27Z] commit-checkpoint: skipped missing scope paths: package.json, package-lock.json
[2026-05-18T07:34:27Z] commit-checkpoint: refused — nothing to commit in runs/
[2026-05-18T07:34:27Z] push: pushing branch=ticket/T108-t108-multi-project-onboarding-and-project-registry
[2026-05-18T07:34:29Z] push: done branch=ticket/T108-t108-multi-project-onboarding-and-project-registry
[2026-05-18T07:35:03Z] commit-checkpoint: skipped missing scope paths: package.json, package-lock.json
[2026-05-18T07:35:03Z] commit-checkpoint: refused — nothing to commit in runs/
[2026-05-18T07:35:03Z] push: pushing branch=ticket/T108-t108-multi-project-onboarding-and-project-registry
[2026-05-18T07:35:04Z] push: done branch=ticket/T108-t108-multi-project-onboarding-and-project-registry
[2026-05-18T07:35:39Z] commit-checkpoint: skipped missing scope paths: package.json, package-lock.json
[2026-05-18T07:35:39Z] commit-checkpoint: refused — nothing to commit in runs/
[2026-05-18T07:35:39Z] push: pushing branch=ticket/T108-t108-multi-project-onboarding-and-project-registry
[2026-05-18T07:35:40Z] push: done branch=ticket/T108-t108-multi-project-onboarding-and-project-registry
[2026-05-18T07:36:14Z] commit-checkpoint: skipped missing scope paths: package.json, package-lock.json
[2026-05-18T07:36:15Z] commit-checkpoint: refused — nothing to commit in runs/
[2026-05-18T07:36:15Z] push: pushing branch=ticket/T108-t108-multi-project-onboarding-and-project-registry
[2026-05-18T07:36:16Z] push: done branch=ticket/T108-t108-multi-project-onboarding-and-project-registry
[2026-05-18T07:36:50Z] commit-checkpoint: skipped missing scope paths: package.json, package-lock.json
[2026-05-18T07:36:50Z] commit-checkpoint: refused — nothing to commit in runs/
[2026-05-18T07:36:50Z] push: pushing branch=ticket/T108-t108-multi-project-onboarding-and-project-registry
[2026-05-18T07:36:52Z] push: done branch=ticket/T108-t108-multi-project-onboarding-and-project-registry
[2026-05-18T07:37:26Z] commit-checkpoint: skipped missing scope paths: package.json, package-lock.json
[2026-05-18T07:37:26Z] commit-checkpoint: refused — nothing to commit in runs/
[2026-05-18T07:37:26Z] push: pushing branch=ticket/T108-t108-multi-project-onboarding-and-project-registry
[2026-05-18T07:37:28Z] push: done branch=ticket/T108-t108-multi-project-onboarding-and-project-registry
[2026-05-18T07:38:02Z] commit-checkpoint: skipped missing scope paths: package.json, package-lock.json
[2026-05-18T07:38:02Z] commit-checkpoint: refused — nothing to commit in runs/
[2026-05-18T07:38:02Z] push: pushing branch=ticket/T108-t108-multi-project-onboarding-and-project-registry
[2026-05-18T07:38:04Z] push: done branch=ticket/T108-t108-multi-project-onboarding-and-project-registry
[2026-05-18T07:38:38Z] commit-checkpoint: skipped missing scope paths: package.json, package-lock.json
[2026-05-18T07:38:38Z] commit-checkpoint: refused — nothing to commit in runs/
[2026-05-18T07:38:38Z] push: pushing branch=ticket/T108-t108-multi-project-onboarding-and-project-registry
[2026-05-18T07:38:40Z] push: done branch=ticket/T108-t108-multi-project-onboarding-and-project-registry
[2026-05-18T07:39:14Z] commit-checkpoint: skipped missing scope paths: package.json, package-lock.json
[2026-05-18T07:39:14Z] commit-checkpoint: refused — nothing to commit in runs/
[2026-05-18T07:39:14Z] push: pushing branch=ticket/T108-t108-multi-project-onboarding-and-project-registry
[2026-05-18T07:39:16Z] push: done branch=ticket/T108-t108-multi-project-onboarding-and-project-registry
[2026-05-18T07:39:50Z] commit-checkpoint: skipped missing scope paths: package.json, package-lock.json
[2026-05-18T07:39:50Z] commit-checkpoint: refused — nothing to commit in runs/
[2026-05-18T07:39:50Z] push: pushing branch=ticket/T108-t108-multi-project-onboarding-and-project-registry
[2026-05-18T07:39:52Z] push: done branch=ticket/T108-t108-multi-project-onboarding-and-project-registry
[2026-05-18T07:40:26Z] commit-checkpoint: skipped missing scope paths: package.json, package-lock.json
[2026-05-18T07:40:26Z] commit-checkpoint: refused — nothing to commit in runs/
[2026-05-18T07:40:26Z] push: pushing branch=ticket/T108-t108-multi-project-onboarding-and-project-registry
[2026-05-18T07:40:27Z] push: done branch=ticket/T108-t108-multi-project-onboarding-and-project-registry
[2026-05-18T07:41:02Z] commit-checkpoint: skipped missing scope paths: package.json, package-lock.json
[2026-05-18T07:41:02Z] commit-checkpoint: refused — nothing to commit in runs/
[2026-05-18T07:41:02Z] push: pushing branch=ticket/T108-t108-multi-project-onboarding-and-project-registry
[2026-05-18T07:41:03Z] push: done branch=ticket/T108-t108-multi-project-onboarding-and-project-registry
[2026-05-18T07:41:38Z] commit-checkpoint: skipped missing scope paths: package.json, package-lock.json
[2026-05-18T07:41:38Z] commit-checkpoint: refused — nothing to commit in runs/
[2026-05-18T07:41:38Z] push: pushing branch=ticket/T108-t108-multi-project-onboarding-and-project-registry
[2026-05-18T07:41:39Z] push: done branch=ticket/T108-t108-multi-project-onboarding-and-project-registry
[2026-05-18T07:42:14Z] commit-checkpoint: skipped missing scope paths: package.json, package-lock.json
[2026-05-18T07:42:14Z] commit-checkpoint: refused — nothing to commit in runs/
[2026-05-18T07:42:14Z] push: pushing branch=ticket/T108-t108-multi-project-onboarding-and-project-registry
[2026-05-18T07:42:15Z] push: done branch=ticket/T108-t108-multi-project-onboarding-and-project-registry
[2026-05-18T07:42:50Z] commit-checkpoint: skipped missing scope paths: package.json, package-lock.json
[2026-05-18T07:42:50Z] commit-checkpoint: refused — nothing to commit in runs/
[2026-05-18T07:42:50Z] push: pushing branch=ticket/T108-t108-multi-project-onboarding-and-project-registry
[2026-05-18T07:42:51Z] push: done branch=ticket/T108-t108-multi-project-onboarding-and-project-registry
[2026-05-18T07:43:25Z] commit-checkpoint: skipped missing scope paths: package.json, package-lock.json
[2026-05-18T07:43:25Z] commit-checkpoint: refused — nothing to commit in runs/
[2026-05-18T07:43:26Z] push: pushing branch=ticket/T108-t108-multi-project-onboarding-and-project-registry
[2026-05-18T07:43:27Z] push: done branch=ticket/T108-t108-multi-project-onboarding-and-project-registry
[2026-05-18T07:44:02Z] commit-checkpoint: skipped missing scope paths: package.json, package-lock.json
[2026-05-18T07:44:02Z] commit-checkpoint: refused — nothing to commit in runs/
[2026-05-18T07:44:02Z] push: pushing branch=ticket/T108-t108-multi-project-onboarding-and-project-registry
[2026-05-18T07:44:03Z] push: done branch=ticket/T108-t108-multi-project-onboarding-and-project-registry
[2026-05-18T07:44:37Z] commit-checkpoint: skipped missing scope paths: package.json, package-lock.json
[2026-05-18T07:44:37Z] commit-checkpoint: refused — nothing to commit in runs/
[2026-05-18T07:44:38Z] push: pushing branch=ticket/T108-t108-multi-project-onboarding-and-project-registry
[2026-05-18T07:44:39Z] push: done branch=ticket/T108-t108-multi-project-onboarding-and-project-registry
[2026-05-18T07:45:13Z] commit-checkpoint: skipped missing scope paths: package.json, package-lock.json
[2026-05-18T07:45:13Z] commit-checkpoint: refused — nothing to commit in runs/
[2026-05-18T07:45:13Z] push: pushing branch=ticket/T108-t108-multi-project-onboarding-and-project-registry
[2026-05-18T07:45:15Z] push: done branch=ticket/T108-t108-multi-project-onboarding-and-project-registry
[2026-05-18T07:45:49Z] commit-checkpoint: skipped missing scope paths: package.json, package-lock.json
[2026-05-18T07:45:49Z] commit-checkpoint: refused — nothing to commit in runs/
[2026-05-18T07:45:49Z] push: pushing branch=ticket/T108-t108-multi-project-onboarding-and-project-registry
[2026-05-18T07:45:51Z] push: done branch=ticket/T108-t108-multi-project-onboarding-and-project-registry
[2026-05-18T07:46:25Z] commit-checkpoint: skipped missing scope paths: package.json, package-lock.json
[2026-05-18T07:46:25Z] commit-checkpoint: refused — nothing to commit in runs/
[2026-05-18T07:46:25Z] push: pushing branch=ticket/T108-t108-multi-project-onboarding-and-project-registry
[2026-05-18T07:46:27Z] push: done branch=ticket/T108-t108-multi-project-onboarding-and-project-registry
[2026-05-18T07:47:01Z] commit-checkpoint: skipped missing scope paths: package.json, package-lock.json
[2026-05-18T07:47:01Z] commit-checkpoint: refused — nothing to commit in runs/
[2026-05-18T07:47:01Z] push: pushing branch=ticket/T108-t108-multi-project-onboarding-and-project-registry
[2026-05-18T07:47:02Z] push: done branch=ticket/T108-t108-multi-project-onboarding-and-project-registry
[2026-05-18T07:47:37Z] commit-checkpoint: skipped missing scope paths: package.json, package-lock.json
[2026-05-18T07:47:37Z] commit-checkpoint: refused — nothing to commit in runs/
[2026-05-18T07:47:37Z] push: pushing branch=ticket/T108-t108-multi-project-onboarding-and-project-registry
[2026-05-18T07:47:38Z] push: done branch=ticket/T108-t108-multi-project-onboarding-and-project-registry
[2026-05-18T07:48:12Z] commit-checkpoint: skipped missing scope paths: package.json, package-lock.json
[2026-05-18T07:48:12Z] commit-checkpoint: refused — nothing to commit in runs/
[2026-05-18T07:48:13Z] push: pushing branch=ticket/T108-t108-multi-project-onboarding-and-project-registry
[2026-05-18T07:48:14Z] push: done branch=ticket/T108-t108-multi-project-onboarding-and-project-registry
[2026-05-18T07:48:49Z] commit-checkpoint: skipped missing scope paths: package.json, package-lock.json
[2026-05-18T07:48:49Z] commit-checkpoint: refused — nothing to commit in runs/
[2026-05-18T07:48:49Z] push: pushing branch=ticket/T108-t108-multi-project-onboarding-and-project-registry
[2026-05-18T07:48:50Z] push: done branch=ticket/T108-t108-multi-project-onboarding-and-project-registry
[2026-05-18T07:49:24Z] commit-checkpoint: skipped missing scope paths: package.json, package-lock.json
[2026-05-18T07:49:24Z] commit-checkpoint: refused — nothing to commit in runs/
[2026-05-18T07:49:24Z] push: pushing branch=ticket/T108-t108-multi-project-onboarding-and-project-registry
[2026-05-18T07:49:26Z] push: done branch=ticket/T108-t108-multi-project-onboarding-and-project-registry
[2026-05-18T07:50:00Z] commit-checkpoint: skipped missing scope paths: package.json, package-lock.json
[2026-05-18T07:50:00Z] commit-checkpoint: refused — nothing to commit in runs/
[2026-05-18T07:50:00Z] push: pushing branch=ticket/T108-t108-multi-project-onboarding-and-project-registry
[2026-05-18T07:50:02Z] push: done branch=ticket/T108-t108-multi-project-onboarding-and-project-registry
[2026-05-18T07:50:36Z] commit-checkpoint: skipped missing scope paths: package.json, package-lock.json
[2026-05-18T07:50:36Z] commit-checkpoint: refused — nothing to commit in runs/
[2026-05-18T07:50:36Z] push: pushing branch=ticket/T108-t108-multi-project-onboarding-and-project-registry
[2026-05-18T07:50:38Z] push: done branch=ticket/T108-t108-multi-project-onboarding-and-project-registry
[2026-05-18T07:51:12Z] commit-checkpoint: skipped missing scope paths: package.json, package-lock.json
[2026-05-18T07:51:12Z] commit-checkpoint: refused — nothing to commit in runs/
[2026-05-18T07:51:12Z] push: pushing branch=ticket/T108-t108-multi-project-onboarding-and-project-registry
[2026-05-18T07:51:14Z] push: done branch=ticket/T108-t108-multi-project-onboarding-and-project-registry
[2026-05-18T07:51:48Z] commit-checkpoint: skipped missing scope paths: package.json, package-lock.json
[2026-05-18T07:51:48Z] commit-checkpoint: refused — nothing to commit in runs/
[2026-05-18T07:51:48Z] push: pushing branch=ticket/T108-t108-multi-project-onboarding-and-project-registry
[2026-05-18T07:51:49Z] push: done branch=ticket/T108-t108-multi-project-onboarding-and-project-registry
[2026-05-18T07:52:24Z] commit-checkpoint: skipped missing scope paths: package.json, package-lock.json
[2026-05-18T07:52:24Z] commit-checkpoint: refused — nothing to commit in runs/
[2026-05-18T07:52:24Z] push: pushing branch=ticket/T108-t108-multi-project-onboarding-and-project-registry
[2026-05-18T07:52:25Z] push: done branch=ticket/T108-t108-multi-project-onboarding-and-project-registry
[2026-05-18T07:53:00Z] commit-checkpoint: skipped missing scope paths: package.json, package-lock.json
[2026-05-18T07:53:00Z] commit-checkpoint: refused — nothing to commit in runs/
[2026-05-18T07:53:00Z] push: pushing branch=ticket/T108-t108-multi-project-onboarding-and-project-registry
[2026-05-18T07:53:02Z] push: done branch=ticket/T108-t108-multi-project-onboarding-and-project-registry
[2026-05-18T07:53:36Z] commit-checkpoint: skipped missing scope paths: package.json, package-lock.json
[2026-05-18T07:53:36Z] commit-checkpoint: refused — nothing to commit in runs/
[2026-05-18T07:53:36Z] push: pushing branch=ticket/T108-t108-multi-project-onboarding-and-project-registry
[2026-05-18T07:53:37Z] push: done branch=ticket/T108-t108-multi-project-onboarding-and-project-registry
[2026-05-18T07:54:11Z] commit-checkpoint: skipped missing scope paths: package.json, package-lock.json
[2026-05-18T07:54:11Z] commit-checkpoint: refused — nothing to commit in runs/
[2026-05-18T07:54:11Z] push: pushing branch=ticket/T108-t108-multi-project-onboarding-and-project-registry
[2026-05-18T07:54:13Z] push: done branch=ticket/T108-t108-multi-project-onboarding-and-project-registry
[2026-05-18T07:54:47Z] commit-checkpoint: skipped missing scope paths: package.json, package-lock.json
[2026-05-18T07:54:47Z] commit-checkpoint: refused — nothing to commit in runs/
[2026-05-18T07:54:47Z] push: pushing branch=ticket/T108-t108-multi-project-onboarding-and-project-registry
[2026-05-18T07:54:49Z] push: done branch=ticket/T108-t108-multi-project-onboarding-and-project-registry
[2026-05-18T07:55:23Z] commit-checkpoint: skipped missing scope paths: package.json, package-lock.json
[2026-05-18T07:55:23Z] commit-checkpoint: refused — nothing to commit in runs/
[2026-05-18T07:55:23Z] push: pushing branch=ticket/T108-t108-multi-project-onboarding-and-project-registry
[2026-05-18T07:55:25Z] push: done branch=ticket/T108-t108-multi-project-onboarding-and-project-registry
[2026-05-18T07:55:59Z] commit-checkpoint: skipped missing scope paths: package.json, package-lock.json
[2026-05-18T07:55:59Z] commit-checkpoint: refused — nothing to commit in runs/
[2026-05-18T07:55:59Z] push: pushing branch=ticket/T108-t108-multi-project-onboarding-and-project-registry
[2026-05-18T07:56:00Z] push: done branch=ticket/T108-t108-multi-project-onboarding-and-project-registry
[2026-05-18T07:56:34Z] commit-checkpoint: skipped missing scope paths: package.json, package-lock.json
[2026-05-18T07:56:34Z] commit-checkpoint: refused — nothing to commit in runs/
[2026-05-18T07:56:35Z] push: pushing branch=ticket/T108-t108-multi-project-onboarding-and-project-registry
[2026-05-18T07:56:36Z] push: done branch=ticket/T108-t108-multi-project-onboarding-and-project-registry
[2026-05-18T07:57:10Z] commit-checkpoint: skipped missing scope paths: package.json, package-lock.json
[2026-05-18T07:57:10Z] commit-checkpoint: refused — nothing to commit in runs/
[2026-05-18T07:57:10Z] push: pushing branch=ticket/T108-t108-multi-project-onboarding-and-project-registry
[2026-05-18T07:57:12Z] push: done branch=ticket/T108-t108-multi-project-onboarding-and-project-registry
[2026-05-18T07:57:46Z] commit-checkpoint: skipped missing scope paths: package.json, package-lock.json
[2026-05-18T07:57:46Z] commit-checkpoint: refused — nothing to commit in runs/
[2026-05-18T07:57:46Z] push: pushing branch=ticket/T108-t108-multi-project-onboarding-and-project-registry
[2026-05-18T07:57:48Z] push: done branch=ticket/T108-t108-multi-project-onboarding-and-project-registry
[2026-05-18T07:58:22Z] commit-checkpoint: skipped missing scope paths: package.json, package-lock.json
[2026-05-18T07:58:22Z] commit-checkpoint: refused — nothing to commit in runs/
[2026-05-18T07:58:22Z] push: pushing branch=ticket/T108-t108-multi-project-onboarding-and-project-registry
[2026-05-18T07:58:24Z] push: done branch=ticket/T108-t108-multi-project-onboarding-and-project-registry
[2026-05-18T07:58:58Z] commit-checkpoint: skipped missing scope paths: package.json, package-lock.json
[2026-05-18T07:58:58Z] commit-checkpoint: refused — nothing to commit in runs/
[2026-05-18T07:58:58Z] push: pushing branch=ticket/T108-t108-multi-project-onboarding-and-project-registry
[2026-05-18T07:58:59Z] push: done branch=ticket/T108-t108-multi-project-onboarding-and-project-registry
[2026-05-18T07:59:33Z] commit-checkpoint: skipped missing scope paths: package.json, package-lock.json
[2026-05-18T07:59:33Z] commit-checkpoint: refused — nothing to commit in runs/
[2026-05-18T07:59:33Z] push: pushing branch=ticket/T108-t108-multi-project-onboarding-and-project-registry
[2026-05-18T07:59:35Z] push: done branch=ticket/T108-t108-multi-project-onboarding-and-project-registry
[2026-05-18T08:00:10Z] commit-checkpoint: skipped missing scope paths: package.json, package-lock.json
[2026-05-18T08:00:10Z] commit-checkpoint: refused — nothing to commit in runs/
[2026-05-18T08:00:10Z] push: pushing branch=ticket/T108-t108-multi-project-onboarding-and-project-registry
[2026-05-18T08:00:11Z] push: done branch=ticket/T108-t108-multi-project-onboarding-and-project-registry
[2026-05-18T08:00:45Z] commit-checkpoint: skipped missing scope paths: package.json, package-lock.json
[2026-05-18T08:00:46Z] commit-checkpoint: refused — nothing to commit in runs/
[2026-05-18T08:00:46Z] push: pushing branch=ticket/T108-t108-multi-project-onboarding-and-project-registry
[2026-05-18T08:00:47Z] push: done branch=ticket/T108-t108-multi-project-onboarding-and-project-registry
[2026-05-18T08:01:22Z] commit-checkpoint: skipped missing scope paths: package.json, package-lock.json
[2026-05-18T08:01:22Z] commit-checkpoint: refused — nothing to commit in runs/
[2026-05-18T08:01:22Z] push: pushing branch=ticket/T108-t108-multi-project-onboarding-and-project-registry
[2026-05-18T08:01:23Z] push: done branch=ticket/T108-t108-multi-project-onboarding-and-project-registry
[2026-05-18T08:01:58Z] commit-checkpoint: skipped missing scope paths: package.json, package-lock.json
[2026-05-18T08:01:58Z] commit-checkpoint: refused — nothing to commit in runs/
[2026-05-18T08:01:58Z] push: pushing branch=ticket/T108-t108-multi-project-onboarding-and-project-registry
[2026-05-18T08:01:59Z] push: done branch=ticket/T108-t108-multi-project-onboarding-and-project-registry
[2026-05-18T08:02:33Z] commit-checkpoint: skipped missing scope paths: package.json, package-lock.json
[2026-05-18T08:02:33Z] commit-checkpoint: refused — nothing to commit in runs/
[2026-05-18T08:02:33Z] push: pushing branch=ticket/T108-t108-multi-project-onboarding-and-project-registry
[2026-05-18T08:02:35Z] push: done branch=ticket/T108-t108-multi-project-onboarding-and-project-registry
[2026-05-18T08:03:09Z] commit-checkpoint: skipped missing scope paths: package.json, package-lock.json
[2026-05-18T08:03:09Z] commit-checkpoint: refused — nothing to commit in runs/
[2026-05-18T08:03:10Z] push: pushing branch=ticket/T108-t108-multi-project-onboarding-and-project-registry
[2026-05-18T08:03:11Z] push: done branch=ticket/T108-t108-multi-project-onboarding-and-project-registry
[2026-05-18T08:03:45Z] commit-checkpoint: skipped missing scope paths: package.json, package-lock.json
[2026-05-18T08:03:45Z] commit-checkpoint: refused — nothing to commit in runs/
[2026-05-18T08:03:45Z] push: pushing branch=ticket/T108-t108-multi-project-onboarding-and-project-registry
[2026-05-18T08:03:47Z] push: done branch=ticket/T108-t108-multi-project-onboarding-and-project-registry
[2026-05-18T08:04:22Z] commit-checkpoint: skipped missing scope paths: package.json, package-lock.json
[2026-05-18T08:04:22Z] commit-checkpoint: refused — nothing to commit in runs/
[2026-05-18T08:04:22Z] push: pushing branch=ticket/T108-t108-multi-project-onboarding-and-project-registry
[2026-05-18T08:04:24Z] push: done branch=ticket/T108-t108-multi-project-onboarding-and-project-registry
[2026-05-18T08:04:58Z] commit-checkpoint: skipped missing scope paths: package.json, package-lock.json
[2026-05-18T08:04:58Z] commit-checkpoint: refused — nothing to commit in runs/
[2026-05-18T08:04:58Z] push: pushing branch=ticket/T108-t108-multi-project-onboarding-and-project-registry
[2026-05-18T08:05:00Z] push: done branch=ticket/T108-t108-multi-project-onboarding-and-project-registry
[2026-05-18T08:05:34Z] commit-checkpoint: skipped missing scope paths: package.json, package-lock.json
[2026-05-18T08:05:34Z] commit-checkpoint: refused — nothing to commit in runs/
[2026-05-18T08:05:34Z] push: pushing branch=ticket/T108-t108-multi-project-onboarding-and-project-registry
[2026-05-18T08:05:36Z] push: done branch=ticket/T108-t108-multi-project-onboarding-and-project-registry
[2026-05-18T08:06:10Z] commit-checkpoint: skipped missing scope paths: package.json, package-lock.json
[2026-05-18T08:06:10Z] commit-checkpoint: refused — nothing to commit in runs/
[2026-05-18T08:06:10Z] push: pushing branch=ticket/T108-t108-multi-project-onboarding-and-project-registry
[2026-05-18T08:06:12Z] push: done branch=ticket/T108-t108-multi-project-onboarding-and-project-registry
[2026-05-18T08:06:46Z] commit-checkpoint: skipped missing scope paths: package.json, package-lock.json
[2026-05-18T08:06:46Z] commit-checkpoint: refused — nothing to commit in runs/
[2026-05-18T08:06:46Z] push: pushing branch=ticket/T108-t108-multi-project-onboarding-and-project-registry
[2026-05-18T08:06:47Z] push: done branch=ticket/T108-t108-multi-project-onboarding-and-project-registry
[2026-05-18T08:07:22Z] commit-checkpoint: skipped missing scope paths: package.json, package-lock.json
[2026-05-18T08:07:22Z] commit-checkpoint: refused — nothing to commit in runs/
[2026-05-18T08:07:22Z] push: pushing branch=ticket/T108-t108-multi-project-onboarding-and-project-registry
[2026-05-18T08:07:23Z] push: done branch=ticket/T108-t108-multi-project-onboarding-and-project-registry
[2026-05-18T08:07:58Z] commit-checkpoint: skipped missing scope paths: package.json, package-lock.json
[2026-05-18T08:07:58Z] commit-checkpoint: refused — nothing to commit in runs/
[2026-05-18T08:07:58Z] push: pushing branch=ticket/T108-t108-multi-project-onboarding-and-project-registry
[2026-05-18T08:07:59Z] push: done branch=ticket/T108-t108-multi-project-onboarding-and-project-registry
[2026-05-18T08:08:34Z] commit-checkpoint: skipped missing scope paths: package.json, package-lock.json
[2026-05-18T08:08:34Z] commit-checkpoint: refused — nothing to commit in runs/
[2026-05-18T08:08:34Z] push: pushing branch=ticket/T108-t108-multi-project-onboarding-and-project-registry
[2026-05-18T08:08:35Z] push: done branch=ticket/T108-t108-multi-project-onboarding-and-project-registry
[2026-05-18T08:09:09Z] commit-checkpoint: skipped missing scope paths: package.json, package-lock.json
[2026-05-18T08:09:09Z] commit-checkpoint: refused — nothing to commit in runs/
[2026-05-18T08:09:09Z] push: pushing branch=ticket/T108-t108-multi-project-onboarding-and-project-registry
[2026-05-18T08:09:11Z] push: done branch=ticket/T108-t108-multi-project-onboarding-and-project-registry
[2026-05-18T08:09:45Z] commit-checkpoint: skipped missing scope paths: package.json, package-lock.json
[2026-05-18T08:09:45Z] commit-checkpoint: refused — nothing to commit in runs/
[2026-05-18T08:09:45Z] push: pushing branch=ticket/T108-t108-multi-project-onboarding-and-project-registry
[2026-05-18T08:09:47Z] push: done branch=ticket/T108-t108-multi-project-onboarding-and-project-registry
[2026-05-18T08:10:21Z] commit-checkpoint: skipped missing scope paths: package.json, package-lock.json
[2026-05-18T08:10:21Z] commit-checkpoint: refused — nothing to commit in runs/
[2026-05-18T08:10:21Z] push: pushing branch=ticket/T108-t108-multi-project-onboarding-and-project-registry
[2026-05-18T08:10:23Z] push: done branch=ticket/T108-t108-multi-project-onboarding-and-project-registry
[2026-05-18T08:10:57Z] commit-checkpoint: skipped missing scope paths: package.json, package-lock.json
[2026-05-18T08:10:57Z] commit-checkpoint: refused — nothing to commit in runs/
[2026-05-18T08:10:57Z] push: pushing branch=ticket/T108-t108-multi-project-onboarding-and-project-registry
[2026-05-18T08:10:59Z] push: done branch=ticket/T108-t108-multi-project-onboarding-and-project-registry
[2026-05-18T08:11:33Z] commit-checkpoint: skipped missing scope paths: package.json, package-lock.json
[2026-05-18T08:11:33Z] commit-checkpoint: refused — nothing to commit in runs/
[2026-05-18T08:11:33Z] push: pushing branch=ticket/T108-t108-multi-project-onboarding-and-project-registry
[2026-05-18T08:11:35Z] push: done branch=ticket/T108-t108-multi-project-onboarding-and-project-registry
[2026-05-18T08:12:09Z] commit-checkpoint: skipped missing scope paths: package.json, package-lock.json
[2026-05-18T08:12:09Z] commit-checkpoint: refused — nothing to commit in runs/
[2026-05-18T08:12:09Z] push: pushing branch=ticket/T108-t108-multi-project-onboarding-and-project-registry
[2026-05-18T08:12:11Z] push: done branch=ticket/T108-t108-multi-project-onboarding-and-project-registry
[2026-05-18T08:12:45Z] commit-checkpoint: skipped missing scope paths: package.json, package-lock.json
[2026-05-18T08:12:45Z] commit-checkpoint: refused — nothing to commit in runs/
[2026-05-18T08:12:45Z] push: pushing branch=ticket/T108-t108-multi-project-onboarding-and-project-registry
[2026-05-18T08:12:47Z] push: done branch=ticket/T108-t108-multi-project-onboarding-and-project-registry
[2026-05-18T08:13:21Z] commit-checkpoint: skipped missing scope paths: package.json, package-lock.json
[2026-05-18T08:13:21Z] commit-checkpoint: refused — nothing to commit in runs/
[2026-05-18T08:13:21Z] push: pushing branch=ticket/T108-t108-multi-project-onboarding-and-project-registry
[2026-05-18T08:13:23Z] push: done branch=ticket/T108-t108-multi-project-onboarding-and-project-registry
[2026-05-18T08:13:57Z] commit-checkpoint: skipped missing scope paths: package.json, package-lock.json
[2026-05-18T08:13:57Z] commit-checkpoint: refused — nothing to commit in runs/
[2026-05-18T08:13:57Z] push: pushing branch=ticket/T108-t108-multi-project-onboarding-and-project-registry
[2026-05-18T08:13:59Z] push: done branch=ticket/T108-t108-multi-project-onboarding-and-project-registry
[2026-05-18T08:14:33Z] commit-checkpoint: skipped missing scope paths: package.json, package-lock.json
[2026-05-18T08:14:33Z] commit-checkpoint: refused — nothing to commit in runs/
[2026-05-18T08:14:33Z] push: pushing branch=ticket/T108-t108-multi-project-onboarding-and-project-registry
[2026-05-18T08:14:35Z] push: done branch=ticket/T108-t108-multi-project-onboarding-and-project-registry
[2026-05-18T08:15:09Z] commit-checkpoint: skipped missing scope paths: package.json, package-lock.json
[2026-05-18T08:15:09Z] commit-checkpoint: refused — nothing to commit in runs/
[2026-05-18T08:15:09Z] push: pushing branch=ticket/T108-t108-multi-project-onboarding-and-project-registry
[2026-05-18T08:15:11Z] push: done branch=ticket/T108-t108-multi-project-onboarding-and-project-registry
[2026-05-18T08:15:45Z] commit-checkpoint: skipped missing scope paths: package.json, package-lock.json
[2026-05-18T08:15:45Z] commit-checkpoint: refused — nothing to commit in runs/
[2026-05-18T08:15:45Z] push: pushing branch=ticket/T108-t108-multi-project-onboarding-and-project-registry
[2026-05-18T08:15:47Z] push: done branch=ticket/T108-t108-multi-project-onboarding-and-project-registry
[2026-05-18T08:16:21Z] commit-checkpoint: skipped missing scope paths: package.json, package-lock.json
[2026-05-18T08:16:21Z] commit-checkpoint: refused — nothing to commit in runs/
[2026-05-18T08:16:21Z] push: pushing branch=ticket/T108-t108-multi-project-onboarding-and-project-registry
[2026-05-18T08:16:23Z] push: done branch=ticket/T108-t108-multi-project-onboarding-and-project-registry
[2026-05-18T08:16:57Z] commit-checkpoint: skipped missing scope paths: package.json, package-lock.json
[2026-05-18T08:16:57Z] commit-checkpoint: refused — nothing to commit in runs/
[2026-05-18T08:16:57Z] push: pushing branch=ticket/T108-t108-multi-project-onboarding-and-project-registry
[2026-05-18T08:16:59Z] push: done branch=ticket/T108-t108-multi-project-onboarding-and-project-registry
[2026-05-18T08:17:33Z] commit-checkpoint: skipped missing scope paths: package.json, package-lock.json
[2026-05-18T08:17:33Z] commit-checkpoint: refused — nothing to commit in runs/
[2026-05-18T08:17:34Z] push: pushing branch=ticket/T108-t108-multi-project-onboarding-and-project-registry
[2026-05-18T08:17:35Z] push: done branch=ticket/T108-t108-multi-project-onboarding-and-project-registry
[2026-05-18T08:18:09Z] commit-checkpoint: skipped missing scope paths: package.json, package-lock.json
[2026-05-18T08:18:09Z] commit-checkpoint: refused — nothing to commit in runs/
[2026-05-18T08:18:09Z] push: pushing branch=ticket/T108-t108-multi-project-onboarding-and-project-registry
[2026-05-18T08:18:11Z] push: done branch=ticket/T108-t108-multi-project-onboarding-and-project-registry
[2026-05-18T08:18:45Z] commit-checkpoint: skipped missing scope paths: package.json, package-lock.json
[2026-05-18T08:18:45Z] commit-checkpoint: refused — nothing to commit in runs/
[2026-05-18T08:18:45Z] push: pushing branch=ticket/T108-t108-multi-project-onboarding-and-project-registry
[2026-05-18T08:18:47Z] push: done branch=ticket/T108-t108-multi-project-onboarding-and-project-registry
[2026-05-18T08:19:21Z] commit-checkpoint: skipped missing scope paths: package.json, package-lock.json
[2026-05-18T08:19:21Z] commit-checkpoint: refused — nothing to commit in runs/
[2026-05-18T08:19:22Z] push: pushing branch=ticket/T108-t108-multi-project-onboarding-and-project-registry
[2026-05-18T08:19:23Z] push: done branch=ticket/T108-t108-multi-project-onboarding-and-project-registry
[2026-05-18T08:19:58Z] commit-checkpoint: skipped missing scope paths: package.json, package-lock.json
[2026-05-18T08:19:58Z] commit-checkpoint: refused — nothing to commit in runs/
[2026-05-18T08:19:58Z] push: pushing branch=ticket/T108-t108-multi-project-onboarding-and-project-registry
[2026-05-18T08:19:59Z] push: done branch=ticket/T108-t108-multi-project-onboarding-and-project-registry
[2026-05-18T08:20:34Z] commit-checkpoint: skipped missing scope paths: package.json, package-lock.json
[2026-05-18T08:20:34Z] commit-checkpoint: refused — nothing to commit in runs/
[2026-05-18T08:20:34Z] push: pushing branch=ticket/T108-t108-multi-project-onboarding-and-project-registry
[2026-05-18T08:20:36Z] push: done branch=ticket/T108-t108-multi-project-onboarding-and-project-registry
[2026-05-18T08:21:10Z] commit-checkpoint: skipped missing scope paths: package.json, package-lock.json
[2026-05-18T08:21:10Z] commit-checkpoint: refused — nothing to commit in runs/
[2026-05-18T08:21:10Z] push: pushing branch=ticket/T108-t108-multi-project-onboarding-and-project-registry
[2026-05-18T08:21:11Z] push: done branch=ticket/T108-t108-multi-project-onboarding-and-project-registry
[2026-05-18T08:21:46Z] commit-checkpoint: skipped missing scope paths: package.json, package-lock.json
[2026-05-18T08:21:46Z] commit-checkpoint: refused — nothing to commit in runs/
[2026-05-18T08:21:46Z] push: pushing branch=ticket/T108-t108-multi-project-onboarding-and-project-registry
[2026-05-18T08:21:47Z] push: done branch=ticket/T108-t108-multi-project-onboarding-and-project-registry
[2026-05-18T08:22:21Z] commit-checkpoint: skipped missing scope paths: package.json, package-lock.json
[2026-05-18T08:22:21Z] commit-checkpoint: refused — nothing to commit in runs/
[2026-05-18T08:22:21Z] push: pushing branch=ticket/T108-t108-multi-project-onboarding-and-project-registry
[2026-05-18T08:22:23Z] push: done branch=ticket/T108-t108-multi-project-onboarding-and-project-registry
[2026-05-18T08:22:57Z] commit-checkpoint: skipped missing scope paths: package.json, package-lock.json
[2026-05-18T08:22:57Z] commit-checkpoint: refused — nothing to commit in runs/
[2026-05-18T08:22:58Z] push: pushing branch=ticket/T108-t108-multi-project-onboarding-and-project-registry
[2026-05-18T08:22:59Z] push: done branch=ticket/T108-t108-multi-project-onboarding-and-project-registry
[2026-05-18T08:23:33Z] commit-checkpoint: skipped missing scope paths: package.json, package-lock.json
[2026-05-18T08:23:33Z] commit-checkpoint: refused — nothing to commit in runs/
[2026-05-18T08:23:34Z] push: pushing branch=ticket/T108-t108-multi-project-onboarding-and-project-registry
[2026-05-18T08:23:35Z] push: done branch=ticket/T108-t108-multi-project-onboarding-and-project-registry
[2026-05-18T08:24:09Z] commit-checkpoint: skipped missing scope paths: package.json, package-lock.json
[2026-05-18T08:24:09Z] commit-checkpoint: refused — nothing to commit in runs/
[2026-05-18T08:24:09Z] push: pushing branch=ticket/T108-t108-multi-project-onboarding-and-project-registry
[2026-05-18T08:24:11Z] push: done branch=ticket/T108-t108-multi-project-onboarding-and-project-registry
[2026-05-18T08:24:45Z] commit-checkpoint: skipped missing scope paths: package.json, package-lock.json
[2026-05-18T08:24:45Z] commit-checkpoint: refused — nothing to commit in runs/
[2026-05-18T08:24:45Z] push: pushing branch=ticket/T108-t108-multi-project-onboarding-and-project-registry
[2026-05-18T08:24:47Z] push: done branch=ticket/T108-t108-multi-project-onboarding-and-project-registry
[2026-05-18T08:25:21Z] commit-checkpoint: skipped missing scope paths: package.json, package-lock.json
[2026-05-18T08:25:21Z] commit-checkpoint: refused — nothing to commit in runs/
[2026-05-18T08:25:21Z] push: pushing branch=ticket/T108-t108-multi-project-onboarding-and-project-registry
[2026-05-18T08:25:23Z] push: done branch=ticket/T108-t108-multi-project-onboarding-and-project-registry
[2026-05-18T08:25:57Z] commit-checkpoint: skipped missing scope paths: package.json, package-lock.json
[2026-05-18T08:25:57Z] commit-checkpoint: refused — nothing to commit in runs/
[2026-05-18T08:25:57Z] push: pushing branch=ticket/T108-t108-multi-project-onboarding-and-project-registry
[2026-05-18T08:25:59Z] push: done branch=ticket/T108-t108-multi-project-onboarding-and-project-registry
[2026-05-18T08:26:33Z] commit-checkpoint: skipped missing scope paths: package.json, package-lock.json
[2026-05-18T08:26:33Z] commit-checkpoint: refused — nothing to commit in runs/
[2026-05-18T08:26:33Z] push: pushing branch=ticket/T108-t108-multi-project-onboarding-and-project-registry
[2026-05-18T08:26:35Z] push: done branch=ticket/T108-t108-multi-project-onboarding-and-project-registry
[2026-05-18T08:27:09Z] commit-checkpoint: skipped missing scope paths: package.json, package-lock.json
[2026-05-18T08:27:09Z] commit-checkpoint: refused — nothing to commit in runs/
[2026-05-18T08:27:09Z] push: pushing branch=ticket/T108-t108-multi-project-onboarding-and-project-registry
[2026-05-18T08:27:11Z] push: done branch=ticket/T108-t108-multi-project-onboarding-and-project-registry
[2026-05-18T08:27:45Z] commit-checkpoint: skipped missing scope paths: package.json, package-lock.json
[2026-05-18T08:27:45Z] commit-checkpoint: refused — nothing to commit in runs/
[2026-05-18T08:27:45Z] push: pushing branch=ticket/T108-t108-multi-project-onboarding-and-project-registry
[2026-05-18T08:27:47Z] push: done branch=ticket/T108-t108-multi-project-onboarding-and-project-registry
[2026-05-18T08:28:21Z] commit-checkpoint: skipped missing scope paths: package.json, package-lock.json
[2026-05-18T08:28:21Z] commit-checkpoint: refused — nothing to commit in runs/
[2026-05-18T08:28:21Z] push: pushing branch=ticket/T108-t108-multi-project-onboarding-and-project-registry
[2026-05-18T08:28:23Z] push: done branch=ticket/T108-t108-multi-project-onboarding-and-project-registry
[2026-05-18T08:28:57Z] commit-checkpoint: skipped missing scope paths: package.json, package-lock.json
[2026-05-18T08:28:57Z] commit-checkpoint: refused — nothing to commit in runs/
[2026-05-18T08:28:57Z] push: pushing branch=ticket/T108-t108-multi-project-onboarding-and-project-registry
[2026-05-18T08:28:59Z] push: done branch=ticket/T108-t108-multi-project-onboarding-and-project-registry
[2026-05-18T08:29:33Z] commit-checkpoint: skipped missing scope paths: package.json, package-lock.json
[2026-05-18T08:29:33Z] commit-checkpoint: refused — nothing to commit in runs/
[2026-05-18T08:29:33Z] push: pushing branch=ticket/T108-t108-multi-project-onboarding-and-project-registry
[2026-05-18T08:29:35Z] push: done branch=ticket/T108-t108-multi-project-onboarding-and-project-registry
[2026-05-18T08:30:09Z] commit-checkpoint: skipped missing scope paths: package.json, package-lock.json
[2026-05-18T08:30:09Z] commit-checkpoint: refused — nothing to commit in runs/
[2026-05-18T08:30:09Z] push: pushing branch=ticket/T108-t108-multi-project-onboarding-and-project-registry
[2026-05-18T08:30:11Z] push: done branch=ticket/T108-t108-multi-project-onboarding-and-project-registry
[2026-05-18T08:30:45Z] commit-checkpoint: skipped missing scope paths: package.json, package-lock.json
[2026-05-18T08:30:45Z] commit-checkpoint: refused — nothing to commit in runs/
[2026-05-18T08:30:45Z] push: pushing branch=ticket/T108-t108-multi-project-onboarding-and-project-registry
[2026-05-18T08:30:47Z] push: done branch=ticket/T108-t108-multi-project-onboarding-and-project-registry
[2026-05-18T08:31:21Z] commit-checkpoint: skipped missing scope paths: package.json, package-lock.json
[2026-05-18T08:31:21Z] commit-checkpoint: refused — nothing to commit in runs/
[2026-05-18T08:31:21Z] push: pushing branch=ticket/T108-t108-multi-project-onboarding-and-project-registry
[2026-05-18T08:31:22Z] push: done branch=ticket/T108-t108-multi-project-onboarding-and-project-registry
[2026-05-18T08:31:56Z] commit-checkpoint: skipped missing scope paths: package.json, package-lock.json
[2026-05-18T08:31:56Z] commit-checkpoint: refused — nothing to commit in runs/
[2026-05-18T08:31:57Z] push: pushing branch=ticket/T108-t108-multi-project-onboarding-and-project-registry
[2026-05-18T08:31:58Z] push: done branch=ticket/T108-t108-multi-project-onboarding-and-project-registry
[2026-05-18T08:32:32Z] commit-checkpoint: skipped missing scope paths: package.json, package-lock.json
[2026-05-18T08:32:32Z] commit-checkpoint: refused — nothing to commit in runs/
[2026-05-18T08:32:32Z] push: pushing branch=ticket/T108-t108-multi-project-onboarding-and-project-registry
[2026-05-18T08:32:34Z] push: done branch=ticket/T108-t108-multi-project-onboarding-and-project-registry
[2026-05-18T08:33:08Z] commit-checkpoint: skipped missing scope paths: package.json, package-lock.json
[2026-05-18T08:33:08Z] commit-checkpoint: refused — nothing to commit in runs/
[2026-05-18T08:33:08Z] push: pushing branch=ticket/T108-t108-multi-project-onboarding-and-project-registry
[2026-05-18T08:33:10Z] push: done branch=ticket/T108-t108-multi-project-onboarding-and-project-registry
[2026-05-18T08:33:44Z] commit-checkpoint: skipped missing scope paths: package.json, package-lock.json
[2026-05-18T08:33:44Z] commit-checkpoint: refused — nothing to commit in runs/
[2026-05-18T08:33:44Z] push: pushing branch=ticket/T108-t108-multi-project-onboarding-and-project-registry
[2026-05-18T08:33:46Z] push: done branch=ticket/T108-t108-multi-project-onboarding-and-project-registry
[2026-05-18T08:34:20Z] commit-checkpoint: skipped missing scope paths: package.json, package-lock.json
[2026-05-18T08:34:20Z] commit-checkpoint: refused — nothing to commit in runs/
[2026-05-18T08:34:20Z] push: pushing branch=ticket/T108-t108-multi-project-onboarding-and-project-registry
[2026-05-18T08:34:22Z] push: done branch=ticket/T108-t108-multi-project-onboarding-and-project-registry
[2026-05-18T08:34:56Z] commit-checkpoint: skipped missing scope paths: package.json, package-lock.json
[2026-05-18T08:34:56Z] commit-checkpoint: refused — nothing to commit in runs/
[2026-05-18T08:34:56Z] push: pushing branch=ticket/T108-t108-multi-project-onboarding-and-project-registry
[2026-05-18T08:34:58Z] push: done branch=ticket/T108-t108-multi-project-onboarding-and-project-registry
[2026-05-18T08:35:32Z] commit-checkpoint: skipped missing scope paths: package.json, package-lock.json
[2026-05-18T08:35:32Z] commit-checkpoint: refused — nothing to commit in runs/
[2026-05-18T08:35:32Z] push: pushing branch=ticket/T108-t108-multi-project-onboarding-and-project-registry
[2026-05-18T08:35:33Z] push: done branch=ticket/T108-t108-multi-project-onboarding-and-project-registry
[2026-05-18T08:36:08Z] commit-checkpoint: skipped missing scope paths: package.json, package-lock.json
[2026-05-18T08:36:08Z] commit-checkpoint: refused — nothing to commit in runs/
[2026-05-18T08:36:08Z] push: pushing branch=ticket/T108-t108-multi-project-onboarding-and-project-registry
[2026-05-18T08:36:10Z] push: done branch=ticket/T108-t108-multi-project-onboarding-and-project-registry
[2026-05-18T08:36:44Z] commit-checkpoint: skipped missing scope paths: package.json, package-lock.json
[2026-05-18T08:36:44Z] commit-checkpoint: refused — nothing to commit in runs/
[2026-05-18T08:36:44Z] push: pushing branch=ticket/T108-t108-multi-project-onboarding-and-project-registry
[2026-05-18T08:36:45Z] push: done branch=ticket/T108-t108-multi-project-onboarding-and-project-registry
[2026-05-18T08:37:19Z] commit-checkpoint: skipped missing scope paths: package.json, package-lock.json
[2026-05-18T08:37:19Z] commit-checkpoint: refused — nothing to commit in runs/
[2026-05-18T08:37:19Z] push: pushing branch=ticket/T108-t108-multi-project-onboarding-and-project-registry
[2026-05-18T08:37:21Z] push: done branch=ticket/T108-t108-multi-project-onboarding-and-project-registry
[2026-05-18T08:37:55Z] commit-checkpoint: skipped missing scope paths: package.json, package-lock.json
[2026-05-18T08:37:55Z] commit-checkpoint: refused — nothing to commit in runs/
[2026-05-18T08:37:55Z] push: pushing branch=ticket/T108-t108-multi-project-onboarding-and-project-registry
[2026-05-18T08:37:57Z] push: done branch=ticket/T108-t108-multi-project-onboarding-and-project-registry
[2026-05-18T08:38:31Z] commit-checkpoint: skipped missing scope paths: package.json, package-lock.json
[2026-05-18T08:38:31Z] commit-checkpoint: refused — nothing to commit in runs/
[2026-05-18T08:38:31Z] push: pushing branch=ticket/T108-t108-multi-project-onboarding-and-project-registry
[2026-05-18T08:38:32Z] push: done branch=ticket/T108-t108-multi-project-onboarding-and-project-registry
[2026-05-18T08:39:07Z] commit-checkpoint: skipped missing scope paths: package.json, package-lock.json
[2026-05-18T08:39:07Z] commit-checkpoint: refused — nothing to commit in runs/
[2026-05-18T08:39:07Z] push: pushing branch=ticket/T108-t108-multi-project-onboarding-and-project-registry
[2026-05-18T08:39:08Z] push: done branch=ticket/T108-t108-multi-project-onboarding-and-project-registry
[2026-05-18T08:39:43Z] commit-checkpoint: skipped missing scope paths: package.json, package-lock.json
[2026-05-18T08:39:43Z] commit-checkpoint: refused — nothing to commit in runs/
[2026-05-18T08:39:43Z] push: pushing branch=ticket/T108-t108-multi-project-onboarding-and-project-registry
[2026-05-18T08:39:44Z] push: done branch=ticket/T108-t108-multi-project-onboarding-and-project-registry
[2026-05-18T08:40:19Z] commit-checkpoint: skipped missing scope paths: package.json, package-lock.json
[2026-05-18T08:40:19Z] commit-checkpoint: refused — nothing to commit in runs/
[2026-05-18T08:40:19Z] push: pushing branch=ticket/T108-t108-multi-project-onboarding-and-project-registry
[2026-05-18T08:40:20Z] push: done branch=ticket/T108-t108-multi-project-onboarding-and-project-registry
[2026-05-18T08:40:54Z] commit-checkpoint: skipped missing scope paths: package.json, package-lock.json
[2026-05-18T08:40:54Z] commit-checkpoint: refused — nothing to commit in runs/
[2026-05-18T08:40:54Z] push: pushing branch=ticket/T108-t108-multi-project-onboarding-and-project-registry
[2026-05-18T08:40:56Z] push: done branch=ticket/T108-t108-multi-project-onboarding-and-project-registry
[2026-05-18T08:41:30Z] commit-checkpoint: skipped missing scope paths: package.json, package-lock.json
[2026-05-18T08:41:30Z] commit-checkpoint: refused — nothing to commit in runs/
[2026-05-18T08:41:30Z] push: pushing branch=ticket/T108-t108-multi-project-onboarding-and-project-registry
[2026-05-18T08:41:31Z] push: done branch=ticket/T108-t108-multi-project-onboarding-and-project-registry
[2026-05-18T08:42:06Z] commit-checkpoint: skipped missing scope paths: package.json, package-lock.json
[2026-05-18T08:42:06Z] commit-checkpoint: refused — nothing to commit in runs/
[2026-05-18T08:42:06Z] push: pushing branch=ticket/T108-t108-multi-project-onboarding-and-project-registry
[2026-05-18T08:42:07Z] push: done branch=ticket/T108-t108-multi-project-onboarding-and-project-registry
[2026-05-18T08:42:42Z] commit-checkpoint: skipped missing scope paths: package.json, package-lock.json
[2026-05-18T08:42:42Z] commit-checkpoint: refused — nothing to commit in runs/
[2026-05-18T08:42:42Z] push: pushing branch=ticket/T108-t108-multi-project-onboarding-and-project-registry
[2026-05-18T08:42:43Z] push: done branch=ticket/T108-t108-multi-project-onboarding-and-project-registry
[2026-05-18T08:43:17Z] commit-checkpoint: skipped missing scope paths: package.json, package-lock.json
[2026-05-18T08:43:17Z] commit-checkpoint: refused — nothing to commit in runs/
[2026-05-18T08:43:17Z] push: pushing branch=ticket/T108-t108-multi-project-onboarding-and-project-registry
[2026-05-18T08:43:19Z] push: done branch=ticket/T108-t108-multi-project-onboarding-and-project-registry
[2026-05-18T08:43:53Z] commit-checkpoint: skipped missing scope paths: package.json, package-lock.json
[2026-05-18T08:43:53Z] commit-checkpoint: refused — nothing to commit in runs/
[2026-05-18T08:43:53Z] push: pushing branch=ticket/T108-t108-multi-project-onboarding-and-project-registry
[2026-05-18T08:43:55Z] push: done branch=ticket/T108-t108-multi-project-onboarding-and-project-registry
[2026-05-18T08:44:29Z] commit-checkpoint: skipped missing scope paths: package.json, package-lock.json
[2026-05-18T08:44:29Z] commit-checkpoint: refused — nothing to commit in runs/
[2026-05-18T08:44:29Z] push: pushing branch=ticket/T108-t108-multi-project-onboarding-and-project-registry
[2026-05-18T08:44:30Z] push: done branch=ticket/T108-t108-multi-project-onboarding-and-project-registry
[2026-05-18T08:45:05Z] commit-checkpoint: skipped missing scope paths: package.json, package-lock.json
[2026-05-18T08:45:05Z] commit-checkpoint: refused — nothing to commit in runs/
[2026-05-18T08:45:05Z] push: pushing branch=ticket/T108-t108-multi-project-onboarding-and-project-registry
[2026-05-18T08:45:06Z] push: done branch=ticket/T108-t108-multi-project-onboarding-and-project-registry
[2026-05-18T08:45:41Z] commit-checkpoint: skipped missing scope paths: package.json, package-lock.json
[2026-05-18T08:45:41Z] commit-checkpoint: refused — nothing to commit in runs/
[2026-05-18T08:45:41Z] push: pushing branch=ticket/T108-t108-multi-project-onboarding-and-project-registry
[2026-05-18T08:45:42Z] push: done branch=ticket/T108-t108-multi-project-onboarding-and-project-registry
[2026-05-18T08:46:17Z] commit-checkpoint: skipped missing scope paths: package.json, package-lock.json
[2026-05-18T08:46:17Z] commit-checkpoint: refused — nothing to commit in runs/
[2026-05-18T08:46:17Z] push: pushing branch=ticket/T108-t108-multi-project-onboarding-and-project-registry
[2026-05-18T08:46:18Z] push: done branch=ticket/T108-t108-multi-project-onboarding-and-project-registry
[2026-05-18T08:46:53Z] commit-checkpoint: skipped missing scope paths: package.json, package-lock.json
[2026-05-18T08:46:53Z] commit-checkpoint: refused — nothing to commit in runs/
[2026-05-18T08:46:53Z] push: pushing branch=ticket/T108-t108-multi-project-onboarding-and-project-registry
[2026-05-18T08:46:54Z] push: done branch=ticket/T108-t108-multi-project-onboarding-and-project-registry
[2026-05-18T08:47:29Z] commit-checkpoint: skipped missing scope paths: package.json, package-lock.json
[2026-05-18T08:47:29Z] commit-checkpoint: refused — nothing to commit in runs/
[2026-05-18T08:47:29Z] push: pushing branch=ticket/T108-t108-multi-project-onboarding-and-project-registry
[2026-05-18T08:47:30Z] push: done branch=ticket/T108-t108-multi-project-onboarding-and-project-registry
[2026-05-18T08:48:05Z] commit-checkpoint: skipped missing scope paths: package.json, package-lock.json
[2026-05-18T08:48:05Z] commit-checkpoint: refused — nothing to commit in runs/
[2026-05-18T08:48:05Z] push: pushing branch=ticket/T108-t108-multi-project-onboarding-and-project-registry
[2026-05-18T08:48:06Z] push: done branch=ticket/T108-t108-multi-project-onboarding-and-project-registry
[2026-05-18T08:48:40Z] commit-checkpoint: skipped missing scope paths: package.json, package-lock.json
[2026-05-18T08:48:40Z] commit-checkpoint: refused — nothing to commit in runs/
[2026-05-18T08:48:41Z] push: pushing branch=ticket/T108-t108-multi-project-onboarding-and-project-registry
[2026-05-18T08:48:42Z] push: done branch=ticket/T108-t108-multi-project-onboarding-and-project-registry
[2026-05-18T08:49:17Z] commit-checkpoint: skipped missing scope paths: package.json, package-lock.json
[2026-05-18T08:49:17Z] commit-checkpoint: refused — nothing to commit in runs/
[2026-05-18T08:49:17Z] push: pushing branch=ticket/T108-t108-multi-project-onboarding-and-project-registry
[2026-05-18T08:49:18Z] push: done branch=ticket/T108-t108-multi-project-onboarding-and-project-registry
[2026-05-18T08:49:52Z] commit-checkpoint: skipped missing scope paths: package.json, package-lock.json
[2026-05-18T08:49:52Z] commit-checkpoint: refused — nothing to commit in runs/
[2026-05-18T08:49:52Z] push: pushing branch=ticket/T108-t108-multi-project-onboarding-and-project-registry
[2026-05-18T08:49:54Z] push: done branch=ticket/T108-t108-multi-project-onboarding-and-project-registry
[2026-05-18T08:50:28Z] commit-checkpoint: skipped missing scope paths: package.json, package-lock.json
[2026-05-18T08:50:28Z] commit-checkpoint: refused — nothing to commit in runs/
[2026-05-18T08:50:28Z] push: pushing branch=ticket/T108-t108-multi-project-onboarding-and-project-registry
[2026-05-18T08:50:30Z] push: done branch=ticket/T108-t108-multi-project-onboarding-and-project-registry
[2026-05-18T08:51:04Z] commit-checkpoint: skipped missing scope paths: package.json, package-lock.json
[2026-05-18T08:51:04Z] commit-checkpoint: refused — nothing to commit in runs/
[2026-05-18T08:51:04Z] push: pushing branch=ticket/T108-t108-multi-project-onboarding-and-project-registry
[2026-05-18T08:51:06Z] push: done branch=ticket/T108-t108-multi-project-onboarding-and-project-registry
[2026-05-18T08:51:40Z] commit-checkpoint: skipped missing scope paths: package.json, package-lock.json
[2026-05-18T08:51:40Z] commit-checkpoint: refused — nothing to commit in runs/
[2026-05-18T08:51:40Z] push: pushing branch=ticket/T108-t108-multi-project-onboarding-and-project-registry
[2026-05-18T08:51:41Z] push: done branch=ticket/T108-t108-multi-project-onboarding-and-project-registry
[2026-05-18T08:52:16Z] commit-checkpoint: skipped missing scope paths: package.json, package-lock.json
[2026-05-18T08:52:16Z] commit-checkpoint: refused — nothing to commit in runs/
[2026-05-18T08:52:16Z] push: pushing branch=ticket/T108-t108-multi-project-onboarding-and-project-registry
[2026-05-18T08:52:17Z] push: done branch=ticket/T108-t108-multi-project-onboarding-and-project-registry
[2026-05-18T08:52:52Z] commit-checkpoint: skipped missing scope paths: package.json, package-lock.json
[2026-05-18T08:52:52Z] commit-checkpoint: refused — nothing to commit in runs/
[2026-05-18T08:52:52Z] push: pushing branch=ticket/T108-t108-multi-project-onboarding-and-project-registry
[2026-05-18T08:52:53Z] push: done branch=ticket/T108-t108-multi-project-onboarding-and-project-registry
[2026-05-18T08:53:27Z] commit-checkpoint: skipped missing scope paths: package.json, package-lock.json
[2026-05-18T08:53:27Z] commit-checkpoint: refused — nothing to commit in runs/
[2026-05-18T08:53:27Z] push: pushing branch=ticket/T108-t108-multi-project-onboarding-and-project-registry
[2026-05-18T08:53:29Z] push: done branch=ticket/T108-t108-multi-project-onboarding-and-project-registry
[2026-05-18T08:54:03Z] commit-checkpoint: skipped missing scope paths: package.json, package-lock.json
[2026-05-18T08:54:03Z] commit-checkpoint: refused — nothing to commit in runs/
[2026-05-18T08:54:03Z] push: pushing branch=ticket/T108-t108-multi-project-onboarding-and-project-registry
[2026-05-18T08:54:05Z] push: done branch=ticket/T108-t108-multi-project-onboarding-and-project-registry
[2026-05-18T08:54:39Z] commit-checkpoint: skipped missing scope paths: package.json, package-lock.json
[2026-05-18T08:54:39Z] commit-checkpoint: refused — nothing to commit in runs/
[2026-05-18T08:54:39Z] push: pushing branch=ticket/T108-t108-multi-project-onboarding-and-project-registry
[2026-05-18T08:54:41Z] push: done branch=ticket/T108-t108-multi-project-onboarding-and-project-registry
[2026-05-18T08:55:15Z] commit-checkpoint: skipped missing scope paths: package.json, package-lock.json
[2026-05-18T08:55:15Z] commit-checkpoint: refused — nothing to commit in runs/
[2026-05-18T08:55:15Z] push: pushing branch=ticket/T108-t108-multi-project-onboarding-and-project-registry
[2026-05-18T08:55:17Z] push: done branch=ticket/T108-t108-multi-project-onboarding-and-project-registry
[2026-05-18T08:55:51Z] commit-checkpoint: skipped missing scope paths: package.json, package-lock.json
[2026-05-18T08:55:51Z] commit-checkpoint: refused — nothing to commit in runs/
[2026-05-18T08:55:51Z] push: pushing branch=ticket/T108-t108-multi-project-onboarding-and-project-registry
[2026-05-18T08:55:53Z] push: done branch=ticket/T108-t108-multi-project-onboarding-and-project-registry
[2026-05-18T08:56:27Z] commit-checkpoint: skipped missing scope paths: package.json, package-lock.json
[2026-05-18T08:56:27Z] commit-checkpoint: refused — nothing to commit in runs/
[2026-05-18T08:56:27Z] push: pushing branch=ticket/T108-t108-multi-project-onboarding-and-project-registry
[2026-05-18T08:56:29Z] push: done branch=ticket/T108-t108-multi-project-onboarding-and-project-registry
[2026-05-18T08:57:03Z] commit-checkpoint: skipped missing scope paths: package.json, package-lock.json
[2026-05-18T08:57:03Z] commit-checkpoint: refused — nothing to commit in runs/
[2026-05-18T08:57:03Z] push: pushing branch=ticket/T108-t108-multi-project-onboarding-and-project-registry
[2026-05-18T08:57:04Z] push: done branch=ticket/T108-t108-multi-project-onboarding-and-project-registry
[2026-05-18T08:57:39Z] commit-checkpoint: skipped missing scope paths: package.json, package-lock.json
[2026-05-18T08:57:39Z] commit-checkpoint: refused — nothing to commit in runs/
[2026-05-18T08:57:39Z] push: pushing branch=ticket/T108-t108-multi-project-onboarding-and-project-registry
[2026-05-18T08:57:40Z] push: done branch=ticket/T108-t108-multi-project-onboarding-and-project-registry
[2026-05-18T08:58:14Z] commit-checkpoint: skipped missing scope paths: package.json, package-lock.json
[2026-05-18T08:58:14Z] commit-checkpoint: refused — nothing to commit in runs/
[2026-05-18T08:58:15Z] push: pushing branch=ticket/T108-t108-multi-project-onboarding-and-project-registry
[2026-05-18T08:58:16Z] push: done branch=ticket/T108-t108-multi-project-onboarding-and-project-registry
[2026-05-18T08:58:51Z] commit-checkpoint: skipped missing scope paths: package.json, package-lock.json
[2026-05-18T08:58:51Z] commit-checkpoint: refused — nothing to commit in runs/
[2026-05-18T08:58:51Z] push: pushing branch=ticket/T108-t108-multi-project-onboarding-and-project-registry
[2026-05-18T08:58:52Z] push: done branch=ticket/T108-t108-multi-project-onboarding-and-project-registry
[2026-05-18T08:59:26Z] commit-checkpoint: skipped missing scope paths: package.json, package-lock.json
[2026-05-18T08:59:26Z] commit-checkpoint: refused — nothing to commit in runs/
[2026-05-18T08:59:26Z] push: pushing branch=ticket/T108-t108-multi-project-onboarding-and-project-registry
[2026-05-18T08:59:28Z] push: done branch=ticket/T108-t108-multi-project-onboarding-and-project-registry
[2026-05-18T09:00:03Z] commit-checkpoint: skipped missing scope paths: package.json, package-lock.json
[2026-05-18T09:00:03Z] commit-checkpoint: refused — nothing to commit in runs/
[2026-05-18T09:00:03Z] push: pushing branch=ticket/T108-t108-multi-project-onboarding-and-project-registry
[2026-05-18T09:00:05Z] push: done branch=ticket/T108-t108-multi-project-onboarding-and-project-registry
[2026-05-18T09:00:40Z] commit-checkpoint: skipped missing scope paths: package.json, package-lock.json
[2026-05-18T09:00:40Z] commit-checkpoint: refused — nothing to commit in runs/
[2026-05-18T09:00:40Z] push: pushing branch=ticket/T108-t108-multi-project-onboarding-and-project-registry
[2026-05-18T09:00:41Z] push: done branch=ticket/T108-t108-multi-project-onboarding-and-project-registry
[2026-05-18T09:01:15Z] commit-checkpoint: skipped missing scope paths: package.json, package-lock.json
[2026-05-18T09:01:15Z] commit-checkpoint: refused — nothing to commit in runs/
[2026-05-18T09:01:15Z] push: pushing branch=ticket/T108-t108-multi-project-onboarding-and-project-registry
[2026-05-18T09:01:17Z] push: done branch=ticket/T108-t108-multi-project-onboarding-and-project-registry
[2026-05-18T09:01:52Z] commit-checkpoint: skipped missing scope paths: package.json, package-lock.json
[2026-05-18T09:01:52Z] commit-checkpoint: refused — nothing to commit in runs/
[2026-05-18T09:01:52Z] push: pushing branch=ticket/T108-t108-multi-project-onboarding-and-project-registry
[2026-05-18T09:01:53Z] push: done branch=ticket/T108-t108-multi-project-onboarding-and-project-registry
[2026-05-18T09:02:28Z] commit-checkpoint: skipped missing scope paths: package.json, package-lock.json
[2026-05-18T09:02:28Z] commit-checkpoint: refused — nothing to commit in runs/
[2026-05-18T09:02:28Z] push: pushing branch=ticket/T108-t108-multi-project-onboarding-and-project-registry
[2026-05-18T09:02:30Z] push: done branch=ticket/T108-t108-multi-project-onboarding-and-project-registry
[2026-05-18T09:03:04Z] commit-checkpoint: skipped missing scope paths: package.json, package-lock.json
[2026-05-18T09:03:04Z] commit-checkpoint: refused — nothing to commit in runs/
[2026-05-18T09:03:04Z] push: pushing branch=ticket/T108-t108-multi-project-onboarding-and-project-registry
[2026-05-18T09:03:05Z] push: done branch=ticket/T108-t108-multi-project-onboarding-and-project-registry
[2026-05-18T09:03:40Z] commit-checkpoint: skipped missing scope paths: package.json, package-lock.json
[2026-05-18T09:03:40Z] commit-checkpoint: refused — nothing to commit in runs/
[2026-05-18T09:03:40Z] push: pushing branch=ticket/T108-t108-multi-project-onboarding-and-project-registry
[2026-05-18T09:03:41Z] push: done branch=ticket/T108-t108-multi-project-onboarding-and-project-registry
[2026-05-18T09:04:16Z] commit-checkpoint: skipped missing scope paths: package.json, package-lock.json
[2026-05-18T09:04:16Z] commit-checkpoint: refused — nothing to commit in runs/
[2026-05-18T09:04:16Z] push: pushing branch=ticket/T108-t108-multi-project-onboarding-and-project-registry
[2026-05-18T09:04:17Z] push: done branch=ticket/T108-t108-multi-project-onboarding-and-project-registry
[2026-05-18T09:04:52Z] commit-checkpoint: skipped missing scope paths: package.json, package-lock.json
[2026-05-18T09:04:52Z] commit-checkpoint: refused — nothing to commit in runs/
[2026-05-18T09:04:52Z] push: pushing branch=ticket/T108-t108-multi-project-onboarding-and-project-registry
[2026-05-18T09:04:54Z] push: done branch=ticket/T108-t108-multi-project-onboarding-and-project-registry
[2026-05-18T09:05:28Z] commit-checkpoint: skipped missing scope paths: package.json, package-lock.json
[2026-05-18T09:05:28Z] commit-checkpoint: refused — nothing to commit in runs/
[2026-05-18T09:05:28Z] push: pushing branch=ticket/T108-t108-multi-project-onboarding-and-project-registry
[2026-05-18T09:05:30Z] push: done branch=ticket/T108-t108-multi-project-onboarding-and-project-registry
[2026-05-18T09:06:04Z] commit-checkpoint: skipped missing scope paths: package.json, package-lock.json
[2026-05-18T09:06:04Z] commit-checkpoint: refused — nothing to commit in runs/
[2026-05-18T09:06:04Z] push: pushing branch=ticket/T108-t108-multi-project-onboarding-and-project-registry
[2026-05-18T09:06:06Z] push: done branch=ticket/T108-t108-multi-project-onboarding-and-project-registry
[2026-05-18T09:06:40Z] commit-checkpoint: skipped missing scope paths: package.json, package-lock.json
[2026-05-18T09:06:40Z] commit-checkpoint: refused — nothing to commit in runs/
[2026-05-18T09:06:40Z] push: pushing branch=ticket/T108-t108-multi-project-onboarding-and-project-registry
[2026-05-18T09:06:42Z] push: done branch=ticket/T108-t108-multi-project-onboarding-and-project-registry
[2026-05-18T09:07:16Z] commit-checkpoint: skipped missing scope paths: package.json, package-lock.json
[2026-05-18T09:07:16Z] commit-checkpoint: refused — nothing to commit in runs/
[2026-05-18T09:07:16Z] push: pushing branch=ticket/T108-t108-multi-project-onboarding-and-project-registry
[2026-05-18T09:07:18Z] push: done branch=ticket/T108-t108-multi-project-onboarding-and-project-registry
[2026-05-18T09:07:52Z] commit-checkpoint: skipped missing scope paths: package.json, package-lock.json
[2026-05-18T09:07:52Z] commit-checkpoint: refused — nothing to commit in runs/
[2026-05-18T09:07:52Z] push: pushing branch=ticket/T108-t108-multi-project-onboarding-and-project-registry
[2026-05-18T09:07:54Z] push: done branch=ticket/T108-t108-multi-project-onboarding-and-project-registry
[2026-05-18T09:08:28Z] commit-checkpoint: skipped missing scope paths: package.json, package-lock.json
[2026-05-18T09:08:28Z] commit-checkpoint: refused — nothing to commit in runs/
[2026-05-18T09:08:28Z] push: pushing branch=ticket/T108-t108-multi-project-onboarding-and-project-registry
[2026-05-18T09:08:30Z] push: done branch=ticket/T108-t108-multi-project-onboarding-and-project-registry
[2026-05-18T09:09:04Z] commit-checkpoint: skipped missing scope paths: package.json, package-lock.json
[2026-05-18T09:09:04Z] commit-checkpoint: refused — nothing to commit in runs/
[2026-05-18T09:09:04Z] push: pushing branch=ticket/T108-t108-multi-project-onboarding-and-project-registry
[2026-05-18T09:09:06Z] push: done branch=ticket/T108-t108-multi-project-onboarding-and-project-registry
[2026-05-18T09:09:41Z] commit-checkpoint: skipped missing scope paths: package.json, package-lock.json
[2026-05-18T09:09:41Z] commit-checkpoint: refused — nothing to commit in runs/
[2026-05-18T09:09:41Z] push: pushing branch=ticket/T108-t108-multi-project-onboarding-and-project-registry
[2026-05-18T09:09:42Z] push: done branch=ticket/T108-t108-multi-project-onboarding-and-project-registry
[2026-05-18T09:10:17Z] commit-checkpoint: skipped missing scope paths: package.json, package-lock.json
[2026-05-18T09:10:17Z] commit-checkpoint: refused — nothing to commit in runs/
[2026-05-18T09:10:17Z] push: pushing branch=ticket/T108-t108-multi-project-onboarding-and-project-registry
[2026-05-18T09:10:18Z] push: done branch=ticket/T108-t108-multi-project-onboarding-and-project-registry
[2026-05-18T09:10:53Z] commit-checkpoint: skipped missing scope paths: package.json, package-lock.json
[2026-05-18T09:10:53Z] commit-checkpoint: refused — nothing to commit in runs/
[2026-05-18T09:10:53Z] push: pushing branch=ticket/T108-t108-multi-project-onboarding-and-project-registry
[2026-05-18T09:10:54Z] push: done branch=ticket/T108-t108-multi-project-onboarding-and-project-registry
[2026-05-18T09:11:29Z] commit-checkpoint: skipped missing scope paths: package.json, package-lock.json
[2026-05-18T09:11:29Z] commit-checkpoint: refused — nothing to commit in runs/
[2026-05-18T09:11:29Z] push: pushing branch=ticket/T108-t108-multi-project-onboarding-and-project-registry
[2026-05-18T09:11:30Z] push: done branch=ticket/T108-t108-multi-project-onboarding-and-project-registry
[2026-05-18T09:12:05Z] commit-checkpoint: skipped missing scope paths: package.json, package-lock.json
[2026-05-18T09:12:05Z] commit-checkpoint: refused — nothing to commit in runs/
[2026-05-18T09:12:05Z] push: pushing branch=ticket/T108-t108-multi-project-onboarding-and-project-registry
[2026-05-18T09:12:06Z] push: done branch=ticket/T108-t108-multi-project-onboarding-and-project-registry
[2026-05-18T09:12:40Z] commit-checkpoint: skipped missing scope paths: package.json, package-lock.json
[2026-05-18T09:12:40Z] commit-checkpoint: refused — nothing to commit in runs/
[2026-05-18T09:12:41Z] push: pushing branch=ticket/T108-t108-multi-project-onboarding-and-project-registry
[2026-05-18T09:12:42Z] push: done branch=ticket/T108-t108-multi-project-onboarding-and-project-registry
[2026-05-18T09:13:16Z] commit-checkpoint: skipped missing scope paths: package.json, package-lock.json
[2026-05-18T09:13:16Z] commit-checkpoint: refused — nothing to commit in runs/
[2026-05-18T09:13:16Z] push: pushing branch=ticket/T108-t108-multi-project-onboarding-and-project-registry
[2026-05-18T09:13:18Z] push: done branch=ticket/T108-t108-multi-project-onboarding-and-project-registry
[2026-05-18T09:13:52Z] commit-checkpoint: skipped missing scope paths: package.json, package-lock.json
[2026-05-18T09:13:52Z] commit-checkpoint: refused — nothing to commit in runs/
[2026-05-18T09:13:52Z] push: pushing branch=ticket/T108-t108-multi-project-onboarding-and-project-registry
[2026-05-18T09:13:54Z] push: done branch=ticket/T108-t108-multi-project-onboarding-and-project-registry
[2026-05-18T09:14:28Z] commit-checkpoint: skipped missing scope paths: package.json, package-lock.json
[2026-05-18T09:14:28Z] commit-checkpoint: refused — nothing to commit in runs/
[2026-05-18T09:14:28Z] push: pushing branch=ticket/T108-t108-multi-project-onboarding-and-project-registry
[2026-05-18T09:14:30Z] push: done branch=ticket/T108-t108-multi-project-onboarding-and-project-registry
[2026-05-18T09:15:04Z] commit-checkpoint: skipped missing scope paths: package.json, package-lock.json
[2026-05-18T09:15:04Z] commit-checkpoint: refused — nothing to commit in runs/
[2026-05-18T09:15:04Z] push: pushing branch=ticket/T108-t108-multi-project-onboarding-and-project-registry
[2026-05-18T09:15:05Z] push: done branch=ticket/T108-t108-multi-project-onboarding-and-project-registry
[2026-05-18T09:15:40Z] commit-checkpoint: skipped missing scope paths: package.json, package-lock.json
[2026-05-18T09:15:40Z] commit-checkpoint: refused — nothing to commit in runs/
[2026-05-18T09:15:40Z] push: pushing branch=ticket/T108-t108-multi-project-onboarding-and-project-registry
[2026-05-18T09:15:42Z] push: done branch=ticket/T108-t108-multi-project-onboarding-and-project-registry
[2026-05-18T09:16:16Z] commit-checkpoint: skipped missing scope paths: package.json, package-lock.json
[2026-05-18T09:16:16Z] commit-checkpoint: refused — nothing to commit in runs/
[2026-05-18T09:16:16Z] push: pushing branch=ticket/T108-t108-multi-project-onboarding-and-project-registry
[2026-05-18T09:16:18Z] push: done branch=ticket/T108-t108-multi-project-onboarding-and-project-registry
[2026-05-18T09:16:52Z] commit-checkpoint: skipped missing scope paths: package.json, package-lock.json
[2026-05-18T09:16:52Z] commit-checkpoint: refused — nothing to commit in runs/
[2026-05-18T09:16:52Z] push: pushing branch=ticket/T108-t108-multi-project-onboarding-and-project-registry
[2026-05-18T09:16:54Z] push: done branch=ticket/T108-t108-multi-project-onboarding-and-project-registry
[2026-05-18T09:17:28Z] commit-checkpoint: skipped missing scope paths: package.json, package-lock.json
[2026-05-18T09:17:28Z] commit-checkpoint: refused — nothing to commit in runs/
[2026-05-18T09:17:28Z] push: pushing branch=ticket/T108-t108-multi-project-onboarding-and-project-registry
[2026-05-18T09:17:30Z] push: done branch=ticket/T108-t108-multi-project-onboarding-and-project-registry
[2026-05-18T09:18:04Z] commit-checkpoint: skipped missing scope paths: package.json, package-lock.json
[2026-05-18T09:18:04Z] commit-checkpoint: refused — nothing to commit in runs/
[2026-05-18T09:18:04Z] push: pushing branch=ticket/T108-t108-multi-project-onboarding-and-project-registry
[2026-05-18T09:18:06Z] push: done branch=ticket/T108-t108-multi-project-onboarding-and-project-registry
[2026-05-18T09:18:40Z] commit-checkpoint: skipped missing scope paths: package.json, package-lock.json
[2026-05-18T09:18:40Z] commit-checkpoint: refused — nothing to commit in runs/
[2026-05-18T09:18:40Z] push: pushing branch=ticket/T108-t108-multi-project-onboarding-and-project-registry
[2026-05-18T09:18:42Z] push: done branch=ticket/T108-t108-multi-project-onboarding-and-project-registry
[2026-05-18T09:19:16Z] commit-checkpoint: skipped missing scope paths: package.json, package-lock.json
[2026-05-18T09:19:16Z] commit-checkpoint: refused — nothing to commit in runs/
[2026-05-18T09:19:16Z] push: pushing branch=ticket/T108-t108-multi-project-onboarding-and-project-registry
[2026-05-18T09:19:18Z] push: done branch=ticket/T108-t108-multi-project-onboarding-and-project-registry
[2026-05-18T09:19:52Z] commit-checkpoint: skipped missing scope paths: package.json, package-lock.json
[2026-05-18T09:19:52Z] commit-checkpoint: refused — nothing to commit in runs/
[2026-05-18T09:19:52Z] push: pushing branch=ticket/T108-t108-multi-project-onboarding-and-project-registry
[2026-05-18T09:19:53Z] push: done branch=ticket/T108-t108-multi-project-onboarding-and-project-registry
[2026-05-18T09:20:28Z] commit-checkpoint: skipped missing scope paths: package.json, package-lock.json
[2026-05-18T09:20:28Z] commit-checkpoint: refused — nothing to commit in runs/
[2026-05-18T09:20:28Z] push: pushing branch=ticket/T108-t108-multi-project-onboarding-and-project-registry
[2026-05-18T09:20:29Z] push: done branch=ticket/T108-t108-multi-project-onboarding-and-project-registry
[2026-05-18T09:21:04Z] commit-checkpoint: skipped missing scope paths: package.json, package-lock.json
[2026-05-18T09:21:04Z] commit-checkpoint: refused — nothing to commit in runs/
[2026-05-18T09:21:04Z] push: pushing branch=ticket/T108-t108-multi-project-onboarding-and-project-registry
[2026-05-18T09:21:06Z] push: done branch=ticket/T108-t108-multi-project-onboarding-and-project-registry
[2026-05-18T09:21:40Z] commit-checkpoint: skipped missing scope paths: package.json, package-lock.json
[2026-05-18T09:21:40Z] commit-checkpoint: refused — nothing to commit in runs/
[2026-05-18T09:21:40Z] push: pushing branch=ticket/T108-t108-multi-project-onboarding-and-project-registry
[2026-05-18T09:21:42Z] push: done branch=ticket/T108-t108-multi-project-onboarding-and-project-registry
[2026-05-18T09:22:16Z] commit-checkpoint: skipped missing scope paths: package.json, package-lock.json
[2026-05-18T09:22:16Z] commit-checkpoint: refused — nothing to commit in runs/
[2026-05-18T09:22:16Z] push: pushing branch=ticket/T108-t108-multi-project-onboarding-and-project-registry
[2026-05-18T09:22:18Z] push: done branch=ticket/T108-t108-multi-project-onboarding-and-project-registry
[2026-05-18T09:22:52Z] commit-checkpoint: skipped missing scope paths: package.json, package-lock.json
[2026-05-18T09:22:52Z] commit-checkpoint: refused — nothing to commit in runs/
[2026-05-18T09:22:52Z] push: pushing branch=ticket/T108-t108-multi-project-onboarding-and-project-registry
[2026-05-18T09:22:53Z] push: done branch=ticket/T108-t108-multi-project-onboarding-and-project-registry
[2026-05-18T09:23:28Z] commit-checkpoint: skipped missing scope paths: package.json, package-lock.json
[2026-05-18T09:23:28Z] commit-checkpoint: refused — nothing to commit in runs/
[2026-05-18T09:23:28Z] push: pushing branch=ticket/T108-t108-multi-project-onboarding-and-project-registry
[2026-05-18T09:23:29Z] push: done branch=ticket/T108-t108-multi-project-onboarding-and-project-registry
[2026-05-18T09:24:04Z] commit-checkpoint: skipped missing scope paths: package.json, package-lock.json
[2026-05-18T09:24:04Z] commit-checkpoint: refused — nothing to commit in runs/
[2026-05-18T09:24:04Z] push: pushing branch=ticket/T108-t108-multi-project-onboarding-and-project-registry
[2026-05-18T09:24:05Z] push: done branch=ticket/T108-t108-multi-project-onboarding-and-project-registry
[2026-05-18T09:24:40Z] commit-checkpoint: skipped missing scope paths: package.json, package-lock.json
[2026-05-18T09:24:40Z] commit-checkpoint: refused — nothing to commit in runs/
[2026-05-18T09:24:40Z] push: pushing branch=ticket/T108-t108-multi-project-onboarding-and-project-registry
[2026-05-18T09:24:41Z] push: done branch=ticket/T108-t108-multi-project-onboarding-and-project-registry
[2026-05-18T09:25:16Z] commit-checkpoint: skipped missing scope paths: package.json, package-lock.json
[2026-05-18T09:25:16Z] commit-checkpoint: refused — nothing to commit in runs/
[2026-05-18T09:25:16Z] push: pushing branch=ticket/T108-t108-multi-project-onboarding-and-project-registry
[2026-05-18T09:25:17Z] push: done branch=ticket/T108-t108-multi-project-onboarding-and-project-registry
[2026-05-18T09:25:51Z] commit-checkpoint: skipped missing scope paths: package.json, package-lock.json
[2026-05-18T09:25:51Z] commit-checkpoint: refused — nothing to commit in runs/
[2026-05-18T09:25:51Z] push: pushing branch=ticket/T108-t108-multi-project-onboarding-and-project-registry
[2026-05-18T09:25:53Z] push: done branch=ticket/T108-t108-multi-project-onboarding-and-project-registry
[2026-05-18T09:26:27Z] commit-checkpoint: skipped missing scope paths: package.json, package-lock.json
[2026-05-18T09:26:27Z] commit-checkpoint: refused — nothing to commit in runs/
[2026-05-18T09:26:27Z] push: pushing branch=ticket/T108-t108-multi-project-onboarding-and-project-registry
[2026-05-18T09:26:29Z] push: done branch=ticket/T108-t108-multi-project-onboarding-and-project-registry
[2026-05-18T09:27:03Z] commit-checkpoint: skipped missing scope paths: package.json, package-lock.json
[2026-05-18T09:27:03Z] commit-checkpoint: refused — nothing to commit in runs/
[2026-05-18T09:27:03Z] push: pushing branch=ticket/T108-t108-multi-project-onboarding-and-project-registry
[2026-05-18T09:27:05Z] push: done branch=ticket/T108-t108-multi-project-onboarding-and-project-registry
[2026-05-18T09:27:39Z] commit-checkpoint: skipped missing scope paths: package.json, package-lock.json
[2026-05-18T09:27:39Z] commit-checkpoint: refused — nothing to commit in runs/
[2026-05-18T09:27:39Z] push: pushing branch=ticket/T108-t108-multi-project-onboarding-and-project-registry
[2026-05-18T09:27:41Z] push: done branch=ticket/T108-t108-multi-project-onboarding-and-project-registry
[2026-05-18T09:28:15Z] commit-checkpoint: skipped missing scope paths: package.json, package-lock.json
[2026-05-18T09:28:15Z] commit-checkpoint: refused — nothing to commit in runs/
[2026-05-18T09:28:15Z] push: pushing branch=ticket/T108-t108-multi-project-onboarding-and-project-registry
[2026-05-18T09:28:17Z] push: done branch=ticket/T108-t108-multi-project-onboarding-and-project-registry
[2026-05-18T09:28:51Z] commit-checkpoint: skipped missing scope paths: package.json, package-lock.json
[2026-05-18T09:28:52Z] commit-checkpoint: refused — nothing to commit in runs/
[2026-05-18T09:28:52Z] push: pushing branch=ticket/T108-t108-multi-project-onboarding-and-project-registry
[2026-05-18T09:28:53Z] push: done branch=ticket/T108-t108-multi-project-onboarding-and-project-registry
[2026-05-18T09:29:27Z] commit-checkpoint: skipped missing scope paths: package.json, package-lock.json
[2026-05-18T09:29:27Z] commit-checkpoint: refused — nothing to commit in runs/
[2026-05-18T09:29:27Z] push: pushing branch=ticket/T108-t108-multi-project-onboarding-and-project-registry
[2026-05-18T09:29:29Z] push: done branch=ticket/T108-t108-multi-project-onboarding-and-project-registry
[2026-05-18T09:30:04Z] commit-checkpoint: skipped missing scope paths: package.json, package-lock.json
[2026-05-18T09:30:04Z] commit-checkpoint: refused — nothing to commit in runs/
[2026-05-18T09:30:04Z] push: pushing branch=ticket/T108-t108-multi-project-onboarding-and-project-registry
[2026-05-18T09:30:05Z] push: done branch=ticket/T108-t108-multi-project-onboarding-and-project-registry
[2026-05-18T09:30:40Z] commit-checkpoint: skipped missing scope paths: package.json, package-lock.json
[2026-05-18T09:30:40Z] commit-checkpoint: refused — nothing to commit in runs/
[2026-05-18T09:30:40Z] push: pushing branch=ticket/T108-t108-multi-project-onboarding-and-project-registry
[2026-05-18T09:30:42Z] push: done branch=ticket/T108-t108-multi-project-onboarding-and-project-registry
[2026-05-18T09:31:16Z] commit-checkpoint: skipped missing scope paths: package.json, package-lock.json
[2026-05-18T09:31:16Z] commit-checkpoint: refused — nothing to commit in runs/
[2026-05-18T09:31:16Z] push: pushing branch=ticket/T108-t108-multi-project-onboarding-and-project-registry
[2026-05-18T09:31:18Z] push: done branch=ticket/T108-t108-multi-project-onboarding-and-project-registry
[2026-05-18T09:31:52Z] commit-checkpoint: skipped missing scope paths: package.json, package-lock.json
[2026-05-18T09:31:52Z] commit-checkpoint: refused — nothing to commit in runs/
[2026-05-18T09:31:52Z] push: pushing branch=ticket/T108-t108-multi-project-onboarding-and-project-registry
[2026-05-18T09:31:54Z] push: done branch=ticket/T108-t108-multi-project-onboarding-and-project-registry
[2026-05-18T09:32:28Z] commit-checkpoint: skipped missing scope paths: package.json, package-lock.json
[2026-05-18T09:32:28Z] commit-checkpoint: refused — nothing to commit in runs/
[2026-05-18T09:32:28Z] push: pushing branch=ticket/T108-t108-multi-project-onboarding-and-project-registry
[2026-05-18T09:32:30Z] push: done branch=ticket/T108-t108-multi-project-onboarding-and-project-registry
[2026-05-18T09:33:04Z] commit-checkpoint: skipped missing scope paths: package.json, package-lock.json
[2026-05-18T09:33:04Z] commit-checkpoint: refused — nothing to commit in runs/
[2026-05-18T09:33:04Z] push: pushing branch=ticket/T108-t108-multi-project-onboarding-and-project-registry
[2026-05-18T09:33:05Z] push: done branch=ticket/T108-t108-multi-project-onboarding-and-project-registry
[2026-05-18T09:33:40Z] commit-checkpoint: skipped missing scope paths: package.json, package-lock.json
[2026-05-18T09:33:40Z] commit-checkpoint: refused — nothing to commit in runs/
[2026-05-18T09:33:40Z] push: pushing branch=ticket/T108-t108-multi-project-onboarding-and-project-registry
[2026-05-18T09:33:41Z] push: done branch=ticket/T108-t108-multi-project-onboarding-and-project-registry
[2026-05-18T09:34:15Z] commit-checkpoint: skipped missing scope paths: package.json, package-lock.json
[2026-05-18T09:34:16Z] commit-checkpoint: refused — nothing to commit in runs/
[2026-05-18T09:34:16Z] push: pushing branch=ticket/T108-t108-multi-project-onboarding-and-project-registry
[2026-05-18T09:34:17Z] push: done branch=ticket/T108-t108-multi-project-onboarding-and-project-registry
[2026-05-18T09:34:51Z] commit-checkpoint: skipped missing scope paths: package.json, package-lock.json
[2026-05-18T09:34:51Z] commit-checkpoint: refused — nothing to commit in runs/
[2026-05-18T09:34:52Z] push: pushing branch=ticket/T108-t108-multi-project-onboarding-and-project-registry
[2026-05-18T09:34:53Z] push: done branch=ticket/T108-t108-multi-project-onboarding-and-project-registry
[2026-05-18T09:35:27Z] commit-checkpoint: skipped missing scope paths: package.json, package-lock.json
[2026-05-18T09:35:27Z] commit-checkpoint: refused — nothing to commit in runs/
[2026-05-18T09:35:28Z] push: pushing branch=ticket/T108-t108-multi-project-onboarding-and-project-registry
[2026-05-18T09:35:29Z] push: done branch=ticket/T108-t108-multi-project-onboarding-and-project-registry
[2026-05-18T09:36:03Z] commit-checkpoint: skipped missing scope paths: package.json, package-lock.json
[2026-05-18T09:36:03Z] commit-checkpoint: refused — nothing to commit in runs/
[2026-05-18T09:36:03Z] push: pushing branch=ticket/T108-t108-multi-project-onboarding-and-project-registry
[2026-05-18T09:36:05Z] push: done branch=ticket/T108-t108-multi-project-onboarding-and-project-registry
[2026-05-18T09:36:39Z] commit-checkpoint: skipped missing scope paths: package.json, package-lock.json
[2026-05-18T09:36:39Z] commit-checkpoint: refused — nothing to commit in runs/
[2026-05-18T09:36:39Z] push: pushing branch=ticket/T108-t108-multi-project-onboarding-and-project-registry
[2026-05-18T09:36:41Z] push: done branch=ticket/T108-t108-multi-project-onboarding-and-project-registry
[2026-05-18T09:37:15Z] commit-checkpoint: skipped missing scope paths: package.json, package-lock.json
[2026-05-18T09:37:15Z] commit-checkpoint: refused — nothing to commit in runs/
[2026-05-18T09:37:15Z] push: pushing branch=ticket/T108-t108-multi-project-onboarding-and-project-registry
[2026-05-18T09:37:17Z] push: done branch=ticket/T108-t108-multi-project-onboarding-and-project-registry
[2026-05-18T09:37:51Z] commit-checkpoint: skipped missing scope paths: package.json, package-lock.json
[2026-05-18T09:37:51Z] commit-checkpoint: refused — nothing to commit in runs/
[2026-05-18T09:37:52Z] push: pushing branch=ticket/T108-t108-multi-project-onboarding-and-project-registry
[2026-05-18T09:37:53Z] push: done branch=ticket/T108-t108-multi-project-onboarding-and-project-registry
[2026-05-18T09:38:27Z] commit-checkpoint: skipped missing scope paths: package.json, package-lock.json
[2026-05-18T09:38:27Z] commit-checkpoint: refused — nothing to commit in runs/
[2026-05-18T09:38:27Z] push: pushing branch=ticket/T108-t108-multi-project-onboarding-and-project-registry
[2026-05-18T09:38:29Z] push: done branch=ticket/T108-t108-multi-project-onboarding-and-project-registry
[2026-05-18T09:39:03Z] commit-checkpoint: skipped missing scope paths: package.json, package-lock.json
[2026-05-18T09:39:03Z] commit-checkpoint: refused — nothing to commit in runs/
[2026-05-18T09:39:03Z] push: pushing branch=ticket/T108-t108-multi-project-onboarding-and-project-registry
[2026-05-18T09:39:05Z] push: done branch=ticket/T108-t108-multi-project-onboarding-and-project-registry
[2026-05-18T09:39:39Z] commit-checkpoint: skipped missing scope paths: package.json, package-lock.json
[2026-05-18T09:39:39Z] commit-checkpoint: refused — nothing to commit in runs/
[2026-05-18T09:39:39Z] push: pushing branch=ticket/T108-t108-multi-project-onboarding-and-project-registry
[2026-05-18T09:39:41Z] push: done branch=ticket/T108-t108-multi-project-onboarding-and-project-registry
[2026-05-18T09:40:15Z] commit-checkpoint: skipped missing scope paths: package.json, package-lock.json
[2026-05-18T09:40:15Z] commit-checkpoint: refused — nothing to commit in runs/
[2026-05-18T09:40:15Z] push: pushing branch=ticket/T108-t108-multi-project-onboarding-and-project-registry
[2026-05-18T09:40:17Z] push: done branch=ticket/T108-t108-multi-project-onboarding-and-project-registry
[2026-05-18T09:40:51Z] commit-checkpoint: skipped missing scope paths: package.json, package-lock.json
[2026-05-18T09:40:51Z] commit-checkpoint: refused — nothing to commit in runs/
[2026-05-18T09:40:51Z] push: pushing branch=ticket/T108-t108-multi-project-onboarding-and-project-registry
[2026-05-18T09:40:53Z] push: done branch=ticket/T108-t108-multi-project-onboarding-and-project-registry
[2026-05-18T09:41:27Z] commit-checkpoint: skipped missing scope paths: package.json, package-lock.json
[2026-05-18T09:41:27Z] commit-checkpoint: refused — nothing to commit in runs/
[2026-05-18T09:41:27Z] push: pushing branch=ticket/T108-t108-multi-project-onboarding-and-project-registry
[2026-05-18T09:41:29Z] push: done branch=ticket/T108-t108-multi-project-onboarding-and-project-registry
[2026-05-18T09:42:03Z] commit-checkpoint: skipped missing scope paths: package.json, package-lock.json
[2026-05-18T09:42:03Z] commit-checkpoint: refused — nothing to commit in runs/
[2026-05-18T09:42:03Z] push: pushing branch=ticket/T108-t108-multi-project-onboarding-and-project-registry
[2026-05-18T09:42:04Z] push: done branch=ticket/T108-t108-multi-project-onboarding-and-project-registry
[2026-05-18T09:42:38Z] commit-checkpoint: skipped missing scope paths: package.json, package-lock.json
[2026-05-18T09:42:38Z] commit-checkpoint: refused — nothing to commit in runs/
[2026-05-18T09:42:38Z] push: pushing branch=ticket/T108-t108-multi-project-onboarding-and-project-registry
[2026-05-18T09:42:40Z] push: done branch=ticket/T108-t108-multi-project-onboarding-and-project-registry
[2026-05-18T09:43:14Z] commit-checkpoint: skipped missing scope paths: package.json, package-lock.json
[2026-05-18T09:43:14Z] commit-checkpoint: refused — nothing to commit in runs/
[2026-05-18T09:43:14Z] push: pushing branch=ticket/T108-t108-multi-project-onboarding-and-project-registry
[2026-05-18T09:43:16Z] push: done branch=ticket/T108-t108-multi-project-onboarding-and-project-registry
[2026-05-18T09:43:50Z] commit-checkpoint: skipped missing scope paths: package.json, package-lock.json
[2026-05-18T09:43:50Z] commit-checkpoint: refused — nothing to commit in runs/
[2026-05-18T09:43:50Z] push: pushing branch=ticket/T108-t108-multi-project-onboarding-and-project-registry
[2026-05-18T09:43:51Z] push: done branch=ticket/T108-t108-multi-project-onboarding-and-project-registry
[2026-05-18T09:44:26Z] commit-checkpoint: skipped missing scope paths: package.json, package-lock.json
[2026-05-18T09:44:26Z] commit-checkpoint: refused — nothing to commit in runs/
[2026-05-18T09:44:26Z] push: pushing branch=ticket/T108-t108-multi-project-onboarding-and-project-registry
[2026-05-18T09:44:27Z] push: done branch=ticket/T108-t108-multi-project-onboarding-and-project-registry
[2026-05-18T09:45:02Z] commit-checkpoint: skipped missing scope paths: package.json, package-lock.json
[2026-05-18T09:45:02Z] commit-checkpoint: refused — nothing to commit in runs/
[2026-05-18T09:45:02Z] push: pushing branch=ticket/T108-t108-multi-project-onboarding-and-project-registry
[2026-05-18T09:45:03Z] push: done branch=ticket/T108-t108-multi-project-onboarding-and-project-registry
[2026-05-18T09:45:38Z] commit-checkpoint: skipped missing scope paths: package.json, package-lock.json
[2026-05-18T09:45:38Z] commit-checkpoint: refused — nothing to commit in runs/
[2026-05-18T09:45:38Z] push: pushing branch=ticket/T108-t108-multi-project-onboarding-and-project-registry
[2026-05-18T09:45:39Z] push: done branch=ticket/T108-t108-multi-project-onboarding-and-project-registry
[2026-05-18T09:46:14Z] commit-checkpoint: skipped missing scope paths: package.json, package-lock.json
[2026-05-18T09:46:14Z] commit-checkpoint: refused — nothing to commit in runs/
[2026-05-18T09:46:14Z] push: pushing branch=ticket/T108-t108-multi-project-onboarding-and-project-registry
[2026-05-18T09:46:15Z] push: done branch=ticket/T108-t108-multi-project-onboarding-and-project-registry
[2026-05-18T09:46:50Z] commit-checkpoint: skipped missing scope paths: package.json, package-lock.json
[2026-05-18T09:46:50Z] commit-checkpoint: refused — nothing to commit in runs/
[2026-05-18T09:46:50Z] push: pushing branch=ticket/T108-t108-multi-project-onboarding-and-project-registry
[2026-05-18T09:46:51Z] push: done branch=ticket/T108-t108-multi-project-onboarding-and-project-registry
[2026-05-18T09:47:26Z] commit-checkpoint: skipped missing scope paths: package.json, package-lock.json
[2026-05-18T09:47:26Z] commit-checkpoint: refused — nothing to commit in runs/
[2026-05-18T09:47:26Z] push: pushing branch=ticket/T108-t108-multi-project-onboarding-and-project-registry
[2026-05-18T09:47:27Z] push: done branch=ticket/T108-t108-multi-project-onboarding-and-project-registry
[2026-05-18T09:48:01Z] commit-checkpoint: skipped missing scope paths: package.json, package-lock.json
[2026-05-18T09:48:01Z] commit-checkpoint: refused — nothing to commit in runs/
[2026-05-18T09:48:01Z] push: pushing branch=ticket/T108-t108-multi-project-onboarding-and-project-registry
[2026-05-18T09:48:03Z] push: done branch=ticket/T108-t108-multi-project-onboarding-and-project-registry
[2026-05-18T09:48:37Z] commit-checkpoint: skipped missing scope paths: package.json, package-lock.json
[2026-05-18T09:48:37Z] commit-checkpoint: refused — nothing to commit in runs/
[2026-05-18T09:48:37Z] push: pushing branch=ticket/T108-t108-multi-project-onboarding-and-project-registry
[2026-05-18T09:48:39Z] push: done branch=ticket/T108-t108-multi-project-onboarding-and-project-registry
[2026-05-18T09:49:13Z] commit-checkpoint: skipped missing scope paths: package.json, package-lock.json
[2026-05-18T09:49:13Z] commit-checkpoint: refused — nothing to commit in runs/
[2026-05-18T09:49:13Z] push: pushing branch=ticket/T108-t108-multi-project-onboarding-and-project-registry
[2026-05-18T09:49:15Z] push: done branch=ticket/T108-t108-multi-project-onboarding-and-project-registry
[2026-05-18T09:49:49Z] commit-checkpoint: skipped missing scope paths: package.json, package-lock.json
[2026-05-18T09:49:49Z] commit-checkpoint: refused — nothing to commit in runs/
[2026-05-18T09:49:49Z] push: pushing branch=ticket/T108-t108-multi-project-onboarding-and-project-registry
[2026-05-18T09:49:50Z] push: done branch=ticket/T108-t108-multi-project-onboarding-and-project-registry
[2026-05-18T09:50:25Z] commit-checkpoint: skipped missing scope paths: package.json, package-lock.json
[2026-05-18T09:50:25Z] commit-checkpoint: refused — nothing to commit in runs/
[2026-05-18T09:50:25Z] push: pushing branch=ticket/T108-t108-multi-project-onboarding-and-project-registry
[2026-05-18T09:50:27Z] push: done branch=ticket/T108-t108-multi-project-onboarding-and-project-registry
[2026-05-18T09:51:01Z] commit-checkpoint: skipped missing scope paths: package.json, package-lock.json
[2026-05-18T09:51:01Z] commit-checkpoint: refused — nothing to commit in runs/
[2026-05-18T09:51:01Z] push: pushing branch=ticket/T108-t108-multi-project-onboarding-and-project-registry
[2026-05-18T09:51:03Z] push: done branch=ticket/T108-t108-multi-project-onboarding-and-project-registry
[2026-05-18T09:51:37Z] commit-checkpoint: skipped missing scope paths: package.json, package-lock.json
[2026-05-18T09:51:37Z] commit-checkpoint: refused — nothing to commit in runs/
[2026-05-18T09:51:37Z] push: pushing branch=ticket/T108-t108-multi-project-onboarding-and-project-registry
[2026-05-18T09:51:39Z] push: done branch=ticket/T108-t108-multi-project-onboarding-and-project-registry
[2026-05-18T09:52:13Z] commit-checkpoint: skipped missing scope paths: package.json, package-lock.json
[2026-05-18T09:52:13Z] commit-checkpoint: refused — nothing to commit in runs/
[2026-05-18T09:52:13Z] push: pushing branch=ticket/T108-t108-multi-project-onboarding-and-project-registry
[2026-05-18T09:52:15Z] push: done branch=ticket/T108-t108-multi-project-onboarding-and-project-registry
[2026-05-18T09:52:49Z] commit-checkpoint: skipped missing scope paths: package.json, package-lock.json
[2026-05-18T09:52:49Z] commit-checkpoint: refused — nothing to commit in runs/
[2026-05-18T09:52:49Z] push: pushing branch=ticket/T108-t108-multi-project-onboarding-and-project-registry
[2026-05-18T09:52:50Z] push: done branch=ticket/T108-t108-multi-project-onboarding-and-project-registry
[2026-05-18T09:53:25Z] commit-checkpoint: skipped missing scope paths: package.json, package-lock.json
[2026-05-18T09:53:25Z] commit-checkpoint: refused — nothing to commit in runs/
[2026-05-18T09:53:25Z] push: pushing branch=ticket/T108-t108-multi-project-onboarding-and-project-registry
[2026-05-18T09:53:26Z] push: done branch=ticket/T108-t108-multi-project-onboarding-and-project-registry
[2026-05-18T09:54:01Z] commit-checkpoint: skipped missing scope paths: package.json, package-lock.json
[2026-05-18T09:54:01Z] commit-checkpoint: refused — nothing to commit in runs/
[2026-05-18T09:54:01Z] push: pushing branch=ticket/T108-t108-multi-project-onboarding-and-project-registry
[2026-05-18T09:54:02Z] push: done branch=ticket/T108-t108-multi-project-onboarding-and-project-registry
[2026-05-18T09:54:37Z] commit-checkpoint: skipped missing scope paths: package.json, package-lock.json
[2026-05-18T09:54:37Z] commit-checkpoint: refused — nothing to commit in runs/
[2026-05-18T09:54:37Z] push: pushing branch=ticket/T108-t108-multi-project-onboarding-and-project-registry
[2026-05-18T09:54:38Z] push: done branch=ticket/T108-t108-multi-project-onboarding-and-project-registry
[2026-05-18T09:55:13Z] commit-checkpoint: skipped missing scope paths: package.json, package-lock.json
[2026-05-18T09:55:13Z] commit-checkpoint: refused — nothing to commit in runs/
[2026-05-18T09:55:13Z] push: pushing branch=ticket/T108-t108-multi-project-onboarding-and-project-registry
[2026-05-18T09:55:14Z] push: done branch=ticket/T108-t108-multi-project-onboarding-and-project-registry
[2026-05-18T09:55:49Z] commit-checkpoint: skipped missing scope paths: package.json, package-lock.json
[2026-05-18T09:55:49Z] commit-checkpoint: refused — nothing to commit in runs/
[2026-05-18T09:55:49Z] push: pushing branch=ticket/T108-t108-multi-project-onboarding-and-project-registry
[2026-05-18T09:55:50Z] push: done branch=ticket/T108-t108-multi-project-onboarding-and-project-registry
[2026-05-18T09:56:24Z] commit-checkpoint: skipped missing scope paths: package.json, package-lock.json
[2026-05-18T09:56:24Z] commit-checkpoint: refused — nothing to commit in runs/
[2026-05-18T09:56:25Z] push: pushing branch=ticket/T108-t108-multi-project-onboarding-and-project-registry
[2026-05-18T09:56:26Z] push: done branch=ticket/T108-t108-multi-project-onboarding-and-project-registry
[2026-05-18T09:57:00Z] commit-checkpoint: skipped missing scope paths: package.json, package-lock.json
[2026-05-18T09:57:00Z] commit-checkpoint: refused — nothing to commit in runs/
[2026-05-18T09:57:00Z] push: pushing branch=ticket/T108-t108-multi-project-onboarding-and-project-registry
[2026-05-18T09:57:02Z] push: done branch=ticket/T108-t108-multi-project-onboarding-and-project-registry
[2026-05-18T09:57:37Z] commit-checkpoint: skipped missing scope paths: package.json, package-lock.json
[2026-05-18T09:57:37Z] commit-checkpoint: refused — nothing to commit in runs/
[2026-05-18T09:57:37Z] push: pushing branch=ticket/T108-t108-multi-project-onboarding-and-project-registry
[2026-05-18T09:57:38Z] push: done branch=ticket/T108-t108-multi-project-onboarding-and-project-registry
[2026-05-18T09:58:13Z] commit-checkpoint: skipped missing scope paths: package.json, package-lock.json
[2026-05-18T09:58:13Z] commit-checkpoint: refused — nothing to commit in runs/
[2026-05-18T09:58:13Z] push: pushing branch=ticket/T108-t108-multi-project-onboarding-and-project-registry
[2026-05-18T09:58:14Z] push: done branch=ticket/T108-t108-multi-project-onboarding-and-project-registry
[2026-05-18T09:58:48Z] commit-checkpoint: skipped missing scope paths: package.json, package-lock.json
[2026-05-18T09:58:48Z] commit-checkpoint: refused — nothing to commit in runs/
[2026-05-18T09:58:48Z] push: pushing branch=ticket/T108-t108-multi-project-onboarding-and-project-registry
[2026-05-18T09:58:50Z] push: done branch=ticket/T108-t108-multi-project-onboarding-and-project-registry
[2026-05-18T09:59:24Z] commit-checkpoint: skipped missing scope paths: package.json, package-lock.json
[2026-05-18T09:59:24Z] commit-checkpoint: refused — nothing to commit in runs/
[2026-05-18T09:59:24Z] push: pushing branch=ticket/T108-t108-multi-project-onboarding-and-project-registry
[2026-05-18T09:59:26Z] push: done branch=ticket/T108-t108-multi-project-onboarding-and-project-registry
[2026-05-18T10:00:00Z] commit-checkpoint: skipped missing scope paths: package.json, package-lock.json
[2026-05-18T10:00:00Z] commit-checkpoint: refused — nothing to commit in runs/
[2026-05-18T10:00:00Z] push: pushing branch=ticket/T108-t108-multi-project-onboarding-and-project-registry
[2026-05-18T10:00:02Z] push: done branch=ticket/T108-t108-multi-project-onboarding-and-project-registry
[2026-05-18T10:00:36Z] commit-checkpoint: skipped missing scope paths: package.json, package-lock.json
[2026-05-18T10:00:36Z] commit-checkpoint: refused — nothing to commit in runs/
[2026-05-18T10:00:36Z] push: pushing branch=ticket/T108-t108-multi-project-onboarding-and-project-registry
[2026-05-18T10:00:38Z] push: done branch=ticket/T108-t108-multi-project-onboarding-and-project-registry
[2026-05-18T10:01:12Z] commit-checkpoint: skipped missing scope paths: package.json, package-lock.json
[2026-05-18T10:01:12Z] commit-checkpoint: refused — nothing to commit in runs/
[2026-05-18T10:01:12Z] push: pushing branch=ticket/T108-t108-multi-project-onboarding-and-project-registry
[2026-05-18T10:01:14Z] push: done branch=ticket/T108-t108-multi-project-onboarding-and-project-registry
[2026-05-18T10:01:48Z] commit-checkpoint: skipped missing scope paths: package.json, package-lock.json
[2026-05-18T10:01:48Z] commit-checkpoint: refused — nothing to commit in runs/
[2026-05-18T10:01:48Z] push: pushing branch=ticket/T108-t108-multi-project-onboarding-and-project-registry
[2026-05-18T10:01:49Z] push: done branch=ticket/T108-t108-multi-project-onboarding-and-project-registry
[2026-05-18T10:02:24Z] commit-checkpoint: skipped missing scope paths: package.json, package-lock.json
[2026-05-18T10:02:24Z] commit-checkpoint: refused — nothing to commit in runs/
[2026-05-18T10:02:24Z] push: pushing branch=ticket/T108-t108-multi-project-onboarding-and-project-registry
[2026-05-18T10:02:25Z] push: done branch=ticket/T108-t108-multi-project-onboarding-and-project-registry
[2026-05-18T10:02:59Z] commit-checkpoint: skipped missing scope paths: package.json, package-lock.json
[2026-05-18T10:02:59Z] commit-checkpoint: refused — nothing to commit in runs/
[2026-05-18T10:02:59Z] push: pushing branch=ticket/T108-t108-multi-project-onboarding-and-project-registry
[2026-05-18T10:03:01Z] push: done branch=ticket/T108-t108-multi-project-onboarding-and-project-registry
[2026-05-18T10:03:35Z] commit-checkpoint: skipped missing scope paths: package.json, package-lock.json
[2026-05-18T10:03:35Z] commit-checkpoint: refused — nothing to commit in runs/
[2026-05-18T10:03:35Z] push: pushing branch=ticket/T108-t108-multi-project-onboarding-and-project-registry
[2026-05-18T10:03:37Z] push: done branch=ticket/T108-t108-multi-project-onboarding-and-project-registry
[2026-05-18T10:04:11Z] commit-checkpoint: skipped missing scope paths: package.json, package-lock.json
[2026-05-18T10:04:11Z] commit-checkpoint: refused — nothing to commit in runs/
[2026-05-18T10:04:11Z] push: pushing branch=ticket/T108-t108-multi-project-onboarding-and-project-registry
[2026-05-18T10:04:12Z] push: done branch=ticket/T108-t108-multi-project-onboarding-and-project-registry
[2026-05-18T10:04:47Z] commit-checkpoint: skipped missing scope paths: package.json, package-lock.json
[2026-05-18T10:04:47Z] commit-checkpoint: refused — nothing to commit in runs/
[2026-05-18T10:04:47Z] push: pushing branch=ticket/T108-t108-multi-project-onboarding-and-project-registry
[2026-05-18T10:04:48Z] push: done branch=ticket/T108-t108-multi-project-onboarding-and-project-registry
[2026-05-18T10:05:22Z] commit-checkpoint: skipped missing scope paths: package.json, package-lock.json
[2026-05-18T10:05:22Z] commit-checkpoint: refused — nothing to commit in runs/
[2026-05-18T10:05:22Z] push: pushing branch=ticket/T108-t108-multi-project-onboarding-and-project-registry
[2026-05-18T10:05:24Z] push: done branch=ticket/T108-t108-multi-project-onboarding-and-project-registry
[2026-05-18T10:05:58Z] commit-checkpoint: skipped missing scope paths: package.json, package-lock.json
[2026-05-18T10:05:58Z] commit-checkpoint: refused — nothing to commit in runs/
[2026-05-18T10:05:58Z] push: pushing branch=ticket/T108-t108-multi-project-onboarding-and-project-registry
[2026-05-18T10:06:00Z] push: done branch=ticket/T108-t108-multi-project-onboarding-and-project-registry
[2026-05-18T10:06:34Z] commit-checkpoint: skipped missing scope paths: package.json, package-lock.json
[2026-05-18T10:06:34Z] commit-checkpoint: refused — nothing to commit in runs/
[2026-05-18T10:06:34Z] push: pushing branch=ticket/T108-t108-multi-project-onboarding-and-project-registry
[2026-05-18T10:06:35Z] push: done branch=ticket/T108-t108-multi-project-onboarding-and-project-registry
[2026-05-18T10:07:10Z] commit-checkpoint: skipped missing scope paths: package.json, package-lock.json
[2026-05-18T10:07:10Z] commit-checkpoint: refused — nothing to commit in runs/
[2026-05-18T10:07:10Z] push: pushing branch=ticket/T108-t108-multi-project-onboarding-and-project-registry
[2026-05-18T10:07:11Z] push: done branch=ticket/T108-t108-multi-project-onboarding-and-project-registry
[2026-05-18T10:07:46Z] commit-checkpoint: skipped missing scope paths: package.json, package-lock.json
[2026-05-18T10:07:46Z] commit-checkpoint: refused — nothing to commit in runs/
[2026-05-18T10:07:46Z] push: pushing branch=ticket/T108-t108-multi-project-onboarding-and-project-registry
[2026-05-18T10:07:47Z] push: done branch=ticket/T108-t108-multi-project-onboarding-and-project-registry
[2026-05-18T10:08:22Z] commit-checkpoint: skipped missing scope paths: package.json, package-lock.json
[2026-05-18T10:08:22Z] commit-checkpoint: refused — nothing to commit in runs/
[2026-05-18T10:08:22Z] push: pushing branch=ticket/T108-t108-multi-project-onboarding-and-project-registry
[2026-05-18T10:08:23Z] push: done branch=ticket/T108-t108-multi-project-onboarding-and-project-registry
[2026-05-18T10:08:58Z] commit-checkpoint: skipped missing scope paths: package.json, package-lock.json
[2026-05-18T10:08:58Z] commit-checkpoint: refused — nothing to commit in runs/
[2026-05-18T10:08:58Z] push: pushing branch=ticket/T108-t108-multi-project-onboarding-and-project-registry
[2026-05-18T10:08:59Z] push: done branch=ticket/T108-t108-multi-project-onboarding-and-project-registry
[2026-05-18T10:09:34Z] commit-checkpoint: skipped missing scope paths: package.json, package-lock.json
[2026-05-18T10:09:34Z] commit-checkpoint: refused — nothing to commit in runs/
[2026-05-18T10:09:34Z] push: pushing branch=ticket/T108-t108-multi-project-onboarding-and-project-registry
[2026-05-18T10:09:35Z] push: done branch=ticket/T108-t108-multi-project-onboarding-and-project-registry
[2026-05-18T10:10:10Z] commit-checkpoint: skipped missing scope paths: package.json, package-lock.json
[2026-05-18T10:10:10Z] commit-checkpoint: refused — nothing to commit in runs/
[2026-05-18T10:10:10Z] push: pushing branch=ticket/T108-t108-multi-project-onboarding-and-project-registry
[2026-05-18T10:10:11Z] push: done branch=ticket/T108-t108-multi-project-onboarding-and-project-registry
[2026-05-18T10:10:46Z] commit-checkpoint: skipped missing scope paths: package.json, package-lock.json
[2026-05-18T10:10:46Z] commit-checkpoint: refused — nothing to commit in runs/
[2026-05-18T10:10:46Z] push: pushing branch=ticket/T108-t108-multi-project-onboarding-and-project-registry
[2026-05-18T10:10:48Z] push: done branch=ticket/T108-t108-multi-project-onboarding-and-project-registry
[2026-05-18T10:11:22Z] commit-checkpoint: skipped missing scope paths: package.json, package-lock.json
[2026-05-18T10:11:22Z] commit-checkpoint: refused — nothing to commit in runs/
[2026-05-18T10:11:22Z] push: pushing branch=ticket/T108-t108-multi-project-onboarding-and-project-registry
[2026-05-18T10:11:24Z] push: done branch=ticket/T108-t108-multi-project-onboarding-and-project-registry
[2026-05-18T10:11:58Z] commit-checkpoint: skipped missing scope paths: package.json, package-lock.json
[2026-05-18T10:11:58Z] commit-checkpoint: refused — nothing to commit in runs/
[2026-05-18T10:11:58Z] push: pushing branch=ticket/T108-t108-multi-project-onboarding-and-project-registry
[2026-05-18T10:12:00Z] push: done branch=ticket/T108-t108-multi-project-onboarding-and-project-registry
[2026-05-18T10:12:34Z] commit-checkpoint: skipped missing scope paths: package.json, package-lock.json
[2026-05-18T10:12:34Z] commit-checkpoint: refused — nothing to commit in runs/
[2026-05-18T10:12:34Z] push: pushing branch=ticket/T108-t108-multi-project-onboarding-and-project-registry
[2026-05-18T10:12:35Z] push: done branch=ticket/T108-t108-multi-project-onboarding-and-project-registry
[2026-05-18T10:13:10Z] commit-checkpoint: skipped missing scope paths: package.json, package-lock.json
[2026-05-18T10:13:10Z] commit-checkpoint: refused — nothing to commit in runs/
[2026-05-18T10:13:10Z] push: pushing branch=ticket/T108-t108-multi-project-onboarding-and-project-registry
[2026-05-18T10:13:11Z] push: done branch=ticket/T108-t108-multi-project-onboarding-and-project-registry
[2026-05-18T10:13:45Z] commit-checkpoint: skipped missing scope paths: package.json, package-lock.json
[2026-05-18T10:13:45Z] commit-checkpoint: refused — nothing to commit in runs/
[2026-05-18T10:13:45Z] push: pushing branch=ticket/T108-t108-multi-project-onboarding-and-project-registry
[2026-05-18T10:13:47Z] push: done branch=ticket/T108-t108-multi-project-onboarding-and-project-registry
[2026-05-18T10:14:21Z] commit-checkpoint: skipped missing scope paths: package.json, package-lock.json
[2026-05-18T10:14:21Z] commit-checkpoint: refused — nothing to commit in runs/
[2026-05-18T10:14:21Z] push: pushing branch=ticket/T108-t108-multi-project-onboarding-and-project-registry
[2026-05-18T10:14:23Z] push: done branch=ticket/T108-t108-multi-project-onboarding-and-project-registry
[2026-05-18T10:14:57Z] commit-checkpoint: skipped missing scope paths: package.json, package-lock.json
[2026-05-18T10:14:57Z] commit-checkpoint: refused — nothing to commit in runs/
[2026-05-18T10:14:57Z] push: pushing branch=ticket/T108-t108-multi-project-onboarding-and-project-registry
[2026-05-18T10:14:59Z] push: done branch=ticket/T108-t108-multi-project-onboarding-and-project-registry
[2026-05-18T10:15:33Z] commit-checkpoint: skipped missing scope paths: package.json, package-lock.json
[2026-05-18T10:15:33Z] commit-checkpoint: refused — nothing to commit in runs/
[2026-05-18T10:15:33Z] push: pushing branch=ticket/T108-t108-multi-project-onboarding-and-project-registry
[2026-05-18T10:15:34Z] push: done branch=ticket/T108-t108-multi-project-onboarding-and-project-registry
[2026-05-18T10:16:09Z] commit-checkpoint: skipped missing scope paths: package.json, package-lock.json
[2026-05-18T10:16:09Z] commit-checkpoint: refused — nothing to commit in runs/
[2026-05-18T10:16:09Z] push: pushing branch=ticket/T108-t108-multi-project-onboarding-and-project-registry
[2026-05-18T10:16:11Z] push: done branch=ticket/T108-t108-multi-project-onboarding-and-project-registry
[2026-05-18T10:16:45Z] commit-checkpoint: skipped missing scope paths: package.json, package-lock.json
[2026-05-18T10:16:45Z] commit-checkpoint: refused — nothing to commit in runs/
[2026-05-18T10:16:45Z] push: pushing branch=ticket/T108-t108-multi-project-onboarding-and-project-registry
[2026-05-18T10:16:46Z] push: done branch=ticket/T108-t108-multi-project-onboarding-and-project-registry
[2026-05-18T10:17:20Z] commit-checkpoint: skipped missing scope paths: package.json, package-lock.json
[2026-05-18T10:17:20Z] commit-checkpoint: refused — nothing to commit in runs/
[2026-05-18T10:17:21Z] push: pushing branch=ticket/T108-t108-multi-project-onboarding-and-project-registry
[2026-05-18T10:17:22Z] push: done branch=ticket/T108-t108-multi-project-onboarding-and-project-registry
[2026-05-18T10:17:56Z] commit-checkpoint: skipped missing scope paths: package.json, package-lock.json
[2026-05-18T10:17:56Z] commit-checkpoint: refused — nothing to commit in runs/
[2026-05-18T10:17:56Z] push: pushing branch=ticket/T108-t108-multi-project-onboarding-and-project-registry
[2026-05-18T10:17:58Z] push: done branch=ticket/T108-t108-multi-project-onboarding-and-project-registry
[2026-05-18T10:18:32Z] commit-checkpoint: skipped missing scope paths: package.json, package-lock.json
[2026-05-18T10:18:32Z] commit-checkpoint: refused — nothing to commit in runs/
[2026-05-18T10:18:32Z] push: pushing branch=ticket/T108-t108-multi-project-onboarding-and-project-registry
[2026-05-18T10:18:34Z] push: done branch=ticket/T108-t108-multi-project-onboarding-and-project-registry
[2026-05-18T10:19:08Z] commit-checkpoint: skipped missing scope paths: package.json, package-lock.json
[2026-05-18T10:19:08Z] commit-checkpoint: refused — nothing to commit in runs/
[2026-05-18T10:19:08Z] push: pushing branch=ticket/T108-t108-multi-project-onboarding-and-project-registry
[2026-05-18T10:19:09Z] push: done branch=ticket/T108-t108-multi-project-onboarding-and-project-registry
[2026-05-18T10:19:43Z] commit-checkpoint: skipped missing scope paths: package.json, package-lock.json
[2026-05-18T10:19:43Z] commit-checkpoint: refused — nothing to commit in runs/
[2026-05-18T10:19:44Z] push: pushing branch=ticket/T108-t108-multi-project-onboarding-and-project-registry
[2026-05-18T10:19:45Z] push: done branch=ticket/T108-t108-multi-project-onboarding-and-project-registry
[2026-05-18T10:20:20Z] commit-checkpoint: skipped missing scope paths: package.json, package-lock.json
[2026-05-18T10:20:20Z] commit-checkpoint: refused — nothing to commit in runs/
[2026-05-18T10:20:20Z] push: pushing branch=ticket/T108-t108-multi-project-onboarding-and-project-registry
[2026-05-18T10:20:21Z] push: done branch=ticket/T108-t108-multi-project-onboarding-and-project-registry
[2026-05-18T10:20:55Z] commit-checkpoint: skipped missing scope paths: package.json, package-lock.json
[2026-05-18T10:20:56Z] commit-checkpoint: refused — nothing to commit in runs/
[2026-05-18T10:20:56Z] push: pushing branch=ticket/T108-t108-multi-project-onboarding-and-project-registry
[2026-05-18T10:20:57Z] push: done branch=ticket/T108-t108-multi-project-onboarding-and-project-registry
[2026-05-18T10:21:31Z] commit-checkpoint: skipped missing scope paths: package.json, package-lock.json
[2026-05-18T10:21:31Z] commit-checkpoint: refused — nothing to commit in runs/
[2026-05-18T10:21:32Z] push: pushing branch=ticket/T108-t108-multi-project-onboarding-and-project-registry
[2026-05-18T10:21:33Z] push: done branch=ticket/T108-t108-multi-project-onboarding-and-project-registry
[2026-05-18T10:22:07Z] commit-checkpoint: skipped missing scope paths: package.json, package-lock.json
[2026-05-18T10:22:07Z] commit-checkpoint: refused — nothing to commit in runs/
[2026-05-18T10:22:07Z] push: pushing branch=ticket/T108-t108-multi-project-onboarding-and-project-registry
[2026-05-18T10:22:09Z] push: done branch=ticket/T108-t108-multi-project-onboarding-and-project-registry
[2026-05-18T10:22:43Z] commit-checkpoint: skipped missing scope paths: package.json, package-lock.json
[2026-05-18T10:22:43Z] commit-checkpoint: refused — nothing to commit in runs/
[2026-05-18T10:22:43Z] push: pushing branch=ticket/T108-t108-multi-project-onboarding-and-project-registry
[2026-05-18T10:22:44Z] push: done branch=ticket/T108-t108-multi-project-onboarding-and-project-registry
[2026-05-18T10:23:18Z] commit-checkpoint: skipped missing scope paths: package.json, package-lock.json
[2026-05-18T10:23:18Z] commit-checkpoint: refused — nothing to commit in runs/
[2026-05-18T10:23:19Z] push: pushing branch=ticket/T108-t108-multi-project-onboarding-and-project-registry
[2026-05-18T10:23:20Z] push: done branch=ticket/T108-t108-multi-project-onboarding-and-project-registry
[2026-05-18T10:23:54Z] commit-checkpoint: skipped missing scope paths: package.json, package-lock.json
[2026-05-18T10:23:54Z] commit-checkpoint: refused — nothing to commit in runs/
[2026-05-18T10:23:54Z] push: pushing branch=ticket/T108-t108-multi-project-onboarding-and-project-registry
[2026-05-18T10:23:56Z] push: done branch=ticket/T108-t108-multi-project-onboarding-and-project-registry
[2026-05-18T10:24:30Z] commit-checkpoint: skipped missing scope paths: package.json, package-lock.json
[2026-05-18T10:24:30Z] commit-checkpoint: refused — nothing to commit in runs/
[2026-05-18T10:24:30Z] push: pushing branch=ticket/T108-t108-multi-project-onboarding-and-project-registry
[2026-05-18T10:24:32Z] push: done branch=ticket/T108-t108-multi-project-onboarding-and-project-registry
[2026-05-18T10:25:06Z] commit-checkpoint: skipped missing scope paths: package.json, package-lock.json
[2026-05-18T10:25:06Z] commit-checkpoint: refused — nothing to commit in runs/
[2026-05-18T10:25:06Z] push: pushing branch=ticket/T108-t108-multi-project-onboarding-and-project-registry
[2026-05-18T10:25:08Z] push: done branch=ticket/T108-t108-multi-project-onboarding-and-project-registry
[2026-05-18T10:25:42Z] commit-checkpoint: skipped missing scope paths: package.json, package-lock.json
[2026-05-18T10:25:42Z] commit-checkpoint: refused — nothing to commit in runs/
[2026-05-18T10:25:42Z] push: pushing branch=ticket/T108-t108-multi-project-onboarding-and-project-registry
[2026-05-18T10:25:44Z] push: done branch=ticket/T108-t108-multi-project-onboarding-and-project-registry
[2026-05-18T10:26:18Z] commit-checkpoint: skipped missing scope paths: package.json, package-lock.json
[2026-05-18T10:26:18Z] commit-checkpoint: refused — nothing to commit in runs/
[2026-05-18T10:26:18Z] push: pushing branch=ticket/T108-t108-multi-project-onboarding-and-project-registry
[2026-05-18T10:26:19Z] push: done branch=ticket/T108-t108-multi-project-onboarding-and-project-registry
[2026-05-18T10:26:54Z] commit-checkpoint: skipped missing scope paths: package.json, package-lock.json
[2026-05-18T10:26:54Z] commit-checkpoint: refused — nothing to commit in runs/
[2026-05-18T10:26:54Z] push: pushing branch=ticket/T108-t108-multi-project-onboarding-and-project-registry
[2026-05-18T10:26:55Z] push: done branch=ticket/T108-t108-multi-project-onboarding-and-project-registry
[2026-05-18T10:27:30Z] commit-checkpoint: skipped missing scope paths: package.json, package-lock.json
[2026-05-18T10:27:30Z] commit-checkpoint: refused — nothing to commit in runs/
[2026-05-18T10:27:30Z] push: pushing branch=ticket/T108-t108-multi-project-onboarding-and-project-registry
[2026-05-18T10:27:31Z] push: done branch=ticket/T108-t108-multi-project-onboarding-and-project-registry
[2026-05-18T10:28:05Z] commit-checkpoint: skipped missing scope paths: package.json, package-lock.json
[2026-05-18T10:28:05Z] commit-checkpoint: refused — nothing to commit in runs/
[2026-05-18T10:28:05Z] push: pushing branch=ticket/T108-t108-multi-project-onboarding-and-project-registry
[2026-05-18T10:28:07Z] push: done branch=ticket/T108-t108-multi-project-onboarding-and-project-registry
[2026-05-18T10:28:41Z] commit-checkpoint: skipped missing scope paths: package.json, package-lock.json
[2026-05-18T10:28:41Z] commit-checkpoint: refused — nothing to commit in runs/
[2026-05-18T10:28:41Z] push: pushing branch=ticket/T108-t108-multi-project-onboarding-and-project-registry
[2026-05-18T10:28:42Z] push: done branch=ticket/T108-t108-multi-project-onboarding-and-project-registry
[2026-05-18T10:29:17Z] commit-checkpoint: skipped missing scope paths: package.json, package-lock.json
[2026-05-18T10:29:17Z] commit-checkpoint: refused — nothing to commit in runs/
[2026-05-18T10:29:17Z] push: pushing branch=ticket/T108-t108-multi-project-onboarding-and-project-registry
[2026-05-18T10:29:18Z] push: done branch=ticket/T108-t108-multi-project-onboarding-and-project-registry
[2026-05-18T10:29:53Z] commit-checkpoint: skipped missing scope paths: package.json, package-lock.json
[2026-05-18T10:29:53Z] commit-checkpoint: refused — nothing to commit in runs/
[2026-05-18T10:29:53Z] push: pushing branch=ticket/T108-t108-multi-project-onboarding-and-project-registry
[2026-05-18T10:29:54Z] push: done branch=ticket/T108-t108-multi-project-onboarding-and-project-registry
[2026-05-18T10:30:28Z] commit-checkpoint: skipped missing scope paths: package.json, package-lock.json
[2026-05-18T10:30:28Z] commit-checkpoint: refused — nothing to commit in runs/
[2026-05-18T10:30:28Z] push: pushing branch=ticket/T108-t108-multi-project-onboarding-and-project-registry
[2026-05-18T10:30:30Z] push: done branch=ticket/T108-t108-multi-project-onboarding-and-project-registry
[2026-05-18T10:31:04Z] commit-checkpoint: skipped missing scope paths: package.json, package-lock.json
[2026-05-18T10:31:04Z] commit-checkpoint: refused — nothing to commit in runs/
[2026-05-18T10:31:04Z] push: pushing branch=ticket/T108-t108-multi-project-onboarding-and-project-registry
[2026-05-18T10:31:06Z] push: done branch=ticket/T108-t108-multi-project-onboarding-and-project-registry
[2026-05-18T10:31:40Z] commit-checkpoint: skipped missing scope paths: package.json, package-lock.json
[2026-05-18T10:31:40Z] commit-checkpoint: refused — nothing to commit in runs/
[2026-05-18T10:31:40Z] push: pushing branch=ticket/T108-t108-multi-project-onboarding-and-project-registry
[2026-05-18T10:31:42Z] push: done branch=ticket/T108-t108-multi-project-onboarding-and-project-registry
[2026-05-18T10:32:16Z] commit-checkpoint: skipped missing scope paths: package.json, package-lock.json
[2026-05-18T10:32:16Z] commit-checkpoint: refused — nothing to commit in runs/
[2026-05-18T10:32:16Z] push: pushing branch=ticket/T108-t108-multi-project-onboarding-and-project-registry
[2026-05-18T10:32:17Z] push: done branch=ticket/T108-t108-multi-project-onboarding-and-project-registry
[2026-05-18T10:32:52Z] commit-checkpoint: skipped missing scope paths: package.json, package-lock.json
[2026-05-18T10:32:52Z] commit-checkpoint: refused — nothing to commit in runs/
[2026-05-18T10:32:52Z] push: pushing branch=ticket/T108-t108-multi-project-onboarding-and-project-registry
[2026-05-18T10:32:53Z] push: done branch=ticket/T108-t108-multi-project-onboarding-and-project-registry
[2026-05-18T10:33:28Z] commit-checkpoint: skipped missing scope paths: package.json, package-lock.json
[2026-05-18T10:33:28Z] commit-checkpoint: refused — nothing to commit in runs/
[2026-05-18T10:33:28Z] push: pushing branch=ticket/T108-t108-multi-project-onboarding-and-project-registry
[2026-05-18T10:33:29Z] push: done branch=ticket/T108-t108-multi-project-onboarding-and-project-registry
[2026-05-18T10:34:03Z] commit-checkpoint: skipped missing scope paths: package.json, package-lock.json
[2026-05-18T10:34:03Z] commit-checkpoint: refused — nothing to commit in runs/
[2026-05-18T10:34:03Z] push: pushing branch=ticket/T108-t108-multi-project-onboarding-and-project-registry
[2026-05-18T10:34:05Z] push: done branch=ticket/T108-t108-multi-project-onboarding-and-project-registry
[2026-05-18T10:34:39Z] commit-checkpoint: skipped missing scope paths: package.json, package-lock.json
[2026-05-18T10:34:39Z] commit-checkpoint: refused — nothing to commit in runs/
[2026-05-18T10:34:39Z] push: pushing branch=ticket/T108-t108-multi-project-onboarding-and-project-registry
[2026-05-18T10:34:41Z] push: done branch=ticket/T108-t108-multi-project-onboarding-and-project-registry
[2026-05-18T10:35:15Z] commit-checkpoint: skipped missing scope paths: package.json, package-lock.json
[2026-05-18T10:35:15Z] commit-checkpoint: refused — nothing to commit in runs/
[2026-05-18T10:35:15Z] push: pushing branch=ticket/T108-t108-multi-project-onboarding-and-project-registry
[2026-05-18T10:35:17Z] push: done branch=ticket/T108-t108-multi-project-onboarding-and-project-registry
[2026-05-18T10:35:51Z] commit-checkpoint: skipped missing scope paths: package.json, package-lock.json
[2026-05-18T10:35:51Z] commit-checkpoint: refused — nothing to commit in runs/
[2026-05-18T10:35:51Z] push: pushing branch=ticket/T108-t108-multi-project-onboarding-and-project-registry
[2026-05-18T10:35:52Z] push: done branch=ticket/T108-t108-multi-project-onboarding-and-project-registry
[2026-05-18T10:36:27Z] commit-checkpoint: skipped missing scope paths: package.json, package-lock.json
[2026-05-18T10:36:27Z] commit-checkpoint: refused — nothing to commit in runs/
[2026-05-18T10:36:27Z] push: pushing branch=ticket/T108-t108-multi-project-onboarding-and-project-registry
[2026-05-18T10:36:28Z] push: done branch=ticket/T108-t108-multi-project-onboarding-and-project-registry
[2026-05-18T10:37:03Z] commit-checkpoint: skipped missing scope paths: package.json, package-lock.json
[2026-05-18T10:37:03Z] commit-checkpoint: refused — nothing to commit in runs/
[2026-05-18T10:37:03Z] push: pushing branch=ticket/T108-t108-multi-project-onboarding-and-project-registry
[2026-05-18T10:37:04Z] push: done branch=ticket/T108-t108-multi-project-onboarding-and-project-registry
[2026-05-18T10:37:38Z] commit-checkpoint: skipped missing scope paths: package.json, package-lock.json
[2026-05-18T10:37:38Z] commit-checkpoint: refused — nothing to commit in runs/
[2026-05-18T10:37:38Z] push: pushing branch=ticket/T108-t108-multi-project-onboarding-and-project-registry
[2026-05-18T10:37:40Z] push: done branch=ticket/T108-t108-multi-project-onboarding-and-project-registry
[2026-05-18T10:38:14Z] commit-checkpoint: skipped missing scope paths: package.json, package-lock.json
[2026-05-18T10:38:14Z] commit-checkpoint: refused — nothing to commit in runs/
[2026-05-18T10:38:14Z] push: pushing branch=ticket/T108-t108-multi-project-onboarding-and-project-registry
[2026-05-18T10:38:16Z] push: done branch=ticket/T108-t108-multi-project-onboarding-and-project-registry
[2026-05-18T10:38:50Z] commit-checkpoint: skipped missing scope paths: package.json, package-lock.json
[2026-05-18T10:38:50Z] commit-checkpoint: refused — nothing to commit in runs/
[2026-05-18T10:38:50Z] push: pushing branch=ticket/T108-t108-multi-project-onboarding-and-project-registry
[2026-05-18T10:38:52Z] push: done branch=ticket/T108-t108-multi-project-onboarding-and-project-registry
[2026-05-18T10:39:26Z] commit-checkpoint: skipped missing scope paths: package.json, package-lock.json
[2026-05-18T10:39:26Z] commit-checkpoint: refused — nothing to commit in runs/
[2026-05-18T10:39:26Z] push: pushing branch=ticket/T108-t108-multi-project-onboarding-and-project-registry
[2026-05-18T10:39:27Z] push: done branch=ticket/T108-t108-multi-project-onboarding-and-project-registry
[2026-05-18T10:40:02Z] commit-checkpoint: skipped missing scope paths: package.json, package-lock.json
[2026-05-18T10:40:02Z] commit-checkpoint: refused — nothing to commit in runs/
[2026-05-18T10:40:02Z] push: pushing branch=ticket/T108-t108-multi-project-onboarding-and-project-registry
[2026-05-18T10:40:03Z] push: done branch=ticket/T108-t108-multi-project-onboarding-and-project-registry
[2026-05-18T10:40:38Z] commit-checkpoint: skipped missing scope paths: package.json, package-lock.json
[2026-05-18T10:40:38Z] commit-checkpoint: refused — nothing to commit in runs/
[2026-05-18T10:40:38Z] push: pushing branch=ticket/T108-t108-multi-project-onboarding-and-project-registry
[2026-05-18T10:40:39Z] push: done branch=ticket/T108-t108-multi-project-onboarding-and-project-registry
[2026-05-18T10:41:13Z] commit-checkpoint: skipped missing scope paths: package.json, package-lock.json
[2026-05-18T10:41:13Z] commit-checkpoint: refused — nothing to commit in runs/
[2026-05-18T10:41:13Z] push: pushing branch=ticket/T108-t108-multi-project-onboarding-and-project-registry
[2026-05-18T10:41:15Z] push: done branch=ticket/T108-t108-multi-project-onboarding-and-project-registry
[2026-05-18T10:41:49Z] commit-checkpoint: skipped missing scope paths: package.json, package-lock.json
[2026-05-18T10:41:49Z] commit-checkpoint: refused — nothing to commit in runs/
[2026-05-18T10:41:49Z] push: pushing branch=ticket/T108-t108-multi-project-onboarding-and-project-registry
[2026-05-18T10:41:50Z] push: done branch=ticket/T108-t108-multi-project-onboarding-and-project-registry
[2026-05-18T10:42:25Z] commit-checkpoint: skipped missing scope paths: package.json, package-lock.json
[2026-05-18T10:42:25Z] commit-checkpoint: refused — nothing to commit in runs/
[2026-05-18T10:42:25Z] push: pushing branch=ticket/T108-t108-multi-project-onboarding-and-project-registry
[2026-05-18T10:42:26Z] push: done branch=ticket/T108-t108-multi-project-onboarding-and-project-registry
[2026-05-18T10:43:00Z] commit-checkpoint: skipped missing scope paths: package.json, package-lock.json
[2026-05-18T10:43:00Z] commit-checkpoint: refused — nothing to commit in runs/
[2026-05-18T10:43:00Z] push: pushing branch=ticket/T108-t108-multi-project-onboarding-and-project-registry
[2026-05-18T10:43:02Z] push: done branch=ticket/T108-t108-multi-project-onboarding-and-project-registry
[2026-05-18T10:43:36Z] commit-checkpoint: skipped missing scope paths: package.json, package-lock.json
[2026-05-18T10:43:36Z] commit-checkpoint: refused — nothing to commit in runs/
[2026-05-18T10:43:36Z] push: pushing branch=ticket/T108-t108-multi-project-onboarding-and-project-registry
[2026-05-18T10:43:38Z] push: done branch=ticket/T108-t108-multi-project-onboarding-and-project-registry
[2026-05-18T10:44:12Z] commit-checkpoint: skipped missing scope paths: package.json, package-lock.json
[2026-05-18T10:44:12Z] commit-checkpoint: refused — nothing to commit in runs/
[2026-05-18T10:44:12Z] push: pushing branch=ticket/T108-t108-multi-project-onboarding-and-project-registry
[2026-05-18T10:44:14Z] push: done branch=ticket/T108-t108-multi-project-onboarding-and-project-registry
[2026-05-18T10:44:48Z] commit-checkpoint: skipped missing scope paths: package.json, package-lock.json
[2026-05-18T10:44:48Z] commit-checkpoint: refused — nothing to commit in runs/
[2026-05-18T10:44:48Z] push: pushing branch=ticket/T108-t108-multi-project-onboarding-and-project-registry
[2026-05-18T10:44:50Z] push: done branch=ticket/T108-t108-multi-project-onboarding-and-project-registry
[2026-05-18T10:45:24Z] commit-checkpoint: skipped missing scope paths: package.json, package-lock.json
[2026-05-18T10:45:24Z] commit-checkpoint: refused — nothing to commit in runs/
[2026-05-18T10:45:24Z] push: pushing branch=ticket/T108-t108-multi-project-onboarding-and-project-registry
[2026-05-18T10:45:26Z] push: done branch=ticket/T108-t108-multi-project-onboarding-and-project-registry
[2026-05-18T10:46:00Z] commit-checkpoint: skipped missing scope paths: package.json, package-lock.json
[2026-05-18T10:46:00Z] commit-checkpoint: refused — nothing to commit in runs/
[2026-05-18T10:46:00Z] push: pushing branch=ticket/T108-t108-multi-project-onboarding-and-project-registry
[2026-05-18T10:46:02Z] push: done branch=ticket/T108-t108-multi-project-onboarding-and-project-registry
[2026-05-18T10:46:36Z] commit-checkpoint: skipped missing scope paths: package.json, package-lock.json
[2026-05-18T10:46:36Z] commit-checkpoint: refused — nothing to commit in runs/
[2026-05-18T10:46:36Z] push: pushing branch=ticket/T108-t108-multi-project-onboarding-and-project-registry
[2026-05-18T10:46:37Z] push: done branch=ticket/T108-t108-multi-project-onboarding-and-project-registry
[2026-05-18T10:47:12Z] commit-checkpoint: skipped missing scope paths: package.json, package-lock.json
[2026-05-18T10:47:12Z] commit-checkpoint: refused — nothing to commit in runs/
[2026-05-18T10:47:12Z] push: pushing branch=ticket/T108-t108-multi-project-onboarding-and-project-registry
[2026-05-18T10:47:13Z] push: done branch=ticket/T108-t108-multi-project-onboarding-and-project-registry
[2026-05-18T10:47:48Z] commit-checkpoint: skipped missing scope paths: package.json, package-lock.json
[2026-05-18T10:47:48Z] commit-checkpoint: refused — nothing to commit in runs/
[2026-05-18T10:47:48Z] push: pushing branch=ticket/T108-t108-multi-project-onboarding-and-project-registry
[2026-05-18T10:47:49Z] push: done branch=ticket/T108-t108-multi-project-onboarding-and-project-registry
[2026-05-18T10:48:23Z] commit-checkpoint: skipped missing scope paths: package.json, package-lock.json
[2026-05-18T10:48:23Z] commit-checkpoint: refused — nothing to commit in runs/
[2026-05-18T10:48:23Z] push: pushing branch=ticket/T108-t108-multi-project-onboarding-and-project-registry
[2026-05-18T10:48:25Z] push: done branch=ticket/T108-t108-multi-project-onboarding-and-project-registry
[2026-05-18T10:48:59Z] commit-checkpoint: skipped missing scope paths: package.json, package-lock.json
[2026-05-18T10:48:59Z] commit-checkpoint: refused — nothing to commit in runs/
[2026-05-18T10:48:59Z] push: pushing branch=ticket/T108-t108-multi-project-onboarding-and-project-registry
[2026-05-18T10:49:01Z] push: done branch=ticket/T108-t108-multi-project-onboarding-and-project-registry
[2026-05-18T10:49:35Z] commit-checkpoint: skipped missing scope paths: package.json, package-lock.json
[2026-05-18T10:49:35Z] commit-checkpoint: refused — nothing to commit in runs/
[2026-05-18T10:49:35Z] push: pushing branch=ticket/T108-t108-multi-project-onboarding-and-project-registry
[2026-05-18T10:49:37Z] push: done branch=ticket/T108-t108-multi-project-onboarding-and-project-registry
[2026-05-18T10:50:11Z] commit-checkpoint: skipped missing scope paths: package.json, package-lock.json
[2026-05-18T10:50:11Z] commit-checkpoint: refused — nothing to commit in runs/
[2026-05-18T10:50:11Z] push: pushing branch=ticket/T108-t108-multi-project-onboarding-and-project-registry
[2026-05-18T10:50:12Z] push: done branch=ticket/T108-t108-multi-project-onboarding-and-project-registry
[2026-05-18T10:50:46Z] commit-checkpoint: skipped missing scope paths: package.json, package-lock.json
[2026-05-18T10:50:46Z] commit-checkpoint: refused — nothing to commit in runs/
[2026-05-18T10:50:46Z] push: pushing branch=ticket/T108-t108-multi-project-onboarding-and-project-registry
[2026-05-18T10:50:48Z] push: done branch=ticket/T108-t108-multi-project-onboarding-and-project-registry
[2026-05-18T10:51:22Z] commit-checkpoint: skipped missing scope paths: package.json, package-lock.json
[2026-05-18T10:51:22Z] commit-checkpoint: refused — nothing to commit in runs/
[2026-05-18T10:51:22Z] push: pushing branch=ticket/T108-t108-multi-project-onboarding-and-project-registry
[2026-05-18T10:51:23Z] push: done branch=ticket/T108-t108-multi-project-onboarding-and-project-registry
[2026-05-18T10:51:58Z] commit-checkpoint: skipped missing scope paths: package.json, package-lock.json
[2026-05-18T10:51:58Z] commit-checkpoint: refused — nothing to commit in runs/
[2026-05-18T10:51:58Z] push: pushing branch=ticket/T108-t108-multi-project-onboarding-and-project-registry
[2026-05-18T10:51:59Z] push: done branch=ticket/T108-t108-multi-project-onboarding-and-project-registry
[2026-05-18T10:52:33Z] commit-checkpoint: skipped missing scope paths: package.json, package-lock.json
[2026-05-18T10:52:33Z] commit-checkpoint: refused — nothing to commit in runs/
[2026-05-18T10:52:33Z] push: pushing branch=ticket/T108-t108-multi-project-onboarding-and-project-registry
[2026-05-18T10:52:35Z] push: done branch=ticket/T108-t108-multi-project-onboarding-and-project-registry
[2026-05-18T10:53:09Z] commit-checkpoint: skipped missing scope paths: package.json, package-lock.json
[2026-05-18T10:53:09Z] commit-checkpoint: refused — nothing to commit in runs/
[2026-05-18T10:53:09Z] push: pushing branch=ticket/T108-t108-multi-project-onboarding-and-project-registry
[2026-05-18T10:53:11Z] push: done branch=ticket/T108-t108-multi-project-onboarding-and-project-registry
[2026-05-18T10:53:45Z] commit-checkpoint: skipped missing scope paths: package.json, package-lock.json
[2026-05-18T10:53:45Z] commit-checkpoint: refused — nothing to commit in runs/
[2026-05-18T10:53:45Z] push: pushing branch=ticket/T108-t108-multi-project-onboarding-and-project-registry
[2026-05-18T10:53:47Z] push: done branch=ticket/T108-t108-multi-project-onboarding-and-project-registry
[2026-05-18T10:54:21Z] commit-checkpoint: skipped missing scope paths: package.json, package-lock.json
[2026-05-18T10:54:21Z] commit-checkpoint: refused — nothing to commit in runs/
[2026-05-18T10:54:21Z] push: pushing branch=ticket/T108-t108-multi-project-onboarding-and-project-registry
[2026-05-18T10:54:22Z] push: done branch=ticket/T108-t108-multi-project-onboarding-and-project-registry
[2026-05-18T10:54:56Z] commit-checkpoint: skipped missing scope paths: package.json, package-lock.json
[2026-05-18T10:54:56Z] commit-checkpoint: refused — nothing to commit in runs/
[2026-05-18T10:54:56Z] push: pushing branch=ticket/T108-t108-multi-project-onboarding-and-project-registry
[2026-05-18T10:54:58Z] push: done branch=ticket/T108-t108-multi-project-onboarding-and-project-registry
[2026-05-18T10:55:32Z] commit-checkpoint: skipped missing scope paths: package.json, package-lock.json
[2026-05-18T10:55:32Z] commit-checkpoint: refused — nothing to commit in runs/
[2026-05-18T10:55:32Z] push: pushing branch=ticket/T108-t108-multi-project-onboarding-and-project-registry
[2026-05-18T10:55:34Z] push: done branch=ticket/T108-t108-multi-project-onboarding-and-project-registry
[2026-05-18T10:56:08Z] commit-checkpoint: skipped missing scope paths: package.json, package-lock.json
[2026-05-18T10:56:08Z] commit-checkpoint: refused — nothing to commit in runs/
[2026-05-18T10:56:08Z] push: pushing branch=ticket/T108-t108-multi-project-onboarding-and-project-registry
[2026-05-18T10:56:10Z] push: done branch=ticket/T108-t108-multi-project-onboarding-and-project-registry
[2026-05-18T10:56:44Z] commit-checkpoint: skipped missing scope paths: package.json, package-lock.json
[2026-05-18T10:56:44Z] commit-checkpoint: refused — nothing to commit in runs/
[2026-05-18T10:56:44Z] push: pushing branch=ticket/T108-t108-multi-project-onboarding-and-project-registry
[2026-05-18T10:56:45Z] push: done branch=ticket/T108-t108-multi-project-onboarding-and-project-registry
[2026-05-18T10:57:20Z] commit-checkpoint: skipped missing scope paths: package.json, package-lock.json
[2026-05-18T10:57:20Z] commit-checkpoint: refused — nothing to commit in runs/
[2026-05-18T10:57:20Z] push: pushing branch=ticket/T108-t108-multi-project-onboarding-and-project-registry
[2026-05-18T10:57:21Z] push: done branch=ticket/T108-t108-multi-project-onboarding-and-project-registry
[2026-05-18T10:57:56Z] commit-checkpoint: skipped missing scope paths: package.json, package-lock.json
[2026-05-18T10:57:56Z] commit-checkpoint: refused — nothing to commit in runs/
[2026-05-18T10:57:56Z] push: pushing branch=ticket/T108-t108-multi-project-onboarding-and-project-registry
[2026-05-18T10:57:57Z] push: done branch=ticket/T108-t108-multi-project-onboarding-and-project-registry
[2026-05-18T10:58:31Z] commit-checkpoint: skipped missing scope paths: package.json, package-lock.json
[2026-05-18T10:58:31Z] commit-checkpoint: refused — nothing to commit in runs/
[2026-05-18T10:58:31Z] push: pushing branch=ticket/T108-t108-multi-project-onboarding-and-project-registry
[2026-05-18T10:58:33Z] push: done branch=ticket/T108-t108-multi-project-onboarding-and-project-registry
[2026-05-18T10:59:07Z] commit-checkpoint: skipped missing scope paths: package.json, package-lock.json
[2026-05-18T10:59:07Z] commit-checkpoint: refused — nothing to commit in runs/
[2026-05-18T10:59:07Z] push: pushing branch=ticket/T108-t108-multi-project-onboarding-and-project-registry
[2026-05-18T10:59:09Z] push: done branch=ticket/T108-t108-multi-project-onboarding-and-project-registry
[2026-05-18T10:59:43Z] commit-checkpoint: skipped missing scope paths: package.json, package-lock.json
[2026-05-18T10:59:43Z] commit-checkpoint: refused — nothing to commit in runs/
[2026-05-18T10:59:43Z] push: pushing branch=ticket/T108-t108-multi-project-onboarding-and-project-registry
[2026-05-18T10:59:45Z] push: done branch=ticket/T108-t108-multi-project-onboarding-and-project-registry
[2026-05-18T11:00:19Z] commit-checkpoint: skipped missing scope paths: package.json, package-lock.json
[2026-05-18T11:00:19Z] commit-checkpoint: refused — nothing to commit in runs/
[2026-05-18T11:00:19Z] push: pushing branch=ticket/T108-t108-multi-project-onboarding-and-project-registry
[2026-05-18T11:00:21Z] push: done branch=ticket/T108-t108-multi-project-onboarding-and-project-registry
[2026-05-18T11:00:55Z] commit-checkpoint: skipped missing scope paths: package.json, package-lock.json
[2026-05-18T11:00:55Z] commit-checkpoint: refused — nothing to commit in runs/
[2026-05-18T11:00:55Z] push: pushing branch=ticket/T108-t108-multi-project-onboarding-and-project-registry
[2026-05-18T11:00:57Z] push: done branch=ticket/T108-t108-multi-project-onboarding-and-project-registry
[2026-05-18T11:01:31Z] commit-checkpoint: skipped missing scope paths: package.json, package-lock.json
[2026-05-18T11:01:31Z] commit-checkpoint: refused — nothing to commit in runs/
[2026-05-18T11:01:31Z] push: pushing branch=ticket/T108-t108-multi-project-onboarding-and-project-registry
[2026-05-18T11:01:32Z] push: done branch=ticket/T108-t108-multi-project-onboarding-and-project-registry
[2026-05-18T11:02:07Z] commit-checkpoint: skipped missing scope paths: package.json, package-lock.json
[2026-05-18T11:02:07Z] commit-checkpoint: refused — nothing to commit in runs/
[2026-05-18T11:02:07Z] push: pushing branch=ticket/T108-t108-multi-project-onboarding-and-project-registry
[2026-05-18T11:02:08Z] push: done branch=ticket/T108-t108-multi-project-onboarding-and-project-registry
[2026-05-18T11:02:43Z] commit-checkpoint: skipped missing scope paths: package.json, package-lock.json
[2026-05-18T11:02:43Z] commit-checkpoint: refused — nothing to commit in runs/
[2026-05-18T11:02:43Z] push: pushing branch=ticket/T108-t108-multi-project-onboarding-and-project-registry
[2026-05-18T11:02:44Z] push: done branch=ticket/T108-t108-multi-project-onboarding-and-project-registry
[2026-05-18T11:03:18Z] commit-checkpoint: skipped missing scope paths: package.json, package-lock.json
[2026-05-18T11:03:18Z] commit-checkpoint: refused — nothing to commit in runs/
[2026-05-18T11:03:19Z] push: pushing branch=ticket/T108-t108-multi-project-onboarding-and-project-registry
[2026-05-18T11:03:20Z] push: done branch=ticket/T108-t108-multi-project-onboarding-and-project-registry
[2026-05-18T11:03:54Z] commit-checkpoint: skipped missing scope paths: package.json, package-lock.json
[2026-05-18T11:03:54Z] commit-checkpoint: refused — nothing to commit in runs/
[2026-05-18T11:03:54Z] push: pushing branch=ticket/T108-t108-multi-project-onboarding-and-project-registry
[2026-05-18T11:03:56Z] push: done branch=ticket/T108-t108-multi-project-onboarding-and-project-registry
[2026-05-18T11:04:30Z] commit-checkpoint: skipped missing scope paths: package.json, package-lock.json
[2026-05-18T11:04:30Z] commit-checkpoint: refused — nothing to commit in runs/
[2026-05-18T11:04:31Z] push: pushing branch=ticket/T108-t108-multi-project-onboarding-and-project-registry
[2026-05-18T11:04:32Z] push: done branch=ticket/T108-t108-multi-project-onboarding-and-project-registry
[2026-05-18T11:05:06Z] commit-checkpoint: skipped missing scope paths: package.json, package-lock.json
[2026-05-18T11:05:06Z] commit-checkpoint: refused — nothing to commit in runs/
[2026-05-18T11:05:07Z] push: pushing branch=ticket/T108-t108-multi-project-onboarding-and-project-registry
[2026-05-18T11:05:08Z] push: done branch=ticket/T108-t108-multi-project-onboarding-and-project-registry
[2026-05-18T11:05:42Z] commit-checkpoint: skipped missing scope paths: package.json, package-lock.json
[2026-05-18T11:05:42Z] commit-checkpoint: refused — nothing to commit in runs/
[2026-05-18T11:05:42Z] push: pushing branch=ticket/T108-t108-multi-project-onboarding-and-project-registry
[2026-05-18T11:05:44Z] push: done branch=ticket/T108-t108-multi-project-onboarding-and-project-registry
[2026-05-18T11:06:18Z] commit-checkpoint: skipped missing scope paths: package.json, package-lock.json
[2026-05-18T11:06:18Z] commit-checkpoint: refused — nothing to commit in runs/
[2026-05-18T11:06:18Z] push: pushing branch=ticket/T108-t108-multi-project-onboarding-and-project-registry
[2026-05-18T11:06:20Z] push: done branch=ticket/T108-t108-multi-project-onboarding-and-project-registry
[2026-05-18T11:06:54Z] commit-checkpoint: skipped missing scope paths: package.json, package-lock.json
[2026-05-18T11:06:54Z] commit-checkpoint: refused — nothing to commit in runs/
[2026-05-18T11:06:54Z] push: pushing branch=ticket/T108-t108-multi-project-onboarding-and-project-registry
[2026-05-18T11:06:56Z] push: done branch=ticket/T108-t108-multi-project-onboarding-and-project-registry
[2026-05-18T11:07:30Z] commit-checkpoint: skipped missing scope paths: package.json, package-lock.json
[2026-05-18T11:07:30Z] commit-checkpoint: refused — nothing to commit in runs/
[2026-05-18T11:07:30Z] push: pushing branch=ticket/T108-t108-multi-project-onboarding-and-project-registry
[2026-05-18T11:07:32Z] push: done branch=ticket/T108-t108-multi-project-onboarding-and-project-registry
[2026-05-18T11:08:06Z] commit-checkpoint: skipped missing scope paths: package.json, package-lock.json
[2026-05-18T11:08:06Z] commit-checkpoint: refused — nothing to commit in runs/
[2026-05-18T11:08:06Z] push: pushing branch=ticket/T108-t108-multi-project-onboarding-and-project-registry
[2026-05-18T11:08:08Z] push: done branch=ticket/T108-t108-multi-project-onboarding-and-project-registry
[2026-05-18T11:08:42Z] commit-checkpoint: skipped missing scope paths: package.json, package-lock.json
[2026-05-18T11:08:42Z] commit-checkpoint: refused — nothing to commit in runs/
[2026-05-18T11:08:42Z] push: pushing branch=ticket/T108-t108-multi-project-onboarding-and-project-registry
[2026-05-18T11:08:43Z] push: done branch=ticket/T108-t108-multi-project-onboarding-and-project-registry
[2026-05-18T11:09:17Z] commit-checkpoint: skipped missing scope paths: package.json, package-lock.json
[2026-05-18T11:09:17Z] commit-checkpoint: refused — nothing to commit in runs/
[2026-05-18T11:09:17Z] push: pushing branch=ticket/T108-t108-multi-project-onboarding-and-project-registry
[2026-05-18T11:09:19Z] push: done branch=ticket/T108-t108-multi-project-onboarding-and-project-registry
[2026-05-18T11:09:53Z] commit-checkpoint: skipped missing scope paths: package.json, package-lock.json
[2026-05-18T11:09:53Z] commit-checkpoint: refused — nothing to commit in runs/
[2026-05-18T11:09:53Z] push: pushing branch=ticket/T108-t108-multi-project-onboarding-and-project-registry
[2026-05-18T11:09:55Z] push: done branch=ticket/T108-t108-multi-project-onboarding-and-project-registry
[2026-05-18T11:10:29Z] commit-checkpoint: skipped missing scope paths: package.json, package-lock.json
[2026-05-18T11:10:29Z] commit-checkpoint: refused — nothing to commit in runs/
[2026-05-18T11:10:29Z] push: pushing branch=ticket/T108-t108-multi-project-onboarding-and-project-registry
[2026-05-18T11:10:31Z] push: done branch=ticket/T108-t108-multi-project-onboarding-and-project-registry
[2026-05-18T11:11:05Z] commit-checkpoint: skipped missing scope paths: package.json, package-lock.json
[2026-05-18T11:11:05Z] commit-checkpoint: refused — nothing to commit in runs/
[2026-05-18T11:11:05Z] push: pushing branch=ticket/T108-t108-multi-project-onboarding-and-project-registry
[2026-05-18T11:11:07Z] push: done branch=ticket/T108-t108-multi-project-onboarding-and-project-registry
[2026-05-18T11:11:41Z] commit-checkpoint: skipped missing scope paths: package.json, package-lock.json
[2026-05-18T11:11:41Z] commit-checkpoint: refused — nothing to commit in runs/
[2026-05-18T11:11:41Z] push: pushing branch=ticket/T108-t108-multi-project-onboarding-and-project-registry
[2026-05-18T11:11:43Z] push: done branch=ticket/T108-t108-multi-project-onboarding-and-project-registry
[2026-05-18T11:12:17Z] commit-checkpoint: skipped missing scope paths: package.json, package-lock.json
[2026-05-18T11:12:17Z] commit-checkpoint: refused — nothing to commit in runs/
[2026-05-18T11:12:17Z] push: pushing branch=ticket/T108-t108-multi-project-onboarding-and-project-registry
[2026-05-18T11:12:19Z] push: done branch=ticket/T108-t108-multi-project-onboarding-and-project-registry
[2026-05-18T11:12:53Z] commit-checkpoint: skipped missing scope paths: package.json, package-lock.json
[2026-05-18T11:12:53Z] commit-checkpoint: refused — nothing to commit in runs/
[2026-05-18T11:12:53Z] push: pushing branch=ticket/T108-t108-multi-project-onboarding-and-project-registry
[2026-05-18T11:12:55Z] push: done branch=ticket/T108-t108-multi-project-onboarding-and-project-registry
[2026-05-18T11:13:29Z] commit-checkpoint: skipped missing scope paths: package.json, package-lock.json
[2026-05-18T11:13:29Z] commit-checkpoint: refused — nothing to commit in runs/
[2026-05-18T11:13:29Z] push: pushing branch=ticket/T108-t108-multi-project-onboarding-and-project-registry
[2026-05-18T11:13:30Z] push: done branch=ticket/T108-t108-multi-project-onboarding-and-project-registry
[2026-05-18T11:14:05Z] commit-checkpoint: skipped missing scope paths: package.json, package-lock.json
[2026-05-18T11:14:05Z] commit-checkpoint: refused — nothing to commit in runs/
[2026-05-18T11:14:05Z] push: pushing branch=ticket/T108-t108-multi-project-onboarding-and-project-registry
[2026-05-18T11:14:06Z] push: done branch=ticket/T108-t108-multi-project-onboarding-and-project-registry
[2026-05-18T11:14:40Z] commit-checkpoint: skipped missing scope paths: package.json, package-lock.json
[2026-05-18T11:14:40Z] commit-checkpoint: refused — nothing to commit in runs/
[2026-05-18T11:14:40Z] push: pushing branch=ticket/T108-t108-multi-project-onboarding-and-project-registry
[2026-05-18T11:14:42Z] push: done branch=ticket/T108-t108-multi-project-onboarding-and-project-registry
[2026-05-18T11:15:16Z] commit-checkpoint: skipped missing scope paths: package.json, package-lock.json
[2026-05-18T11:15:16Z] commit-checkpoint: refused — nothing to commit in runs/
[2026-05-18T11:15:16Z] push: pushing branch=ticket/T108-t108-multi-project-onboarding-and-project-registry
[2026-05-18T11:15:18Z] push: done branch=ticket/T108-t108-multi-project-onboarding-and-project-registry
[2026-05-18T11:15:52Z] commit-checkpoint: skipped missing scope paths: package.json, package-lock.json
[2026-05-18T11:15:52Z] commit-checkpoint: refused — nothing to commit in runs/
[2026-05-18T11:15:52Z] push: pushing branch=ticket/T108-t108-multi-project-onboarding-and-project-registry
[2026-05-18T11:15:54Z] push: done branch=ticket/T108-t108-multi-project-onboarding-and-project-registry
[2026-05-18T11:16:28Z] commit-checkpoint: skipped missing scope paths: package.json, package-lock.json
[2026-05-18T11:16:28Z] commit-checkpoint: refused — nothing to commit in runs/
[2026-05-18T11:16:28Z] push: pushing branch=ticket/T108-t108-multi-project-onboarding-and-project-registry
[2026-05-18T11:16:29Z] push: done branch=ticket/T108-t108-multi-project-onboarding-and-project-registry
[2026-05-18T11:17:04Z] commit-checkpoint: skipped missing scope paths: package.json, package-lock.json
[2026-05-18T11:17:04Z] commit-checkpoint: refused — nothing to commit in runs/
[2026-05-18T11:17:04Z] push: pushing branch=ticket/T108-t108-multi-project-onboarding-and-project-registry
[2026-05-18T11:17:05Z] push: done branch=ticket/T108-t108-multi-project-onboarding-and-project-registry
[2026-05-18T11:17:40Z] commit-checkpoint: skipped missing scope paths: package.json, package-lock.json
[2026-05-18T11:17:40Z] commit-checkpoint: refused — nothing to commit in runs/
[2026-05-18T11:17:40Z] push: pushing branch=ticket/T108-t108-multi-project-onboarding-and-project-registry
[2026-05-18T11:17:41Z] push: done branch=ticket/T108-t108-multi-project-onboarding-and-project-registry
[2026-05-18T11:18:16Z] commit-checkpoint: skipped missing scope paths: package.json, package-lock.json
[2026-05-18T11:18:16Z] commit-checkpoint: refused — nothing to commit in runs/
[2026-05-18T11:18:16Z] push: pushing branch=ticket/T108-t108-multi-project-onboarding-and-project-registry
[2026-05-18T11:18:17Z] push: done branch=ticket/T108-t108-multi-project-onboarding-and-project-registry
[2026-05-18T11:18:52Z] commit-checkpoint: skipped missing scope paths: package.json, package-lock.json
[2026-05-18T11:18:52Z] commit-checkpoint: refused — nothing to commit in runs/
[2026-05-18T11:18:52Z] push: pushing branch=ticket/T108-t108-multi-project-onboarding-and-project-registry
[2026-05-18T11:18:53Z] push: done branch=ticket/T108-t108-multi-project-onboarding-and-project-registry
[2026-05-18T11:19:28Z] commit-checkpoint: skipped missing scope paths: package.json, package-lock.json
[2026-05-18T11:19:28Z] commit-checkpoint: refused — nothing to commit in runs/
[2026-05-18T11:19:28Z] push: pushing branch=ticket/T108-t108-multi-project-onboarding-and-project-registry
[2026-05-18T11:19:29Z] push: done branch=ticket/T108-t108-multi-project-onboarding-and-project-registry
[2026-05-18T11:20:04Z] commit-checkpoint: skipped missing scope paths: package.json, package-lock.json
[2026-05-18T11:20:04Z] commit-checkpoint: refused — nothing to commit in runs/
[2026-05-18T11:20:04Z] push: pushing branch=ticket/T108-t108-multi-project-onboarding-and-project-registry
[2026-05-18T11:20:05Z] push: done branch=ticket/T108-t108-multi-project-onboarding-and-project-registry
[2026-05-18T11:20:39Z] commit-checkpoint: skipped missing scope paths: package.json, package-lock.json
[2026-05-18T11:20:39Z] commit-checkpoint: refused — nothing to commit in runs/
[2026-05-18T11:20:39Z] push: pushing branch=ticket/T108-t108-multi-project-onboarding-and-project-registry
[2026-05-18T11:20:41Z] push: done branch=ticket/T108-t108-multi-project-onboarding-and-project-registry
[2026-05-18T11:21:15Z] commit-checkpoint: skipped missing scope paths: package.json, package-lock.json
[2026-05-18T11:21:15Z] commit-checkpoint: refused — nothing to commit in runs/
[2026-05-18T11:21:15Z] push: pushing branch=ticket/T108-t108-multi-project-onboarding-and-project-registry
[2026-05-18T11:21:17Z] push: done branch=ticket/T108-t108-multi-project-onboarding-and-project-registry
[2026-05-18T11:21:51Z] commit-checkpoint: skipped missing scope paths: package.json, package-lock.json
[2026-05-18T11:21:51Z] commit-checkpoint: refused — nothing to commit in runs/
[2026-05-18T11:21:51Z] push: pushing branch=ticket/T108-t108-multi-project-onboarding-and-project-registry
[2026-05-18T11:21:53Z] push: done branch=ticket/T108-t108-multi-project-onboarding-and-project-registry
[2026-05-18T11:22:27Z] commit-checkpoint: skipped missing scope paths: package.json, package-lock.json
[2026-05-18T11:22:27Z] commit-checkpoint: refused — nothing to commit in runs/
[2026-05-18T11:22:27Z] push: pushing branch=ticket/T108-t108-multi-project-onboarding-and-project-registry
[2026-05-18T11:22:29Z] push: done branch=ticket/T108-t108-multi-project-onboarding-and-project-registry
[2026-05-18T11:23:03Z] commit-checkpoint: skipped missing scope paths: package.json, package-lock.json
[2026-05-18T11:23:03Z] commit-checkpoint: refused — nothing to commit in runs/
[2026-05-18T11:23:03Z] push: pushing branch=ticket/T108-t108-multi-project-onboarding-and-project-registry
[2026-05-18T11:23:05Z] push: done branch=ticket/T108-t108-multi-project-onboarding-and-project-registry
[2026-05-18T11:23:39Z] commit-checkpoint: skipped missing scope paths: package.json, package-lock.json
[2026-05-18T11:23:39Z] commit-checkpoint: refused — nothing to commit in runs/
[2026-05-18T11:23:39Z] push: pushing branch=ticket/T108-t108-multi-project-onboarding-and-project-registry
[2026-05-18T11:23:40Z] push: done branch=ticket/T108-t108-multi-project-onboarding-and-project-registry
[2026-05-18T11:24:14Z] commit-checkpoint: skipped missing scope paths: package.json, package-lock.json
[2026-05-18T11:24:14Z] commit-checkpoint: refused — nothing to commit in runs/
[2026-05-18T11:24:14Z] push: pushing branch=ticket/T108-t108-multi-project-onboarding-and-project-registry
[2026-05-18T11:24:16Z] push: done branch=ticket/T108-t108-multi-project-onboarding-and-project-registry
[2026-05-18T11:24:50Z] commit-checkpoint: skipped missing scope paths: package.json, package-lock.json
[2026-05-18T11:24:50Z] commit-checkpoint: refused — nothing to commit in runs/
[2026-05-18T11:24:50Z] push: pushing branch=ticket/T108-t108-multi-project-onboarding-and-project-registry
[2026-05-18T11:24:52Z] push: done branch=ticket/T108-t108-multi-project-onboarding-and-project-registry
[2026-05-18T11:25:26Z] commit-checkpoint: skipped missing scope paths: package.json, package-lock.json
[2026-05-18T11:25:26Z] commit-checkpoint: refused — nothing to commit in runs/
[2026-05-18T11:25:26Z] push: pushing branch=ticket/T108-t108-multi-project-onboarding-and-project-registry
[2026-05-18T11:25:28Z] push: done branch=ticket/T108-t108-multi-project-onboarding-and-project-registry
[2026-05-18T11:26:03Z] commit-checkpoint: skipped missing scope paths: package.json, package-lock.json
[2026-05-18T11:26:03Z] commit-checkpoint: refused — nothing to commit in runs/
[2026-05-18T11:26:03Z] push: pushing branch=ticket/T108-t108-multi-project-onboarding-and-project-registry
[2026-05-18T11:26:05Z] push: done branch=ticket/T108-t108-multi-project-onboarding-and-project-registry
[2026-05-18T11:26:39Z] commit-checkpoint: skipped missing scope paths: package.json, package-lock.json
[2026-05-18T11:26:39Z] commit-checkpoint: refused — nothing to commit in runs/
[2026-05-18T11:26:39Z] push: pushing branch=ticket/T108-t108-multi-project-onboarding-and-project-registry
[2026-05-18T11:26:41Z] push: done branch=ticket/T108-t108-multi-project-onboarding-and-project-registry
[2026-05-18T11:27:15Z] commit-checkpoint: skipped missing scope paths: package.json, package-lock.json
[2026-05-18T11:27:15Z] commit-checkpoint: refused — nothing to commit in runs/
[2026-05-18T11:27:15Z] push: pushing branch=ticket/T108-t108-multi-project-onboarding-and-project-registry
[2026-05-18T11:27:17Z] push: done branch=ticket/T108-t108-multi-project-onboarding-and-project-registry
[2026-05-18T11:27:51Z] commit-checkpoint: skipped missing scope paths: package.json, package-lock.json
[2026-05-18T11:27:51Z] commit-checkpoint: refused — nothing to commit in runs/
[2026-05-18T11:27:51Z] push: pushing branch=ticket/T108-t108-multi-project-onboarding-and-project-registry
[2026-05-18T11:27:53Z] push: done branch=ticket/T108-t108-multi-project-onboarding-and-project-registry
[2026-05-18T11:28:27Z] commit-checkpoint: skipped missing scope paths: package.json, package-lock.json
[2026-05-18T11:28:27Z] commit-checkpoint: refused — nothing to commit in runs/
[2026-05-18T11:28:27Z] push: pushing branch=ticket/T108-t108-multi-project-onboarding-and-project-registry
[2026-05-18T11:28:28Z] push: done branch=ticket/T108-t108-multi-project-onboarding-and-project-registry
[2026-05-18T11:29:03Z] commit-checkpoint: skipped missing scope paths: package.json, package-lock.json
[2026-05-18T11:29:03Z] commit-checkpoint: refused — nothing to commit in runs/
[2026-05-18T11:29:03Z] push: pushing branch=ticket/T108-t108-multi-project-onboarding-and-project-registry
[2026-05-18T11:29:04Z] push: done branch=ticket/T108-t108-multi-project-onboarding-and-project-registry
[2026-05-18T11:29:39Z] commit-checkpoint: skipped missing scope paths: package.json, package-lock.json
[2026-05-18T11:29:39Z] commit-checkpoint: refused — nothing to commit in runs/
[2026-05-18T11:29:39Z] push: pushing branch=ticket/T108-t108-multi-project-onboarding-and-project-registry
[2026-05-18T11:29:40Z] push: done branch=ticket/T108-t108-multi-project-onboarding-and-project-registry
[2026-05-18T11:30:14Z] commit-checkpoint: skipped missing scope paths: package.json, package-lock.json
[2026-05-18T11:30:14Z] commit-checkpoint: refused — nothing to commit in runs/
[2026-05-18T11:30:15Z] push: pushing branch=ticket/T108-t108-multi-project-onboarding-and-project-registry
[2026-05-18T11:30:16Z] push: done branch=ticket/T108-t108-multi-project-onboarding-and-project-registry
[2026-05-18T11:30:50Z] commit-checkpoint: skipped missing scope paths: package.json, package-lock.json
[2026-05-18T11:30:50Z] commit-checkpoint: refused — nothing to commit in runs/
[2026-05-18T11:30:50Z] push: pushing branch=ticket/T108-t108-multi-project-onboarding-and-project-registry
[2026-05-18T11:30:52Z] push: done branch=ticket/T108-t108-multi-project-onboarding-and-project-registry
[2026-05-18T11:31:26Z] commit-checkpoint: skipped missing scope paths: package.json, package-lock.json
[2026-05-18T11:31:26Z] commit-checkpoint: refused — nothing to commit in runs/
[2026-05-18T11:31:26Z] push: pushing branch=ticket/T108-t108-multi-project-onboarding-and-project-registry
[2026-05-18T11:31:27Z] push: done branch=ticket/T108-t108-multi-project-onboarding-and-project-registry
[2026-05-18T11:32:02Z] commit-checkpoint: skipped missing scope paths: package.json, package-lock.json
[2026-05-18T11:32:02Z] commit-checkpoint: refused — nothing to commit in runs/
[2026-05-18T11:32:02Z] push: pushing branch=ticket/T108-t108-multi-project-onboarding-and-project-registry
[2026-05-18T11:32:03Z] push: done branch=ticket/T108-t108-multi-project-onboarding-and-project-registry
[2026-05-18T11:32:38Z] commit-checkpoint: skipped missing scope paths: package.json, package-lock.json
[2026-05-18T11:32:38Z] commit-checkpoint: refused — nothing to commit in runs/
[2026-05-18T11:32:38Z] push: pushing branch=ticket/T108-t108-multi-project-onboarding-and-project-registry
[2026-05-18T11:32:39Z] push: done branch=ticket/T108-t108-multi-project-onboarding-and-project-registry
[2026-05-18T11:33:13Z] commit-checkpoint: skipped missing scope paths: package.json, package-lock.json
[2026-05-18T11:33:13Z] commit-checkpoint: refused — nothing to commit in runs/
[2026-05-18T11:33:13Z] push: pushing branch=ticket/T108-t108-multi-project-onboarding-and-project-registry
[2026-05-18T11:33:15Z] push: done branch=ticket/T108-t108-multi-project-onboarding-and-project-registry
[2026-05-18T11:33:49Z] commit-checkpoint: skipped missing scope paths: package.json, package-lock.json
[2026-05-18T11:33:49Z] commit-checkpoint: refused — nothing to commit in runs/
[2026-05-18T11:33:49Z] push: pushing branch=ticket/T108-t108-multi-project-onboarding-and-project-registry
[2026-05-18T11:33:51Z] push: done branch=ticket/T108-t108-multi-project-onboarding-and-project-registry
[2026-05-18T11:34:25Z] commit-checkpoint: skipped missing scope paths: package.json, package-lock.json
[2026-05-18T11:34:25Z] commit-checkpoint: refused — nothing to commit in runs/
[2026-05-18T11:34:25Z] push: pushing branch=ticket/T108-t108-multi-project-onboarding-and-project-registry
[2026-05-18T11:34:27Z] push: done branch=ticket/T108-t108-multi-project-onboarding-and-project-registry
[2026-05-18T11:35:01Z] commit-checkpoint: skipped missing scope paths: package.json, package-lock.json
[2026-05-18T11:35:01Z] commit-checkpoint: refused — nothing to commit in runs/
[2026-05-18T11:35:01Z] push: pushing branch=ticket/T108-t108-multi-project-onboarding-and-project-registry
[2026-05-18T11:35:03Z] push: done branch=ticket/T108-t108-multi-project-onboarding-and-project-registry
[2026-05-18T11:35:37Z] commit-checkpoint: skipped missing scope paths: package.json, package-lock.json
[2026-05-18T11:35:37Z] commit-checkpoint: refused — nothing to commit in runs/
[2026-05-18T11:35:37Z] push: pushing branch=ticket/T108-t108-multi-project-onboarding-and-project-registry
[2026-05-18T11:35:39Z] push: done branch=ticket/T108-t108-multi-project-onboarding-and-project-registry
[2026-05-18T11:36:13Z] commit-checkpoint: skipped missing scope paths: package.json, package-lock.json
[2026-05-18T11:36:13Z] commit-checkpoint: refused — nothing to commit in runs/
[2026-05-18T11:36:13Z] push: pushing branch=ticket/T108-t108-multi-project-onboarding-and-project-registry
[2026-05-18T11:36:15Z] push: done branch=ticket/T108-t108-multi-project-onboarding-and-project-registry
[2026-05-18T11:36:49Z] commit-checkpoint: skipped missing scope paths: package.json, package-lock.json
[2026-05-18T11:36:49Z] commit-checkpoint: refused — nothing to commit in runs/
[2026-05-18T11:36:49Z] push: pushing branch=ticket/T108-t108-multi-project-onboarding-and-project-registry
[2026-05-18T11:36:50Z] push: done branch=ticket/T108-t108-multi-project-onboarding-and-project-registry
[2026-05-18T11:37:24Z] commit-checkpoint: skipped missing scope paths: package.json, package-lock.json
[2026-05-18T11:37:24Z] commit-checkpoint: refused — nothing to commit in runs/
[2026-05-18T11:37:24Z] push: pushing branch=ticket/T108-t108-multi-project-onboarding-and-project-registry
[2026-05-18T11:37:26Z] push: done branch=ticket/T108-t108-multi-project-onboarding-and-project-registry
[2026-05-18T11:38:01Z] commit-checkpoint: skipped missing scope paths: package.json, package-lock.json
[2026-05-18T11:38:01Z] commit-checkpoint: refused — nothing to commit in runs/
[2026-05-18T11:38:01Z] push: pushing branch=ticket/T108-t108-multi-project-onboarding-and-project-registry
[2026-05-18T11:38:02Z] push: done branch=ticket/T108-t108-multi-project-onboarding-and-project-registry
[2026-05-18T11:38:36Z] commit-checkpoint: skipped missing scope paths: package.json, package-lock.json
[2026-05-18T11:38:36Z] commit-checkpoint: refused — nothing to commit in runs/
[2026-05-18T11:38:36Z] push: pushing branch=ticket/T108-t108-multi-project-onboarding-and-project-registry
[2026-05-18T11:38:38Z] push: done branch=ticket/T108-t108-multi-project-onboarding-and-project-registry
[2026-05-18T11:39:13Z] commit-checkpoint: skipped missing scope paths: package.json, package-lock.json
[2026-05-18T11:39:13Z] commit-checkpoint: refused — nothing to commit in runs/
[2026-05-18T11:39:13Z] push: pushing branch=ticket/T108-t108-multi-project-onboarding-and-project-registry
[2026-05-18T11:39:14Z] push: done branch=ticket/T108-t108-multi-project-onboarding-and-project-registry
[2026-05-18T11:39:48Z] commit-checkpoint: skipped missing scope paths: package.json, package-lock.json
[2026-05-18T11:39:48Z] commit-checkpoint: refused — nothing to commit in runs/
[2026-05-18T11:39:48Z] push: pushing branch=ticket/T108-t108-multi-project-onboarding-and-project-registry
[2026-05-18T11:39:50Z] push: done branch=ticket/T108-t108-multi-project-onboarding-and-project-registry
[2026-05-18T11:40:24Z] commit-checkpoint: skipped missing scope paths: package.json, package-lock.json
[2026-05-18T11:40:24Z] commit-checkpoint: refused — nothing to commit in runs/
[2026-05-18T11:40:24Z] push: pushing branch=ticket/T108-t108-multi-project-onboarding-and-project-registry
[2026-05-18T11:40:26Z] push: done branch=ticket/T108-t108-multi-project-onboarding-and-project-registry
[2026-05-18T11:41:00Z] commit-checkpoint: skipped missing scope paths: package.json, package-lock.json
[2026-05-18T11:41:00Z] commit-checkpoint: refused — nothing to commit in runs/
[2026-05-18T11:41:00Z] push: pushing branch=ticket/T108-t108-multi-project-onboarding-and-project-registry
[2026-05-18T11:41:02Z] push: done branch=ticket/T108-t108-multi-project-onboarding-and-project-registry
[2026-05-18T11:41:36Z] commit-checkpoint: skipped missing scope paths: package.json, package-lock.json
[2026-05-18T11:41:36Z] commit-checkpoint: refused — nothing to commit in runs/
[2026-05-18T11:41:36Z] push: pushing branch=ticket/T108-t108-multi-project-onboarding-and-project-registry
[2026-05-18T11:41:38Z] push: done branch=ticket/T108-t108-multi-project-onboarding-and-project-registry
[2026-05-18T11:42:12Z] commit-checkpoint: skipped missing scope paths: package.json, package-lock.json
[2026-05-18T11:42:12Z] commit-checkpoint: refused — nothing to commit in runs/
[2026-05-18T11:42:12Z] push: pushing branch=ticket/T108-t108-multi-project-onboarding-and-project-registry
[2026-05-18T11:42:14Z] push: done branch=ticket/T108-t108-multi-project-onboarding-and-project-registry
[2026-05-18T11:42:48Z] commit-checkpoint: skipped missing scope paths: package.json, package-lock.json
[2026-05-18T11:42:48Z] commit-checkpoint: refused — nothing to commit in runs/
[2026-05-18T11:42:48Z] push: pushing branch=ticket/T108-t108-multi-project-onboarding-and-project-registry
[2026-05-18T11:42:50Z] push: done branch=ticket/T108-t108-multi-project-onboarding-and-project-registry
[2026-05-18T11:43:24Z] commit-checkpoint: skipped missing scope paths: package.json, package-lock.json
[2026-05-18T11:43:24Z] commit-checkpoint: refused — nothing to commit in runs/
[2026-05-18T11:43:24Z] push: pushing branch=ticket/T108-t108-multi-project-onboarding-and-project-registry
[2026-05-18T11:43:25Z] push: done branch=ticket/T108-t108-multi-project-onboarding-and-project-registry
[2026-05-18T11:44:00Z] commit-checkpoint: skipped missing scope paths: package.json, package-lock.json
[2026-05-18T11:44:00Z] commit-checkpoint: refused — nothing to commit in runs/
[2026-05-18T11:44:00Z] push: pushing branch=ticket/T108-t108-multi-project-onboarding-and-project-registry
[2026-05-18T11:44:01Z] push: done branch=ticket/T108-t108-multi-project-onboarding-and-project-registry
[2026-05-18T11:44:35Z] commit-checkpoint: skipped missing scope paths: package.json, package-lock.json
[2026-05-18T11:44:35Z] commit-checkpoint: refused — nothing to commit in runs/
[2026-05-18T11:44:35Z] push: pushing branch=ticket/T108-t108-multi-project-onboarding-and-project-registry
[2026-05-18T11:44:37Z] push: done branch=ticket/T108-t108-multi-project-onboarding-and-project-registry
[2026-05-18T11:45:11Z] commit-checkpoint: skipped missing scope paths: package.json, package-lock.json
[2026-05-18T11:45:11Z] commit-checkpoint: refused — nothing to commit in runs/
[2026-05-18T11:45:11Z] push: pushing branch=ticket/T108-t108-multi-project-onboarding-and-project-registry
[2026-05-18T11:45:13Z] push: done branch=ticket/T108-t108-multi-project-onboarding-and-project-registry
[2026-05-18T11:45:47Z] commit-checkpoint: skipped missing scope paths: package.json, package-lock.json
[2026-05-18T11:45:47Z] commit-checkpoint: refused — nothing to commit in runs/
[2026-05-18T11:45:47Z] push: pushing branch=ticket/T108-t108-multi-project-onboarding-and-project-registry
[2026-05-18T11:45:49Z] push: done branch=ticket/T108-t108-multi-project-onboarding-and-project-registry
[2026-05-18T11:46:23Z] commit-checkpoint: skipped missing scope paths: package.json, package-lock.json
[2026-05-18T11:46:23Z] commit-checkpoint: refused — nothing to commit in runs/
[2026-05-18T11:46:23Z] push: pushing branch=ticket/T108-t108-multi-project-onboarding-and-project-registry
[2026-05-18T11:46:25Z] push: done branch=ticket/T108-t108-multi-project-onboarding-and-project-registry
[2026-05-18T11:46:59Z] commit-checkpoint: skipped missing scope paths: package.json, package-lock.json
[2026-05-18T11:46:59Z] commit-checkpoint: refused — nothing to commit in runs/
[2026-05-18T11:46:59Z] push: pushing branch=ticket/T108-t108-multi-project-onboarding-and-project-registry
[2026-05-18T11:47:01Z] push: done branch=ticket/T108-t108-multi-project-onboarding-and-project-registry
[2026-05-18T11:47:35Z] commit-checkpoint: skipped missing scope paths: package.json, package-lock.json
[2026-05-18T11:47:35Z] commit-checkpoint: refused — nothing to commit in runs/
[2026-05-18T11:47:35Z] push: pushing branch=ticket/T108-t108-multi-project-onboarding-and-project-registry
[2026-05-18T11:47:36Z] push: done branch=ticket/T108-t108-multi-project-onboarding-and-project-registry
[2026-05-18T11:48:10Z] commit-checkpoint: skipped missing scope paths: package.json, package-lock.json
[2026-05-18T11:48:10Z] commit-checkpoint: refused — nothing to commit in runs/
[2026-05-18T11:48:11Z] push: pushing branch=ticket/T108-t108-multi-project-onboarding-and-project-registry
[2026-05-18T11:48:12Z] push: done branch=ticket/T108-t108-multi-project-onboarding-and-project-registry
[2026-05-18T11:48:46Z] commit-checkpoint: skipped missing scope paths: package.json, package-lock.json
[2026-05-18T11:48:46Z] commit-checkpoint: refused — nothing to commit in runs/
[2026-05-18T11:48:46Z] push: pushing branch=ticket/T108-t108-multi-project-onboarding-and-project-registry
[2026-05-18T11:48:48Z] push: done branch=ticket/T108-t108-multi-project-onboarding-and-project-registry
[2026-05-18T11:49:22Z] commit-checkpoint: skipped missing scope paths: package.json, package-lock.json
[2026-05-18T11:49:22Z] commit-checkpoint: refused — nothing to commit in runs/
[2026-05-18T11:49:22Z] push: pushing branch=ticket/T108-t108-multi-project-onboarding-and-project-registry
[2026-05-18T11:49:24Z] push: done branch=ticket/T108-t108-multi-project-onboarding-and-project-registry
[2026-05-18T11:49:58Z] commit-checkpoint: skipped missing scope paths: package.json, package-lock.json
[2026-05-18T11:49:58Z] commit-checkpoint: refused — nothing to commit in runs/
[2026-05-18T11:49:58Z] push: pushing branch=ticket/T108-t108-multi-project-onboarding-and-project-registry
[2026-05-18T11:49:59Z] push: done branch=ticket/T108-t108-multi-project-onboarding-and-project-registry
[2026-05-18T11:50:33Z] commit-checkpoint: skipped missing scope paths: package.json, package-lock.json
[2026-05-18T11:50:33Z] commit-checkpoint: refused — nothing to commit in runs/
[2026-05-18T11:50:33Z] push: pushing branch=ticket/T108-t108-multi-project-onboarding-and-project-registry
[2026-05-18T11:50:35Z] push: done branch=ticket/T108-t108-multi-project-onboarding-and-project-registry
[2026-05-18T11:51:09Z] commit-checkpoint: skipped missing scope paths: package.json, package-lock.json
[2026-05-18T11:51:09Z] commit-checkpoint: refused — nothing to commit in runs/
[2026-05-18T11:51:09Z] push: pushing branch=ticket/T108-t108-multi-project-onboarding-and-project-registry
[2026-05-18T11:51:11Z] push: done branch=ticket/T108-t108-multi-project-onboarding-and-project-registry
[2026-05-18T11:51:45Z] commit-checkpoint: skipped missing scope paths: package.json, package-lock.json
[2026-05-18T11:51:45Z] commit-checkpoint: refused — nothing to commit in runs/
[2026-05-18T11:51:45Z] push: pushing branch=ticket/T108-t108-multi-project-onboarding-and-project-registry
[2026-05-18T11:51:46Z] push: done branch=ticket/T108-t108-multi-project-onboarding-and-project-registry
[2026-05-18T11:52:21Z] commit-checkpoint: skipped missing scope paths: package.json, package-lock.json
[2026-05-18T11:52:21Z] commit-checkpoint: refused — nothing to commit in runs/
[2026-05-18T11:52:21Z] push: pushing branch=ticket/T108-t108-multi-project-onboarding-and-project-registry
[2026-05-18T11:52:22Z] push: done branch=ticket/T108-t108-multi-project-onboarding-and-project-registry
[2026-05-18T11:52:57Z] commit-checkpoint: skipped missing scope paths: package.json, package-lock.json
[2026-05-18T11:52:57Z] commit-checkpoint: refused — nothing to commit in runs/
[2026-05-18T11:52:57Z] push: pushing branch=ticket/T108-t108-multi-project-onboarding-and-project-registry
[2026-05-18T11:52:59Z] push: done branch=ticket/T108-t108-multi-project-onboarding-and-project-registry
[2026-05-18T11:53:34Z] commit-checkpoint: skipped missing scope paths: package.json, package-lock.json
[2026-05-18T11:53:34Z] commit-checkpoint: refused — nothing to commit in runs/
[2026-05-18T11:53:34Z] push: pushing branch=ticket/T108-t108-multi-project-onboarding-and-project-registry
[2026-05-18T11:53:35Z] push: done branch=ticket/T108-t108-multi-project-onboarding-and-project-registry
[2026-05-18T11:54:09Z] commit-checkpoint: skipped missing scope paths: package.json, package-lock.json
[2026-05-18T11:54:09Z] commit-checkpoint: refused — nothing to commit in runs/
[2026-05-18T11:54:09Z] push: pushing branch=ticket/T108-t108-multi-project-onboarding-and-project-registry
[2026-05-18T11:54:11Z] push: done branch=ticket/T108-t108-multi-project-onboarding-and-project-registry
[2026-05-18T11:54:45Z] commit-checkpoint: skipped missing scope paths: package.json, package-lock.json
[2026-05-18T11:54:45Z] commit-checkpoint: refused — nothing to commit in runs/
[2026-05-18T11:54:45Z] push: pushing branch=ticket/T108-t108-multi-project-onboarding-and-project-registry
[2026-05-18T11:54:47Z] push: done branch=ticket/T108-t108-multi-project-onboarding-and-project-registry
[2026-05-18T11:55:21Z] commit-checkpoint: skipped missing scope paths: package.json, package-lock.json
[2026-05-18T11:55:21Z] commit-checkpoint: refused — nothing to commit in runs/
[2026-05-18T11:55:21Z] push: pushing branch=ticket/T108-t108-multi-project-onboarding-and-project-registry
[2026-05-18T11:55:22Z] push: done branch=ticket/T108-t108-multi-project-onboarding-and-project-registry
[2026-05-18T11:55:57Z] commit-checkpoint: skipped missing scope paths: package.json, package-lock.json
[2026-05-18T11:55:57Z] commit-checkpoint: refused — nothing to commit in runs/
[2026-05-18T11:55:57Z] push: pushing branch=ticket/T108-t108-multi-project-onboarding-and-project-registry
[2026-05-18T11:55:58Z] push: done branch=ticket/T108-t108-multi-project-onboarding-and-project-registry
[2026-05-18T11:56:33Z] commit-checkpoint: skipped missing scope paths: package.json, package-lock.json
[2026-05-18T11:56:33Z] commit-checkpoint: refused — nothing to commit in runs/
[2026-05-18T11:56:33Z] push: pushing branch=ticket/T108-t108-multi-project-onboarding-and-project-registry
[2026-05-18T11:56:34Z] push: done branch=ticket/T108-t108-multi-project-onboarding-and-project-registry
[2026-05-18T11:57:09Z] commit-checkpoint: skipped missing scope paths: package.json, package-lock.json
[2026-05-18T11:57:09Z] commit-checkpoint: refused — nothing to commit in runs/
[2026-05-18T11:57:09Z] push: pushing branch=ticket/T108-t108-multi-project-onboarding-and-project-registry
[2026-05-18T11:57:10Z] push: done branch=ticket/T108-t108-multi-project-onboarding-and-project-registry
[2026-05-18T11:57:45Z] commit-checkpoint: skipped missing scope paths: package.json, package-lock.json
[2026-05-18T11:57:45Z] commit-checkpoint: refused — nothing to commit in runs/
[2026-05-18T11:57:45Z] push: pushing branch=ticket/T108-t108-multi-project-onboarding-and-project-registry
[2026-05-18T11:57:46Z] push: done branch=ticket/T108-t108-multi-project-onboarding-and-project-registry
[2026-05-18T11:58:20Z] commit-checkpoint: skipped missing scope paths: package.json, package-lock.json
[2026-05-18T11:58:20Z] commit-checkpoint: refused — nothing to commit in runs/
[2026-05-18T11:58:21Z] push: pushing branch=ticket/T108-t108-multi-project-onboarding-and-project-registry
[2026-05-18T11:58:22Z] push: done branch=ticket/T108-t108-multi-project-onboarding-and-project-registry
[2026-05-18T11:58:56Z] commit-checkpoint: skipped missing scope paths: package.json, package-lock.json
[2026-05-18T11:58:56Z] commit-checkpoint: refused — nothing to commit in runs/
[2026-05-18T11:58:56Z] push: pushing branch=ticket/T108-t108-multi-project-onboarding-and-project-registry
[2026-05-18T11:58:58Z] push: done branch=ticket/T108-t108-multi-project-onboarding-and-project-registry
[2026-05-18T11:59:32Z] commit-checkpoint: skipped missing scope paths: package.json, package-lock.json
[2026-05-18T11:59:32Z] commit-checkpoint: refused — nothing to commit in runs/
[2026-05-18T11:59:32Z] push: pushing branch=ticket/T108-t108-multi-project-onboarding-and-project-registry
[2026-05-18T11:59:33Z] push: done branch=ticket/T108-t108-multi-project-onboarding-and-project-registry
[2026-05-18T12:00:08Z] commit-checkpoint: skipped missing scope paths: package.json, package-lock.json
[2026-05-18T12:00:08Z] commit-checkpoint: refused — nothing to commit in runs/
[2026-05-18T12:00:08Z] push: pushing branch=ticket/T108-t108-multi-project-onboarding-and-project-registry
[2026-05-18T12:00:09Z] push: done branch=ticket/T108-t108-multi-project-onboarding-and-project-registry
[2026-05-18T12:00:43Z] commit-checkpoint: skipped missing scope paths: package.json, package-lock.json
[2026-05-18T12:00:43Z] commit-checkpoint: refused — nothing to commit in runs/
[2026-05-18T12:00:44Z] push: pushing branch=ticket/T108-t108-multi-project-onboarding-and-project-registry
[2026-05-18T12:00:45Z] push: done branch=ticket/T108-t108-multi-project-onboarding-and-project-registry
[2026-05-18T12:01:19Z] commit-checkpoint: skipped missing scope paths: package.json, package-lock.json
[2026-05-18T12:01:19Z] commit-checkpoint: refused — nothing to commit in runs/
[2026-05-18T12:01:20Z] push: pushing branch=ticket/T108-t108-multi-project-onboarding-and-project-registry
[2026-05-18T12:01:21Z] push: done branch=ticket/T108-t108-multi-project-onboarding-and-project-registry
[2026-05-18T12:01:55Z] commit-checkpoint: skipped missing scope paths: package.json, package-lock.json
[2026-05-18T12:01:55Z] commit-checkpoint: refused — nothing to commit in runs/
[2026-05-18T12:01:55Z] push: pushing branch=ticket/T108-t108-multi-project-onboarding-and-project-registry
[2026-05-18T12:01:57Z] push: done branch=ticket/T108-t108-multi-project-onboarding-and-project-registry
[2026-05-18T12:02:31Z] commit-checkpoint: skipped missing scope paths: package.json, package-lock.json
[2026-05-18T12:02:31Z] commit-checkpoint: refused — nothing to commit in runs/
[2026-05-18T12:02:31Z] push: pushing branch=ticket/T108-t108-multi-project-onboarding-and-project-registry
[2026-05-18T12:02:33Z] push: done branch=ticket/T108-t108-multi-project-onboarding-and-project-registry
[2026-05-18T12:03:07Z] commit-checkpoint: skipped missing scope paths: package.json, package-lock.json
[2026-05-18T12:03:07Z] commit-checkpoint: refused — nothing to commit in runs/
[2026-05-18T12:03:07Z] push: pushing branch=ticket/T108-t108-multi-project-onboarding-and-project-registry
[2026-05-18T12:03:09Z] push: done branch=ticket/T108-t108-multi-project-onboarding-and-project-registry
[2026-05-18T12:03:43Z] commit-checkpoint: skipped missing scope paths: package.json, package-lock.json
[2026-05-18T12:03:43Z] commit-checkpoint: refused — nothing to commit in runs/
[2026-05-18T12:03:43Z] push: pushing branch=ticket/T108-t108-multi-project-onboarding-and-project-registry
[2026-05-18T12:03:45Z] push: done branch=ticket/T108-t108-multi-project-onboarding-and-project-registry
[2026-05-18T12:04:19Z] commit-checkpoint: skipped missing scope paths: package.json, package-lock.json
[2026-05-18T12:04:19Z] commit-checkpoint: refused — nothing to commit in runs/
[2026-05-18T12:04:19Z] push: pushing branch=ticket/T108-t108-multi-project-onboarding-and-project-registry
[2026-05-18T12:04:21Z] push: done branch=ticket/T108-t108-multi-project-onboarding-and-project-registry
[2026-05-18T12:04:55Z] commit-checkpoint: skipped missing scope paths: package.json, package-lock.json
[2026-05-18T12:04:55Z] commit-checkpoint: refused — nothing to commit in runs/
[2026-05-18T12:04:55Z] push: pushing branch=ticket/T108-t108-multi-project-onboarding-and-project-registry
[2026-05-18T12:04:57Z] push: done branch=ticket/T108-t108-multi-project-onboarding-and-project-registry
[2026-05-18T12:05:31Z] commit-checkpoint: skipped missing scope paths: package.json, package-lock.json
[2026-05-18T12:05:31Z] commit-checkpoint: refused — nothing to commit in runs/
[2026-05-18T12:05:31Z] push: pushing branch=ticket/T108-t108-multi-project-onboarding-and-project-registry
[2026-05-18T12:05:33Z] push: done branch=ticket/T108-t108-multi-project-onboarding-and-project-registry
[2026-05-18T12:06:07Z] commit-checkpoint: skipped missing scope paths: package.json, package-lock.json
[2026-05-18T12:06:07Z] commit-checkpoint: refused — nothing to commit in runs/
[2026-05-18T12:06:07Z] push: pushing branch=ticket/T108-t108-multi-project-onboarding-and-project-registry
[2026-05-18T12:06:09Z] push: done branch=ticket/T108-t108-multi-project-onboarding-and-project-registry
[2026-05-18T12:06:43Z] commit-checkpoint: skipped missing scope paths: package.json, package-lock.json
[2026-05-18T12:06:43Z] commit-checkpoint: refused — nothing to commit in runs/
[2026-05-18T12:06:43Z] push: pushing branch=ticket/T108-t108-multi-project-onboarding-and-project-registry
[2026-05-18T12:06:45Z] push: done branch=ticket/T108-t108-multi-project-onboarding-and-project-registry
[2026-05-18T12:07:19Z] commit-checkpoint: skipped missing scope paths: package.json, package-lock.json
[2026-05-18T12:07:19Z] commit-checkpoint: refused — nothing to commit in runs/
[2026-05-18T12:07:19Z] push: pushing branch=ticket/T108-t108-multi-project-onboarding-and-project-registry
[2026-05-18T12:07:21Z] push: done branch=ticket/T108-t108-multi-project-onboarding-and-project-registry
[2026-05-18T12:07:55Z] commit-checkpoint: skipped missing scope paths: package.json, package-lock.json
[2026-05-18T12:07:55Z] commit-checkpoint: refused — nothing to commit in runs/
[2026-05-18T12:07:55Z] push: pushing branch=ticket/T108-t108-multi-project-onboarding-and-project-registry
[2026-05-18T12:07:57Z] push: done branch=ticket/T108-t108-multi-project-onboarding-and-project-registry
[2026-05-18T12:08:31Z] commit-checkpoint: skipped missing scope paths: package.json, package-lock.json
[2026-05-18T12:08:31Z] commit-checkpoint: refused — nothing to commit in runs/
[2026-05-18T12:08:31Z] push: pushing branch=ticket/T108-t108-multi-project-onboarding-and-project-registry
[2026-05-18T12:08:33Z] push: done branch=ticket/T108-t108-multi-project-onboarding-and-project-registry
[2026-05-18T12:09:07Z] commit-checkpoint: skipped missing scope paths: package.json, package-lock.json
[2026-05-18T12:09:07Z] commit-checkpoint: refused — nothing to commit in runs/
[2026-05-18T12:09:07Z] push: pushing branch=ticket/T108-t108-multi-project-onboarding-and-project-registry
[2026-05-18T12:09:09Z] push: done branch=ticket/T108-t108-multi-project-onboarding-and-project-registry
[2026-05-18T12:09:43Z] commit-checkpoint: skipped missing scope paths: package.json, package-lock.json
[2026-05-18T12:09:43Z] commit-checkpoint: refused — nothing to commit in runs/
[2026-05-18T12:09:43Z] push: pushing branch=ticket/T108-t108-multi-project-onboarding-and-project-registry
[2026-05-18T12:09:45Z] push: done branch=ticket/T108-t108-multi-project-onboarding-and-project-registry
[2026-05-18T12:10:19Z] commit-checkpoint: skipped missing scope paths: package.json, package-lock.json
[2026-05-18T12:10:19Z] commit-checkpoint: refused — nothing to commit in runs/
[2026-05-18T12:10:19Z] push: pushing branch=ticket/T108-t108-multi-project-onboarding-and-project-registry
[2026-05-18T12:10:20Z] push: done branch=ticket/T108-t108-multi-project-onboarding-and-project-registry
[2026-05-18T12:10:55Z] commit-checkpoint: skipped missing scope paths: package.json, package-lock.json
[2026-05-18T12:10:55Z] commit-checkpoint: refused — nothing to commit in runs/
[2026-05-18T12:10:55Z] push: pushing branch=ticket/T108-t108-multi-project-onboarding-and-project-registry
[2026-05-18T12:10:56Z] push: done branch=ticket/T108-t108-multi-project-onboarding-and-project-registry
[2026-05-18T12:11:31Z] commit-checkpoint: skipped missing scope paths: package.json, package-lock.json
[2026-05-18T12:11:31Z] commit-checkpoint: refused — nothing to commit in runs/
[2026-05-18T12:11:31Z] push: pushing branch=ticket/T108-t108-multi-project-onboarding-and-project-registry
[2026-05-18T12:11:32Z] push: done branch=ticket/T108-t108-multi-project-onboarding-and-project-registry
[2026-05-18T12:12:06Z] commit-checkpoint: skipped missing scope paths: package.json, package-lock.json
[2026-05-18T12:12:06Z] commit-checkpoint: refused — nothing to commit in runs/
[2026-05-18T12:12:06Z] push: pushing branch=ticket/T108-t108-multi-project-onboarding-and-project-registry
[2026-05-18T12:12:08Z] push: done branch=ticket/T108-t108-multi-project-onboarding-and-project-registry
[2026-05-18T12:12:42Z] commit-checkpoint: skipped missing scope paths: package.json, package-lock.json
[2026-05-18T12:12:42Z] commit-checkpoint: refused — nothing to commit in runs/
[2026-05-18T12:12:42Z] push: pushing branch=ticket/T108-t108-multi-project-onboarding-and-project-registry
[2026-05-18T12:12:44Z] push: done branch=ticket/T108-t108-multi-project-onboarding-and-project-registry
[2026-05-18T12:13:18Z] commit-checkpoint: skipped missing scope paths: package.json, package-lock.json
[2026-05-18T12:13:18Z] commit-checkpoint: refused — nothing to commit in runs/
[2026-05-18T12:13:18Z] push: pushing branch=ticket/T108-t108-multi-project-onboarding-and-project-registry
[2026-05-18T12:13:20Z] push: done branch=ticket/T108-t108-multi-project-onboarding-and-project-registry
[2026-05-18T12:13:54Z] commit-checkpoint: skipped missing scope paths: package.json, package-lock.json
[2026-05-18T12:13:54Z] commit-checkpoint: refused — nothing to commit in runs/
[2026-05-18T12:13:54Z] push: pushing branch=ticket/T108-t108-multi-project-onboarding-and-project-registry
[2026-05-18T12:13:56Z] push: done branch=ticket/T108-t108-multi-project-onboarding-and-project-registry
[2026-05-18T12:14:30Z] commit-checkpoint: skipped missing scope paths: package.json, package-lock.json
[2026-05-18T12:14:30Z] commit-checkpoint: refused — nothing to commit in runs/
[2026-05-18T12:14:30Z] push: pushing branch=ticket/T108-t108-multi-project-onboarding-and-project-registry
[2026-05-18T12:14:32Z] push: done branch=ticket/T108-t108-multi-project-onboarding-and-project-registry
[2026-05-18T12:15:06Z] commit-checkpoint: skipped missing scope paths: package.json, package-lock.json
[2026-05-18T12:15:06Z] commit-checkpoint: refused — nothing to commit in runs/
[2026-05-18T12:15:06Z] push: pushing branch=ticket/T108-t108-multi-project-onboarding-and-project-registry
[2026-05-18T12:15:08Z] push: done branch=ticket/T108-t108-multi-project-onboarding-and-project-registry
[2026-05-18T12:15:42Z] commit-checkpoint: skipped missing scope paths: package.json, package-lock.json
[2026-05-18T12:15:42Z] commit-checkpoint: refused — nothing to commit in runs/
[2026-05-18T12:15:42Z] push: pushing branch=ticket/T108-t108-multi-project-onboarding-and-project-registry
[2026-05-18T12:15:44Z] push: done branch=ticket/T108-t108-multi-project-onboarding-and-project-registry
[2026-05-18T12:16:18Z] commit-checkpoint: skipped missing scope paths: package.json, package-lock.json
[2026-05-18T12:16:18Z] commit-checkpoint: refused — nothing to commit in runs/
[2026-05-18T12:16:18Z] push: pushing branch=ticket/T108-t108-multi-project-onboarding-and-project-registry
[2026-05-18T12:16:20Z] push: done branch=ticket/T108-t108-multi-project-onboarding-and-project-registry
[2026-05-18T12:16:54Z] commit-checkpoint: skipped missing scope paths: package.json, package-lock.json
[2026-05-18T12:16:54Z] commit-checkpoint: refused — nothing to commit in runs/
[2026-05-18T12:16:54Z] push: pushing branch=ticket/T108-t108-multi-project-onboarding-and-project-registry
[2026-05-18T12:16:55Z] push: done branch=ticket/T108-t108-multi-project-onboarding-and-project-registry
[2026-05-18T12:17:30Z] commit-checkpoint: skipped missing scope paths: package.json, package-lock.json
[2026-05-18T12:17:30Z] commit-checkpoint: refused — nothing to commit in runs/
[2026-05-18T12:17:30Z] push: pushing branch=ticket/T108-t108-multi-project-onboarding-and-project-registry
[2026-05-18T12:17:31Z] push: done branch=ticket/T108-t108-multi-project-onboarding-and-project-registry
[2026-05-18T12:18:06Z] commit-checkpoint: skipped missing scope paths: package.json, package-lock.json
[2026-05-18T12:18:06Z] commit-checkpoint: refused — nothing to commit in runs/
[2026-05-18T12:18:06Z] push: pushing branch=ticket/T108-t108-multi-project-onboarding-and-project-registry
[2026-05-18T12:18:07Z] push: done branch=ticket/T108-t108-multi-project-onboarding-and-project-registry
[2026-05-18T12:18:42Z] commit-checkpoint: skipped missing scope paths: package.json, package-lock.json
[2026-05-18T12:18:42Z] commit-checkpoint: refused — nothing to commit in runs/
[2026-05-18T12:18:42Z] push: pushing branch=ticket/T108-t108-multi-project-onboarding-and-project-registry
[2026-05-18T12:18:43Z] push: done branch=ticket/T108-t108-multi-project-onboarding-and-project-registry
[2026-05-18T12:19:18Z] commit-checkpoint: skipped missing scope paths: package.json, package-lock.json
[2026-05-18T12:19:18Z] commit-checkpoint: refused — nothing to commit in runs/
[2026-05-18T12:19:18Z] push: pushing branch=ticket/T108-t108-multi-project-onboarding-and-project-registry
[2026-05-18T12:19:19Z] push: done branch=ticket/T108-t108-multi-project-onboarding-and-project-registry
[2026-05-18T12:19:54Z] commit-checkpoint: skipped missing scope paths: package.json, package-lock.json
[2026-05-18T12:19:54Z] commit-checkpoint: refused — nothing to commit in runs/
[2026-05-18T12:19:54Z] push: pushing branch=ticket/T108-t108-multi-project-onboarding-and-project-registry
[2026-05-18T12:19:55Z] push: done branch=ticket/T108-t108-multi-project-onboarding-and-project-registry
[2026-05-18T12:20:30Z] commit-checkpoint: skipped missing scope paths: package.json, package-lock.json
[2026-05-18T12:20:30Z] commit-checkpoint: refused — nothing to commit in runs/
[2026-05-18T12:20:30Z] push: pushing branch=ticket/T108-t108-multi-project-onboarding-and-project-registry
[2026-05-18T12:20:31Z] push: done branch=ticket/T108-t108-multi-project-onboarding-and-project-registry
[2026-05-18T12:21:06Z] commit-checkpoint: skipped missing scope paths: package.json, package-lock.json
[2026-05-18T12:21:06Z] commit-checkpoint: refused — nothing to commit in runs/
[2026-05-18T12:21:06Z] push: pushing branch=ticket/T108-t108-multi-project-onboarding-and-project-registry
[2026-05-18T12:21:07Z] push: done branch=ticket/T108-t108-multi-project-onboarding-and-project-registry
[2026-05-18T12:21:42Z] commit-checkpoint: skipped missing scope paths: package.json, package-lock.json
[2026-05-18T12:21:42Z] commit-checkpoint: refused — nothing to commit in runs/
[2026-05-18T12:21:42Z] push: pushing branch=ticket/T108-t108-multi-project-onboarding-and-project-registry
[2026-05-18T12:21:43Z] push: done branch=ticket/T108-t108-multi-project-onboarding-and-project-registry
[2026-05-18T12:22:18Z] commit-checkpoint: skipped missing scope paths: package.json, package-lock.json
[2026-05-18T12:22:18Z] commit-checkpoint: refused — nothing to commit in runs/
[2026-05-18T12:22:18Z] push: pushing branch=ticket/T108-t108-multi-project-onboarding-and-project-registry
[2026-05-18T12:22:19Z] push: done branch=ticket/T108-t108-multi-project-onboarding-and-project-registry
[2026-05-18T12:22:53Z] commit-checkpoint: skipped missing scope paths: package.json, package-lock.json
[2026-05-18T12:22:53Z] commit-checkpoint: refused — nothing to commit in runs/
[2026-05-18T12:22:53Z] push: pushing branch=ticket/T108-t108-multi-project-onboarding-and-project-registry
[2026-05-18T12:22:55Z] push: done branch=ticket/T108-t108-multi-project-onboarding-and-project-registry
[2026-05-18T12:23:29Z] commit-checkpoint: skipped missing scope paths: package.json, package-lock.json
[2026-05-18T12:23:29Z] commit-checkpoint: refused — nothing to commit in runs/
[2026-05-18T12:23:30Z] push: pushing branch=ticket/T108-t108-multi-project-onboarding-and-project-registry
[2026-05-18T12:23:31Z] push: done branch=ticket/T108-t108-multi-project-onboarding-and-project-registry
[2026-05-18T12:24:05Z] commit-checkpoint: skipped missing scope paths: package.json, package-lock.json
[2026-05-18T12:24:05Z] commit-checkpoint: refused — nothing to commit in runs/
[2026-05-18T12:24:05Z] push: pushing branch=ticket/T108-t108-multi-project-onboarding-and-project-registry
[2026-05-18T12:24:07Z] push: done branch=ticket/T108-t108-multi-project-onboarding-and-project-registry
[2026-05-18T12:24:41Z] commit-checkpoint: skipped missing scope paths: package.json, package-lock.json
[2026-05-18T12:24:41Z] commit-checkpoint: refused — nothing to commit in runs/
[2026-05-18T12:24:41Z] push: pushing branch=ticket/T108-t108-multi-project-onboarding-and-project-registry
[2026-05-18T12:24:43Z] push: done branch=ticket/T108-t108-multi-project-onboarding-and-project-registry
[2026-05-18T12:25:17Z] commit-checkpoint: skipped missing scope paths: package.json, package-lock.json
[2026-05-18T12:25:17Z] commit-checkpoint: refused — nothing to commit in runs/
[2026-05-18T12:25:17Z] push: pushing branch=ticket/T108-t108-multi-project-onboarding-and-project-registry
[2026-05-18T12:25:19Z] push: done branch=ticket/T108-t108-multi-project-onboarding-and-project-registry
[2026-05-18T12:25:53Z] commit-checkpoint: skipped missing scope paths: package.json, package-lock.json
[2026-05-18T12:25:53Z] commit-checkpoint: refused — nothing to commit in runs/
[2026-05-18T12:25:53Z] push: pushing branch=ticket/T108-t108-multi-project-onboarding-and-project-registry
[2026-05-18T12:25:54Z] push: done branch=ticket/T108-t108-multi-project-onboarding-and-project-registry
[2026-05-18T12:26:28Z] commit-checkpoint: skipped missing scope paths: package.json, package-lock.json
[2026-05-18T12:26:28Z] commit-checkpoint: refused — nothing to commit in runs/
[2026-05-18T12:26:28Z] push: pushing branch=ticket/T108-t108-multi-project-onboarding-and-project-registry
[2026-05-18T12:26:30Z] push: done branch=ticket/T108-t108-multi-project-onboarding-and-project-registry
[2026-05-18T12:27:04Z] commit-checkpoint: skipped missing scope paths: package.json, package-lock.json
[2026-05-18T12:27:04Z] commit-checkpoint: refused — nothing to commit in runs/
[2026-05-18T12:27:04Z] push: pushing branch=ticket/T108-t108-multi-project-onboarding-and-project-registry
[2026-05-18T12:27:06Z] push: done branch=ticket/T108-t108-multi-project-onboarding-and-project-registry
[2026-05-18T12:27:40Z] commit-checkpoint: skipped missing scope paths: package.json, package-lock.json
[2026-05-18T12:27:40Z] commit-checkpoint: refused — nothing to commit in runs/
[2026-05-18T12:27:40Z] push: pushing branch=ticket/T108-t108-multi-project-onboarding-and-project-registry
[2026-05-18T12:27:42Z] push: done branch=ticket/T108-t108-multi-project-onboarding-and-project-registry
[2026-05-18T12:28:16Z] commit-checkpoint: skipped missing scope paths: package.json, package-lock.json
[2026-05-18T12:28:16Z] commit-checkpoint: refused — nothing to commit in runs/
[2026-05-18T12:28:16Z] push: pushing branch=ticket/T108-t108-multi-project-onboarding-and-project-registry
[2026-05-18T12:28:17Z] push: done branch=ticket/T108-t108-multi-project-onboarding-and-project-registry
[2026-05-18T12:28:51Z] commit-checkpoint: skipped missing scope paths: package.json, package-lock.json
[2026-05-18T12:28:51Z] commit-checkpoint: refused — nothing to commit in runs/
[2026-05-18T12:28:51Z] push: pushing branch=ticket/T108-t108-multi-project-onboarding-and-project-registry
[2026-05-18T12:28:53Z] push: done branch=ticket/T108-t108-multi-project-onboarding-and-project-registry
[2026-05-18T12:29:27Z] commit-checkpoint: skipped missing scope paths: package.json, package-lock.json
[2026-05-18T12:29:27Z] commit-checkpoint: refused — nothing to commit in runs/
[2026-05-18T12:29:27Z] push: pushing branch=ticket/T108-t108-multi-project-onboarding-and-project-registry
[2026-05-18T12:29:29Z] push: done branch=ticket/T108-t108-multi-project-onboarding-and-project-registry
[2026-05-18T12:30:03Z] commit-checkpoint: skipped missing scope paths: package.json, package-lock.json
[2026-05-18T12:30:03Z] commit-checkpoint: refused — nothing to commit in runs/
[2026-05-18T12:30:03Z] push: pushing branch=ticket/T108-t108-multi-project-onboarding-and-project-registry
[2026-05-18T12:30:05Z] push: done branch=ticket/T108-t108-multi-project-onboarding-and-project-registry
[2026-05-18T12:30:39Z] commit-checkpoint: skipped missing scope paths: package.json, package-lock.json
[2026-05-18T12:30:39Z] commit-checkpoint: refused — nothing to commit in runs/
[2026-05-18T12:30:39Z] push: pushing branch=ticket/T108-t108-multi-project-onboarding-and-project-registry
[2026-05-18T12:30:41Z] push: done branch=ticket/T108-t108-multi-project-onboarding-and-project-registry
[2026-05-18T12:31:15Z] commit-checkpoint: skipped missing scope paths: package.json, package-lock.json
[2026-05-18T12:31:15Z] commit-checkpoint: refused — nothing to commit in runs/
[2026-05-18T12:31:15Z] push: pushing branch=ticket/T108-t108-multi-project-onboarding-and-project-registry
[2026-05-18T12:31:16Z] push: done branch=ticket/T108-t108-multi-project-onboarding-and-project-registry
[2026-05-18T12:31:51Z] commit-checkpoint: skipped missing scope paths: package.json, package-lock.json
[2026-05-18T12:31:51Z] commit-checkpoint: refused — nothing to commit in runs/
[2026-05-18T12:31:51Z] push: pushing branch=ticket/T108-t108-multi-project-onboarding-and-project-registry
[2026-05-18T12:31:52Z] push: done branch=ticket/T108-t108-multi-project-onboarding-and-project-registry
[2026-05-18T12:32:26Z] commit-checkpoint: skipped missing scope paths: package.json, package-lock.json
[2026-05-18T12:32:26Z] commit-checkpoint: refused — nothing to commit in runs/
[2026-05-18T12:32:26Z] push: pushing branch=ticket/T108-t108-multi-project-onboarding-and-project-registry
[2026-05-18T12:32:28Z] push: done branch=ticket/T108-t108-multi-project-onboarding-and-project-registry
[2026-05-18T12:33:02Z] commit-checkpoint: skipped missing scope paths: package.json, package-lock.json
[2026-05-18T12:33:02Z] commit-checkpoint: refused — nothing to commit in runs/
[2026-05-18T12:33:02Z] push: pushing branch=ticket/T108-t108-multi-project-onboarding-and-project-registry
[2026-05-18T12:33:04Z] push: done branch=ticket/T108-t108-multi-project-onboarding-and-project-registry
[2026-05-18T12:33:38Z] commit-checkpoint: skipped missing scope paths: package.json, package-lock.json
[2026-05-18T12:33:38Z] commit-checkpoint: refused — nothing to commit in runs/
[2026-05-18T12:33:38Z] push: pushing branch=ticket/T108-t108-multi-project-onboarding-and-project-registry
[2026-05-18T12:33:40Z] push: done branch=ticket/T108-t108-multi-project-onboarding-and-project-registry
[2026-05-18T12:34:14Z] commit-checkpoint: skipped missing scope paths: package.json, package-lock.json
[2026-05-18T12:34:14Z] commit-checkpoint: refused — nothing to commit in runs/
[2026-05-18T12:34:14Z] push: pushing branch=ticket/T108-t108-multi-project-onboarding-and-project-registry
[2026-05-18T12:34:16Z] push: done branch=ticket/T108-t108-multi-project-onboarding-and-project-registry
[2026-05-18T12:34:50Z] commit-checkpoint: skipped missing scope paths: package.json, package-lock.json
[2026-05-18T12:34:50Z] commit-checkpoint: refused — nothing to commit in runs/
[2026-05-18T12:34:50Z] push: pushing branch=ticket/T108-t108-multi-project-onboarding-and-project-registry
[2026-05-18T12:34:52Z] push: done branch=ticket/T108-t108-multi-project-onboarding-and-project-registry
[2026-05-18T12:35:26Z] commit-checkpoint: skipped missing scope paths: package.json, package-lock.json
[2026-05-18T12:35:26Z] commit-checkpoint: refused — nothing to commit in runs/
[2026-05-18T12:35:26Z] push: pushing branch=ticket/T108-t108-multi-project-onboarding-and-project-registry
[2026-05-18T12:35:28Z] push: done branch=ticket/T108-t108-multi-project-onboarding-and-project-registry
[2026-05-18T12:36:02Z] commit-checkpoint: skipped missing scope paths: package.json, package-lock.json
[2026-05-18T12:36:02Z] commit-checkpoint: refused — nothing to commit in runs/
[2026-05-18T12:36:02Z] push: pushing branch=ticket/T108-t108-multi-project-onboarding-and-project-registry
[2026-05-18T12:36:03Z] push: done branch=ticket/T108-t108-multi-project-onboarding-and-project-registry
[2026-05-18T12:36:37Z] commit-checkpoint: skipped missing scope paths: package.json, package-lock.json
[2026-05-18T12:36:37Z] commit-checkpoint: refused — nothing to commit in runs/
[2026-05-18T12:36:38Z] push: pushing branch=ticket/T108-t108-multi-project-onboarding-and-project-registry
[2026-05-18T12:36:39Z] push: done branch=ticket/T108-t108-multi-project-onboarding-and-project-registry
[2026-05-18T12:37:13Z] commit-checkpoint: skipped missing scope paths: package.json, package-lock.json
[2026-05-18T12:37:13Z] commit-checkpoint: refused — nothing to commit in runs/
[2026-05-18T12:37:13Z] push: pushing branch=ticket/T108-t108-multi-project-onboarding-and-project-registry
[2026-05-18T12:37:15Z] push: done branch=ticket/T108-t108-multi-project-onboarding-and-project-registry
[2026-05-18T12:37:49Z] commit-checkpoint: skipped missing scope paths: package.json, package-lock.json
[2026-05-18T12:37:49Z] commit-checkpoint: refused — nothing to commit in runs/
[2026-05-18T12:37:49Z] push: pushing branch=ticket/T108-t108-multi-project-onboarding-and-project-registry
[2026-05-18T12:37:51Z] push: done branch=ticket/T108-t108-multi-project-onboarding-and-project-registry
[2026-05-18T12:38:25Z] commit-checkpoint: skipped missing scope paths: package.json, package-lock.json
[2026-05-18T12:38:25Z] commit-checkpoint: refused — nothing to commit in runs/
[2026-05-18T12:38:25Z] push: pushing branch=ticket/T108-t108-multi-project-onboarding-and-project-registry
[2026-05-18T12:38:26Z] push: done branch=ticket/T108-t108-multi-project-onboarding-and-project-registry
[2026-05-18T12:39:01Z] commit-checkpoint: skipped missing scope paths: package.json, package-lock.json
[2026-05-18T12:39:01Z] commit-checkpoint: refused — nothing to commit in runs/
[2026-05-18T12:39:01Z] push: pushing branch=ticket/T108-t108-multi-project-onboarding-and-project-registry
[2026-05-18T12:39:02Z] push: done branch=ticket/T108-t108-multi-project-onboarding-and-project-registry
[2026-05-18T12:39:37Z] commit-checkpoint: skipped missing scope paths: package.json, package-lock.json
[2026-05-18T12:39:37Z] commit-checkpoint: refused — nothing to commit in runs/
[2026-05-18T12:39:37Z] push: pushing branch=ticket/T108-t108-multi-project-onboarding-and-project-registry
[2026-05-18T12:39:38Z] push: done branch=ticket/T108-t108-multi-project-onboarding-and-project-registry
[2026-05-18T12:40:13Z] commit-checkpoint: skipped missing scope paths: package.json, package-lock.json
[2026-05-18T12:40:13Z] commit-checkpoint: refused — nothing to commit in runs/
[2026-05-18T12:40:13Z] push: pushing branch=ticket/T108-t108-multi-project-onboarding-and-project-registry
[2026-05-18T12:40:14Z] push: done branch=ticket/T108-t108-multi-project-onboarding-and-project-registry
[2026-05-18T12:40:48Z] commit-checkpoint: skipped missing scope paths: package.json, package-lock.json
[2026-05-18T12:40:48Z] commit-checkpoint: refused — nothing to commit in runs/
[2026-05-18T12:40:48Z] push: pushing branch=ticket/T108-t108-multi-project-onboarding-and-project-registry
[2026-05-18T12:40:50Z] push: done branch=ticket/T108-t108-multi-project-onboarding-and-project-registry
[2026-05-18T12:41:24Z] commit-checkpoint: skipped missing scope paths: package.json, package-lock.json
[2026-05-18T12:41:24Z] commit-checkpoint: refused — nothing to commit in runs/
[2026-05-18T12:41:24Z] push: pushing branch=ticket/T108-t108-multi-project-onboarding-and-project-registry
[2026-05-18T12:41:26Z] push: done branch=ticket/T108-t108-multi-project-onboarding-and-project-registry
[2026-05-18T12:42:00Z] commit-checkpoint: skipped missing scope paths: package.json, package-lock.json
[2026-05-18T12:42:00Z] commit-checkpoint: refused — nothing to commit in runs/
[2026-05-18T12:42:00Z] push: pushing branch=ticket/T108-t108-multi-project-onboarding-and-project-registry
[2026-05-18T12:42:02Z] push: done branch=ticket/T108-t108-multi-project-onboarding-and-project-registry
[2026-05-18T12:42:36Z] commit-checkpoint: skipped missing scope paths: package.json, package-lock.json
[2026-05-18T12:42:36Z] commit-checkpoint: refused — nothing to commit in runs/
[2026-05-18T12:42:36Z] push: pushing branch=ticket/T108-t108-multi-project-onboarding-and-project-registry
[2026-05-18T12:42:37Z] push: done branch=ticket/T108-t108-multi-project-onboarding-and-project-registry
[2026-05-18T12:43:12Z] commit-checkpoint: skipped missing scope paths: package.json, package-lock.json
[2026-05-18T12:43:12Z] commit-checkpoint: refused — nothing to commit in runs/
[2026-05-18T12:43:12Z] push: pushing branch=ticket/T108-t108-multi-project-onboarding-and-project-registry
[2026-05-18T12:43:13Z] push: done branch=ticket/T108-t108-multi-project-onboarding-and-project-registry
[2026-05-18T12:43:47Z] commit-checkpoint: skipped missing scope paths: package.json, package-lock.json
[2026-05-18T12:43:47Z] commit-checkpoint: refused — nothing to commit in runs/
[2026-05-18T12:43:47Z] push: pushing branch=ticket/T108-t108-multi-project-onboarding-and-project-registry
[2026-05-18T12:43:49Z] push: done branch=ticket/T108-t108-multi-project-onboarding-and-project-registry
[2026-05-18T12:44:23Z] commit-checkpoint: skipped missing scope paths: package.json, package-lock.json
[2026-05-18T12:44:23Z] commit-checkpoint: refused — nothing to commit in runs/
[2026-05-18T12:44:23Z] push: pushing branch=ticket/T108-t108-multi-project-onboarding-and-project-registry
[2026-05-18T12:44:25Z] push: done branch=ticket/T108-t108-multi-project-onboarding-and-project-registry
[2026-05-18T12:44:59Z] commit-checkpoint: skipped missing scope paths: package.json, package-lock.json
[2026-05-18T12:44:59Z] commit-checkpoint: refused — nothing to commit in runs/
[2026-05-18T12:44:59Z] push: pushing branch=ticket/T108-t108-multi-project-onboarding-and-project-registry
[2026-05-18T12:45:01Z] push: done branch=ticket/T108-t108-multi-project-onboarding-and-project-registry
[2026-05-18T12:45:35Z] commit-checkpoint: skipped missing scope paths: package.json, package-lock.json
[2026-05-18T12:45:35Z] commit-checkpoint: refused — nothing to commit in runs/
[2026-05-18T12:45:35Z] push: pushing branch=ticket/T108-t108-multi-project-onboarding-and-project-registry
[2026-05-18T12:45:36Z] push: done branch=ticket/T108-t108-multi-project-onboarding-and-project-registry
[2026-05-18T12:46:11Z] commit-checkpoint: skipped missing scope paths: package.json, package-lock.json
[2026-05-18T12:46:11Z] commit-checkpoint: refused — nothing to commit in runs/
[2026-05-18T12:46:11Z] push: pushing branch=ticket/T108-t108-multi-project-onboarding-and-project-registry
[2026-05-18T12:46:12Z] push: done branch=ticket/T108-t108-multi-project-onboarding-and-project-registry
[2026-05-18T12:46:47Z] commit-checkpoint: skipped missing scope paths: package.json, package-lock.json
[2026-05-18T12:46:47Z] commit-checkpoint: refused — nothing to commit in runs/
[2026-05-18T12:46:47Z] push: pushing branch=ticket/T108-t108-multi-project-onboarding-and-project-registry
[2026-05-18T12:46:48Z] push: done branch=ticket/T108-t108-multi-project-onboarding-and-project-registry
[2026-05-18T12:47:22Z] commit-checkpoint: skipped missing scope paths: package.json, package-lock.json
[2026-05-18T12:47:22Z] commit-checkpoint: refused — nothing to commit in runs/
[2026-05-18T12:47:22Z] push: pushing branch=ticket/T108-t108-multi-project-onboarding-and-project-registry
[2026-05-18T12:47:24Z] push: done branch=ticket/T108-t108-multi-project-onboarding-and-project-registry
[2026-05-18T12:47:58Z] commit-checkpoint: skipped missing scope paths: package.json, package-lock.json
[2026-05-18T12:47:58Z] commit-checkpoint: refused — nothing to commit in runs/
[2026-05-18T12:47:58Z] push: pushing branch=ticket/T108-t108-multi-project-onboarding-and-project-registry
[2026-05-18T12:48:00Z] push: done branch=ticket/T108-t108-multi-project-onboarding-and-project-registry
[2026-05-18T12:48:34Z] commit-checkpoint: skipped missing scope paths: package.json, package-lock.json
[2026-05-18T12:48:34Z] commit-checkpoint: refused — nothing to commit in runs/
[2026-05-18T12:48:34Z] push: pushing branch=ticket/T108-t108-multi-project-onboarding-and-project-registry
[2026-05-18T12:48:36Z] push: done branch=ticket/T108-t108-multi-project-onboarding-and-project-registry
[2026-05-18T12:49:10Z] commit-checkpoint: skipped missing scope paths: package.json, package-lock.json
[2026-05-18T12:49:10Z] commit-checkpoint: refused — nothing to commit in runs/
[2026-05-18T12:49:10Z] push: pushing branch=ticket/T108-t108-multi-project-onboarding-and-project-registry
[2026-05-18T12:49:11Z] push: done branch=ticket/T108-t108-multi-project-onboarding-and-project-registry
[2026-05-18T12:49:46Z] commit-checkpoint: skipped missing scope paths: package.json, package-lock.json
[2026-05-18T12:49:46Z] commit-checkpoint: refused — nothing to commit in runs/
[2026-05-18T12:49:46Z] push: pushing branch=ticket/T108-t108-multi-project-onboarding-and-project-registry
[2026-05-18T12:49:47Z] push: done branch=ticket/T108-t108-multi-project-onboarding-and-project-registry
[2026-05-18T12:50:22Z] commit-checkpoint: skipped missing scope paths: package.json, package-lock.json
[2026-05-18T12:50:22Z] commit-checkpoint: refused — nothing to commit in runs/
[2026-05-18T12:50:22Z] push: pushing branch=ticket/T108-t108-multi-project-onboarding-and-project-registry
[2026-05-18T12:50:23Z] push: done branch=ticket/T108-t108-multi-project-onboarding-and-project-registry
[2026-05-18T12:50:58Z] commit-checkpoint: skipped missing scope paths: package.json, package-lock.json
[2026-05-18T12:50:58Z] commit-checkpoint: refused — nothing to commit in runs/
[2026-05-18T12:50:58Z] push: pushing branch=ticket/T108-t108-multi-project-onboarding-and-project-registry
[2026-05-18T12:50:59Z] push: done branch=ticket/T108-t108-multi-project-onboarding-and-project-registry
[2026-05-18T12:51:33Z] commit-checkpoint: skipped missing scope paths: package.json, package-lock.json
[2026-05-18T12:51:33Z] commit-checkpoint: refused — nothing to commit in runs/
[2026-05-18T12:51:33Z] push: pushing branch=ticket/T108-t108-multi-project-onboarding-and-project-registry
[2026-05-18T12:51:35Z] push: done branch=ticket/T108-t108-multi-project-onboarding-and-project-registry
[2026-05-18T12:52:09Z] commit-checkpoint: skipped missing scope paths: package.json, package-lock.json
[2026-05-18T12:52:09Z] commit-checkpoint: refused — nothing to commit in runs/
[2026-05-18T12:52:09Z] push: pushing branch=ticket/T108-t108-multi-project-onboarding-and-project-registry
[2026-05-18T12:52:11Z] push: done branch=ticket/T108-t108-multi-project-onboarding-and-project-registry
[2026-05-18T12:52:45Z] commit-checkpoint: skipped missing scope paths: package.json, package-lock.json
[2026-05-18T12:52:46Z] commit-checkpoint: refused — nothing to commit in runs/
[2026-05-18T12:52:46Z] push: pushing branch=ticket/T108-t108-multi-project-onboarding-and-project-registry
[2026-05-18T12:52:47Z] push: done branch=ticket/T108-t108-multi-project-onboarding-and-project-registry
[2026-05-18T12:53:22Z] commit-checkpoint: skipped missing scope paths: package.json, package-lock.json
[2026-05-18T12:53:22Z] commit-checkpoint: refused — nothing to commit in runs/
[2026-05-18T12:53:22Z] push: pushing branch=ticket/T108-t108-multi-project-onboarding-and-project-registry
[2026-05-18T12:53:23Z] push: done branch=ticket/T108-t108-multi-project-onboarding-and-project-registry
[2026-05-18T12:53:57Z] commit-checkpoint: skipped missing scope paths: package.json, package-lock.json
[2026-05-18T12:53:57Z] commit-checkpoint: refused — nothing to commit in runs/
[2026-05-18T12:53:58Z] push: pushing branch=ticket/T108-t108-multi-project-onboarding-and-project-registry
[2026-05-18T12:53:59Z] push: done branch=ticket/T108-t108-multi-project-onboarding-and-project-registry
[2026-05-18T12:54:34Z] commit-checkpoint: skipped missing scope paths: package.json, package-lock.json
[2026-05-18T12:54:34Z] commit-checkpoint: refused — nothing to commit in runs/
[2026-05-18T12:54:34Z] push: pushing branch=ticket/T108-t108-multi-project-onboarding-and-project-registry
[2026-05-18T12:54:35Z] push: done branch=ticket/T108-t108-multi-project-onboarding-and-project-registry
[2026-05-18T12:55:10Z] commit-checkpoint: skipped missing scope paths: package.json, package-lock.json
[2026-05-18T12:55:10Z] commit-checkpoint: refused — nothing to commit in runs/
[2026-05-18T12:55:10Z] push: pushing branch=ticket/T108-t108-multi-project-onboarding-and-project-registry
[2026-05-18T12:55:11Z] push: done branch=ticket/T108-t108-multi-project-onboarding-and-project-registry
[2026-05-18T12:55:45Z] commit-checkpoint: skipped missing scope paths: package.json, package-lock.json
[2026-05-18T12:55:45Z] commit-checkpoint: refused — nothing to commit in runs/
[2026-05-18T12:55:45Z] push: pushing branch=ticket/T108-t108-multi-project-onboarding-and-project-registry
[2026-05-18T12:55:47Z] push: done branch=ticket/T108-t108-multi-project-onboarding-and-project-registry
[2026-05-18T12:56:21Z] commit-checkpoint: skipped missing scope paths: package.json, package-lock.json
[2026-05-18T12:56:21Z] commit-checkpoint: refused — nothing to commit in runs/
[2026-05-18T12:56:21Z] push: pushing branch=ticket/T108-t108-multi-project-onboarding-and-project-registry
[2026-05-18T12:56:23Z] push: done branch=ticket/T108-t108-multi-project-onboarding-and-project-registry
[2026-05-18T12:56:57Z] commit-checkpoint: skipped missing scope paths: package.json, package-lock.json
[2026-05-18T12:56:57Z] commit-checkpoint: refused — nothing to commit in runs/
[2026-05-18T12:56:57Z] push: pushing branch=ticket/T108-t108-multi-project-onboarding-and-project-registry
[2026-05-18T12:56:59Z] push: done branch=ticket/T108-t108-multi-project-onboarding-and-project-registry
[2026-05-18T12:57:33Z] commit-checkpoint: skipped missing scope paths: package.json, package-lock.json
[2026-05-18T12:57:33Z] commit-checkpoint: refused — nothing to commit in runs/
[2026-05-18T12:57:33Z] push: pushing branch=ticket/T108-t108-multi-project-onboarding-and-project-registry
[2026-05-18T12:57:34Z] push: done branch=ticket/T108-t108-multi-project-onboarding-and-project-registry
[2026-05-18T12:58:09Z] commit-checkpoint: skipped missing scope paths: package.json, package-lock.json
[2026-05-18T12:58:09Z] commit-checkpoint: refused — nothing to commit in runs/
[2026-05-18T12:58:09Z] push: pushing branch=ticket/T108-t108-multi-project-onboarding-and-project-registry
[2026-05-18T12:58:10Z] push: done branch=ticket/T108-t108-multi-project-onboarding-and-project-registry
[2026-05-18T12:58:44Z] commit-checkpoint: skipped missing scope paths: package.json, package-lock.json
[2026-05-18T12:58:44Z] commit-checkpoint: refused — nothing to commit in runs/
[2026-05-18T12:58:44Z] push: pushing branch=ticket/T108-t108-multi-project-onboarding-and-project-registry
[2026-05-18T12:58:46Z] push: done branch=ticket/T108-t108-multi-project-onboarding-and-project-registry
[2026-05-18T12:59:20Z] commit-checkpoint: skipped missing scope paths: package.json, package-lock.json
[2026-05-18T12:59:20Z] commit-checkpoint: refused — nothing to commit in runs/
[2026-05-18T12:59:20Z] push: pushing branch=ticket/T108-t108-multi-project-onboarding-and-project-registry
[2026-05-18T12:59:22Z] push: done branch=ticket/T108-t108-multi-project-onboarding-and-project-registry
[2026-05-18T12:59:54Z] commit-checkpoint: skipped missing scope paths: package.json, package-lock.json
[2026-05-18T12:59:55Z] commit-checkpoint: refused — nothing to commit in runs/
[2026-05-18T12:59:55Z] push: pushing branch=ticket/T108-t108-multi-project-onboarding-and-project-registry
[2026-05-18T12:59:56Z] push: done branch=ticket/T108-t108-multi-project-onboarding-and-project-registry
[2026-05-18T13:00:29Z] commit-checkpoint: skipped missing scope paths: package.json, package-lock.json
[2026-05-18T13:00:29Z] commit-checkpoint: refused — nothing to commit in runs/
[2026-05-18T13:00:29Z] push: pushing branch=ticket/T108-t108-multi-project-onboarding-and-project-registry
[2026-05-18T13:00:30Z] push: done branch=ticket/T108-t108-multi-project-onboarding-and-project-registry
[2026-05-18T13:01:03Z] commit-checkpoint: skipped missing scope paths: package.json, package-lock.json
[2026-05-18T13:01:03Z] commit-checkpoint: refused — nothing to commit in runs/
[2026-05-18T13:01:03Z] push: pushing branch=ticket/T108-t108-multi-project-onboarding-and-project-registry
[2026-05-18T13:01:05Z] push: done branch=ticket/T108-t108-multi-project-onboarding-and-project-registry
[2026-05-18T13:01:37Z] commit-checkpoint: skipped missing scope paths: package.json, package-lock.json
[2026-05-18T13:01:37Z] commit-checkpoint: refused — nothing to commit in runs/
[2026-05-18T13:01:37Z] push: pushing branch=ticket/T108-t108-multi-project-onboarding-and-project-registry
[2026-05-18T13:01:39Z] push: done branch=ticket/T108-t108-multi-project-onboarding-and-project-registry
[2026-05-18T13:02:11Z] commit-checkpoint: skipped missing scope paths: package.json, package-lock.json
[2026-05-18T13:02:11Z] commit-checkpoint: refused — nothing to commit in runs/
[2026-05-18T13:02:11Z] push: pushing branch=ticket/T108-t108-multi-project-onboarding-and-project-registry
[2026-05-18T13:02:13Z] push: done branch=ticket/T108-t108-multi-project-onboarding-and-project-registry
[2026-05-18T13:02:46Z] commit-checkpoint: skipped missing scope paths: package.json, package-lock.json
[2026-05-18T13:02:46Z] commit-checkpoint: refused — nothing to commit in runs/
[2026-05-18T13:02:46Z] push: pushing branch=ticket/T108-t108-multi-project-onboarding-and-project-registry
[2026-05-18T13:02:48Z] push: done branch=ticket/T108-t108-multi-project-onboarding-and-project-registry
[2026-05-18T13:03:20Z] commit-checkpoint: skipped missing scope paths: package.json, package-lock.json
[2026-05-18T13:03:20Z] commit-checkpoint: refused — nothing to commit in runs/
[2026-05-18T13:03:20Z] push: pushing branch=ticket/T108-t108-multi-project-onboarding-and-project-registry
[2026-05-18T13:03:22Z] push: done branch=ticket/T108-t108-multi-project-onboarding-and-project-registry
[2026-05-18T13:03:55Z] commit-checkpoint: skipped missing scope paths: package.json, package-lock.json
[2026-05-18T13:03:55Z] commit-checkpoint: refused — nothing to commit in runs/
[2026-05-18T13:03:55Z] push: pushing branch=ticket/T108-t108-multi-project-onboarding-and-project-registry
[2026-05-18T13:03:56Z] push: done branch=ticket/T108-t108-multi-project-onboarding-and-project-registry
[2026-05-18T13:04:29Z] commit-checkpoint: skipped missing scope paths: package.json, package-lock.json
[2026-05-18T13:04:29Z] commit-checkpoint: refused — nothing to commit in runs/
[2026-05-18T13:04:29Z] push: pushing branch=ticket/T108-t108-multi-project-onboarding-and-project-registry
[2026-05-18T13:04:31Z] push: done branch=ticket/T108-t108-multi-project-onboarding-and-project-registry
[2026-05-18T13:05:03Z] commit-checkpoint: skipped missing scope paths: package.json, package-lock.json
[2026-05-18T13:05:03Z] commit-checkpoint: refused — nothing to commit in runs/
[2026-05-18T13:05:03Z] push: pushing branch=ticket/T108-t108-multi-project-onboarding-and-project-registry
[2026-05-18T13:05:05Z] push: done branch=ticket/T108-t108-multi-project-onboarding-and-project-registry
[2026-05-18T13:05:40Z] commit-checkpoint: skipped missing scope paths: package.json, package-lock.json
[2026-05-18T13:05:40Z] commit-checkpoint: refused — nothing to commit in runs/
[2026-05-18T13:05:40Z] push: pushing branch=ticket/T108-t108-multi-project-onboarding-and-project-registry
[2026-05-18T13:05:41Z] push: done branch=ticket/T108-t108-multi-project-onboarding-and-project-registry
[2026-05-18T13:06:14Z] commit-checkpoint: skipped missing scope paths: package.json, package-lock.json
[2026-05-18T13:06:14Z] commit-checkpoint: refused — nothing to commit in runs/
[2026-05-18T13:06:14Z] push: pushing branch=ticket/T108-t108-multi-project-onboarding-and-project-registry
[2026-05-18T13:06:15Z] push: done branch=ticket/T108-t108-multi-project-onboarding-and-project-registry
[2026-05-18T13:06:48Z] commit-checkpoint: skipped missing scope paths: package.json, package-lock.json
[2026-05-18T13:06:48Z] commit-checkpoint: refused — nothing to commit in runs/
[2026-05-18T13:06:48Z] push: pushing branch=ticket/T108-t108-multi-project-onboarding-and-project-registry
[2026-05-18T13:06:50Z] push: done branch=ticket/T108-t108-multi-project-onboarding-and-project-registry
[2026-05-18T13:07:22Z] commit-checkpoint: skipped missing scope paths: package.json, package-lock.json
[2026-05-18T13:07:22Z] commit-checkpoint: refused — nothing to commit in runs/
[2026-05-18T13:07:22Z] push: pushing branch=ticket/T108-t108-multi-project-onboarding-and-project-registry
[2026-05-18T13:07:24Z] push: done branch=ticket/T108-t108-multi-project-onboarding-and-project-registry
[2026-05-18T13:07:57Z] commit-checkpoint: skipped missing scope paths: package.json, package-lock.json
[2026-05-18T13:07:57Z] commit-checkpoint: refused — nothing to commit in runs/
[2026-05-18T13:07:57Z] push: pushing branch=ticket/T108-t108-multi-project-onboarding-and-project-registry
[2026-05-18T13:07:58Z] push: done branch=ticket/T108-t108-multi-project-onboarding-and-project-registry
[2026-05-18T13:08:31Z] commit-checkpoint: skipped missing scope paths: package.json, package-lock.json
[2026-05-18T13:08:31Z] commit-checkpoint: refused — nothing to commit in runs/
[2026-05-18T13:08:31Z] push: pushing branch=ticket/T108-t108-multi-project-onboarding-and-project-registry
[2026-05-18T13:08:33Z] push: done branch=ticket/T108-t108-multi-project-onboarding-and-project-registry
[2026-05-18T13:09:05Z] commit-checkpoint: skipped missing scope paths: package.json, package-lock.json
[2026-05-18T13:09:05Z] commit-checkpoint: refused — nothing to commit in runs/
[2026-05-18T13:09:05Z] push: pushing branch=ticket/T108-t108-multi-project-onboarding-and-project-registry
[2026-05-18T13:09:07Z] push: done branch=ticket/T108-t108-multi-project-onboarding-and-project-registry
[2026-05-18T13:09:39Z] commit-checkpoint: skipped missing scope paths: package.json, package-lock.json
[2026-05-18T13:09:39Z] commit-checkpoint: refused — nothing to commit in runs/
[2026-05-18T13:09:39Z] push: pushing branch=ticket/T108-t108-multi-project-onboarding-and-project-registry
[2026-05-18T13:09:41Z] push: done branch=ticket/T108-t108-multi-project-onboarding-and-project-registry
[2026-05-18T13:10:13Z] commit-checkpoint: skipped missing scope paths: package.json, package-lock.json
[2026-05-18T13:10:13Z] commit-checkpoint: refused — nothing to commit in runs/
[2026-05-18T13:10:13Z] push: pushing branch=ticket/T108-t108-multi-project-onboarding-and-project-registry
[2026-05-18T13:10:15Z] push: done branch=ticket/T108-t108-multi-project-onboarding-and-project-registry
[2026-05-18T13:10:48Z] commit-checkpoint: skipped missing scope paths: package.json, package-lock.json
[2026-05-18T13:10:48Z] commit-checkpoint: refused — nothing to commit in runs/
[2026-05-18T13:10:48Z] push: pushing branch=ticket/T108-t108-multi-project-onboarding-and-project-registry
[2026-05-18T13:10:49Z] push: done branch=ticket/T108-t108-multi-project-onboarding-and-project-registry
[2026-05-18T13:11:22Z] commit-checkpoint: skipped missing scope paths: package.json, package-lock.json
[2026-05-18T13:11:22Z] commit-checkpoint: refused — nothing to commit in runs/
[2026-05-18T13:11:22Z] push: pushing branch=ticket/T108-t108-multi-project-onboarding-and-project-registry
[2026-05-18T13:11:23Z] push: done branch=ticket/T108-t108-multi-project-onboarding-and-project-registry
[2026-05-18T13:11:56Z] commit-checkpoint: skipped missing scope paths: package.json, package-lock.json
[2026-05-18T13:11:56Z] commit-checkpoint: refused — nothing to commit in runs/
[2026-05-18T13:11:56Z] push: pushing branch=ticket/T108-t108-multi-project-onboarding-and-project-registry
[2026-05-18T13:11:57Z] push: done branch=ticket/T108-t108-multi-project-onboarding-and-project-registry
[2026-05-18T13:12:32Z] commit-checkpoint: skipped missing scope paths: package.json, package-lock.json
[2026-05-18T13:12:32Z] commit-checkpoint: refused — nothing to commit in runs/
[2026-05-18T13:12:32Z] push: pushing branch=ticket/T108-t108-multi-project-onboarding-and-project-registry
[2026-05-18T13:12:34Z] push: done branch=ticket/T108-t108-multi-project-onboarding-and-project-registry
[2026-05-18T13:13:08Z] commit-checkpoint: skipped missing scope paths: package.json, package-lock.json
[2026-05-18T13:13:08Z] commit-checkpoint: refused — nothing to commit in runs/
[2026-05-18T13:13:08Z] push: pushing branch=ticket/T108-t108-multi-project-onboarding-and-project-registry
[2026-05-18T13:13:10Z] push: done branch=ticket/T108-t108-multi-project-onboarding-and-project-registry
[2026-05-18T13:13:44Z] commit-checkpoint: skipped missing scope paths: package.json, package-lock.json
[2026-05-18T13:13:44Z] commit-checkpoint: refused — nothing to commit in runs/
[2026-05-18T13:13:44Z] push: pushing branch=ticket/T108-t108-multi-project-onboarding-and-project-registry
[2026-05-18T13:13:46Z] push: done branch=ticket/T108-t108-multi-project-onboarding-and-project-registry
[2026-05-18T13:14:20Z] commit-checkpoint: skipped missing scope paths: package.json, package-lock.json
[2026-05-18T13:14:20Z] commit-checkpoint: refused — nothing to commit in runs/
[2026-05-18T13:14:20Z] push: pushing branch=ticket/T108-t108-multi-project-onboarding-and-project-registry
[2026-05-18T13:14:22Z] push: done branch=ticket/T108-t108-multi-project-onboarding-and-project-registry
[2026-05-18T13:14:56Z] commit-checkpoint: skipped missing scope paths: package.json, package-lock.json
[2026-05-18T13:14:56Z] commit-checkpoint: refused — nothing to commit in runs/
[2026-05-18T13:14:56Z] push: pushing branch=ticket/T108-t108-multi-project-onboarding-and-project-registry
[2026-05-18T13:14:58Z] push: done branch=ticket/T108-t108-multi-project-onboarding-and-project-registry
[2026-05-18T13:15:32Z] commit-checkpoint: skipped missing scope paths: package.json, package-lock.json
[2026-05-18T13:15:32Z] commit-checkpoint: refused — nothing to commit in runs/
[2026-05-18T13:15:32Z] push: pushing branch=ticket/T108-t108-multi-project-onboarding-and-project-registry
[2026-05-18T13:15:34Z] push: done branch=ticket/T108-t108-multi-project-onboarding-and-project-registry
[2026-05-18T13:16:08Z] commit-checkpoint: skipped missing scope paths: package.json, package-lock.json
[2026-05-18T13:16:08Z] commit-checkpoint: refused — nothing to commit in runs/
[2026-05-18T13:16:08Z] push: pushing branch=ticket/T108-t108-multi-project-onboarding-and-project-registry
[2026-05-18T13:16:10Z] push: done branch=ticket/T108-t108-multi-project-onboarding-and-project-registry
[2026-05-18T13:16:44Z] commit-checkpoint: skipped missing scope paths: package.json, package-lock.json
[2026-05-18T13:16:44Z] commit-checkpoint: refused — nothing to commit in runs/
[2026-05-18T13:16:44Z] push: pushing branch=ticket/T108-t108-multi-project-onboarding-and-project-registry
[2026-05-18T13:16:46Z] push: done branch=ticket/T108-t108-multi-project-onboarding-and-project-registry
[2026-05-18T13:17:20Z] commit-checkpoint: skipped missing scope paths: package.json, package-lock.json
[2026-05-18T13:17:20Z] commit-checkpoint: refused — nothing to commit in runs/
[2026-05-18T13:17:20Z] push: pushing branch=ticket/T108-t108-multi-project-onboarding-and-project-registry
[2026-05-18T13:17:21Z] push: done branch=ticket/T108-t108-multi-project-onboarding-and-project-registry
[2026-05-18T13:17:56Z] commit-checkpoint: skipped missing scope paths: package.json, package-lock.json
[2026-05-18T13:17:56Z] commit-checkpoint: refused — nothing to commit in runs/
[2026-05-18T13:17:56Z] push: pushing branch=ticket/T108-t108-multi-project-onboarding-and-project-registry
[2026-05-18T13:17:57Z] push: done branch=ticket/T108-t108-multi-project-onboarding-and-project-registry
[2026-05-18T13:18:32Z] commit-checkpoint: skipped missing scope paths: package.json, package-lock.json
[2026-05-18T13:18:32Z] commit-checkpoint: refused — nothing to commit in runs/
[2026-05-18T13:18:32Z] push: pushing branch=ticket/T108-t108-multi-project-onboarding-and-project-registry
[2026-05-18T13:18:33Z] push: done branch=ticket/T108-t108-multi-project-onboarding-and-project-registry
[2026-05-18T13:19:08Z] commit-checkpoint: skipped missing scope paths: package.json, package-lock.json
[2026-05-18T13:19:08Z] commit-checkpoint: refused — nothing to commit in runs/
[2026-05-18T13:19:08Z] push: pushing branch=ticket/T108-t108-multi-project-onboarding-and-project-registry
[2026-05-18T13:19:09Z] push: done branch=ticket/T108-t108-multi-project-onboarding-and-project-registry
[2026-05-18T13:19:43Z] commit-checkpoint: skipped missing scope paths: package.json, package-lock.json
[2026-05-18T13:19:43Z] commit-checkpoint: refused — nothing to commit in runs/
[2026-05-18T13:19:44Z] push: pushing branch=ticket/T108-t108-multi-project-onboarding-and-project-registry
[2026-05-18T13:19:45Z] push: done branch=ticket/T108-t108-multi-project-onboarding-and-project-registry
[2026-05-18T13:20:19Z] commit-checkpoint: skipped missing scope paths: package.json, package-lock.json
[2026-05-18T13:20:19Z] commit-checkpoint: refused — nothing to commit in runs/
[2026-05-18T13:20:19Z] push: pushing branch=ticket/T108-t108-multi-project-onboarding-and-project-registry
[2026-05-18T13:20:21Z] push: done branch=ticket/T108-t108-multi-project-onboarding-and-project-registry
[2026-05-18T13:20:27Z] commit-checkpoint: skipped missing scope paths: package.json, package-lock.json
[2026-05-18T13:20:27Z] commit-checkpoint: refused — nothing to commit in runs/
[2026-05-18T13:20:27Z] push: pushing branch=ticket/T108-t108-multi-project-onboarding-and-project-registry
[2026-05-18T13:20:28Z] push: done branch=ticket/T108-t108-multi-project-onboarding-and-project-registry
[2026-05-18T13:21:08Z] commit-checkpoint: skipped missing scope paths: package.json, package-lock.json
[2026-05-18T13:21:09Z] commit-checkpoint: refused — nothing to commit in runs/
[2026-05-18T13:21:09Z] push: pushing branch=ticket/T108-t108-multi-project-onboarding-and-project-registry
[2026-05-18T13:21:10Z] push: done branch=ticket/T108-t108-multi-project-onboarding-and-project-registry
[2026-05-18T13:21:44Z] commit-checkpoint: skipped missing scope paths: package.json, package-lock.json
[2026-05-18T13:21:44Z] commit-checkpoint: refused — nothing to commit in runs/
[2026-05-18T13:21:45Z] push: pushing branch=ticket/T108-t108-multi-project-onboarding-and-project-registry
[2026-05-18T13:21:46Z] push: done branch=ticket/T108-t108-multi-project-onboarding-and-project-registry
[2026-05-18T13:22:20Z] commit-checkpoint: skipped missing scope paths: package.json, package-lock.json
[2026-05-18T13:22:20Z] commit-checkpoint: refused — nothing to commit in runs/
[2026-05-18T13:22:20Z] push: pushing branch=ticket/T108-t108-multi-project-onboarding-and-project-registry
[2026-05-18T13:22:22Z] push: done branch=ticket/T108-t108-multi-project-onboarding-and-project-registry
[2026-05-18T13:22:56Z] commit-checkpoint: skipped missing scope paths: package.json, package-lock.json
[2026-05-18T13:22:56Z] commit-checkpoint: refused — nothing to commit in runs/
[2026-05-18T13:22:56Z] push: pushing branch=ticket/T108-t108-multi-project-onboarding-and-project-registry
[2026-05-18T13:22:58Z] push: done branch=ticket/T108-t108-multi-project-onboarding-and-project-registry
[2026-05-18T13:23:32Z] commit-checkpoint: skipped missing scope paths: package.json, package-lock.json
[2026-05-18T13:23:32Z] commit-checkpoint: refused — nothing to commit in runs/
[2026-05-18T13:23:32Z] push: pushing branch=ticket/T108-t108-multi-project-onboarding-and-project-registry
[2026-05-18T13:23:34Z] push: done branch=ticket/T108-t108-multi-project-onboarding-and-project-registry
[2026-05-18T13:24:08Z] commit-checkpoint: skipped missing scope paths: package.json, package-lock.json
[2026-05-18T13:24:08Z] commit-checkpoint: refused — nothing to commit in runs/
[2026-05-18T13:24:08Z] push: pushing branch=ticket/T108-t108-multi-project-onboarding-and-project-registry
[2026-05-18T13:24:10Z] push: done branch=ticket/T108-t108-multi-project-onboarding-and-project-registry
[2026-05-18T13:24:44Z] commit-checkpoint: skipped missing scope paths: package.json, package-lock.json
[2026-05-18T13:24:44Z] commit-checkpoint: refused — nothing to commit in runs/
[2026-05-18T13:24:44Z] push: pushing branch=ticket/T108-t108-multi-project-onboarding-and-project-registry
[2026-05-18T13:24:45Z] push: done branch=ticket/T108-t108-multi-project-onboarding-and-project-registry
[2026-05-18T13:25:20Z] commit-checkpoint: skipped missing scope paths: package.json, package-lock.json
[2026-05-18T13:25:20Z] commit-checkpoint: refused — nothing to commit in runs/
[2026-05-18T13:25:20Z] push: pushing branch=ticket/T108-t108-multi-project-onboarding-and-project-registry
[2026-05-18T13:25:21Z] push: done branch=ticket/T108-t108-multi-project-onboarding-and-project-registry
[2026-05-18T13:25:56Z] commit-checkpoint: skipped missing scope paths: package.json, package-lock.json
[2026-05-18T13:25:56Z] commit-checkpoint: refused — nothing to commit in runs/
[2026-05-18T13:25:56Z] push: pushing branch=ticket/T108-t108-multi-project-onboarding-and-project-registry
[2026-05-18T13:25:57Z] push: done branch=ticket/T108-t108-multi-project-onboarding-and-project-registry
[2026-05-18T13:26:31Z] commit-checkpoint: skipped missing scope paths: package.json, package-lock.json
[2026-05-18T13:26:31Z] commit-checkpoint: refused — nothing to commit in runs/
[2026-05-18T13:26:31Z] push: pushing branch=ticket/T108-t108-multi-project-onboarding-and-project-registry
[2026-05-18T13:26:33Z] push: done branch=ticket/T108-t108-multi-project-onboarding-and-project-registry
[2026-05-18T13:27:08Z] commit-checkpoint: skipped missing scope paths: package.json, package-lock.json
[2026-05-18T13:27:08Z] commit-checkpoint: refused — nothing to commit in runs/
[2026-05-18T13:27:08Z] push: pushing branch=ticket/T108-t108-multi-project-onboarding-and-project-registry
[2026-05-18T13:27:09Z] push: done branch=ticket/T108-t108-multi-project-onboarding-and-project-registry
[2026-05-18T13:27:44Z] commit-checkpoint: skipped missing scope paths: package.json, package-lock.json
[2026-05-18T13:27:44Z] commit-checkpoint: refused — nothing to commit in runs/
[2026-05-18T13:27:44Z] push: pushing branch=ticket/T108-t108-multi-project-onboarding-and-project-registry
[2026-05-18T13:27:45Z] push: done branch=ticket/T108-t108-multi-project-onboarding-and-project-registry
[2026-05-18T13:28:19Z] commit-checkpoint: skipped missing scope paths: package.json, package-lock.json
[2026-05-18T13:28:19Z] commit-checkpoint: refused — nothing to commit in runs/
[2026-05-18T13:28:19Z] push: pushing branch=ticket/T108-t108-multi-project-onboarding-and-project-registry
[2026-05-18T13:28:21Z] push: done branch=ticket/T108-t108-multi-project-onboarding-and-project-registry
[2026-05-18T13:28:56Z] commit-checkpoint: skipped missing scope paths: package.json, package-lock.json
[2026-05-18T13:28:56Z] commit-checkpoint: refused — nothing to commit in runs/
[2026-05-18T13:28:56Z] push: pushing branch=ticket/T108-t108-multi-project-onboarding-and-project-registry
[2026-05-18T13:28:57Z] push: done branch=ticket/T108-t108-multi-project-onboarding-and-project-registry
[2026-05-18T13:29:32Z] commit-checkpoint: skipped missing scope paths: package.json, package-lock.json
[2026-05-18T13:29:32Z] commit-checkpoint: refused — nothing to commit in runs/
[2026-05-18T13:29:32Z] push: pushing branch=ticket/T108-t108-multi-project-onboarding-and-project-registry
[2026-05-18T13:29:34Z] push: done branch=ticket/T108-t108-multi-project-onboarding-and-project-registry
[2026-05-18T13:30:08Z] commit-checkpoint: skipped missing scope paths: package.json, package-lock.json
[2026-05-18T13:30:08Z] commit-checkpoint: refused — nothing to commit in runs/
[2026-05-18T13:30:08Z] push: pushing branch=ticket/T108-t108-multi-project-onboarding-and-project-registry
[2026-05-18T13:30:10Z] push: done branch=ticket/T108-t108-multi-project-onboarding-and-project-registry
[2026-05-18T13:30:44Z] commit-checkpoint: skipped missing scope paths: package.json, package-lock.json
[2026-05-18T13:30:44Z] commit-checkpoint: refused — nothing to commit in runs/
[2026-05-18T13:30:44Z] push: pushing branch=ticket/T108-t108-multi-project-onboarding-and-project-registry
[2026-05-18T13:30:46Z] push: done branch=ticket/T108-t108-multi-project-onboarding-and-project-registry
[2026-05-18T13:31:20Z] commit-checkpoint: skipped missing scope paths: package.json, package-lock.json
[2026-05-18T13:31:20Z] commit-checkpoint: refused — nothing to commit in runs/
[2026-05-18T13:31:20Z] push: pushing branch=ticket/T108-t108-multi-project-onboarding-and-project-registry
[2026-05-18T13:31:22Z] push: done branch=ticket/T108-t108-multi-project-onboarding-and-project-registry
[2026-05-18T13:31:56Z] commit-checkpoint: skipped missing scope paths: package.json, package-lock.json
[2026-05-18T13:31:56Z] commit-checkpoint: refused — nothing to commit in runs/
[2026-05-18T13:31:56Z] push: pushing branch=ticket/T108-t108-multi-project-onboarding-and-project-registry
[2026-05-18T13:31:58Z] push: done branch=ticket/T108-t108-multi-project-onboarding-and-project-registry
[2026-05-18T13:32:32Z] commit-checkpoint: skipped missing scope paths: package.json, package-lock.json
[2026-05-18T13:32:32Z] commit-checkpoint: refused — nothing to commit in runs/
[2026-05-18T13:32:32Z] push: pushing branch=ticket/T108-t108-multi-project-onboarding-and-project-registry
[2026-05-18T13:32:34Z] push: done branch=ticket/T108-t108-multi-project-onboarding-and-project-registry
[2026-05-18T13:33:08Z] commit-checkpoint: skipped missing scope paths: package.json, package-lock.json
[2026-05-18T13:33:08Z] commit-checkpoint: refused — nothing to commit in runs/
[2026-05-18T13:33:08Z] push: pushing branch=ticket/T108-t108-multi-project-onboarding-and-project-registry
[2026-05-18T13:33:10Z] push: done branch=ticket/T108-t108-multi-project-onboarding-and-project-registry
[2026-05-18T13:33:44Z] commit-checkpoint: skipped missing scope paths: package.json, package-lock.json
[2026-05-18T13:33:44Z] commit-checkpoint: refused — nothing to commit in runs/
[2026-05-18T13:33:44Z] push: pushing branch=ticket/T108-t108-multi-project-onboarding-and-project-registry
[2026-05-18T13:33:46Z] push: done branch=ticket/T108-t108-multi-project-onboarding-and-project-registry
[2026-05-18T13:34:20Z] commit-checkpoint: skipped missing scope paths: package.json, package-lock.json
[2026-05-18T13:34:20Z] commit-checkpoint: refused — nothing to commit in runs/
[2026-05-18T13:34:20Z] push: pushing branch=ticket/T108-t108-multi-project-onboarding-and-project-registry
[2026-05-18T13:34:22Z] push: done branch=ticket/T108-t108-multi-project-onboarding-and-project-registry
[2026-05-18T13:34:56Z] commit-checkpoint: skipped missing scope paths: package.json, package-lock.json
[2026-05-18T13:34:56Z] commit-checkpoint: refused — nothing to commit in runs/
[2026-05-18T13:34:56Z] push: pushing branch=ticket/T108-t108-multi-project-onboarding-and-project-registry
[2026-05-18T13:34:57Z] push: done branch=ticket/T108-t108-multi-project-onboarding-and-project-registry
[2026-05-18T13:35:32Z] commit-checkpoint: skipped missing scope paths: package.json, package-lock.json
[2026-05-18T13:35:32Z] commit-checkpoint: refused — nothing to commit in runs/
[2026-05-18T13:35:32Z] push: pushing branch=ticket/T108-t108-multi-project-onboarding-and-project-registry
[2026-05-18T13:35:34Z] push: done branch=ticket/T108-t108-multi-project-onboarding-and-project-registry
[2026-05-18T13:36:08Z] commit-checkpoint: skipped missing scope paths: package.json, package-lock.json
[2026-05-18T13:36:08Z] commit-checkpoint: refused — nothing to commit in runs/
[2026-05-18T13:36:08Z] push: pushing branch=ticket/T108-t108-multi-project-onboarding-and-project-registry
[2026-05-18T13:36:10Z] push: done branch=ticket/T108-t108-multi-project-onboarding-and-project-registry
[2026-05-18T13:36:44Z] commit-checkpoint: skipped missing scope paths: package.json, package-lock.json
[2026-05-18T13:36:44Z] commit-checkpoint: refused — nothing to commit in runs/
[2026-05-18T13:36:44Z] push: pushing branch=ticket/T108-t108-multi-project-onboarding-and-project-registry
[2026-05-18T13:36:45Z] push: done branch=ticket/T108-t108-multi-project-onboarding-and-project-registry
[2026-05-18T13:37:20Z] commit-checkpoint: skipped missing scope paths: package.json, package-lock.json
[2026-05-18T13:37:20Z] commit-checkpoint: refused — nothing to commit in runs/
[2026-05-18T13:37:20Z] push: pushing branch=ticket/T108-t108-multi-project-onboarding-and-project-registry
[2026-05-18T13:37:22Z] push: done branch=ticket/T108-t108-multi-project-onboarding-and-project-registry
[2026-05-18T13:37:56Z] commit-checkpoint: skipped missing scope paths: package.json, package-lock.json
[2026-05-18T13:37:56Z] commit-checkpoint: refused — nothing to commit in runs/
[2026-05-18T13:37:56Z] push: pushing branch=ticket/T108-t108-multi-project-onboarding-and-project-registry
[2026-05-18T13:37:58Z] push: done branch=ticket/T108-t108-multi-project-onboarding-and-project-registry
[2026-05-18T13:38:32Z] commit-checkpoint: skipped missing scope paths: package.json, package-lock.json
[2026-05-18T13:38:32Z] commit-checkpoint: refused — nothing to commit in runs/
[2026-05-18T13:38:32Z] push: pushing branch=ticket/T108-t108-multi-project-onboarding-and-project-registry
[2026-05-18T13:38:34Z] push: done branch=ticket/T108-t108-multi-project-onboarding-and-project-registry
[2026-05-18T13:39:08Z] commit-checkpoint: skipped missing scope paths: package.json, package-lock.json
[2026-05-18T13:39:08Z] commit-checkpoint: refused — nothing to commit in runs/
[2026-05-18T13:39:08Z] push: pushing branch=ticket/T108-t108-multi-project-onboarding-and-project-registry
[2026-05-18T13:39:10Z] push: done branch=ticket/T108-t108-multi-project-onboarding-and-project-registry
[2026-05-18T13:39:44Z] commit-checkpoint: skipped missing scope paths: package.json, package-lock.json
[2026-05-18T13:39:44Z] commit-checkpoint: refused — nothing to commit in runs/
[2026-05-18T13:39:44Z] push: pushing branch=ticket/T108-t108-multi-project-onboarding-and-project-registry
[2026-05-18T13:39:46Z] push: done branch=ticket/T108-t108-multi-project-onboarding-and-project-registry
[2026-05-18T13:40:20Z] commit-checkpoint: skipped missing scope paths: package.json, package-lock.json
[2026-05-18T13:40:20Z] commit-checkpoint: refused — nothing to commit in runs/
[2026-05-18T13:40:20Z] push: pushing branch=ticket/T108-t108-multi-project-onboarding-and-project-registry
[2026-05-18T13:40:22Z] push: done branch=ticket/T108-t108-multi-project-onboarding-and-project-registry
[2026-05-18T13:40:56Z] commit-checkpoint: skipped missing scope paths: package.json, package-lock.json
[2026-05-18T13:40:56Z] commit-checkpoint: refused — nothing to commit in runs/
[2026-05-18T13:40:56Z] push: pushing branch=ticket/T108-t108-multi-project-onboarding-and-project-registry
[2026-05-18T13:40:58Z] push: done branch=ticket/T108-t108-multi-project-onboarding-and-project-registry
[2026-05-18T13:41:32Z] commit-checkpoint: skipped missing scope paths: package.json, package-lock.json
[2026-05-18T13:41:32Z] commit-checkpoint: refused — nothing to commit in runs/
[2026-05-18T13:41:32Z] push: pushing branch=ticket/T108-t108-multi-project-onboarding-and-project-registry
[2026-05-18T13:41:34Z] push: done branch=ticket/T108-t108-multi-project-onboarding-and-project-registry
[2026-05-18T13:42:08Z] commit-checkpoint: skipped missing scope paths: package.json, package-lock.json
[2026-05-18T13:42:08Z] commit-checkpoint: refused — nothing to commit in runs/
[2026-05-18T13:42:08Z] push: pushing branch=ticket/T108-t108-multi-project-onboarding-and-project-registry
[2026-05-18T13:42:10Z] push: done branch=ticket/T108-t108-multi-project-onboarding-and-project-registry
[2026-05-18T13:42:44Z] commit-checkpoint: skipped missing scope paths: package.json, package-lock.json
[2026-05-18T13:42:44Z] commit-checkpoint: refused — nothing to commit in runs/
[2026-05-18T13:42:44Z] push: pushing branch=ticket/T108-t108-multi-project-onboarding-and-project-registry
[2026-05-18T13:42:46Z] push: done branch=ticket/T108-t108-multi-project-onboarding-and-project-registry
[2026-05-18T13:43:20Z] commit-checkpoint: skipped missing scope paths: package.json, package-lock.json
[2026-05-18T13:43:20Z] commit-checkpoint: refused — nothing to commit in runs/
[2026-05-18T13:43:20Z] push: pushing branch=ticket/T108-t108-multi-project-onboarding-and-project-registry
[2026-05-18T13:43:22Z] push: done branch=ticket/T108-t108-multi-project-onboarding-and-project-registry
[2026-05-18T13:43:56Z] commit-checkpoint: skipped missing scope paths: package.json, package-lock.json
[2026-05-18T13:43:57Z] commit-checkpoint: refused — nothing to commit in runs/
[2026-05-18T13:43:57Z] push: pushing branch=ticket/T108-t108-multi-project-onboarding-and-project-registry
[2026-05-18T13:43:58Z] push: done branch=ticket/T108-t108-multi-project-onboarding-and-project-registry
[2026-05-18T13:44:32Z] commit-checkpoint: skipped missing scope paths: package.json, package-lock.json
[2026-05-18T13:44:32Z] commit-checkpoint: refused — nothing to commit in runs/
[2026-05-18T13:44:33Z] push: pushing branch=ticket/T108-t108-multi-project-onboarding-and-project-registry
[2026-05-18T13:44:34Z] push: done branch=ticket/T108-t108-multi-project-onboarding-and-project-registry
[2026-05-18T13:45:08Z] commit-checkpoint: skipped missing scope paths: package.json, package-lock.json
[2026-05-18T13:45:08Z] commit-checkpoint: refused — nothing to commit in runs/
[2026-05-18T13:45:09Z] push: pushing branch=ticket/T108-t108-multi-project-onboarding-and-project-registry
[2026-05-18T13:45:10Z] push: done branch=ticket/T108-t108-multi-project-onboarding-and-project-registry
[2026-05-18T13:45:45Z] commit-checkpoint: skipped missing scope paths: package.json, package-lock.json
[2026-05-18T13:45:45Z] commit-checkpoint: refused — nothing to commit in runs/
[2026-05-18T13:45:45Z] push: pushing branch=ticket/T108-t108-multi-project-onboarding-and-project-registry
[2026-05-18T13:45:46Z] push: done branch=ticket/T108-t108-multi-project-onboarding-and-project-registry
[2026-05-18T13:46:21Z] commit-checkpoint: skipped missing scope paths: package.json, package-lock.json
[2026-05-18T13:46:21Z] commit-checkpoint: refused — nothing to commit in runs/
[2026-05-18T13:46:21Z] push: pushing branch=ticket/T108-t108-multi-project-onboarding-and-project-registry
[2026-05-18T13:46:22Z] push: done branch=ticket/T108-t108-multi-project-onboarding-and-project-registry
[2026-05-18T13:46:57Z] commit-checkpoint: skipped missing scope paths: package.json, package-lock.json
[2026-05-18T13:46:57Z] commit-checkpoint: refused — nothing to commit in runs/
[2026-05-18T13:46:57Z] push: pushing branch=ticket/T108-t108-multi-project-onboarding-and-project-registry
[2026-05-18T13:46:59Z] push: done branch=ticket/T108-t108-multi-project-onboarding-and-project-registry
[2026-05-18T13:47:33Z] commit-checkpoint: skipped missing scope paths: package.json, package-lock.json
[2026-05-18T13:47:33Z] commit-checkpoint: refused — nothing to commit in runs/
[2026-05-18T13:47:33Z] push: pushing branch=ticket/T108-t108-multi-project-onboarding-and-project-registry
[2026-05-18T13:47:34Z] push: done branch=ticket/T108-t108-multi-project-onboarding-and-project-registry
[2026-05-18T13:48:09Z] commit-checkpoint: skipped missing scope paths: package.json, package-lock.json
[2026-05-18T13:48:09Z] commit-checkpoint: refused — nothing to commit in runs/
[2026-05-18T13:48:09Z] push: pushing branch=ticket/T108-t108-multi-project-onboarding-and-project-registry
[2026-05-18T13:48:10Z] push: done branch=ticket/T108-t108-multi-project-onboarding-and-project-registry
[2026-05-18T13:48:45Z] commit-checkpoint: skipped missing scope paths: package.json, package-lock.json
[2026-05-18T13:48:45Z] commit-checkpoint: refused — nothing to commit in runs/
[2026-05-18T13:48:45Z] push: pushing branch=ticket/T108-t108-multi-project-onboarding-and-project-registry
[2026-05-18T13:48:46Z] push: done branch=ticket/T108-t108-multi-project-onboarding-and-project-registry
[2026-05-18T13:49:21Z] commit-checkpoint: skipped missing scope paths: package.json, package-lock.json
[2026-05-18T13:49:21Z] commit-checkpoint: refused — nothing to commit in runs/
[2026-05-18T13:49:21Z] push: pushing branch=ticket/T108-t108-multi-project-onboarding-and-project-registry
[2026-05-18T13:49:22Z] push: done branch=ticket/T108-t108-multi-project-onboarding-and-project-registry
[2026-05-18T13:49:57Z] commit-checkpoint: skipped missing scope paths: package.json, package-lock.json
[2026-05-18T13:49:57Z] commit-checkpoint: refused — nothing to commit in runs/
[2026-05-18T13:49:57Z] push: pushing branch=ticket/T108-t108-multi-project-onboarding-and-project-registry
[2026-05-18T13:49:58Z] push: done branch=ticket/T108-t108-multi-project-onboarding-and-project-registry
[2026-05-18T13:50:33Z] commit-checkpoint: skipped missing scope paths: package.json, package-lock.json
[2026-05-18T13:50:33Z] commit-checkpoint: refused — nothing to commit in runs/
[2026-05-18T13:50:33Z] push: pushing branch=ticket/T108-t108-multi-project-onboarding-and-project-registry
[2026-05-18T13:50:34Z] push: done branch=ticket/T108-t108-multi-project-onboarding-and-project-registry
[2026-05-18T13:51:09Z] commit-checkpoint: skipped missing scope paths: package.json, package-lock.json
[2026-05-18T13:51:09Z] commit-checkpoint: refused — nothing to commit in runs/
[2026-05-18T13:51:09Z] push: pushing branch=ticket/T108-t108-multi-project-onboarding-and-project-registry
[2026-05-18T13:51:10Z] push: done branch=ticket/T108-t108-multi-project-onboarding-and-project-registry
[2026-05-18T13:51:44Z] commit-checkpoint: skipped missing scope paths: package.json, package-lock.json
[2026-05-18T13:51:44Z] commit-checkpoint: refused — nothing to commit in runs/
[2026-05-18T13:51:45Z] push: pushing branch=ticket/T108-t108-multi-project-onboarding-and-project-registry
[2026-05-18T13:51:46Z] push: done branch=ticket/T108-t108-multi-project-onboarding-and-project-registry
[2026-05-18T13:52:20Z] commit-checkpoint: skipped missing scope paths: package.json, package-lock.json
[2026-05-18T13:52:20Z] commit-checkpoint: refused — nothing to commit in runs/
[2026-05-18T13:52:20Z] push: pushing branch=ticket/T108-t108-multi-project-onboarding-and-project-registry
[2026-05-18T13:52:22Z] push: done branch=ticket/T108-t108-multi-project-onboarding-and-project-registry
[2026-05-18T13:52:57Z] commit-checkpoint: skipped missing scope paths: package.json, package-lock.json
[2026-05-18T13:52:57Z] commit-checkpoint: refused — nothing to commit in runs/
[2026-05-18T13:52:57Z] push: pushing branch=ticket/T108-t108-multi-project-onboarding-and-project-registry
[2026-05-18T13:52:58Z] push: done branch=ticket/T108-t108-multi-project-onboarding-and-project-registry
[2026-05-18T13:53:33Z] commit-checkpoint: skipped missing scope paths: package.json, package-lock.json
[2026-05-18T13:53:33Z] commit-checkpoint: refused — nothing to commit in runs/
[2026-05-18T13:53:33Z] push: pushing branch=ticket/T108-t108-multi-project-onboarding-and-project-registry
[2026-05-18T13:53:34Z] push: done branch=ticket/T108-t108-multi-project-onboarding-and-project-registry
[2026-05-18T13:54:09Z] commit-checkpoint: skipped missing scope paths: package.json, package-lock.json
[2026-05-18T13:54:09Z] commit-checkpoint: refused — nothing to commit in runs/
[2026-05-18T13:54:09Z] push: pushing branch=ticket/T108-t108-multi-project-onboarding-and-project-registry
[2026-05-18T13:54:10Z] push: done branch=ticket/T108-t108-multi-project-onboarding-and-project-registry
[2026-05-18T13:54:44Z] commit-checkpoint: skipped missing scope paths: package.json, package-lock.json
[2026-05-18T13:54:44Z] commit-checkpoint: refused — nothing to commit in runs/
[2026-05-18T13:54:44Z] push: pushing branch=ticket/T108-t108-multi-project-onboarding-and-project-registry
[2026-05-18T13:54:46Z] push: done branch=ticket/T108-t108-multi-project-onboarding-and-project-registry
[2026-05-18T13:55:20Z] commit-checkpoint: skipped missing scope paths: package.json, package-lock.json
[2026-05-18T13:55:20Z] commit-checkpoint: refused — nothing to commit in runs/
[2026-05-18T13:55:20Z] push: pushing branch=ticket/T108-t108-multi-project-onboarding-and-project-registry
[2026-05-18T13:55:22Z] push: done branch=ticket/T108-t108-multi-project-onboarding-and-project-registry
[2026-05-18T13:55:56Z] commit-checkpoint: skipped missing scope paths: package.json, package-lock.json
[2026-05-18T13:55:56Z] commit-checkpoint: refused — nothing to commit in runs/
[2026-05-18T13:55:56Z] push: pushing branch=ticket/T108-t108-multi-project-onboarding-and-project-registry
[2026-05-18T13:55:58Z] push: done branch=ticket/T108-t108-multi-project-onboarding-and-project-registry
[2026-05-18T13:56:32Z] commit-checkpoint: skipped missing scope paths: package.json, package-lock.json
[2026-05-18T13:56:32Z] commit-checkpoint: refused — nothing to commit in runs/
[2026-05-18T13:56:32Z] push: pushing branch=ticket/T108-t108-multi-project-onboarding-and-project-registry
[2026-05-18T13:56:34Z] push: done branch=ticket/T108-t108-multi-project-onboarding-and-project-registry
[2026-05-18T13:57:08Z] commit-checkpoint: skipped missing scope paths: package.json, package-lock.json
[2026-05-18T13:57:08Z] commit-checkpoint: refused — nothing to commit in runs/
[2026-05-18T13:57:08Z] push: pushing branch=ticket/T108-t108-multi-project-onboarding-and-project-registry
[2026-05-18T13:57:09Z] push: done branch=ticket/T108-t108-multi-project-onboarding-and-project-registry
[2026-05-18T13:57:44Z] commit-checkpoint: skipped missing scope paths: package.json, package-lock.json
[2026-05-18T13:57:44Z] commit-checkpoint: refused — nothing to commit in runs/
[2026-05-18T13:57:44Z] push: pushing branch=ticket/T108-t108-multi-project-onboarding-and-project-registry
[2026-05-18T13:57:45Z] push: done branch=ticket/T108-t108-multi-project-onboarding-and-project-registry
[2026-05-18T13:58:19Z] commit-checkpoint: skipped missing scope paths: package.json, package-lock.json
[2026-05-18T13:58:20Z] commit-checkpoint: refused — nothing to commit in runs/
[2026-05-18T13:58:20Z] push: pushing branch=ticket/T108-t108-multi-project-onboarding-and-project-registry
[2026-05-18T13:58:21Z] push: done branch=ticket/T108-t108-multi-project-onboarding-and-project-registry
[2026-05-18T13:58:55Z] commit-checkpoint: skipped missing scope paths: package.json, package-lock.json
[2026-05-18T13:58:55Z] commit-checkpoint: refused — nothing to commit in runs/
[2026-05-18T13:58:55Z] push: pushing branch=ticket/T108-t108-multi-project-onboarding-and-project-registry
[2026-05-18T13:58:57Z] push: done branch=ticket/T108-t108-multi-project-onboarding-and-project-registry
[2026-05-18T13:59:31Z] commit-checkpoint: skipped missing scope paths: package.json, package-lock.json
[2026-05-18T13:59:31Z] commit-checkpoint: refused — nothing to commit in runs/
[2026-05-18T13:59:31Z] push: pushing branch=ticket/T108-t108-multi-project-onboarding-and-project-registry
[2026-05-18T13:59:33Z] push: done branch=ticket/T108-t108-multi-project-onboarding-and-project-registry
[2026-05-18T14:00:08Z] commit-checkpoint: skipped missing scope paths: package.json, package-lock.json
[2026-05-18T14:00:08Z] commit-checkpoint: refused — nothing to commit in runs/
[2026-05-18T14:00:08Z] push: pushing branch=ticket/T108-t108-multi-project-onboarding-and-project-registry
[2026-05-18T14:00:10Z] push: done branch=ticket/T108-t108-multi-project-onboarding-and-project-registry
[2026-05-18T14:00:44Z] commit-checkpoint: skipped missing scope paths: package.json, package-lock.json
[2026-05-18T14:00:44Z] commit-checkpoint: refused — nothing to commit in runs/
[2026-05-18T14:00:44Z] push: pushing branch=ticket/T108-t108-multi-project-onboarding-and-project-registry
[2026-05-18T14:00:46Z] push: done branch=ticket/T108-t108-multi-project-onboarding-and-project-registry
[2026-05-18T14:01:20Z] commit-checkpoint: skipped missing scope paths: package.json, package-lock.json
[2026-05-18T14:01:20Z] commit-checkpoint: refused — nothing to commit in runs/
[2026-05-18T14:01:20Z] push: pushing branch=ticket/T108-t108-multi-project-onboarding-and-project-registry
[2026-05-18T14:01:22Z] push: done branch=ticket/T108-t108-multi-project-onboarding-and-project-registry
[2026-05-18T14:01:56Z] commit-checkpoint: skipped missing scope paths: package.json, package-lock.json
[2026-05-18T14:01:56Z] commit-checkpoint: refused — nothing to commit in runs/
[2026-05-18T14:01:56Z] push: pushing branch=ticket/T108-t108-multi-project-onboarding-and-project-registry
[2026-05-18T14:01:57Z] push: done branch=ticket/T108-t108-multi-project-onboarding-and-project-registry
[2026-05-18T14:02:33Z] commit-checkpoint: skipped missing scope paths: package.json, package-lock.json
[2026-05-18T14:02:33Z] commit-checkpoint: refused — nothing to commit in runs/
[2026-05-18T14:02:33Z] push: pushing branch=ticket/T108-t108-multi-project-onboarding-and-project-registry
[2026-05-18T14:02:34Z] push: done branch=ticket/T108-t108-multi-project-onboarding-and-project-registry
[2026-05-18T14:03:09Z] commit-checkpoint: skipped missing scope paths: package.json, package-lock.json
[2026-05-18T14:03:09Z] commit-checkpoint: refused — nothing to commit in runs/
[2026-05-18T14:03:09Z] push: pushing branch=ticket/T108-t108-multi-project-onboarding-and-project-registry
[2026-05-18T14:03:10Z] push: done branch=ticket/T108-t108-multi-project-onboarding-and-project-registry
[2026-05-18T14:03:44Z] commit-checkpoint: skipped missing scope paths: package.json, package-lock.json
[2026-05-18T14:03:44Z] commit-checkpoint: refused — nothing to commit in runs/
[2026-05-18T14:03:45Z] push: pushing branch=ticket/T108-t108-multi-project-onboarding-and-project-registry
[2026-05-18T14:03:46Z] push: done branch=ticket/T108-t108-multi-project-onboarding-and-project-registry
[2026-05-18T14:04:20Z] commit-checkpoint: skipped missing scope paths: package.json, package-lock.json
[2026-05-18T14:04:20Z] commit-checkpoint: refused — nothing to commit in runs/
[2026-05-18T14:04:20Z] push: pushing branch=ticket/T108-t108-multi-project-onboarding-and-project-registry
[2026-05-18T14:04:22Z] push: done branch=ticket/T108-t108-multi-project-onboarding-and-project-registry
[2026-05-18T14:04:56Z] commit-checkpoint: skipped missing scope paths: package.json, package-lock.json
[2026-05-18T14:04:56Z] commit-checkpoint: refused — nothing to commit in runs/
[2026-05-18T14:04:56Z] push: pushing branch=ticket/T108-t108-multi-project-onboarding-and-project-registry
[2026-05-18T14:04:58Z] push: done branch=ticket/T108-t108-multi-project-onboarding-and-project-registry
[2026-05-18T14:05:32Z] commit-checkpoint: skipped missing scope paths: package.json, package-lock.json
[2026-05-18T14:05:32Z] commit-checkpoint: refused — nothing to commit in runs/
[2026-05-18T14:05:32Z] push: pushing branch=ticket/T108-t108-multi-project-onboarding-and-project-registry
[2026-05-18T14:05:34Z] push: done branch=ticket/T108-t108-multi-project-onboarding-and-project-registry
[2026-05-18T14:06:08Z] commit-checkpoint: skipped missing scope paths: package.json, package-lock.json
[2026-05-18T14:06:08Z] commit-checkpoint: refused — nothing to commit in runs/
[2026-05-18T14:06:08Z] push: pushing branch=ticket/T108-t108-multi-project-onboarding-and-project-registry
[2026-05-18T14:06:10Z] push: done branch=ticket/T108-t108-multi-project-onboarding-and-project-registry
[2026-05-18T14:06:44Z] commit-checkpoint: skipped missing scope paths: package.json, package-lock.json
[2026-05-18T14:06:44Z] commit-checkpoint: refused — nothing to commit in runs/
[2026-05-18T14:06:44Z] push: pushing branch=ticket/T108-t108-multi-project-onboarding-and-project-registry
[2026-05-18T14:06:46Z] push: done branch=ticket/T108-t108-multi-project-onboarding-and-project-registry
[2026-05-18T14:07:20Z] commit-checkpoint: skipped missing scope paths: package.json, package-lock.json
[2026-05-18T14:07:20Z] commit-checkpoint: refused — nothing to commit in runs/
[2026-05-18T14:07:20Z] push: pushing branch=ticket/T108-t108-multi-project-onboarding-and-project-registry
[2026-05-18T14:07:21Z] push: done branch=ticket/T108-t108-multi-project-onboarding-and-project-registry
[2026-05-18T14:07:56Z] commit-checkpoint: skipped missing scope paths: package.json, package-lock.json
[2026-05-18T14:07:56Z] commit-checkpoint: refused — nothing to commit in runs/
[2026-05-18T14:07:56Z] push: pushing branch=ticket/T108-t108-multi-project-onboarding-and-project-registry
[2026-05-18T14:07:57Z] push: done branch=ticket/T108-t108-multi-project-onboarding-and-project-registry
[2026-05-18T14:08:32Z] commit-checkpoint: skipped missing scope paths: package.json, package-lock.json
[2026-05-18T14:08:32Z] commit-checkpoint: refused — nothing to commit in runs/
[2026-05-18T14:08:32Z] push: pushing branch=ticket/T108-t108-multi-project-onboarding-and-project-registry
[2026-05-18T14:08:34Z] push: done branch=ticket/T108-t108-multi-project-onboarding-and-project-registry
[2026-05-18T14:09:08Z] commit-checkpoint: skipped missing scope paths: package.json, package-lock.json
[2026-05-18T14:09:08Z] commit-checkpoint: refused — nothing to commit in runs/
[2026-05-18T14:09:08Z] push: pushing branch=ticket/T108-t108-multi-project-onboarding-and-project-registry
[2026-05-18T14:09:10Z] push: done branch=ticket/T108-t108-multi-project-onboarding-and-project-registry
[2026-05-18T14:09:44Z] commit-checkpoint: skipped missing scope paths: package.json, package-lock.json
[2026-05-18T14:09:44Z] commit-checkpoint: refused — nothing to commit in runs/
[2026-05-18T14:09:44Z] push: pushing branch=ticket/T108-t108-multi-project-onboarding-and-project-registry
[2026-05-18T14:09:46Z] push: done branch=ticket/T108-t108-multi-project-onboarding-and-project-registry
[2026-05-18T14:10:20Z] commit-checkpoint: skipped missing scope paths: package.json, package-lock.json
[2026-05-18T14:10:20Z] commit-checkpoint: refused — nothing to commit in runs/
[2026-05-18T14:10:20Z] push: pushing branch=ticket/T108-t108-multi-project-onboarding-and-project-registry
[2026-05-18T14:10:22Z] push: done branch=ticket/T108-t108-multi-project-onboarding-and-project-registry
[2026-05-18T14:10:56Z] commit-checkpoint: skipped missing scope paths: package.json, package-lock.json
[2026-05-18T14:10:56Z] commit-checkpoint: refused — nothing to commit in runs/
[2026-05-18T14:10:56Z] push: pushing branch=ticket/T108-t108-multi-project-onboarding-and-project-registry
[2026-05-18T14:10:58Z] push: done branch=ticket/T108-t108-multi-project-onboarding-and-project-registry
[2026-05-18T14:11:32Z] commit-checkpoint: skipped missing scope paths: package.json, package-lock.json
[2026-05-18T14:11:32Z] commit-checkpoint: refused — nothing to commit in runs/
[2026-05-18T14:11:32Z] push: pushing branch=ticket/T108-t108-multi-project-onboarding-and-project-registry
[2026-05-18T14:11:34Z] push: done branch=ticket/T108-t108-multi-project-onboarding-and-project-registry
[2026-05-18T14:12:09Z] commit-checkpoint: skipped missing scope paths: package.json, package-lock.json
[2026-05-18T14:12:09Z] commit-checkpoint: refused — nothing to commit in runs/
[2026-05-18T14:12:09Z] push: pushing branch=ticket/T108-t108-multi-project-onboarding-and-project-registry
[2026-05-18T14:12:10Z] push: done branch=ticket/T108-t108-multi-project-onboarding-and-project-registry
[2026-05-18T14:12:45Z] commit-checkpoint: skipped missing scope paths: package.json, package-lock.json
[2026-05-18T14:12:45Z] commit-checkpoint: refused — nothing to commit in runs/
[2026-05-18T14:12:45Z] push: pushing branch=ticket/T108-t108-multi-project-onboarding-and-project-registry
[2026-05-18T14:12:46Z] push: done branch=ticket/T108-t108-multi-project-onboarding-and-project-registry
[2026-05-18T14:13:21Z] commit-checkpoint: skipped missing scope paths: package.json, package-lock.json
[2026-05-18T14:13:21Z] commit-checkpoint: refused — nothing to commit in runs/
[2026-05-18T14:13:21Z] push: pushing branch=ticket/T108-t108-multi-project-onboarding-and-project-registry
[2026-05-18T14:13:22Z] push: done branch=ticket/T108-t108-multi-project-onboarding-and-project-registry
[2026-05-18T14:13:57Z] commit-checkpoint: skipped missing scope paths: package.json, package-lock.json
[2026-05-18T14:13:57Z] commit-checkpoint: refused — nothing to commit in runs/
[2026-05-18T14:13:57Z] push: pushing branch=ticket/T108-t108-multi-project-onboarding-and-project-registry
[2026-05-18T14:13:59Z] push: done branch=ticket/T108-t108-multi-project-onboarding-and-project-registry
[2026-05-18T14:14:33Z] commit-checkpoint: skipped missing scope paths: package.json, package-lock.json
[2026-05-18T14:14:33Z] commit-checkpoint: refused — nothing to commit in runs/
[2026-05-18T14:14:33Z] push: pushing branch=ticket/T108-t108-multi-project-onboarding-and-project-registry
[2026-05-18T14:14:35Z] push: done branch=ticket/T108-t108-multi-project-onboarding-and-project-registry
[2026-05-18T14:15:09Z] commit-checkpoint: skipped missing scope paths: package.json, package-lock.json
[2026-05-18T14:15:09Z] commit-checkpoint: refused — nothing to commit in runs/
[2026-05-18T14:15:09Z] push: pushing branch=ticket/T108-t108-multi-project-onboarding-and-project-registry
[2026-05-18T14:15:11Z] push: done branch=ticket/T108-t108-multi-project-onboarding-and-project-registry
[2026-05-18T14:15:45Z] commit-checkpoint: skipped missing scope paths: package.json, package-lock.json
[2026-05-18T14:15:45Z] commit-checkpoint: refused — nothing to commit in runs/
[2026-05-18T14:15:45Z] push: pushing branch=ticket/T108-t108-multi-project-onboarding-and-project-registry
[2026-05-18T14:15:47Z] push: done branch=ticket/T108-t108-multi-project-onboarding-and-project-registry
[2026-05-18T14:16:21Z] commit-checkpoint: skipped missing scope paths: package.json, package-lock.json
[2026-05-18T14:16:21Z] commit-checkpoint: refused — nothing to commit in runs/
[2026-05-18T14:16:21Z] push: pushing branch=ticket/T108-t108-multi-project-onboarding-and-project-registry
[2026-05-18T14:16:23Z] push: done branch=ticket/T108-t108-multi-project-onboarding-and-project-registry
[2026-05-18T14:16:57Z] commit-checkpoint: skipped missing scope paths: package.json, package-lock.json
[2026-05-18T14:16:57Z] commit-checkpoint: refused — nothing to commit in runs/
[2026-05-18T14:16:58Z] push: pushing branch=ticket/T108-t108-multi-project-onboarding-and-project-registry
[2026-05-18T14:16:59Z] push: done branch=ticket/T108-t108-multi-project-onboarding-and-project-registry
[2026-05-18T14:17:33Z] commit-checkpoint: skipped missing scope paths: package.json, package-lock.json
[2026-05-18T14:17:33Z] commit-checkpoint: refused — nothing to commit in runs/
[2026-05-18T14:17:33Z] push: pushing branch=ticket/T108-t108-multi-project-onboarding-and-project-registry
[2026-05-18T14:17:35Z] push: done branch=ticket/T108-t108-multi-project-onboarding-and-project-registry
[2026-05-18T14:18:09Z] commit-checkpoint: skipped missing scope paths: package.json, package-lock.json
[2026-05-18T14:18:09Z] commit-checkpoint: refused — nothing to commit in runs/
[2026-05-18T14:18:09Z] push: pushing branch=ticket/T108-t108-multi-project-onboarding-and-project-registry
[2026-05-18T14:18:11Z] push: done branch=ticket/T108-t108-multi-project-onboarding-and-project-registry
[2026-05-18T14:18:45Z] commit-checkpoint: skipped missing scope paths: package.json, package-lock.json
[2026-05-18T14:18:45Z] commit-checkpoint: refused — nothing to commit in runs/
[2026-05-18T14:18:45Z] push: pushing branch=ticket/T108-t108-multi-project-onboarding-and-project-registry
[2026-05-18T14:18:47Z] push: done branch=ticket/T108-t108-multi-project-onboarding-and-project-registry
[2026-05-18T14:19:21Z] commit-checkpoint: skipped missing scope paths: package.json, package-lock.json
[2026-05-18T14:19:21Z] commit-checkpoint: refused — nothing to commit in runs/
[2026-05-18T14:19:21Z] push: pushing branch=ticket/T108-t108-multi-project-onboarding-and-project-registry
[2026-05-18T14:19:23Z] push: done branch=ticket/T108-t108-multi-project-onboarding-and-project-registry
[2026-05-18T14:19:57Z] commit-checkpoint: skipped missing scope paths: package.json, package-lock.json
[2026-05-18T14:19:57Z] commit-checkpoint: refused — nothing to commit in runs/
[2026-05-18T14:19:57Z] push: pushing branch=ticket/T108-t108-multi-project-onboarding-and-project-registry
[2026-05-18T14:19:59Z] push: done branch=ticket/T108-t108-multi-project-onboarding-and-project-registry
[2026-05-18T14:20:33Z] commit-checkpoint: skipped missing scope paths: package.json, package-lock.json
[2026-05-18T14:20:33Z] commit-checkpoint: refused — nothing to commit in runs/
[2026-05-18T14:20:33Z] push: pushing branch=ticket/T108-t108-multi-project-onboarding-and-project-registry
[2026-05-18T14:20:35Z] push: done branch=ticket/T108-t108-multi-project-onboarding-and-project-registry
[2026-05-18T14:21:09Z] commit-checkpoint: skipped missing scope paths: package.json, package-lock.json
[2026-05-18T14:21:09Z] commit-checkpoint: refused — nothing to commit in runs/
[2026-05-18T14:21:09Z] push: pushing branch=ticket/T108-t108-multi-project-onboarding-and-project-registry
[2026-05-18T14:21:11Z] push: done branch=ticket/T108-t108-multi-project-onboarding-and-project-registry
[2026-05-18T14:21:45Z] commit-checkpoint: skipped missing scope paths: package.json, package-lock.json
[2026-05-18T14:21:45Z] commit-checkpoint: refused — nothing to commit in runs/
[2026-05-18T14:21:45Z] push: pushing branch=ticket/T108-t108-multi-project-onboarding-and-project-registry
[2026-05-18T14:21:47Z] push: done branch=ticket/T108-t108-multi-project-onboarding-and-project-registry
[2026-05-18T14:22:21Z] commit-checkpoint: skipped missing scope paths: package.json, package-lock.json
[2026-05-18T14:22:21Z] commit-checkpoint: refused — nothing to commit in runs/
[2026-05-18T14:22:21Z] push: pushing branch=ticket/T108-t108-multi-project-onboarding-and-project-registry
[2026-05-18T14:22:23Z] push: done branch=ticket/T108-t108-multi-project-onboarding-and-project-registry
[2026-05-18T14:22:57Z] commit-checkpoint: skipped missing scope paths: package.json, package-lock.json
[2026-05-18T14:22:57Z] commit-checkpoint: refused — nothing to commit in runs/
[2026-05-18T14:22:57Z] push: pushing branch=ticket/T108-t108-multi-project-onboarding-and-project-registry
[2026-05-18T14:22:59Z] push: done branch=ticket/T108-t108-multi-project-onboarding-and-project-registry
[2026-05-18T14:23:33Z] commit-checkpoint: skipped missing scope paths: package.json, package-lock.json
[2026-05-18T14:23:33Z] commit-checkpoint: refused — nothing to commit in runs/
[2026-05-18T14:23:33Z] push: pushing branch=ticket/T108-t108-multi-project-onboarding-and-project-registry
[2026-05-18T14:23:34Z] push: done branch=ticket/T108-t108-multi-project-onboarding-and-project-registry
[2026-05-18T14:24:09Z] commit-checkpoint: skipped missing scope paths: package.json, package-lock.json
[2026-05-18T14:24:09Z] commit-checkpoint: refused — nothing to commit in runs/
[2026-05-18T14:24:09Z] push: pushing branch=ticket/T108-t108-multi-project-onboarding-and-project-registry
[2026-05-18T14:24:10Z] push: done branch=ticket/T108-t108-multi-project-onboarding-and-project-registry
[2026-05-18T14:24:45Z] commit-checkpoint: skipped missing scope paths: package.json, package-lock.json
[2026-05-18T14:24:45Z] commit-checkpoint: refused — nothing to commit in runs/
[2026-05-18T14:24:45Z] push: pushing branch=ticket/T108-t108-multi-project-onboarding-and-project-registry
[2026-05-18T14:24:47Z] push: done branch=ticket/T108-t108-multi-project-onboarding-and-project-registry
[2026-05-18T14:25:21Z] commit-checkpoint: skipped missing scope paths: package.json, package-lock.json
[2026-05-18T14:25:21Z] commit-checkpoint: refused — nothing to commit in runs/
[2026-05-18T14:25:21Z] push: pushing branch=ticket/T108-t108-multi-project-onboarding-and-project-registry
[2026-05-18T14:25:23Z] push: done branch=ticket/T108-t108-multi-project-onboarding-and-project-registry
[2026-05-18T14:25:57Z] commit-checkpoint: skipped missing scope paths: package.json, package-lock.json
[2026-05-18T14:25:57Z] commit-checkpoint: refused — nothing to commit in runs/
[2026-05-18T14:25:57Z] push: pushing branch=ticket/T108-t108-multi-project-onboarding-and-project-registry
[2026-05-18T14:25:59Z] push: done branch=ticket/T108-t108-multi-project-onboarding-and-project-registry
[2026-05-18T14:26:33Z] commit-checkpoint: skipped missing scope paths: package.json, package-lock.json
[2026-05-18T14:26:33Z] commit-checkpoint: refused — nothing to commit in runs/
[2026-05-18T14:26:33Z] push: pushing branch=ticket/T108-t108-multi-project-onboarding-and-project-registry
[2026-05-18T14:26:35Z] push: done branch=ticket/T108-t108-multi-project-onboarding-and-project-registry
[2026-05-18T14:27:09Z] commit-checkpoint: skipped missing scope paths: package.json, package-lock.json
[2026-05-18T14:27:09Z] commit-checkpoint: refused — nothing to commit in runs/
[2026-05-18T14:27:09Z] push: pushing branch=ticket/T108-t108-multi-project-onboarding-and-project-registry
[2026-05-18T14:27:10Z] push: done branch=ticket/T108-t108-multi-project-onboarding-and-project-registry
[2026-05-18T14:27:45Z] commit-checkpoint: skipped missing scope paths: package.json, package-lock.json
[2026-05-18T14:27:45Z] commit-checkpoint: refused — nothing to commit in runs/
[2026-05-18T14:27:45Z] push: pushing branch=ticket/T108-t108-multi-project-onboarding-and-project-registry
[2026-05-18T14:27:46Z] push: done branch=ticket/T108-t108-multi-project-onboarding-and-project-registry
[2026-05-18T14:28:21Z] commit-checkpoint: skipped missing scope paths: package.json, package-lock.json
[2026-05-18T14:28:21Z] commit-checkpoint: refused — nothing to commit in runs/
[2026-05-18T14:28:21Z] push: pushing branch=ticket/T108-t108-multi-project-onboarding-and-project-registry
[2026-05-18T14:28:22Z] push: done branch=ticket/T108-t108-multi-project-onboarding-and-project-registry
[2026-05-18T14:28:57Z] commit-checkpoint: skipped missing scope paths: package.json, package-lock.json
[2026-05-18T14:28:57Z] commit-checkpoint: refused — nothing to commit in runs/
[2026-05-18T14:28:57Z] push: pushing branch=ticket/T108-t108-multi-project-onboarding-and-project-registry
[2026-05-18T14:28:58Z] push: done branch=ticket/T108-t108-multi-project-onboarding-and-project-registry
[2026-05-18T14:29:33Z] commit-checkpoint: skipped missing scope paths: package.json, package-lock.json
[2026-05-18T14:29:33Z] commit-checkpoint: refused — nothing to commit in runs/
[2026-05-18T14:29:33Z] push: pushing branch=ticket/T108-t108-multi-project-onboarding-and-project-registry
[2026-05-18T14:29:34Z] push: done branch=ticket/T108-t108-multi-project-onboarding-and-project-registry
[2026-05-18T14:30:09Z] commit-checkpoint: skipped missing scope paths: package.json, package-lock.json
[2026-05-18T14:30:09Z] commit-checkpoint: refused — nothing to commit in runs/
[2026-05-18T14:30:09Z] push: pushing branch=ticket/T108-t108-multi-project-onboarding-and-project-registry
[2026-05-18T14:30:10Z] push: done branch=ticket/T108-t108-multi-project-onboarding-and-project-registry
[2026-05-18T14:30:45Z] commit-checkpoint: skipped missing scope paths: package.json, package-lock.json
[2026-05-18T14:30:45Z] commit-checkpoint: refused — nothing to commit in runs/
[2026-05-18T14:30:45Z] push: pushing branch=ticket/T108-t108-multi-project-onboarding-and-project-registry
[2026-05-18T14:30:46Z] push: done branch=ticket/T108-t108-multi-project-onboarding-and-project-registry
[2026-05-18T14:31:20Z] commit-checkpoint: skipped missing scope paths: package.json, package-lock.json
[2026-05-18T14:31:20Z] commit-checkpoint: refused — nothing to commit in runs/
[2026-05-18T14:31:20Z] push: pushing branch=ticket/T108-t108-multi-project-onboarding-and-project-registry
[2026-05-18T14:31:22Z] push: done branch=ticket/T108-t108-multi-project-onboarding-and-project-registry
[2026-05-18T14:31:56Z] commit-checkpoint: skipped missing scope paths: package.json, package-lock.json
[2026-05-18T14:31:56Z] commit-checkpoint: refused — nothing to commit in runs/
[2026-05-18T14:31:56Z] push: pushing branch=ticket/T108-t108-multi-project-onboarding-and-project-registry
[2026-05-18T14:31:58Z] push: done branch=ticket/T108-t108-multi-project-onboarding-and-project-registry
[2026-05-18T14:32:32Z] commit-checkpoint: skipped missing scope paths: package.json, package-lock.json
[2026-05-18T14:32:32Z] commit-checkpoint: refused — nothing to commit in runs/
[2026-05-18T14:32:32Z] push: pushing branch=ticket/T108-t108-multi-project-onboarding-and-project-registry
[2026-05-18T14:32:33Z] push: done branch=ticket/T108-t108-multi-project-onboarding-and-project-registry
[2026-05-18T14:33:08Z] commit-checkpoint: skipped missing scope paths: package.json, package-lock.json
[2026-05-18T14:33:08Z] commit-checkpoint: refused — nothing to commit in runs/
[2026-05-18T14:33:08Z] push: pushing branch=ticket/T108-t108-multi-project-onboarding-and-project-registry
[2026-05-18T14:33:09Z] push: done branch=ticket/T108-t108-multi-project-onboarding-and-project-registry
[2026-05-18T14:33:44Z] commit-checkpoint: skipped missing scope paths: package.json, package-lock.json
[2026-05-18T14:33:44Z] commit-checkpoint: refused — nothing to commit in runs/
[2026-05-18T14:33:44Z] push: pushing branch=ticket/T108-t108-multi-project-onboarding-and-project-registry
[2026-05-18T14:33:45Z] push: done branch=ticket/T108-t108-multi-project-onboarding-and-project-registry
[2026-05-18T14:34:20Z] commit-checkpoint: skipped missing scope paths: package.json, package-lock.json
[2026-05-18T14:34:20Z] commit-checkpoint: refused — nothing to commit in runs/
[2026-05-18T14:34:20Z] push: pushing branch=ticket/T108-t108-multi-project-onboarding-and-project-registry
[2026-05-18T14:34:21Z] push: done branch=ticket/T108-t108-multi-project-onboarding-and-project-registry
[2026-05-18T14:34:56Z] commit-checkpoint: skipped missing scope paths: package.json, package-lock.json
[2026-05-18T14:34:56Z] commit-checkpoint: refused — nothing to commit in runs/
[2026-05-18T14:34:56Z] push: pushing branch=ticket/T108-t108-multi-project-onboarding-and-project-registry
[2026-05-18T14:34:57Z] push: done branch=ticket/T108-t108-multi-project-onboarding-and-project-registry
[2026-05-18T14:35:32Z] commit-checkpoint: skipped missing scope paths: package.json, package-lock.json
[2026-05-18T14:35:32Z] commit-checkpoint: refused — nothing to commit in runs/
[2026-05-18T14:35:32Z] push: pushing branch=ticket/T108-t108-multi-project-onboarding-and-project-registry
[2026-05-18T14:35:33Z] push: done branch=ticket/T108-t108-multi-project-onboarding-and-project-registry
[2026-05-18T14:36:08Z] commit-checkpoint: skipped missing scope paths: package.json, package-lock.json
[2026-05-18T14:36:08Z] commit-checkpoint: refused — nothing to commit in runs/
[2026-05-18T14:36:08Z] push: pushing branch=ticket/T108-t108-multi-project-onboarding-and-project-registry
[2026-05-18T14:36:09Z] push: done branch=ticket/T108-t108-multi-project-onboarding-and-project-registry
[2026-05-18T14:36:43Z] commit-checkpoint: skipped missing scope paths: package.json, package-lock.json
[2026-05-18T14:36:43Z] commit-checkpoint: refused — nothing to commit in runs/
[2026-05-18T14:36:44Z] push: pushing branch=ticket/T108-t108-multi-project-onboarding-and-project-registry
[2026-05-18T14:36:45Z] push: done branch=ticket/T108-t108-multi-project-onboarding-and-project-registry
[2026-05-18T14:37:19Z] commit-checkpoint: skipped missing scope paths: package.json, package-lock.json
[2026-05-18T14:37:19Z] commit-checkpoint: refused — nothing to commit in runs/
[2026-05-18T14:37:19Z] push: pushing branch=ticket/T108-t108-multi-project-onboarding-and-project-registry
[2026-05-18T14:37:21Z] push: done branch=ticket/T108-t108-multi-project-onboarding-and-project-registry
[2026-05-18T14:37:55Z] commit-checkpoint: skipped missing scope paths: package.json, package-lock.json
[2026-05-18T14:37:55Z] commit-checkpoint: refused — nothing to commit in runs/
[2026-05-18T14:37:55Z] push: pushing branch=ticket/T108-t108-multi-project-onboarding-and-project-registry
[2026-05-18T14:37:57Z] push: done branch=ticket/T108-t108-multi-project-onboarding-and-project-registry
[2026-05-18T14:38:31Z] commit-checkpoint: skipped missing scope paths: package.json, package-lock.json
[2026-05-18T14:38:31Z] commit-checkpoint: refused — nothing to commit in runs/
[2026-05-18T14:38:31Z] push: pushing branch=ticket/T108-t108-multi-project-onboarding-and-project-registry
[2026-05-18T14:38:33Z] push: done branch=ticket/T108-t108-multi-project-onboarding-and-project-registry
[2026-05-18T14:39:07Z] commit-checkpoint: skipped missing scope paths: package.json, package-lock.json
[2026-05-18T14:39:07Z] commit-checkpoint: refused — nothing to commit in runs/
[2026-05-18T14:39:07Z] push: pushing branch=ticket/T108-t108-multi-project-onboarding-and-project-registry
[2026-05-18T14:39:08Z] push: done branch=ticket/T108-t108-multi-project-onboarding-and-project-registry
[2026-05-18T14:39:43Z] commit-checkpoint: skipped missing scope paths: package.json, package-lock.json
[2026-05-18T14:39:43Z] commit-checkpoint: refused — nothing to commit in runs/
[2026-05-18T14:39:43Z] push: pushing branch=ticket/T108-t108-multi-project-onboarding-and-project-registry
[2026-05-18T14:39:45Z] push: done branch=ticket/T108-t108-multi-project-onboarding-and-project-registry
[2026-05-18T14:40:19Z] commit-checkpoint: skipped missing scope paths: package.json, package-lock.json
[2026-05-18T14:40:19Z] commit-checkpoint: refused — nothing to commit in runs/
[2026-05-18T14:40:19Z] push: pushing branch=ticket/T108-t108-multi-project-onboarding-and-project-registry
[2026-05-18T14:40:20Z] push: done branch=ticket/T108-t108-multi-project-onboarding-and-project-registry
[2026-05-18T14:40:55Z] commit-checkpoint: skipped missing scope paths: package.json, package-lock.json
[2026-05-18T14:40:55Z] commit-checkpoint: refused — nothing to commit in runs/
[2026-05-18T14:40:55Z] push: pushing branch=ticket/T108-t108-multi-project-onboarding-and-project-registry
[2026-05-18T14:40:56Z] push: done branch=ticket/T108-t108-multi-project-onboarding-and-project-registry
[2026-05-18T14:41:31Z] commit-checkpoint: skipped missing scope paths: package.json, package-lock.json
[2026-05-18T14:41:31Z] commit-checkpoint: refused — nothing to commit in runs/
[2026-05-18T14:41:31Z] push: pushing branch=ticket/T108-t108-multi-project-onboarding-and-project-registry
[2026-05-18T14:41:32Z] push: done branch=ticket/T108-t108-multi-project-onboarding-and-project-registry
[2026-05-18T14:42:06Z] commit-checkpoint: skipped missing scope paths: package.json, package-lock.json
[2026-05-18T14:42:06Z] commit-checkpoint: refused — nothing to commit in runs/
[2026-05-18T14:42:06Z] push: pushing branch=ticket/T108-t108-multi-project-onboarding-and-project-registry
[2026-05-18T14:42:08Z] push: done branch=ticket/T108-t108-multi-project-onboarding-and-project-registry
[2026-05-18T14:42:43Z] commit-checkpoint: skipped missing scope paths: package.json, package-lock.json
[2026-05-18T14:42:43Z] commit-checkpoint: refused — nothing to commit in runs/
[2026-05-18T14:42:43Z] push: pushing branch=ticket/T108-t108-multi-project-onboarding-and-project-registry
[2026-05-18T14:42:44Z] push: done branch=ticket/T108-t108-multi-project-onboarding-and-project-registry
[2026-05-18T14:43:18Z] commit-checkpoint: skipped missing scope paths: package.json, package-lock.json
[2026-05-18T14:43:19Z] commit-checkpoint: refused — nothing to commit in runs/
[2026-05-18T14:43:19Z] push: pushing branch=ticket/T108-t108-multi-project-onboarding-and-project-registry
[2026-05-18T14:43:20Z] push: done branch=ticket/T108-t108-multi-project-onboarding-and-project-registry
[2026-05-18T14:43:54Z] commit-checkpoint: skipped missing scope paths: package.json, package-lock.json
[2026-05-18T14:43:54Z] commit-checkpoint: refused — nothing to commit in runs/
[2026-05-18T14:43:54Z] push: pushing branch=ticket/T108-t108-multi-project-onboarding-and-project-registry
[2026-05-18T14:43:56Z] push: done branch=ticket/T108-t108-multi-project-onboarding-and-project-registry
[2026-05-18T14:44:30Z] commit-checkpoint: skipped missing scope paths: package.json, package-lock.json
[2026-05-18T14:44:30Z] commit-checkpoint: refused — nothing to commit in runs/
[2026-05-18T14:44:30Z] push: pushing branch=ticket/T108-t108-multi-project-onboarding-and-project-registry
[2026-05-18T14:44:32Z] push: done branch=ticket/T108-t108-multi-project-onboarding-and-project-registry
[2026-05-18T14:45:06Z] commit-checkpoint: skipped missing scope paths: package.json, package-lock.json
[2026-05-18T14:45:06Z] commit-checkpoint: refused — nothing to commit in runs/
[2026-05-18T14:45:06Z] push: pushing branch=ticket/T108-t108-multi-project-onboarding-and-project-registry
[2026-05-18T14:45:08Z] push: done branch=ticket/T108-t108-multi-project-onboarding-and-project-registry
[2026-05-18T14:45:42Z] commit-checkpoint: skipped missing scope paths: package.json, package-lock.json
[2026-05-18T14:45:42Z] commit-checkpoint: refused — nothing to commit in runs/
[2026-05-18T14:45:42Z] push: pushing branch=ticket/T108-t108-multi-project-onboarding-and-project-registry
[2026-05-18T14:45:44Z] push: done branch=ticket/T108-t108-multi-project-onboarding-and-project-registry
[2026-05-18T14:46:18Z] commit-checkpoint: skipped missing scope paths: package.json, package-lock.json
[2026-05-18T14:46:18Z] commit-checkpoint: refused — nothing to commit in runs/
[2026-05-18T14:46:18Z] push: pushing branch=ticket/T108-t108-multi-project-onboarding-and-project-registry
[2026-05-18T14:46:19Z] push: done branch=ticket/T108-t108-multi-project-onboarding-and-project-registry
[2026-05-18T14:46:53Z] commit-checkpoint: skipped missing scope paths: package.json, package-lock.json
[2026-05-18T14:46:54Z] commit-checkpoint: refused — nothing to commit in runs/
[2026-05-18T14:46:54Z] push: pushing branch=ticket/T108-t108-multi-project-onboarding-and-project-registry
[2026-05-18T14:46:55Z] push: done branch=ticket/T108-t108-multi-project-onboarding-and-project-registry
[2026-05-18T14:47:30Z] commit-checkpoint: skipped missing scope paths: package.json, package-lock.json
[2026-05-18T14:47:30Z] commit-checkpoint: refused — nothing to commit in runs/
[2026-05-18T14:47:30Z] push: pushing branch=ticket/T108-t108-multi-project-onboarding-and-project-registry
[2026-05-18T14:47:31Z] push: done branch=ticket/T108-t108-multi-project-onboarding-and-project-registry
[2026-05-18T14:48:06Z] commit-checkpoint: skipped missing scope paths: package.json, package-lock.json
[2026-05-18T14:48:06Z] commit-checkpoint: refused — nothing to commit in runs/
[2026-05-18T14:48:06Z] push: pushing branch=ticket/T108-t108-multi-project-onboarding-and-project-registry
[2026-05-18T14:48:07Z] push: done branch=ticket/T108-t108-multi-project-onboarding-and-project-registry
[2026-05-18T14:48:42Z] commit-checkpoint: skipped missing scope paths: package.json, package-lock.json
[2026-05-18T14:48:42Z] commit-checkpoint: refused — nothing to commit in runs/
[2026-05-18T14:48:42Z] push: pushing branch=ticket/T108-t108-multi-project-onboarding-and-project-registry
[2026-05-18T14:48:43Z] push: done branch=ticket/T108-t108-multi-project-onboarding-and-project-registry
[2026-05-18T14:49:18Z] commit-checkpoint: skipped missing scope paths: package.json, package-lock.json
[2026-05-18T14:49:18Z] commit-checkpoint: refused — nothing to commit in runs/
[2026-05-18T14:49:18Z] push: pushing branch=ticket/T108-t108-multi-project-onboarding-and-project-registry
[2026-05-18T14:49:19Z] push: done branch=ticket/T108-t108-multi-project-onboarding-and-project-registry
[2026-05-18T14:49:53Z] commit-checkpoint: skipped missing scope paths: package.json, package-lock.json
[2026-05-18T14:49:53Z] commit-checkpoint: refused — nothing to commit in runs/
[2026-05-18T14:49:54Z] push: pushing branch=ticket/T108-t108-multi-project-onboarding-and-project-registry
[2026-05-18T14:49:55Z] push: done branch=ticket/T108-t108-multi-project-onboarding-and-project-registry
[2026-05-18T14:50:29Z] commit-checkpoint: skipped missing scope paths: package.json, package-lock.json
[2026-05-18T14:50:29Z] commit-checkpoint: refused — nothing to commit in runs/
[2026-05-18T14:50:30Z] push: pushing branch=ticket/T108-t108-multi-project-onboarding-and-project-registry
[2026-05-18T14:50:31Z] push: done branch=ticket/T108-t108-multi-project-onboarding-and-project-registry
[2026-05-18T14:51:06Z] commit-checkpoint: skipped missing scope paths: package.json, package-lock.json
[2026-05-18T14:51:06Z] commit-checkpoint: refused — nothing to commit in runs/
[2026-05-18T14:51:06Z] push: pushing branch=ticket/T108-t108-multi-project-onboarding-and-project-registry
[2026-05-18T14:51:08Z] push: done branch=ticket/T108-t108-multi-project-onboarding-and-project-registry
[2026-05-18T14:51:42Z] commit-checkpoint: skipped missing scope paths: package.json, package-lock.json
[2026-05-18T14:51:42Z] commit-checkpoint: refused — nothing to commit in runs/
[2026-05-18T14:51:42Z] push: pushing branch=ticket/T108-t108-multi-project-onboarding-and-project-registry
[2026-05-18T14:51:43Z] push: done branch=ticket/T108-t108-multi-project-onboarding-and-project-registry
[2026-05-18T14:52:18Z] commit-checkpoint: skipped missing scope paths: package.json, package-lock.json
[2026-05-18T14:52:18Z] commit-checkpoint: refused — nothing to commit in runs/
[2026-05-18T14:52:18Z] push: pushing branch=ticket/T108-t108-multi-project-onboarding-and-project-registry
[2026-05-18T14:52:19Z] push: done branch=ticket/T108-t108-multi-project-onboarding-and-project-registry
[2026-05-18T14:52:54Z] commit-checkpoint: skipped missing scope paths: package.json, package-lock.json
[2026-05-18T14:52:54Z] commit-checkpoint: refused — nothing to commit in runs/
[2026-05-18T14:52:54Z] push: pushing branch=ticket/T108-t108-multi-project-onboarding-and-project-registry
[2026-05-18T14:52:55Z] push: done branch=ticket/T108-t108-multi-project-onboarding-and-project-registry
[2026-05-18T14:53:30Z] commit-checkpoint: skipped missing scope paths: package.json, package-lock.json
[2026-05-18T14:53:30Z] commit-checkpoint: refused — nothing to commit in runs/
[2026-05-18T14:53:30Z] push: pushing branch=ticket/T108-t108-multi-project-onboarding-and-project-registry
[2026-05-18T14:53:31Z] push: done branch=ticket/T108-t108-multi-project-onboarding-and-project-registry
[2026-05-18T14:54:06Z] commit-checkpoint: skipped missing scope paths: package.json, package-lock.json
[2026-05-18T14:54:06Z] commit-checkpoint: refused — nothing to commit in runs/
[2026-05-18T14:54:06Z] push: pushing branch=ticket/T108-t108-multi-project-onboarding-and-project-registry
[2026-05-18T14:54:07Z] push: done branch=ticket/T108-t108-multi-project-onboarding-and-project-registry
[2026-05-18T14:54:41Z] commit-checkpoint: skipped missing scope paths: package.json, package-lock.json
[2026-05-18T14:54:41Z] commit-checkpoint: refused — nothing to commit in runs/
[2026-05-18T14:54:42Z] push: pushing branch=ticket/T108-t108-multi-project-onboarding-and-project-registry
[2026-05-18T14:54:43Z] push: done branch=ticket/T108-t108-multi-project-onboarding-and-project-registry
[2026-05-18T14:55:17Z] commit-checkpoint: skipped missing scope paths: package.json, package-lock.json
[2026-05-18T14:55:17Z] commit-checkpoint: refused — nothing to commit in runs/
[2026-05-18T14:55:18Z] push: pushing branch=ticket/T108-t108-multi-project-onboarding-and-project-registry
[2026-05-18T14:55:19Z] push: done branch=ticket/T108-t108-multi-project-onboarding-and-project-registry
[2026-05-18T14:55:53Z] commit-checkpoint: skipped missing scope paths: package.json, package-lock.json
[2026-05-18T14:55:53Z] commit-checkpoint: refused — nothing to commit in runs/
[2026-05-18T14:55:53Z] push: pushing branch=ticket/T108-t108-multi-project-onboarding-and-project-registry
[2026-05-18T14:55:55Z] push: done branch=ticket/T108-t108-multi-project-onboarding-and-project-registry
[2026-05-18T14:56:29Z] commit-checkpoint: skipped missing scope paths: package.json, package-lock.json
[2026-05-18T14:56:29Z] commit-checkpoint: refused — nothing to commit in runs/
[2026-05-18T14:56:29Z] push: pushing branch=ticket/T108-t108-multi-project-onboarding-and-project-registry
[2026-05-18T14:56:31Z] push: done branch=ticket/T108-t108-multi-project-onboarding-and-project-registry
[2026-05-18T14:57:05Z] commit-checkpoint: skipped missing scope paths: package.json, package-lock.json
[2026-05-18T14:57:05Z] commit-checkpoint: refused — nothing to commit in runs/
[2026-05-18T14:57:05Z] push: pushing branch=ticket/T108-t108-multi-project-onboarding-and-project-registry
[2026-05-18T14:57:07Z] push: done branch=ticket/T108-t108-multi-project-onboarding-and-project-registry
[2026-05-18T14:57:41Z] commit-checkpoint: skipped missing scope paths: package.json, package-lock.json
[2026-05-18T14:57:41Z] commit-checkpoint: refused — nothing to commit in runs/
[2026-05-18T14:57:41Z] push: pushing branch=ticket/T108-t108-multi-project-onboarding-and-project-registry
[2026-05-18T14:57:43Z] push: done branch=ticket/T108-t108-multi-project-onboarding-and-project-registry
[2026-05-18T14:58:17Z] commit-checkpoint: skipped missing scope paths: package.json, package-lock.json
[2026-05-18T14:58:17Z] commit-checkpoint: refused — nothing to commit in runs/
[2026-05-18T14:58:17Z] push: pushing branch=ticket/T108-t108-multi-project-onboarding-and-project-registry
[2026-05-18T14:58:19Z] push: done branch=ticket/T108-t108-multi-project-onboarding-and-project-registry
[2026-05-18T14:58:53Z] commit-checkpoint: skipped missing scope paths: package.json, package-lock.json
[2026-05-18T14:58:53Z] commit-checkpoint: refused — nothing to commit in runs/
[2026-05-18T14:58:53Z] push: pushing branch=ticket/T108-t108-multi-project-onboarding-and-project-registry
[2026-05-18T14:58:55Z] push: done branch=ticket/T108-t108-multi-project-onboarding-and-project-registry
[2026-05-18T14:59:29Z] commit-checkpoint: skipped missing scope paths: package.json, package-lock.json
[2026-05-18T14:59:29Z] commit-checkpoint: refused — nothing to commit in runs/
[2026-05-18T14:59:29Z] push: pushing branch=ticket/T108-t108-multi-project-onboarding-and-project-registry
[2026-05-18T14:59:31Z] push: done branch=ticket/T108-t108-multi-project-onboarding-and-project-registry
[2026-05-18T15:00:06Z] commit-checkpoint: skipped missing scope paths: package.json, package-lock.json
[2026-05-18T15:00:07Z] commit-checkpoint: refused — nothing to commit in runs/
[2026-05-18T15:00:07Z] push: pushing branch=ticket/T108-t108-multi-project-onboarding-and-project-registry
[2026-05-18T15:00:08Z] push: done branch=ticket/T108-t108-multi-project-onboarding-and-project-registry
[2026-05-18T15:00:43Z] commit-checkpoint: skipped missing scope paths: package.json, package-lock.json
[2026-05-18T15:00:43Z] commit-checkpoint: refused — nothing to commit in runs/
[2026-05-18T15:00:43Z] push: pushing branch=ticket/T108-t108-multi-project-onboarding-and-project-registry
[2026-05-18T15:00:45Z] push: done branch=ticket/T108-t108-multi-project-onboarding-and-project-registry
[2026-05-18T15:01:19Z] commit-checkpoint: skipped missing scope paths: package.json, package-lock.json
[2026-05-18T15:01:19Z] commit-checkpoint: refused — nothing to commit in runs/
[2026-05-18T15:01:19Z] push: pushing branch=ticket/T108-t108-multi-project-onboarding-and-project-registry
[2026-05-18T15:01:21Z] push: done branch=ticket/T108-t108-multi-project-onboarding-and-project-registry
[2026-05-18T15:01:55Z] commit-checkpoint: skipped missing scope paths: package.json, package-lock.json
[2026-05-18T15:01:55Z] commit-checkpoint: refused — nothing to commit in runs/
[2026-05-18T15:01:55Z] push: pushing branch=ticket/T108-t108-multi-project-onboarding-and-project-registry
[2026-05-18T15:01:57Z] push: done branch=ticket/T108-t108-multi-project-onboarding-and-project-registry
[2026-05-18T15:02:31Z] commit-checkpoint: skipped missing scope paths: package.json, package-lock.json
[2026-05-18T15:02:31Z] commit-checkpoint: refused — nothing to commit in runs/
[2026-05-18T15:02:31Z] push: pushing branch=ticket/T108-t108-multi-project-onboarding-and-project-registry
[2026-05-18T15:02:33Z] push: done branch=ticket/T108-t108-multi-project-onboarding-and-project-registry
[2026-05-18T15:03:07Z] commit-checkpoint: skipped missing scope paths: package.json, package-lock.json
[2026-05-18T15:03:07Z] commit-checkpoint: refused — nothing to commit in runs/
[2026-05-18T15:03:07Z] push: pushing branch=ticket/T108-t108-multi-project-onboarding-and-project-registry
[2026-05-18T15:03:08Z] push: done branch=ticket/T108-t108-multi-project-onboarding-and-project-registry
[2026-05-18T15:03:43Z] commit-checkpoint: skipped missing scope paths: package.json, package-lock.json
[2026-05-18T15:03:43Z] commit-checkpoint: refused — nothing to commit in runs/
[2026-05-18T15:03:43Z] push: pushing branch=ticket/T108-t108-multi-project-onboarding-and-project-registry
[2026-05-18T15:03:44Z] push: done branch=ticket/T108-t108-multi-project-onboarding-and-project-registry
[2026-05-18T15:04:19Z] commit-checkpoint: skipped missing scope paths: package.json, package-lock.json
[2026-05-18T15:04:19Z] commit-checkpoint: refused — nothing to commit in runs/
[2026-05-18T15:04:19Z] push: pushing branch=ticket/T108-t108-multi-project-onboarding-and-project-registry
[2026-05-18T15:04:20Z] push: done branch=ticket/T108-t108-multi-project-onboarding-and-project-registry
[2026-05-18T15:04:55Z] commit-checkpoint: skipped missing scope paths: package.json, package-lock.json
[2026-05-18T15:04:55Z] commit-checkpoint: refused — nothing to commit in runs/
[2026-05-18T15:04:55Z] push: pushing branch=ticket/T108-t108-multi-project-onboarding-and-project-registry
[2026-05-18T15:04:56Z] push: done branch=ticket/T108-t108-multi-project-onboarding-and-project-registry
[2026-05-18T15:05:30Z] commit-checkpoint: skipped missing scope paths: package.json, package-lock.json
[2026-05-18T15:05:30Z] commit-checkpoint: refused — nothing to commit in runs/
[2026-05-18T15:05:31Z] push: pushing branch=ticket/T108-t108-multi-project-onboarding-and-project-registry
[2026-05-18T15:05:32Z] push: done branch=ticket/T108-t108-multi-project-onboarding-and-project-registry
[2026-05-18T15:06:07Z] commit-checkpoint: skipped missing scope paths: package.json, package-lock.json
[2026-05-18T15:06:07Z] commit-checkpoint: refused — nothing to commit in runs/
[2026-05-18T15:06:07Z] push: pushing branch=ticket/T108-t108-multi-project-onboarding-and-project-registry
[2026-05-18T15:06:08Z] push: done branch=ticket/T108-t108-multi-project-onboarding-and-project-registry
[2026-05-18T15:06:42Z] commit-checkpoint: skipped missing scope paths: package.json, package-lock.json
[2026-05-18T15:06:42Z] commit-checkpoint: refused — nothing to commit in runs/
[2026-05-18T15:06:42Z] push: pushing branch=ticket/T108-t108-multi-project-onboarding-and-project-registry
[2026-05-18T15:06:44Z] push: done branch=ticket/T108-t108-multi-project-onboarding-and-project-registry
[2026-05-18T15:07:18Z] commit-checkpoint: skipped missing scope paths: package.json, package-lock.json
[2026-05-18T15:07:18Z] commit-checkpoint: refused — nothing to commit in runs/
[2026-05-18T15:07:18Z] push: pushing branch=ticket/T108-t108-multi-project-onboarding-and-project-registry
[2026-05-18T15:07:20Z] push: done branch=ticket/T108-t108-multi-project-onboarding-and-project-registry
[2026-05-18T15:07:55Z] commit-checkpoint: skipped missing scope paths: package.json, package-lock.json
[2026-05-18T15:07:55Z] commit-checkpoint: refused — nothing to commit in runs/
[2026-05-18T15:07:55Z] push: pushing branch=ticket/T108-t108-multi-project-onboarding-and-project-registry
[2026-05-18T15:07:56Z] push: done branch=ticket/T108-t108-multi-project-onboarding-and-project-registry
[2026-05-18T15:08:30Z] commit-checkpoint: skipped missing scope paths: package.json, package-lock.json
[2026-05-18T15:08:30Z] commit-checkpoint: refused — nothing to commit in runs/
[2026-05-18T15:08:30Z] push: pushing branch=ticket/T108-t108-multi-project-onboarding-and-project-registry
[2026-05-18T15:08:32Z] push: done branch=ticket/T108-t108-multi-project-onboarding-and-project-registry
[2026-05-18T15:09:06Z] commit-checkpoint: skipped missing scope paths: package.json, package-lock.json
[2026-05-18T15:09:06Z] commit-checkpoint: refused — nothing to commit in runs/
[2026-05-18T15:09:06Z] push: pushing branch=ticket/T108-t108-multi-project-onboarding-and-project-registry
[2026-05-18T15:09:08Z] push: done branch=ticket/T108-t108-multi-project-onboarding-and-project-registry
[2026-05-18T15:09:42Z] commit-checkpoint: skipped missing scope paths: package.json, package-lock.json
[2026-05-18T15:09:42Z] commit-checkpoint: refused — nothing to commit in runs/
[2026-05-18T15:09:42Z] push: pushing branch=ticket/T108-t108-multi-project-onboarding-and-project-registry
[2026-05-18T15:09:44Z] push: done branch=ticket/T108-t108-multi-project-onboarding-and-project-registry
[2026-05-18T15:10:18Z] commit-checkpoint: skipped missing scope paths: package.json, package-lock.json
[2026-05-18T15:10:18Z] commit-checkpoint: refused — nothing to commit in runs/
[2026-05-18T15:10:18Z] push: pushing branch=ticket/T108-t108-multi-project-onboarding-and-project-registry
[2026-05-18T15:10:20Z] push: done branch=ticket/T108-t108-multi-project-onboarding-and-project-registry
[2026-05-18T15:10:54Z] commit-checkpoint: skipped missing scope paths: package.json, package-lock.json
[2026-05-18T15:10:54Z] commit-checkpoint: refused — nothing to commit in runs/
[2026-05-18T15:10:54Z] push: pushing branch=ticket/T108-t108-multi-project-onboarding-and-project-registry
[2026-05-18T15:10:56Z] push: done branch=ticket/T108-t108-multi-project-onboarding-and-project-registry
[2026-05-18T15:11:30Z] commit-checkpoint: skipped missing scope paths: package.json, package-lock.json
[2026-05-18T15:11:30Z] commit-checkpoint: refused — nothing to commit in runs/
[2026-05-18T15:11:30Z] push: pushing branch=ticket/T108-t108-multi-project-onboarding-and-project-registry
[2026-05-18T15:11:32Z] push: done branch=ticket/T108-t108-multi-project-onboarding-and-project-registry
[2026-05-18T15:12:06Z] commit-checkpoint: skipped missing scope paths: package.json, package-lock.json
[2026-05-18T15:12:06Z] commit-checkpoint: refused — nothing to commit in runs/
[2026-05-18T15:12:06Z] push: pushing branch=ticket/T108-t108-multi-project-onboarding-and-project-registry
[2026-05-18T15:12:08Z] push: done branch=ticket/T108-t108-multi-project-onboarding-and-project-registry
[2026-05-18T15:12:42Z] commit-checkpoint: skipped missing scope paths: package.json, package-lock.json
[2026-05-18T15:12:42Z] commit-checkpoint: refused — nothing to commit in runs/
[2026-05-18T15:12:42Z] push: pushing branch=ticket/T108-t108-multi-project-onboarding-and-project-registry
[2026-05-18T15:12:44Z] push: done branch=ticket/T108-t108-multi-project-onboarding-and-project-registry
[2026-05-18T15:13:18Z] commit-checkpoint: skipped missing scope paths: package.json, package-lock.json
[2026-05-18T15:13:18Z] commit-checkpoint: refused — nothing to commit in runs/
[2026-05-18T15:13:18Z] push: pushing branch=ticket/T108-t108-multi-project-onboarding-and-project-registry
[2026-05-18T15:13:20Z] push: done branch=ticket/T108-t108-multi-project-onboarding-and-project-registry
[2026-05-18T15:13:54Z] commit-checkpoint: skipped missing scope paths: package.json, package-lock.json
[2026-05-18T15:13:54Z] commit-checkpoint: refused — nothing to commit in runs/
[2026-05-18T15:13:55Z] push: pushing branch=ticket/T108-t108-multi-project-onboarding-and-project-registry
[2026-05-18T15:13:56Z] push: done branch=ticket/T108-t108-multi-project-onboarding-and-project-registry
[2026-05-18T15:14:30Z] commit-checkpoint: skipped missing scope paths: package.json, package-lock.json
[2026-05-18T15:14:30Z] commit-checkpoint: refused — nothing to commit in runs/
[2026-05-18T15:14:30Z] push: pushing branch=ticket/T108-t108-multi-project-onboarding-and-project-registry
[2026-05-18T15:14:32Z] push: done branch=ticket/T108-t108-multi-project-onboarding-and-project-registry
[2026-05-18T15:15:06Z] commit-checkpoint: skipped missing scope paths: package.json, package-lock.json
[2026-05-18T15:15:06Z] commit-checkpoint: refused — nothing to commit in runs/
[2026-05-18T15:15:06Z] push: pushing branch=ticket/T108-t108-multi-project-onboarding-and-project-registry
[2026-05-18T15:15:08Z] push: done branch=ticket/T108-t108-multi-project-onboarding-and-project-registry
[2026-05-18T15:15:42Z] commit-checkpoint: skipped missing scope paths: package.json, package-lock.json
[2026-05-18T15:15:42Z] commit-checkpoint: refused — nothing to commit in runs/
[2026-05-18T15:15:42Z] push: pushing branch=ticket/T108-t108-multi-project-onboarding-and-project-registry
[2026-05-18T15:15:44Z] push: done branch=ticket/T108-t108-multi-project-onboarding-and-project-registry
[2026-05-18T15:16:19Z] commit-checkpoint: skipped missing scope paths: package.json, package-lock.json
[2026-05-18T15:16:19Z] commit-checkpoint: refused — nothing to commit in runs/
[2026-05-18T15:16:19Z] push: pushing branch=ticket/T108-t108-multi-project-onboarding-and-project-registry
[2026-05-18T15:16:20Z] push: done branch=ticket/T108-t108-multi-project-onboarding-and-project-registry
[2026-05-18T15:16:55Z] commit-checkpoint: skipped missing scope paths: package.json, package-lock.json
[2026-05-18T15:16:55Z] commit-checkpoint: refused — nothing to commit in runs/
[2026-05-18T15:16:55Z] push: pushing branch=ticket/T108-t108-multi-project-onboarding-and-project-registry
[2026-05-18T15:16:56Z] push: done branch=ticket/T108-t108-multi-project-onboarding-and-project-registry
[2026-05-18T15:17:31Z] commit-checkpoint: skipped missing scope paths: package.json, package-lock.json
[2026-05-18T15:17:31Z] commit-checkpoint: refused — nothing to commit in runs/
[2026-05-18T15:17:31Z] push: pushing branch=ticket/T108-t108-multi-project-onboarding-and-project-registry
[2026-05-18T15:17:32Z] push: done branch=ticket/T108-t108-multi-project-onboarding-and-project-registry
[2026-05-18T15:18:07Z] commit-checkpoint: skipped missing scope paths: package.json, package-lock.json
[2026-05-18T15:18:07Z] commit-checkpoint: refused — nothing to commit in runs/
[2026-05-18T15:18:07Z] push: pushing branch=ticket/T108-t108-multi-project-onboarding-and-project-registry
[2026-05-18T15:18:08Z] push: done branch=ticket/T108-t108-multi-project-onboarding-and-project-registry
[2026-05-18T15:18:43Z] commit-checkpoint: skipped missing scope paths: package.json, package-lock.json
[2026-05-18T15:18:43Z] commit-checkpoint: refused — nothing to commit in runs/
[2026-05-18T15:18:43Z] push: pushing branch=ticket/T108-t108-multi-project-onboarding-and-project-registry
[2026-05-18T15:18:45Z] push: done branch=ticket/T108-t108-multi-project-onboarding-and-project-registry
[2026-05-18T15:19:19Z] commit-checkpoint: skipped missing scope paths: package.json, package-lock.json
[2026-05-18T15:19:19Z] commit-checkpoint: refused — nothing to commit in runs/
[2026-05-18T15:19:19Z] push: pushing branch=ticket/T108-t108-multi-project-onboarding-and-project-registry
[2026-05-18T15:19:21Z] push: done branch=ticket/T108-t108-multi-project-onboarding-and-project-registry
[2026-05-18T15:19:55Z] commit-checkpoint: skipped missing scope paths: package.json, package-lock.json
[2026-05-18T15:19:55Z] commit-checkpoint: refused — nothing to commit in runs/
[2026-05-18T15:19:55Z] push: pushing branch=ticket/T108-t108-multi-project-onboarding-and-project-registry
[2026-05-18T15:19:56Z] push: done branch=ticket/T108-t108-multi-project-onboarding-and-project-registry
[2026-05-18T15:20:31Z] commit-checkpoint: skipped missing scope paths: package.json, package-lock.json
[2026-05-18T15:20:31Z] commit-checkpoint: refused — nothing to commit in runs/
[2026-05-18T15:20:31Z] push: pushing branch=ticket/T108-t108-multi-project-onboarding-and-project-registry
[2026-05-18T15:20:33Z] push: done branch=ticket/T108-t108-multi-project-onboarding-and-project-registry
[2026-05-18T15:21:07Z] commit-checkpoint: skipped missing scope paths: package.json, package-lock.json
[2026-05-18T15:21:07Z] commit-checkpoint: refused — nothing to commit in runs/
[2026-05-18T15:21:07Z] push: pushing branch=ticket/T108-t108-multi-project-onboarding-and-project-registry
[2026-05-18T15:21:08Z] push: done branch=ticket/T108-t108-multi-project-onboarding-and-project-registry
[2026-05-18T15:21:43Z] commit-checkpoint: skipped missing scope paths: package.json, package-lock.json
[2026-05-18T15:21:43Z] commit-checkpoint: refused — nothing to commit in runs/
[2026-05-18T15:21:43Z] push: pushing branch=ticket/T108-t108-multi-project-onboarding-and-project-registry
[2026-05-18T15:21:44Z] push: done branch=ticket/T108-t108-multi-project-onboarding-and-project-registry
[2026-05-18T15:22:19Z] commit-checkpoint: skipped missing scope paths: package.json, package-lock.json
[2026-05-18T15:22:19Z] commit-checkpoint: refused — nothing to commit in runs/
[2026-05-18T15:22:19Z] push: pushing branch=ticket/T108-t108-multi-project-onboarding-and-project-registry
[2026-05-18T15:22:20Z] push: done branch=ticket/T108-t108-multi-project-onboarding-and-project-registry
[2026-05-18T15:22:55Z] commit-checkpoint: skipped missing scope paths: package.json, package-lock.json
[2026-05-18T15:22:55Z] commit-checkpoint: refused — nothing to commit in runs/
[2026-05-18T15:22:55Z] push: pushing branch=ticket/T108-t108-multi-project-onboarding-and-project-registry
[2026-05-18T15:22:56Z] push: done branch=ticket/T108-t108-multi-project-onboarding-and-project-registry
[2026-05-18T15:23:31Z] commit-checkpoint: skipped missing scope paths: package.json, package-lock.json
[2026-05-18T15:23:31Z] commit-checkpoint: refused — nothing to commit in runs/
[2026-05-18T15:23:31Z] push: pushing branch=ticket/T108-t108-multi-project-onboarding-and-project-registry
[2026-05-18T15:23:32Z] push: done branch=ticket/T108-t108-multi-project-onboarding-and-project-registry
[2026-05-18T15:24:07Z] commit-checkpoint: skipped missing scope paths: package.json, package-lock.json
[2026-05-18T15:24:07Z] commit-checkpoint: refused — nothing to commit in runs/
[2026-05-18T15:24:07Z] push: pushing branch=ticket/T108-t108-multi-project-onboarding-and-project-registry
[2026-05-18T15:24:08Z] push: done branch=ticket/T108-t108-multi-project-onboarding-and-project-registry
[2026-05-18T15:24:43Z] commit-checkpoint: skipped missing scope paths: package.json, package-lock.json
[2026-05-18T15:24:43Z] commit-checkpoint: refused — nothing to commit in runs/
[2026-05-18T15:24:43Z] push: pushing branch=ticket/T108-t108-multi-project-onboarding-and-project-registry
[2026-05-18T15:24:45Z] push: done branch=ticket/T108-t108-multi-project-onboarding-and-project-registry
[2026-05-18T15:25:19Z] commit-checkpoint: skipped missing scope paths: package.json, package-lock.json
[2026-05-18T15:25:19Z] commit-checkpoint: refused — nothing to commit in runs/
[2026-05-18T15:25:19Z] push: pushing branch=ticket/T108-t108-multi-project-onboarding-and-project-registry
[2026-05-18T15:25:21Z] push: done branch=ticket/T108-t108-multi-project-onboarding-and-project-registry
[2026-05-18T15:25:55Z] commit-checkpoint: skipped missing scope paths: package.json, package-lock.json
[2026-05-18T15:25:55Z] commit-checkpoint: refused — nothing to commit in runs/
[2026-05-18T15:25:55Z] push: pushing branch=ticket/T108-t108-multi-project-onboarding-and-project-registry
[2026-05-18T15:25:57Z] push: done branch=ticket/T108-t108-multi-project-onboarding-and-project-registry
[2026-05-18T15:26:31Z] commit-checkpoint: skipped missing scope paths: package.json, package-lock.json
[2026-05-18T15:26:31Z] commit-checkpoint: refused — nothing to commit in runs/
[2026-05-18T15:26:31Z] push: pushing branch=ticket/T108-t108-multi-project-onboarding-and-project-registry
[2026-05-18T15:26:33Z] push: done branch=ticket/T108-t108-multi-project-onboarding-and-project-registry
[2026-05-18T15:27:07Z] commit-checkpoint: skipped missing scope paths: package.json, package-lock.json
[2026-05-18T15:27:07Z] commit-checkpoint: refused — nothing to commit in runs/
[2026-05-18T15:27:07Z] push: pushing branch=ticket/T108-t108-multi-project-onboarding-and-project-registry
[2026-05-18T15:27:09Z] push: done branch=ticket/T108-t108-multi-project-onboarding-and-project-registry
[2026-05-18T15:27:43Z] commit-checkpoint: skipped missing scope paths: package.json, package-lock.json
[2026-05-18T15:27:43Z] commit-checkpoint: refused — nothing to commit in runs/
[2026-05-18T15:27:43Z] push: pushing branch=ticket/T108-t108-multi-project-onboarding-and-project-registry
[2026-05-18T15:27:45Z] push: done branch=ticket/T108-t108-multi-project-onboarding-and-project-registry
[2026-05-18T15:28:19Z] commit-checkpoint: skipped missing scope paths: package.json, package-lock.json
[2026-05-18T15:28:19Z] commit-checkpoint: refused — nothing to commit in runs/
[2026-05-18T15:28:19Z] push: pushing branch=ticket/T108-t108-multi-project-onboarding-and-project-registry
[2026-05-18T15:28:20Z] push: done branch=ticket/T108-t108-multi-project-onboarding-and-project-registry
[2026-05-18T15:28:55Z] commit-checkpoint: skipped missing scope paths: package.json, package-lock.json
[2026-05-18T15:28:55Z] commit-checkpoint: refused — nothing to commit in runs/
[2026-05-18T15:28:55Z] push: pushing branch=ticket/T108-t108-multi-project-onboarding-and-project-registry
[2026-05-18T15:28:56Z] push: done branch=ticket/T108-t108-multi-project-onboarding-and-project-registry
[2026-05-18T15:29:31Z] commit-checkpoint: skipped missing scope paths: package.json, package-lock.json
[2026-05-18T15:29:31Z] commit-checkpoint: refused — nothing to commit in runs/
[2026-05-18T15:29:31Z] push: pushing branch=ticket/T108-t108-multi-project-onboarding-and-project-registry
[2026-05-18T15:29:32Z] push: done branch=ticket/T108-t108-multi-project-onboarding-and-project-registry
[2026-05-18T15:30:07Z] commit-checkpoint: skipped missing scope paths: package.json, package-lock.json
[2026-05-18T15:30:07Z] commit-checkpoint: refused — nothing to commit in runs/
[2026-05-18T15:30:07Z] push: pushing branch=ticket/T108-t108-multi-project-onboarding-and-project-registry
[2026-05-18T15:30:08Z] push: done branch=ticket/T108-t108-multi-project-onboarding-and-project-registry
[2026-05-18T15:30:43Z] commit-checkpoint: skipped missing scope paths: package.json, package-lock.json
[2026-05-18T15:30:43Z] commit-checkpoint: refused — nothing to commit in runs/
[2026-05-18T15:30:43Z] push: pushing branch=ticket/T108-t108-multi-project-onboarding-and-project-registry
[2026-05-18T15:30:44Z] push: done branch=ticket/T108-t108-multi-project-onboarding-and-project-registry
[2026-05-18T15:31:19Z] commit-checkpoint: skipped missing scope paths: package.json, package-lock.json
[2026-05-18T15:31:19Z] commit-checkpoint: refused — nothing to commit in runs/
[2026-05-18T15:31:19Z] push: pushing branch=ticket/T108-t108-multi-project-onboarding-and-project-registry
[2026-05-18T15:31:20Z] push: done branch=ticket/T108-t108-multi-project-onboarding-and-project-registry
[2026-05-18T15:31:55Z] commit-checkpoint: skipped missing scope paths: package.json, package-lock.json
[2026-05-18T15:31:55Z] commit-checkpoint: refused — nothing to commit in runs/
[2026-05-18T15:31:55Z] push: pushing branch=ticket/T108-t108-multi-project-onboarding-and-project-registry
[2026-05-18T15:31:56Z] push: done branch=ticket/T108-t108-multi-project-onboarding-and-project-registry
[2026-05-18T15:32:30Z] commit-checkpoint: skipped missing scope paths: package.json, package-lock.json
[2026-05-18T15:32:30Z] commit-checkpoint: refused — nothing to commit in runs/
[2026-05-18T15:32:30Z] push: pushing branch=ticket/T108-t108-multi-project-onboarding-and-project-registry
[2026-05-18T15:32:32Z] push: done branch=ticket/T108-t108-multi-project-onboarding-and-project-registry
[2026-05-18T15:33:06Z] commit-checkpoint: skipped missing scope paths: package.json, package-lock.json
[2026-05-18T15:33:06Z] commit-checkpoint: refused — nothing to commit in runs/
[2026-05-18T15:33:06Z] push: pushing branch=ticket/T108-t108-multi-project-onboarding-and-project-registry
[2026-05-18T15:33:08Z] push: done branch=ticket/T108-t108-multi-project-onboarding-and-project-registry
[2026-05-18T15:33:42Z] commit-checkpoint: skipped missing scope paths: package.json, package-lock.json
[2026-05-18T15:33:42Z] commit-checkpoint: refused — nothing to commit in runs/
[2026-05-18T15:33:42Z] push: pushing branch=ticket/T108-t108-multi-project-onboarding-and-project-registry
[2026-05-18T15:33:44Z] push: done branch=ticket/T108-t108-multi-project-onboarding-and-project-registry
[2026-05-18T15:34:18Z] commit-checkpoint: skipped missing scope paths: package.json, package-lock.json
[2026-05-18T15:34:18Z] commit-checkpoint: refused — nothing to commit in runs/
[2026-05-18T15:34:18Z] push: pushing branch=ticket/T108-t108-multi-project-onboarding-and-project-registry
[2026-05-18T15:34:20Z] push: done branch=ticket/T108-t108-multi-project-onboarding-and-project-registry
[2026-05-18T15:34:54Z] commit-checkpoint: skipped missing scope paths: package.json, package-lock.json
[2026-05-18T15:34:54Z] commit-checkpoint: refused — nothing to commit in runs/
[2026-05-18T15:34:54Z] push: pushing branch=ticket/T108-t108-multi-project-onboarding-and-project-registry
[2026-05-18T15:34:56Z] push: done branch=ticket/T108-t108-multi-project-onboarding-and-project-registry
[2026-05-18T15:35:30Z] commit-checkpoint: skipped missing scope paths: package.json, package-lock.json
[2026-05-18T15:35:30Z] commit-checkpoint: refused — nothing to commit in runs/
[2026-05-18T15:35:30Z] push: pushing branch=ticket/T108-t108-multi-project-onboarding-and-project-registry
[2026-05-18T15:35:31Z] push: done branch=ticket/T108-t108-multi-project-onboarding-and-project-registry
[2026-05-18T15:36:06Z] commit-checkpoint: skipped missing scope paths: package.json, package-lock.json
[2026-05-18T15:36:06Z] commit-checkpoint: refused — nothing to commit in runs/
[2026-05-18T15:36:06Z] push: pushing branch=ticket/T108-t108-multi-project-onboarding-and-project-registry
[2026-05-18T15:36:07Z] push: done branch=ticket/T108-t108-multi-project-onboarding-and-project-registry
[2026-05-18T15:36:42Z] commit-checkpoint: skipped missing scope paths: package.json, package-lock.json
[2026-05-18T15:36:42Z] commit-checkpoint: refused — nothing to commit in runs/
[2026-05-18T15:36:42Z] push: pushing branch=ticket/T108-t108-multi-project-onboarding-and-project-registry
[2026-05-18T15:36:44Z] push: done branch=ticket/T108-t108-multi-project-onboarding-and-project-registry
[2026-05-18T15:37:18Z] commit-checkpoint: skipped missing scope paths: package.json, package-lock.json
[2026-05-18T15:37:18Z] commit-checkpoint: refused — nothing to commit in runs/
[2026-05-18T15:37:18Z] push: pushing branch=ticket/T108-t108-multi-project-onboarding-and-project-registry
[2026-05-18T15:37:20Z] push: done branch=ticket/T108-t108-multi-project-onboarding-and-project-registry
[2026-05-18T15:37:54Z] commit-checkpoint: skipped missing scope paths: package.json, package-lock.json
[2026-05-18T15:37:54Z] commit-checkpoint: refused — nothing to commit in runs/
[2026-05-18T15:37:54Z] push: pushing branch=ticket/T108-t108-multi-project-onboarding-and-project-registry
[2026-05-18T15:37:56Z] push: done branch=ticket/T108-t108-multi-project-onboarding-and-project-registry
[2026-05-18T15:38:30Z] commit-checkpoint: skipped missing scope paths: package.json, package-lock.json
[2026-05-18T15:38:30Z] commit-checkpoint: refused — nothing to commit in runs/
[2026-05-18T15:38:30Z] push: pushing branch=ticket/T108-t108-multi-project-onboarding-and-project-registry
[2026-05-18T15:38:32Z] push: done branch=ticket/T108-t108-multi-project-onboarding-and-project-registry
[2026-05-18T15:39:06Z] commit-checkpoint: skipped missing scope paths: package.json, package-lock.json
[2026-05-18T15:39:06Z] commit-checkpoint: refused — nothing to commit in runs/
[2026-05-18T15:39:06Z] push: pushing branch=ticket/T108-t108-multi-project-onboarding-and-project-registry
[2026-05-18T15:39:08Z] push: done branch=ticket/T108-t108-multi-project-onboarding-and-project-registry
[2026-05-18T15:39:42Z] commit-checkpoint: skipped missing scope paths: package.json, package-lock.json
[2026-05-18T15:39:42Z] commit-checkpoint: refused — nothing to commit in runs/
[2026-05-18T15:39:42Z] push: pushing branch=ticket/T108-t108-multi-project-onboarding-and-project-registry
[2026-05-18T15:39:44Z] push: done branch=ticket/T108-t108-multi-project-onboarding-and-project-registry
[2026-05-18T15:40:18Z] commit-checkpoint: skipped missing scope paths: package.json, package-lock.json
[2026-05-18T15:40:18Z] commit-checkpoint: refused — nothing to commit in runs/
[2026-05-18T15:40:18Z] push: pushing branch=ticket/T108-t108-multi-project-onboarding-and-project-registry
[2026-05-18T15:40:20Z] push: done branch=ticket/T108-t108-multi-project-onboarding-and-project-registry
[2026-05-18T15:40:54Z] commit-checkpoint: skipped missing scope paths: package.json, package-lock.json
[2026-05-18T15:40:54Z] commit-checkpoint: refused — nothing to commit in runs/
[2026-05-18T15:40:54Z] push: pushing branch=ticket/T108-t108-multi-project-onboarding-and-project-registry
[2026-05-18T15:40:56Z] push: done branch=ticket/T108-t108-multi-project-onboarding-and-project-registry
[2026-05-18T15:41:30Z] commit-checkpoint: skipped missing scope paths: package.json, package-lock.json
[2026-05-18T15:41:30Z] commit-checkpoint: refused — nothing to commit in runs/
[2026-05-18T15:41:30Z] push: pushing branch=ticket/T108-t108-multi-project-onboarding-and-project-registry
[2026-05-18T15:41:32Z] push: done branch=ticket/T108-t108-multi-project-onboarding-and-project-registry
[2026-05-18T15:42:06Z] commit-checkpoint: skipped missing scope paths: package.json, package-lock.json
[2026-05-18T15:42:06Z] commit-checkpoint: refused — nothing to commit in runs/
[2026-05-18T15:42:06Z] push: pushing branch=ticket/T108-t108-multi-project-onboarding-and-project-registry
[2026-05-18T15:42:07Z] push: done branch=ticket/T108-t108-multi-project-onboarding-and-project-registry
[2026-05-18T15:42:42Z] commit-checkpoint: skipped missing scope paths: package.json, package-lock.json
[2026-05-18T15:42:42Z] commit-checkpoint: refused — nothing to commit in runs/
[2026-05-18T15:42:42Z] push: pushing branch=ticket/T108-t108-multi-project-onboarding-and-project-registry
[2026-05-18T15:42:44Z] push: done branch=ticket/T108-t108-multi-project-onboarding-and-project-registry
[2026-05-18T15:43:18Z] commit-checkpoint: skipped missing scope paths: package.json, package-lock.json
[2026-05-18T15:43:18Z] commit-checkpoint: refused — nothing to commit in runs/
[2026-05-18T15:43:18Z] push: pushing branch=ticket/T108-t108-multi-project-onboarding-and-project-registry
[2026-05-18T15:43:20Z] push: done branch=ticket/T108-t108-multi-project-onboarding-and-project-registry
[2026-05-18T15:43:54Z] commit-checkpoint: skipped missing scope paths: package.json, package-lock.json
[2026-05-18T15:43:54Z] commit-checkpoint: refused — nothing to commit in runs/
[2026-05-18T15:43:54Z] push: pushing branch=ticket/T108-t108-multi-project-onboarding-and-project-registry
[2026-05-18T15:43:56Z] push: done branch=ticket/T108-t108-multi-project-onboarding-and-project-registry
[2026-05-18T15:44:30Z] commit-checkpoint: skipped missing scope paths: package.json, package-lock.json
[2026-05-18T15:44:30Z] commit-checkpoint: refused — nothing to commit in runs/
[2026-05-18T15:44:30Z] push: pushing branch=ticket/T108-t108-multi-project-onboarding-and-project-registry
[2026-05-18T15:44:32Z] push: done branch=ticket/T108-t108-multi-project-onboarding-and-project-registry
[2026-05-18T15:45:06Z] commit-checkpoint: skipped missing scope paths: package.json, package-lock.json
[2026-05-18T15:45:06Z] commit-checkpoint: refused — nothing to commit in runs/
[2026-05-18T15:45:06Z] push: pushing branch=ticket/T108-t108-multi-project-onboarding-and-project-registry
[2026-05-18T15:45:07Z] push: done branch=ticket/T108-t108-multi-project-onboarding-and-project-registry
[2026-05-18T15:45:42Z] commit-checkpoint: skipped missing scope paths: package.json, package-lock.json
[2026-05-18T15:45:42Z] commit-checkpoint: refused — nothing to commit in runs/
[2026-05-18T15:45:42Z] push: pushing branch=ticket/T108-t108-multi-project-onboarding-and-project-registry
[2026-05-18T15:45:43Z] push: done branch=ticket/T108-t108-multi-project-onboarding-and-project-registry
[2026-05-18T15:46:17Z] commit-checkpoint: skipped missing scope paths: package.json, package-lock.json
[2026-05-18T15:46:17Z] commit-checkpoint: refused — nothing to commit in runs/
[2026-05-18T15:46:17Z] push: pushing branch=ticket/T108-t108-multi-project-onboarding-and-project-registry
[2026-05-18T15:46:19Z] push: done branch=ticket/T108-t108-multi-project-onboarding-and-project-registry
[2026-05-18T15:46:53Z] commit-checkpoint: skipped missing scope paths: package.json, package-lock.json
[2026-05-18T15:46:53Z] commit-checkpoint: refused — nothing to commit in runs/
[2026-05-18T15:46:53Z] push: pushing branch=ticket/T108-t108-multi-project-onboarding-and-project-registry
[2026-05-18T15:46:55Z] push: done branch=ticket/T108-t108-multi-project-onboarding-and-project-registry
[2026-05-18T15:47:29Z] commit-checkpoint: skipped missing scope paths: package.json, package-lock.json
[2026-05-18T15:47:29Z] commit-checkpoint: refused — nothing to commit in runs/
[2026-05-18T15:47:29Z] push: pushing branch=ticket/T108-t108-multi-project-onboarding-and-project-registry
[2026-05-18T15:47:31Z] push: done branch=ticket/T108-t108-multi-project-onboarding-and-project-registry
[2026-05-18T15:48:05Z] commit-checkpoint: skipped missing scope paths: package.json, package-lock.json
[2026-05-18T15:48:05Z] commit-checkpoint: refused — nothing to commit in runs/
[2026-05-18T15:48:05Z] push: pushing branch=ticket/T108-t108-multi-project-onboarding-and-project-registry
[2026-05-18T15:48:07Z] push: done branch=ticket/T108-t108-multi-project-onboarding-and-project-registry
[2026-05-18T15:48:41Z] commit-checkpoint: skipped missing scope paths: package.json, package-lock.json
[2026-05-18T15:48:41Z] commit-checkpoint: refused — nothing to commit in runs/
[2026-05-18T15:48:41Z] push: pushing branch=ticket/T108-t108-multi-project-onboarding-and-project-registry
[2026-05-18T15:48:42Z] push: done branch=ticket/T108-t108-multi-project-onboarding-and-project-registry
[2026-05-18T15:49:17Z] commit-checkpoint: skipped missing scope paths: package.json, package-lock.json
[2026-05-18T15:49:17Z] commit-checkpoint: refused — nothing to commit in runs/
[2026-05-18T15:49:17Z] push: pushing branch=ticket/T108-t108-multi-project-onboarding-and-project-registry
[2026-05-18T15:49:18Z] push: done branch=ticket/T108-t108-multi-project-onboarding-and-project-registry
[2026-05-18T15:49:53Z] commit-checkpoint: skipped missing scope paths: package.json, package-lock.json
[2026-05-18T15:49:53Z] commit-checkpoint: refused — nothing to commit in runs/
[2026-05-18T15:49:53Z] push: pushing branch=ticket/T108-t108-multi-project-onboarding-and-project-registry
[2026-05-18T15:49:54Z] push: done branch=ticket/T108-t108-multi-project-onboarding-and-project-registry
[2026-05-18T15:50:28Z] commit-checkpoint: skipped missing scope paths: package.json, package-lock.json
[2026-05-18T15:50:28Z] commit-checkpoint: refused — nothing to commit in runs/
[2026-05-18T15:50:28Z] push: pushing branch=ticket/T108-t108-multi-project-onboarding-and-project-registry
[2026-05-18T15:50:30Z] push: done branch=ticket/T108-t108-multi-project-onboarding-and-project-registry
[2026-05-18T15:51:04Z] commit-checkpoint: skipped missing scope paths: package.json, package-lock.json
[2026-05-18T15:51:04Z] commit-checkpoint: refused — nothing to commit in runs/
[2026-05-18T15:51:04Z] push: pushing branch=ticket/T108-t108-multi-project-onboarding-and-project-registry
[2026-05-18T15:51:06Z] push: done branch=ticket/T108-t108-multi-project-onboarding-and-project-registry
[2026-05-18T15:51:40Z] commit-checkpoint: skipped missing scope paths: package.json, package-lock.json
[2026-05-18T15:51:40Z] commit-checkpoint: refused — nothing to commit in runs/
[2026-05-18T15:51:40Z] push: pushing branch=ticket/T108-t108-multi-project-onboarding-and-project-registry
[2026-05-18T15:51:42Z] push: done branch=ticket/T108-t108-multi-project-onboarding-and-project-registry
[2026-05-18T15:52:16Z] commit-checkpoint: skipped missing scope paths: package.json, package-lock.json
[2026-05-18T15:52:16Z] commit-checkpoint: refused — nothing to commit in runs/
[2026-05-18T15:52:16Z] push: pushing branch=ticket/T108-t108-multi-project-onboarding-and-project-registry
[2026-05-18T15:52:18Z] push: done branch=ticket/T108-t108-multi-project-onboarding-and-project-registry
[2026-05-18T15:52:52Z] commit-checkpoint: skipped missing scope paths: package.json, package-lock.json
[2026-05-18T15:52:52Z] commit-checkpoint: refused — nothing to commit in runs/
[2026-05-18T15:52:52Z] push: pushing branch=ticket/T108-t108-multi-project-onboarding-and-project-registry
[2026-05-18T15:52:53Z] push: done branch=ticket/T108-t108-multi-project-onboarding-and-project-registry
[2026-05-18T15:53:28Z] commit-checkpoint: skipped missing scope paths: package.json, package-lock.json
[2026-05-18T15:53:28Z] commit-checkpoint: refused — nothing to commit in runs/
[2026-05-18T15:53:28Z] push: pushing branch=ticket/T108-t108-multi-project-onboarding-and-project-registry
[2026-05-18T15:53:29Z] push: done branch=ticket/T108-t108-multi-project-onboarding-and-project-registry
[2026-05-18T15:54:04Z] commit-checkpoint: skipped missing scope paths: package.json, package-lock.json
[2026-05-18T15:54:04Z] commit-checkpoint: refused — nothing to commit in runs/
[2026-05-18T15:54:04Z] push: pushing branch=ticket/T108-t108-multi-project-onboarding-and-project-registry
[2026-05-18T15:54:05Z] push: done branch=ticket/T108-t108-multi-project-onboarding-and-project-registry
[2026-05-18T15:54:40Z] commit-checkpoint: skipped missing scope paths: package.json, package-lock.json
[2026-05-18T15:54:40Z] commit-checkpoint: refused — nothing to commit in runs/
[2026-05-18T15:54:40Z] push: pushing branch=ticket/T108-t108-multi-project-onboarding-and-project-registry
[2026-05-18T15:54:41Z] push: done branch=ticket/T108-t108-multi-project-onboarding-and-project-registry
[2026-05-18T15:55:16Z] commit-checkpoint: skipped missing scope paths: package.json, package-lock.json
[2026-05-18T15:55:16Z] commit-checkpoint: refused — nothing to commit in runs/
[2026-05-18T15:55:16Z] push: pushing branch=ticket/T108-t108-multi-project-onboarding-and-project-registry
[2026-05-18T15:55:17Z] push: done branch=ticket/T108-t108-multi-project-onboarding-and-project-registry
[2026-05-18T15:55:52Z] commit-checkpoint: skipped missing scope paths: package.json, package-lock.json
[2026-05-18T15:55:52Z] commit-checkpoint: refused — nothing to commit in runs/
[2026-05-18T15:55:52Z] push: pushing branch=ticket/T108-t108-multi-project-onboarding-and-project-registry
[2026-05-18T15:55:53Z] push: done branch=ticket/T108-t108-multi-project-onboarding-and-project-registry
[2026-05-18T15:56:28Z] commit-checkpoint: skipped missing scope paths: package.json, package-lock.json
[2026-05-18T15:56:28Z] commit-checkpoint: refused — nothing to commit in runs/
[2026-05-18T15:56:28Z] push: pushing branch=ticket/T108-t108-multi-project-onboarding-and-project-registry
[2026-05-18T15:56:29Z] push: done branch=ticket/T108-t108-multi-project-onboarding-and-project-registry
[2026-05-18T15:57:03Z] commit-checkpoint: skipped missing scope paths: package.json, package-lock.json
[2026-05-18T15:57:03Z] commit-checkpoint: refused — nothing to commit in runs/
[2026-05-18T15:57:03Z] push: pushing branch=ticket/T108-t108-multi-project-onboarding-and-project-registry
[2026-05-18T15:57:05Z] push: done branch=ticket/T108-t108-multi-project-onboarding-and-project-registry
[2026-05-18T15:57:39Z] commit-checkpoint: skipped missing scope paths: package.json, package-lock.json
[2026-05-18T15:57:39Z] commit-checkpoint: refused — nothing to commit in runs/
[2026-05-18T15:57:39Z] push: pushing branch=ticket/T108-t108-multi-project-onboarding-and-project-registry
[2026-05-18T15:57:41Z] push: done branch=ticket/T108-t108-multi-project-onboarding-and-project-registry
[2026-05-18T15:58:16Z] commit-checkpoint: skipped missing scope paths: package.json, package-lock.json
[2026-05-18T15:58:16Z] commit-checkpoint: refused — nothing to commit in runs/
[2026-05-18T15:58:16Z] push: pushing branch=ticket/T108-t108-multi-project-onboarding-and-project-registry
[2026-05-18T15:58:17Z] push: done branch=ticket/T108-t108-multi-project-onboarding-and-project-registry
[2026-05-18T15:58:52Z] commit-checkpoint: skipped missing scope paths: package.json, package-lock.json
[2026-05-18T15:58:52Z] commit-checkpoint: refused — nothing to commit in runs/
[2026-05-18T15:58:52Z] push: pushing branch=ticket/T108-t108-multi-project-onboarding-and-project-registry
[2026-05-18T15:58:53Z] push: done branch=ticket/T108-t108-multi-project-onboarding-and-project-registry
[2026-05-18T15:59:28Z] commit-checkpoint: skipped missing scope paths: package.json, package-lock.json
[2026-05-18T15:59:28Z] commit-checkpoint: refused — nothing to commit in runs/
[2026-05-18T15:59:28Z] push: pushing branch=ticket/T108-t108-multi-project-onboarding-and-project-registry
[2026-05-18T15:59:29Z] push: done branch=ticket/T108-t108-multi-project-onboarding-and-project-registry
[2026-05-18T16:00:04Z] commit-checkpoint: skipped missing scope paths: package.json, package-lock.json
[2026-05-18T16:00:04Z] commit-checkpoint: refused — nothing to commit in runs/
[2026-05-18T16:00:04Z] push: pushing branch=ticket/T108-t108-multi-project-onboarding-and-project-registry
[2026-05-18T16:00:06Z] push: done branch=ticket/T108-t108-multi-project-onboarding-and-project-registry
[2026-05-18T16:00:41Z] commit-checkpoint: skipped missing scope paths: package.json, package-lock.json
[2026-05-18T16:00:41Z] commit-checkpoint: refused — nothing to commit in runs/
[2026-05-18T16:00:41Z] push: pushing branch=ticket/T108-t108-multi-project-onboarding-and-project-registry
[2026-05-18T16:00:42Z] push: done branch=ticket/T108-t108-multi-project-onboarding-and-project-registry
[2026-05-18T16:01:17Z] commit-checkpoint: skipped missing scope paths: package.json, package-lock.json
[2026-05-18T16:01:17Z] commit-checkpoint: refused — nothing to commit in runs/
[2026-05-18T16:01:17Z] push: pushing branch=ticket/T108-t108-multi-project-onboarding-and-project-registry
[2026-05-18T16:01:18Z] push: done branch=ticket/T108-t108-multi-project-onboarding-and-project-registry
[2026-05-18T16:01:52Z] commit-checkpoint: skipped missing scope paths: package.json, package-lock.json
[2026-05-18T16:01:53Z] commit-checkpoint: refused — nothing to commit in runs/
[2026-05-18T16:01:53Z] push: pushing branch=ticket/T108-t108-multi-project-onboarding-and-project-registry
[2026-05-18T16:01:54Z] push: done branch=ticket/T108-t108-multi-project-onboarding-and-project-registry
[2026-05-18T16:02:28Z] commit-checkpoint: skipped missing scope paths: package.json, package-lock.json
[2026-05-18T16:02:28Z] commit-checkpoint: refused — nothing to commit in runs/
[2026-05-18T16:02:28Z] push: pushing branch=ticket/T108-t108-multi-project-onboarding-and-project-registry
[2026-05-18T16:02:30Z] push: done branch=ticket/T108-t108-multi-project-onboarding-and-project-registry
[2026-05-18T16:03:04Z] commit-checkpoint: skipped missing scope paths: package.json, package-lock.json
[2026-05-18T16:03:04Z] commit-checkpoint: refused — nothing to commit in runs/
[2026-05-18T16:03:04Z] push: pushing branch=ticket/T108-t108-multi-project-onboarding-and-project-registry
[2026-05-18T16:03:06Z] push: done branch=ticket/T108-t108-multi-project-onboarding-and-project-registry
[2026-05-18T16:03:40Z] commit-checkpoint: skipped missing scope paths: package.json, package-lock.json
[2026-05-18T16:03:40Z] commit-checkpoint: refused — nothing to commit in runs/
[2026-05-18T16:03:40Z] push: pushing branch=ticket/T108-t108-multi-project-onboarding-and-project-registry
[2026-05-18T16:03:42Z] push: done branch=ticket/T108-t108-multi-project-onboarding-and-project-registry
[2026-05-18T16:04:17Z] commit-checkpoint: skipped missing scope paths: package.json, package-lock.json
[2026-05-18T16:04:17Z] commit-checkpoint: refused — nothing to commit in runs/
[2026-05-18T16:04:17Z] push: pushing branch=ticket/T108-t108-multi-project-onboarding-and-project-registry
[2026-05-18T16:04:18Z] push: done branch=ticket/T108-t108-multi-project-onboarding-and-project-registry
[2026-05-18T16:04:52Z] commit-checkpoint: skipped missing scope paths: package.json, package-lock.json
[2026-05-18T16:04:52Z] commit-checkpoint: refused — nothing to commit in runs/
[2026-05-18T16:04:52Z] push: pushing branch=ticket/T108-t108-multi-project-onboarding-and-project-registry
[2026-05-18T16:04:54Z] push: done branch=ticket/T108-t108-multi-project-onboarding-and-project-registry
[2026-05-18T16:05:29Z] commit-checkpoint: skipped missing scope paths: package.json, package-lock.json
[2026-05-18T16:05:29Z] commit-checkpoint: refused — nothing to commit in runs/
[2026-05-18T16:05:29Z] push: pushing branch=ticket/T108-t108-multi-project-onboarding-and-project-registry
[2026-05-18T16:05:30Z] push: done branch=ticket/T108-t108-multi-project-onboarding-and-project-registry
[2026-05-18T16:06:05Z] commit-checkpoint: skipped missing scope paths: package.json, package-lock.json
[2026-05-18T16:06:05Z] commit-checkpoint: refused — nothing to commit in runs/
[2026-05-18T16:06:05Z] push: pushing branch=ticket/T108-t108-multi-project-onboarding-and-project-registry
[2026-05-18T16:06:06Z] push: done branch=ticket/T108-t108-multi-project-onboarding-and-project-registry
[2026-05-18T16:06:41Z] commit-checkpoint: skipped missing scope paths: package.json, package-lock.json
[2026-05-18T16:06:41Z] commit-checkpoint: refused — nothing to commit in runs/
[2026-05-18T16:06:41Z] push: pushing branch=ticket/T108-t108-multi-project-onboarding-and-project-registry
[2026-05-18T16:06:42Z] push: done branch=ticket/T108-t108-multi-project-onboarding-and-project-registry
[2026-05-18T16:07:17Z] commit-checkpoint: skipped missing scope paths: package.json, package-lock.json
[2026-05-18T16:07:17Z] commit-checkpoint: refused — nothing to commit in runs/
[2026-05-18T16:07:17Z] push: pushing branch=ticket/T108-t108-multi-project-onboarding-and-project-registry
[2026-05-18T16:07:18Z] push: done branch=ticket/T108-t108-multi-project-onboarding-and-project-registry
[2026-05-18T16:07:53Z] commit-checkpoint: skipped missing scope paths: package.json, package-lock.json
[2026-05-18T16:07:53Z] commit-checkpoint: refused — nothing to commit in runs/
[2026-05-18T16:07:53Z] push: pushing branch=ticket/T108-t108-multi-project-onboarding-and-project-registry
[2026-05-18T16:07:54Z] push: done branch=ticket/T108-t108-multi-project-onboarding-and-project-registry
[2026-05-18T16:08:28Z] commit-checkpoint: skipped missing scope paths: package.json, package-lock.json
[2026-05-18T16:08:28Z] commit-checkpoint: refused — nothing to commit in runs/
[2026-05-18T16:08:28Z] push: pushing branch=ticket/T108-t108-multi-project-onboarding-and-project-registry
[2026-05-18T16:08:30Z] push: done branch=ticket/T108-t108-multi-project-onboarding-and-project-registry
[2026-05-18T16:09:04Z] commit-checkpoint: skipped missing scope paths: package.json, package-lock.json
[2026-05-18T16:09:04Z] commit-checkpoint: refused — nothing to commit in runs/
[2026-05-18T16:09:05Z] push: pushing branch=ticket/T108-t108-multi-project-onboarding-and-project-registry
[2026-05-18T16:09:06Z] push: done branch=ticket/T108-t108-multi-project-onboarding-and-project-registry
[2026-05-18T16:09:40Z] commit-checkpoint: skipped missing scope paths: package.json, package-lock.json
[2026-05-18T16:09:40Z] commit-checkpoint: refused — nothing to commit in runs/
[2026-05-18T16:09:40Z] push: pushing branch=ticket/T108-t108-multi-project-onboarding-and-project-registry
[2026-05-18T16:09:42Z] push: done branch=ticket/T108-t108-multi-project-onboarding-and-project-registry
[2026-05-18T16:10:16Z] commit-checkpoint: skipped missing scope paths: package.json, package-lock.json
[2026-05-18T16:10:16Z] commit-checkpoint: refused — nothing to commit in runs/
[2026-05-18T16:10:16Z] push: pushing branch=ticket/T108-t108-multi-project-onboarding-and-project-registry
[2026-05-18T16:10:18Z] push: done branch=ticket/T108-t108-multi-project-onboarding-and-project-registry
[2026-05-18T16:10:52Z] commit-checkpoint: skipped missing scope paths: package.json, package-lock.json
[2026-05-18T16:10:52Z] commit-checkpoint: refused — nothing to commit in runs/
[2026-05-18T16:10:53Z] push: pushing branch=ticket/T108-t108-multi-project-onboarding-and-project-registry
[2026-05-18T16:10:54Z] push: done branch=ticket/T108-t108-multi-project-onboarding-and-project-registry
[2026-05-18T16:11:28Z] commit-checkpoint: skipped missing scope paths: package.json, package-lock.json
[2026-05-18T16:11:28Z] commit-checkpoint: refused — nothing to commit in runs/
[2026-05-18T16:11:28Z] push: pushing branch=ticket/T108-t108-multi-project-onboarding-and-project-registry
[2026-05-18T16:11:30Z] push: done branch=ticket/T108-t108-multi-project-onboarding-and-project-registry
[2026-05-18T16:12:04Z] commit-checkpoint: skipped missing scope paths: package.json, package-lock.json
[2026-05-18T16:12:04Z] commit-checkpoint: refused — nothing to commit in runs/
[2026-05-18T16:12:04Z] push: pushing branch=ticket/T108-t108-multi-project-onboarding-and-project-registry
[2026-05-18T16:12:06Z] push: done branch=ticket/T108-t108-multi-project-onboarding-and-project-registry
[2026-05-18T16:12:40Z] commit-checkpoint: skipped missing scope paths: package.json, package-lock.json
[2026-05-18T16:12:40Z] commit-checkpoint: refused — nothing to commit in runs/
[2026-05-18T16:12:40Z] push: pushing branch=ticket/T108-t108-multi-project-onboarding-and-project-registry
[2026-05-18T16:12:42Z] push: done branch=ticket/T108-t108-multi-project-onboarding-and-project-registry
[2026-05-18T16:13:16Z] commit-checkpoint: skipped missing scope paths: package.json, package-lock.json
[2026-05-18T16:13:16Z] commit-checkpoint: refused — nothing to commit in runs/
[2026-05-18T16:13:16Z] push: pushing branch=ticket/T108-t108-multi-project-onboarding-and-project-registry
[2026-05-18T16:13:17Z] push: done branch=ticket/T108-t108-multi-project-onboarding-and-project-registry
[2026-05-18T16:13:52Z] commit-checkpoint: skipped missing scope paths: package.json, package-lock.json
[2026-05-18T16:13:52Z] commit-checkpoint: refused — nothing to commit in runs/
[2026-05-18T16:13:52Z] push: pushing branch=ticket/T108-t108-multi-project-onboarding-and-project-registry
[2026-05-18T16:13:54Z] push: done branch=ticket/T108-t108-multi-project-onboarding-and-project-registry
[2026-05-18T16:14:28Z] commit-checkpoint: skipped missing scope paths: package.json, package-lock.json
[2026-05-18T16:14:28Z] commit-checkpoint: refused — nothing to commit in runs/
[2026-05-18T16:14:28Z] push: pushing branch=ticket/T108-t108-multi-project-onboarding-and-project-registry
[2026-05-18T16:14:30Z] push: done branch=ticket/T108-t108-multi-project-onboarding-and-project-registry
[2026-05-18T16:15:04Z] commit-checkpoint: skipped missing scope paths: package.json, package-lock.json
[2026-05-18T16:15:05Z] commit-checkpoint: refused — nothing to commit in runs/
[2026-05-18T16:15:05Z] push: pushing branch=ticket/T108-t108-multi-project-onboarding-and-project-registry
[2026-05-18T16:15:06Z] push: done branch=ticket/T108-t108-multi-project-onboarding-and-project-registry
[2026-05-18T16:15:40Z] commit-checkpoint: skipped missing scope paths: package.json, package-lock.json
[2026-05-18T16:15:41Z] commit-checkpoint: refused — nothing to commit in runs/
[2026-05-18T16:15:41Z] push: pushing branch=ticket/T108-t108-multi-project-onboarding-and-project-registry
[2026-05-18T16:15:42Z] push: done branch=ticket/T108-t108-multi-project-onboarding-and-project-registry
[2026-05-18T16:16:16Z] commit-checkpoint: skipped missing scope paths: package.json, package-lock.json
[2026-05-18T16:16:16Z] commit-checkpoint: refused — nothing to commit in runs/
[2026-05-18T16:16:16Z] push: pushing branch=ticket/T108-t108-multi-project-onboarding-and-project-registry
[2026-05-18T16:16:18Z] push: done branch=ticket/T108-t108-multi-project-onboarding-and-project-registry
[2026-05-18T16:16:52Z] commit-checkpoint: skipped missing scope paths: package.json, package-lock.json
[2026-05-18T16:16:53Z] commit-checkpoint: refused — nothing to commit in runs/
[2026-05-18T16:16:53Z] push: pushing branch=ticket/T108-t108-multi-project-onboarding-and-project-registry
[2026-05-18T16:16:54Z] push: done branch=ticket/T108-t108-multi-project-onboarding-and-project-registry
[2026-05-18T16:17:28Z] commit-checkpoint: skipped missing scope paths: package.json, package-lock.json
[2026-05-18T16:17:28Z] commit-checkpoint: refused — nothing to commit in runs/
[2026-05-18T16:17:28Z] push: pushing branch=ticket/T108-t108-multi-project-onboarding-and-project-registry
[2026-05-18T16:17:30Z] push: done branch=ticket/T108-t108-multi-project-onboarding-and-project-registry
[2026-05-18T16:18:05Z] commit-checkpoint: skipped missing scope paths: package.json, package-lock.json
[2026-05-18T16:18:05Z] commit-checkpoint: refused — nothing to commit in runs/
[2026-05-18T16:18:05Z] push: pushing branch=ticket/T108-t108-multi-project-onboarding-and-project-registry
[2026-05-18T16:18:06Z] push: done branch=ticket/T108-t108-multi-project-onboarding-and-project-registry
[2026-05-18T16:18:41Z] commit-checkpoint: skipped missing scope paths: package.json, package-lock.json
[2026-05-18T16:18:41Z] commit-checkpoint: refused — nothing to commit in runs/
[2026-05-18T16:18:41Z] push: pushing branch=ticket/T108-t108-multi-project-onboarding-and-project-registry
[2026-05-18T16:18:42Z] push: done branch=ticket/T108-t108-multi-project-onboarding-and-project-registry
[2026-05-18T16:19:17Z] commit-checkpoint: skipped missing scope paths: package.json, package-lock.json
[2026-05-18T16:19:17Z] commit-checkpoint: refused — nothing to commit in runs/
[2026-05-18T16:19:17Z] push: pushing branch=ticket/T108-t108-multi-project-onboarding-and-project-registry
[2026-05-18T16:19:18Z] push: done branch=ticket/T108-t108-multi-project-onboarding-and-project-registry
[2026-05-18T16:19:53Z] commit-checkpoint: skipped missing scope paths: package.json, package-lock.json
[2026-05-18T16:19:53Z] commit-checkpoint: refused — nothing to commit in runs/
[2026-05-18T16:19:53Z] push: pushing branch=ticket/T108-t108-multi-project-onboarding-and-project-registry
[2026-05-18T16:19:54Z] push: done branch=ticket/T108-t108-multi-project-onboarding-and-project-registry
[2026-05-18T16:20:28Z] commit-checkpoint: skipped missing scope paths: package.json, package-lock.json
[2026-05-18T16:20:28Z] commit-checkpoint: refused — nothing to commit in runs/
[2026-05-18T16:20:28Z] push: pushing branch=ticket/T108-t108-multi-project-onboarding-and-project-registry
[2026-05-18T16:20:30Z] push: done branch=ticket/T108-t108-multi-project-onboarding-and-project-registry
[2026-05-18T16:21:04Z] commit-checkpoint: skipped missing scope paths: package.json, package-lock.json
[2026-05-18T16:21:04Z] commit-checkpoint: refused — nothing to commit in runs/
[2026-05-18T16:21:05Z] push: pushing branch=ticket/T108-t108-multi-project-onboarding-and-project-registry
[2026-05-18T16:21:06Z] push: done branch=ticket/T108-t108-multi-project-onboarding-and-project-registry
[2026-05-18T16:21:41Z] commit-checkpoint: skipped missing scope paths: package.json, package-lock.json
[2026-05-18T16:21:41Z] commit-checkpoint: refused — nothing to commit in runs/
[2026-05-18T16:21:41Z] push: pushing branch=ticket/T108-t108-multi-project-onboarding-and-project-registry
[2026-05-18T16:21:42Z] push: done branch=ticket/T108-t108-multi-project-onboarding-and-project-registry
[2026-05-18T16:22:16Z] commit-checkpoint: skipped missing scope paths: package.json, package-lock.json
[2026-05-18T16:22:16Z] commit-checkpoint: refused — nothing to commit in runs/
[2026-05-18T16:22:16Z] push: pushing branch=ticket/T108-t108-multi-project-onboarding-and-project-registry
[2026-05-18T16:22:18Z] push: done branch=ticket/T108-t108-multi-project-onboarding-and-project-registry
[2026-05-18T16:22:52Z] commit-checkpoint: skipped missing scope paths: package.json, package-lock.json
[2026-05-18T16:22:52Z] commit-checkpoint: refused — nothing to commit in runs/
[2026-05-18T16:22:52Z] push: pushing branch=ticket/T108-t108-multi-project-onboarding-and-project-registry
[2026-05-18T16:22:54Z] push: done branch=ticket/T108-t108-multi-project-onboarding-and-project-registry
[2026-05-18T16:23:28Z] commit-checkpoint: skipped missing scope paths: package.json, package-lock.json
[2026-05-18T16:23:28Z] commit-checkpoint: refused — nothing to commit in runs/
[2026-05-18T16:23:28Z] push: pushing branch=ticket/T108-t108-multi-project-onboarding-and-project-registry
[2026-05-18T16:23:30Z] push: done branch=ticket/T108-t108-multi-project-onboarding-and-project-registry
[2026-05-18T16:24:04Z] commit-checkpoint: skipped missing scope paths: package.json, package-lock.json
[2026-05-18T16:24:04Z] commit-checkpoint: refused — nothing to commit in runs/
[2026-05-18T16:24:04Z] push: pushing branch=ticket/T108-t108-multi-project-onboarding-and-project-registry
[2026-05-18T16:24:06Z] push: done branch=ticket/T108-t108-multi-project-onboarding-and-project-registry
[2026-05-18T16:24:40Z] commit-checkpoint: skipped missing scope paths: package.json, package-lock.json
[2026-05-18T16:24:40Z] commit-checkpoint: refused — nothing to commit in runs/
[2026-05-18T16:24:40Z] push: pushing branch=ticket/T108-t108-multi-project-onboarding-and-project-registry
[2026-05-18T16:24:42Z] push: done branch=ticket/T108-t108-multi-project-onboarding-and-project-registry
[2026-05-18T16:25:16Z] commit-checkpoint: skipped missing scope paths: package.json, package-lock.json
[2026-05-18T16:25:16Z] commit-checkpoint: refused — nothing to commit in runs/
[2026-05-18T16:25:16Z] push: pushing branch=ticket/T108-t108-multi-project-onboarding-and-project-registry
[2026-05-18T16:25:18Z] push: done branch=ticket/T108-t108-multi-project-onboarding-and-project-registry
[2026-05-18T16:25:52Z] commit-checkpoint: skipped missing scope paths: package.json, package-lock.json
[2026-05-18T16:25:52Z] commit-checkpoint: refused — nothing to commit in runs/
[2026-05-18T16:25:52Z] push: pushing branch=ticket/T108-t108-multi-project-onboarding-and-project-registry
[2026-05-18T16:25:54Z] push: done branch=ticket/T108-t108-multi-project-onboarding-and-project-registry
[2026-05-18T16:26:28Z] commit-checkpoint: skipped missing scope paths: package.json, package-lock.json
[2026-05-18T16:26:28Z] commit-checkpoint: refused — nothing to commit in runs/
[2026-05-18T16:26:28Z] push: pushing branch=ticket/T108-t108-multi-project-onboarding-and-project-registry
[2026-05-18T16:26:30Z] push: done branch=ticket/T108-t108-multi-project-onboarding-and-project-registry
[2026-05-18T16:27:04Z] commit-checkpoint: skipped missing scope paths: package.json, package-lock.json
[2026-05-18T16:27:04Z] commit-checkpoint: refused — nothing to commit in runs/
[2026-05-18T16:27:04Z] push: pushing branch=ticket/T108-t108-multi-project-onboarding-and-project-registry
[2026-05-18T16:27:06Z] push: done branch=ticket/T108-t108-multi-project-onboarding-and-project-registry
[2026-05-18T16:27:40Z] commit-checkpoint: skipped missing scope paths: package.json, package-lock.json
[2026-05-18T16:27:40Z] commit-checkpoint: refused — nothing to commit in runs/
[2026-05-18T16:27:40Z] push: pushing branch=ticket/T108-t108-multi-project-onboarding-and-project-registry
[2026-05-18T16:27:42Z] push: done branch=ticket/T108-t108-multi-project-onboarding-and-project-registry
[2026-05-18T16:28:16Z] commit-checkpoint: skipped missing scope paths: package.json, package-lock.json
[2026-05-18T16:28:16Z] commit-checkpoint: refused — nothing to commit in runs/
[2026-05-18T16:28:16Z] push: pushing branch=ticket/T108-t108-multi-project-onboarding-and-project-registry
[2026-05-18T16:28:17Z] push: done branch=ticket/T108-t108-multi-project-onboarding-and-project-registry
[2026-05-18T16:28:52Z] commit-checkpoint: skipped missing scope paths: package.json, package-lock.json
[2026-05-18T16:28:52Z] commit-checkpoint: refused — nothing to commit in runs/
[2026-05-18T16:28:52Z] push: pushing branch=ticket/T108-t108-multi-project-onboarding-and-project-registry
[2026-05-18T16:28:54Z] push: done branch=ticket/T108-t108-multi-project-onboarding-and-project-registry
[2026-05-18T16:29:28Z] commit-checkpoint: skipped missing scope paths: package.json, package-lock.json
[2026-05-18T16:29:28Z] commit-checkpoint: refused — nothing to commit in runs/
[2026-05-18T16:29:28Z] push: pushing branch=ticket/T108-t108-multi-project-onboarding-and-project-registry
[2026-05-18T16:29:29Z] push: done branch=ticket/T108-t108-multi-project-onboarding-and-project-registry
[2026-05-18T16:30:04Z] commit-checkpoint: skipped missing scope paths: package.json, package-lock.json
[2026-05-18T16:30:04Z] commit-checkpoint: refused — nothing to commit in runs/
[2026-05-18T16:30:04Z] push: pushing branch=ticket/T108-t108-multi-project-onboarding-and-project-registry
[2026-05-18T16:30:06Z] push: done branch=ticket/T108-t108-multi-project-onboarding-and-project-registry
[2026-05-18T16:30:40Z] commit-checkpoint: skipped missing scope paths: package.json, package-lock.json
[2026-05-18T16:30:40Z] commit-checkpoint: refused — nothing to commit in runs/
[2026-05-18T16:30:40Z] push: pushing branch=ticket/T108-t108-multi-project-onboarding-and-project-registry
[2026-05-18T16:30:42Z] push: done branch=ticket/T108-t108-multi-project-onboarding-and-project-registry
[2026-05-18T16:31:16Z] commit-checkpoint: skipped missing scope paths: package.json, package-lock.json
[2026-05-18T16:31:16Z] commit-checkpoint: refused — nothing to commit in runs/
[2026-05-18T16:31:16Z] push: pushing branch=ticket/T108-t108-multi-project-onboarding-and-project-registry
[2026-05-18T16:31:18Z] push: done branch=ticket/T108-t108-multi-project-onboarding-and-project-registry
[2026-05-18T16:31:52Z] commit-checkpoint: skipped missing scope paths: package.json, package-lock.json
[2026-05-18T16:31:52Z] commit-checkpoint: refused — nothing to commit in runs/
[2026-05-18T16:31:52Z] push: pushing branch=ticket/T108-t108-multi-project-onboarding-and-project-registry
[2026-05-18T16:31:54Z] push: done branch=ticket/T108-t108-multi-project-onboarding-and-project-registry
[2026-05-18T16:32:28Z] commit-checkpoint: skipped missing scope paths: package.json, package-lock.json
[2026-05-18T16:32:28Z] commit-checkpoint: refused — nothing to commit in runs/
[2026-05-18T16:32:28Z] push: pushing branch=ticket/T108-t108-multi-project-onboarding-and-project-registry
[2026-05-18T16:32:30Z] push: done branch=ticket/T108-t108-multi-project-onboarding-and-project-registry
[2026-05-18T16:33:04Z] commit-checkpoint: skipped missing scope paths: package.json, package-lock.json
[2026-05-18T16:33:04Z] commit-checkpoint: refused — nothing to commit in runs/
[2026-05-18T16:33:04Z] push: pushing branch=ticket/T108-t108-multi-project-onboarding-and-project-registry
[2026-05-18T16:33:06Z] push: done branch=ticket/T108-t108-multi-project-onboarding-and-project-registry
[2026-05-18T16:33:40Z] commit-checkpoint: skipped missing scope paths: package.json, package-lock.json
[2026-05-18T16:33:40Z] commit-checkpoint: refused — nothing to commit in runs/
[2026-05-18T16:33:41Z] push: pushing branch=ticket/T108-t108-multi-project-onboarding-and-project-registry
[2026-05-18T16:33:42Z] push: done branch=ticket/T108-t108-multi-project-onboarding-and-project-registry
[2026-05-18T16:34:16Z] commit-checkpoint: skipped missing scope paths: package.json, package-lock.json
[2026-05-18T16:34:16Z] commit-checkpoint: refused — nothing to commit in runs/
[2026-05-18T16:34:16Z] push: pushing branch=ticket/T108-t108-multi-project-onboarding-and-project-registry
[2026-05-18T16:34:18Z] push: done branch=ticket/T108-t108-multi-project-onboarding-and-project-registry
[2026-05-18T16:34:52Z] commit-checkpoint: skipped missing scope paths: package.json, package-lock.json
[2026-05-18T16:34:52Z] commit-checkpoint: refused — nothing to commit in runs/
[2026-05-18T16:34:52Z] push: pushing branch=ticket/T108-t108-multi-project-onboarding-and-project-registry
[2026-05-18T16:34:54Z] push: done branch=ticket/T108-t108-multi-project-onboarding-and-project-registry
[2026-05-18T16:35:28Z] commit-checkpoint: skipped missing scope paths: package.json, package-lock.json
[2026-05-18T16:35:28Z] commit-checkpoint: refused — nothing to commit in runs/
[2026-05-18T16:35:28Z] push: pushing branch=ticket/T108-t108-multi-project-onboarding-and-project-registry
[2026-05-18T16:35:30Z] push: done branch=ticket/T108-t108-multi-project-onboarding-and-project-registry
[2026-05-18T16:36:04Z] commit-checkpoint: skipped missing scope paths: package.json, package-lock.json
[2026-05-18T16:36:04Z] commit-checkpoint: refused — nothing to commit in runs/
[2026-05-18T16:36:04Z] push: pushing branch=ticket/T108-t108-multi-project-onboarding-and-project-registry
[2026-05-18T16:36:06Z] push: done branch=ticket/T108-t108-multi-project-onboarding-and-project-registry
[2026-05-18T16:36:40Z] commit-checkpoint: skipped missing scope paths: package.json, package-lock.json
[2026-05-18T16:36:40Z] commit-checkpoint: refused — nothing to commit in runs/
[2026-05-18T16:36:40Z] push: pushing branch=ticket/T108-t108-multi-project-onboarding-and-project-registry
[2026-05-18T16:36:42Z] push: done branch=ticket/T108-t108-multi-project-onboarding-and-project-registry
[2026-05-18T16:37:16Z] commit-checkpoint: skipped missing scope paths: package.json, package-lock.json
[2026-05-18T16:37:16Z] commit-checkpoint: refused — nothing to commit in runs/
[2026-05-18T16:37:16Z] push: pushing branch=ticket/T108-t108-multi-project-onboarding-and-project-registry
[2026-05-18T16:37:18Z] push: done branch=ticket/T108-t108-multi-project-onboarding-and-project-registry
[2026-05-18T16:37:52Z] commit-checkpoint: skipped missing scope paths: package.json, package-lock.json
[2026-05-18T16:37:52Z] commit-checkpoint: refused — nothing to commit in runs/
[2026-05-18T16:37:52Z] push: pushing branch=ticket/T108-t108-multi-project-onboarding-and-project-registry
[2026-05-18T16:37:53Z] push: done branch=ticket/T108-t108-multi-project-onboarding-and-project-registry
[2026-05-18T16:38:28Z] commit-checkpoint: skipped missing scope paths: package.json, package-lock.json
[2026-05-18T16:38:28Z] commit-checkpoint: refused — nothing to commit in runs/
[2026-05-18T16:38:28Z] push: pushing branch=ticket/T108-t108-multi-project-onboarding-and-project-registry
[2026-05-18T16:38:29Z] push: done branch=ticket/T108-t108-multi-project-onboarding-and-project-registry
[2026-05-18T16:39:03Z] commit-checkpoint: skipped missing scope paths: package.json, package-lock.json
[2026-05-18T16:39:03Z] commit-checkpoint: refused — nothing to commit in runs/
[2026-05-18T16:39:04Z] push: pushing branch=ticket/T108-t108-multi-project-onboarding-and-project-registry
[2026-05-18T16:39:05Z] push: done branch=ticket/T108-t108-multi-project-onboarding-and-project-registry
[2026-05-18T16:39:39Z] commit-checkpoint: skipped missing scope paths: package.json, package-lock.json
[2026-05-18T16:39:39Z] commit-checkpoint: refused — nothing to commit in runs/
[2026-05-18T16:39:39Z] push: pushing branch=ticket/T108-t108-multi-project-onboarding-and-project-registry
[2026-05-18T16:39:41Z] push: done branch=ticket/T108-t108-multi-project-onboarding-and-project-registry
[2026-05-18T16:40:15Z] commit-checkpoint: skipped missing scope paths: package.json, package-lock.json
[2026-05-18T16:40:15Z] commit-checkpoint: refused — nothing to commit in runs/
[2026-05-18T16:40:15Z] push: pushing branch=ticket/T108-t108-multi-project-onboarding-and-project-registry
[2026-05-18T16:40:17Z] push: done branch=ticket/T108-t108-multi-project-onboarding-and-project-registry
[2026-05-18T16:40:51Z] commit-checkpoint: skipped missing scope paths: package.json, package-lock.json
[2026-05-18T16:40:51Z] commit-checkpoint: refused — nothing to commit in runs/
[2026-05-18T16:40:51Z] push: pushing branch=ticket/T108-t108-multi-project-onboarding-and-project-registry
[2026-05-18T16:40:52Z] push: done branch=ticket/T108-t108-multi-project-onboarding-and-project-registry
[2026-05-18T16:41:27Z] commit-checkpoint: skipped missing scope paths: package.json, package-lock.json
[2026-05-18T16:41:27Z] commit-checkpoint: refused — nothing to commit in runs/
[2026-05-18T16:41:27Z] push: pushing branch=ticket/T108-t108-multi-project-onboarding-and-project-registry
[2026-05-18T16:41:28Z] push: done branch=ticket/T108-t108-multi-project-onboarding-and-project-registry
[2026-05-18T16:42:03Z] commit-checkpoint: skipped missing scope paths: package.json, package-lock.json
[2026-05-18T16:42:03Z] commit-checkpoint: refused — nothing to commit in runs/
[2026-05-18T16:42:03Z] push: pushing branch=ticket/T108-t108-multi-project-onboarding-and-project-registry
[2026-05-18T16:42:04Z] push: done branch=ticket/T108-t108-multi-project-onboarding-and-project-registry
[2026-05-18T16:42:38Z] commit-checkpoint: skipped missing scope paths: package.json, package-lock.json
[2026-05-18T16:42:38Z] commit-checkpoint: refused — nothing to commit in runs/
[2026-05-18T16:42:38Z] push: pushing branch=ticket/T108-t108-multi-project-onboarding-and-project-registry
[2026-05-18T16:42:40Z] push: done branch=ticket/T108-t108-multi-project-onboarding-and-project-registry
[2026-05-18T16:43:14Z] commit-checkpoint: skipped missing scope paths: package.json, package-lock.json
[2026-05-18T16:43:14Z] commit-checkpoint: refused — nothing to commit in runs/
[2026-05-18T16:43:14Z] push: pushing branch=ticket/T108-t108-multi-project-onboarding-and-project-registry
[2026-05-18T16:43:16Z] push: done branch=ticket/T108-t108-multi-project-onboarding-and-project-registry
[2026-05-18T16:43:50Z] commit-checkpoint: skipped missing scope paths: package.json, package-lock.json
[2026-05-18T16:43:50Z] commit-checkpoint: refused — nothing to commit in runs/
[2026-05-18T16:43:50Z] push: pushing branch=ticket/T108-t108-multi-project-onboarding-and-project-registry
[2026-05-18T16:43:51Z] push: done branch=ticket/T108-t108-multi-project-onboarding-and-project-registry
[2026-05-18T16:44:26Z] commit-checkpoint: skipped missing scope paths: package.json, package-lock.json
[2026-05-18T16:44:26Z] commit-checkpoint: refused — nothing to commit in runs/
[2026-05-18T16:44:26Z] push: pushing branch=ticket/T108-t108-multi-project-onboarding-and-project-registry
[2026-05-18T16:44:27Z] push: done branch=ticket/T108-t108-multi-project-onboarding-and-project-registry
[2026-05-18T16:45:02Z] commit-checkpoint: skipped missing scope paths: package.json, package-lock.json
[2026-05-18T16:45:02Z] commit-checkpoint: refused — nothing to commit in runs/
[2026-05-18T16:45:02Z] push: pushing branch=ticket/T108-t108-multi-project-onboarding-and-project-registry
[2026-05-18T16:45:03Z] push: done branch=ticket/T108-t108-multi-project-onboarding-and-project-registry
[2026-05-18T16:45:38Z] commit-checkpoint: skipped missing scope paths: package.json, package-lock.json
[2026-05-18T16:45:38Z] commit-checkpoint: refused — nothing to commit in runs/
[2026-05-18T16:45:38Z] push: pushing branch=ticket/T108-t108-multi-project-onboarding-and-project-registry
[2026-05-18T16:45:39Z] push: done branch=ticket/T108-t108-multi-project-onboarding-and-project-registry
[2026-05-18T16:46:14Z] commit-checkpoint: skipped missing scope paths: package.json, package-lock.json
[2026-05-18T16:46:14Z] commit-checkpoint: refused — nothing to commit in runs/
[2026-05-18T16:46:14Z] push: pushing branch=ticket/T108-t108-multi-project-onboarding-and-project-registry
[2026-05-18T16:46:15Z] push: done branch=ticket/T108-t108-multi-project-onboarding-and-project-registry
[2026-05-18T16:46:49Z] commit-checkpoint: skipped missing scope paths: package.json, package-lock.json
[2026-05-18T16:46:49Z] commit-checkpoint: refused — nothing to commit in runs/
[2026-05-18T16:46:50Z] push: pushing branch=ticket/T108-t108-multi-project-onboarding-and-project-registry
[2026-05-18T16:46:51Z] push: done branch=ticket/T108-t108-multi-project-onboarding-and-project-registry
[2026-05-18T16:47:25Z] commit-checkpoint: skipped missing scope paths: package.json, package-lock.json
[2026-05-18T16:47:25Z] commit-checkpoint: refused — nothing to commit in runs/
[2026-05-18T16:47:25Z] push: pushing branch=ticket/T108-t108-multi-project-onboarding-and-project-registry
[2026-05-18T16:47:27Z] push: done branch=ticket/T108-t108-multi-project-onboarding-and-project-registry
[2026-05-18T16:48:01Z] commit-checkpoint: skipped missing scope paths: package.json, package-lock.json
[2026-05-18T16:48:01Z] commit-checkpoint: refused — nothing to commit in runs/
[2026-05-18T16:48:01Z] push: pushing branch=ticket/T108-t108-multi-project-onboarding-and-project-registry
[2026-05-18T16:48:03Z] push: done branch=ticket/T108-t108-multi-project-onboarding-and-project-registry
[2026-05-18T16:48:37Z] commit-checkpoint: skipped missing scope paths: package.json, package-lock.json
[2026-05-18T16:48:37Z] commit-checkpoint: refused — nothing to commit in runs/
[2026-05-18T16:48:37Z] push: pushing branch=ticket/T108-t108-multi-project-onboarding-and-project-registry
[2026-05-18T16:48:39Z] push: done branch=ticket/T108-t108-multi-project-onboarding-and-project-registry
[2026-05-18T16:49:13Z] commit-checkpoint: skipped missing scope paths: package.json, package-lock.json
[2026-05-18T16:49:13Z] commit-checkpoint: refused — nothing to commit in runs/
[2026-05-18T16:49:13Z] push: pushing branch=ticket/T108-t108-multi-project-onboarding-and-project-registry
[2026-05-18T16:49:14Z] push: done branch=ticket/T108-t108-multi-project-onboarding-and-project-registry
[2026-05-18T16:49:49Z] commit-checkpoint: skipped missing scope paths: package.json, package-lock.json
[2026-05-18T16:49:49Z] commit-checkpoint: refused — nothing to commit in runs/
[2026-05-18T16:49:49Z] push: pushing branch=ticket/T108-t108-multi-project-onboarding-and-project-registry
[2026-05-18T16:49:50Z] push: done branch=ticket/T108-t108-multi-project-onboarding-and-project-registry
[2026-05-18T16:50:25Z] commit-checkpoint: skipped missing scope paths: package.json, package-lock.json
[2026-05-18T16:50:25Z] commit-checkpoint: refused — nothing to commit in runs/
[2026-05-18T16:50:25Z] push: pushing branch=ticket/T108-t108-multi-project-onboarding-and-project-registry
[2026-05-18T16:50:26Z] push: done branch=ticket/T108-t108-multi-project-onboarding-and-project-registry
[2026-05-18T16:51:01Z] commit-checkpoint: skipped missing scope paths: package.json, package-lock.json
[2026-05-18T16:51:01Z] commit-checkpoint: refused — nothing to commit in runs/
[2026-05-18T16:51:01Z] push: pushing branch=ticket/T108-t108-multi-project-onboarding-and-project-registry
[2026-05-18T16:51:02Z] push: done branch=ticket/T108-t108-multi-project-onboarding-and-project-registry
[2026-05-18T16:51:36Z] commit-checkpoint: skipped missing scope paths: package.json, package-lock.json
[2026-05-18T16:51:36Z] commit-checkpoint: refused — nothing to commit in runs/
[2026-05-18T16:51:36Z] push: pushing branch=ticket/T108-t108-multi-project-onboarding-and-project-registry
[2026-05-18T16:51:38Z] push: done branch=ticket/T108-t108-multi-project-onboarding-and-project-registry
[2026-05-18T16:52:12Z] commit-checkpoint: skipped missing scope paths: package.json, package-lock.json
[2026-05-18T16:52:12Z] commit-checkpoint: refused — nothing to commit in runs/
[2026-05-18T16:52:12Z] push: pushing branch=ticket/T108-t108-multi-project-onboarding-and-project-registry
[2026-05-18T16:52:14Z] push: done branch=ticket/T108-t108-multi-project-onboarding-and-project-registry
[2026-05-18T16:52:48Z] commit-checkpoint: skipped missing scope paths: package.json, package-lock.json
[2026-05-18T16:52:48Z] commit-checkpoint: refused — nothing to commit in runs/
[2026-05-18T16:52:48Z] push: pushing branch=ticket/T108-t108-multi-project-onboarding-and-project-registry
[2026-05-18T16:52:49Z] push: done branch=ticket/T108-t108-multi-project-onboarding-and-project-registry
[2026-05-18T16:53:24Z] commit-checkpoint: skipped missing scope paths: package.json, package-lock.json
[2026-05-18T16:53:24Z] commit-checkpoint: refused — nothing to commit in runs/
[2026-05-18T16:53:24Z] push: pushing branch=ticket/T108-t108-multi-project-onboarding-and-project-registry
[2026-05-18T16:53:25Z] push: done branch=ticket/T108-t108-multi-project-onboarding-and-project-registry
[2026-05-18T16:54:00Z] commit-checkpoint: skipped missing scope paths: package.json, package-lock.json
[2026-05-18T16:54:00Z] commit-checkpoint: refused — nothing to commit in runs/
[2026-05-18T16:54:00Z] push: pushing branch=ticket/T108-t108-multi-project-onboarding-and-project-registry
[2026-05-18T16:54:01Z] push: done branch=ticket/T108-t108-multi-project-onboarding-and-project-registry
[2026-05-18T16:54:36Z] commit-checkpoint: skipped missing scope paths: package.json, package-lock.json
[2026-05-18T16:54:36Z] commit-checkpoint: refused — nothing to commit in runs/
[2026-05-18T16:54:36Z] push: pushing branch=ticket/T108-t108-multi-project-onboarding-and-project-registry
[2026-05-18T16:54:37Z] push: done branch=ticket/T108-t108-multi-project-onboarding-and-project-registry
[2026-05-18T16:55:11Z] commit-checkpoint: skipped missing scope paths: package.json, package-lock.json
[2026-05-18T16:55:11Z] commit-checkpoint: refused — nothing to commit in runs/
[2026-05-18T16:55:11Z] push: pushing branch=ticket/T108-t108-multi-project-onboarding-and-project-registry
[2026-05-18T16:55:13Z] push: done branch=ticket/T108-t108-multi-project-onboarding-and-project-registry
[2026-05-18T16:55:48Z] commit-checkpoint: skipped missing scope paths: package.json, package-lock.json
[2026-05-18T16:55:48Z] commit-checkpoint: refused — nothing to commit in runs/
[2026-05-18T16:55:48Z] push: pushing branch=ticket/T108-t108-multi-project-onboarding-and-project-registry
[2026-05-18T16:55:49Z] push: done branch=ticket/T108-t108-multi-project-onboarding-and-project-registry
[2026-05-18T16:56:24Z] commit-checkpoint: skipped missing scope paths: package.json, package-lock.json
[2026-05-18T16:56:24Z] commit-checkpoint: refused — nothing to commit in runs/
[2026-05-18T16:56:24Z] push: pushing branch=ticket/T108-t108-multi-project-onboarding-and-project-registry
[2026-05-18T16:56:25Z] push: done branch=ticket/T108-t108-multi-project-onboarding-and-project-registry
[2026-05-18T16:57:00Z] commit-checkpoint: skipped missing scope paths: package.json, package-lock.json
[2026-05-18T16:57:00Z] commit-checkpoint: refused — nothing to commit in runs/
[2026-05-18T16:57:00Z] push: pushing branch=ticket/T108-t108-multi-project-onboarding-and-project-registry
[2026-05-18T16:57:01Z] push: done branch=ticket/T108-t108-multi-project-onboarding-and-project-registry
[2026-05-18T16:57:35Z] commit-checkpoint: skipped missing scope paths: package.json, package-lock.json
[2026-05-18T16:57:35Z] commit-checkpoint: refused — nothing to commit in runs/
[2026-05-18T16:57:36Z] push: pushing branch=ticket/T108-t108-multi-project-onboarding-and-project-registry
[2026-05-18T16:57:37Z] push: done branch=ticket/T108-t108-multi-project-onboarding-and-project-registry
[2026-05-18T16:58:11Z] commit-checkpoint: skipped missing scope paths: package.json, package-lock.json
[2026-05-18T16:58:11Z] commit-checkpoint: refused — nothing to commit in runs/
[2026-05-18T16:58:12Z] push: pushing branch=ticket/T108-t108-multi-project-onboarding-and-project-registry
[2026-05-18T16:58:13Z] push: done branch=ticket/T108-t108-multi-project-onboarding-and-project-registry
[2026-05-18T16:58:47Z] commit-checkpoint: skipped missing scope paths: package.json, package-lock.json
[2026-05-18T16:58:47Z] commit-checkpoint: refused — nothing to commit in runs/
[2026-05-18T16:58:47Z] push: pushing branch=ticket/T108-t108-multi-project-onboarding-and-project-registry
[2026-05-18T16:58:49Z] push: done branch=ticket/T108-t108-multi-project-onboarding-and-project-registry
[2026-05-18T16:59:23Z] commit-checkpoint: skipped missing scope paths: package.json, package-lock.json
[2026-05-18T16:59:23Z] commit-checkpoint: refused — nothing to commit in runs/
[2026-05-18T16:59:23Z] push: pushing branch=ticket/T108-t108-multi-project-onboarding-and-project-registry
[2026-05-18T16:59:25Z] push: done branch=ticket/T108-t108-multi-project-onboarding-and-project-registry
[2026-05-18T16:59:59Z] commit-checkpoint: skipped missing scope paths: package.json, package-lock.json
[2026-05-18T16:59:59Z] commit-checkpoint: refused — nothing to commit in runs/
[2026-05-18T16:59:59Z] push: pushing branch=ticket/T108-t108-multi-project-onboarding-and-project-registry
[2026-05-18T17:00:01Z] push: done branch=ticket/T108-t108-multi-project-onboarding-and-project-registry
[2026-05-18T17:00:36Z] commit-checkpoint: skipped missing scope paths: package.json, package-lock.json
[2026-05-18T17:00:36Z] commit-checkpoint: refused — nothing to commit in runs/
[2026-05-18T17:00:36Z] push: pushing branch=ticket/T108-t108-multi-project-onboarding-and-project-registry
[2026-05-18T17:00:37Z] push: done branch=ticket/T108-t108-multi-project-onboarding-and-project-registry
[2026-05-18T17:01:12Z] commit-checkpoint: skipped missing scope paths: package.json, package-lock.json
[2026-05-18T17:01:12Z] commit-checkpoint: refused — nothing to commit in runs/
[2026-05-18T17:01:12Z] push: pushing branch=ticket/T108-t108-multi-project-onboarding-and-project-registry
[2026-05-18T17:01:13Z] push: done branch=ticket/T108-t108-multi-project-onboarding-and-project-registry
[2026-05-18T17:01:47Z] commit-checkpoint: skipped missing scope paths: package.json, package-lock.json
[2026-05-18T17:01:47Z] commit-checkpoint: refused — nothing to commit in runs/
[2026-05-18T17:01:48Z] push: pushing branch=ticket/T108-t108-multi-project-onboarding-and-project-registry
[2026-05-18T17:01:49Z] push: done branch=ticket/T108-t108-multi-project-onboarding-and-project-registry
[2026-05-18T17:02:23Z] commit-checkpoint: skipped missing scope paths: package.json, package-lock.json
[2026-05-18T17:02:23Z] commit-checkpoint: refused — nothing to commit in runs/
[2026-05-18T17:02:23Z] push: pushing branch=ticket/T108-t108-multi-project-onboarding-and-project-registry
[2026-05-18T17:02:25Z] push: done branch=ticket/T108-t108-multi-project-onboarding-and-project-registry
[2026-05-18T17:02:59Z] commit-checkpoint: skipped missing scope paths: package.json, package-lock.json
[2026-05-18T17:02:59Z] commit-checkpoint: refused — nothing to commit in runs/
[2026-05-18T17:02:59Z] push: pushing branch=ticket/T108-t108-multi-project-onboarding-and-project-registry
[2026-05-18T17:03:01Z] push: done branch=ticket/T108-t108-multi-project-onboarding-and-project-registry
[2026-05-18T17:03:35Z] commit-checkpoint: skipped missing scope paths: package.json, package-lock.json
[2026-05-18T17:03:35Z] commit-checkpoint: refused — nothing to commit in runs/
[2026-05-18T17:03:35Z] push: pushing branch=ticket/T108-t108-multi-project-onboarding-and-project-registry
[2026-05-18T17:03:37Z] push: done branch=ticket/T108-t108-multi-project-onboarding-and-project-registry
[2026-05-18T17:04:11Z] commit-checkpoint: skipped missing scope paths: package.json, package-lock.json
[2026-05-18T17:04:11Z] commit-checkpoint: refused — nothing to commit in runs/
[2026-05-18T17:04:11Z] push: pushing branch=ticket/T108-t108-multi-project-onboarding-and-project-registry
[2026-05-18T17:04:13Z] push: done branch=ticket/T108-t108-multi-project-onboarding-and-project-registry
[2026-05-18T17:04:47Z] commit-checkpoint: skipped missing scope paths: package.json, package-lock.json
[2026-05-18T17:04:47Z] commit-checkpoint: refused — nothing to commit in runs/
[2026-05-18T17:04:47Z] push: pushing branch=ticket/T108-t108-multi-project-onboarding-and-project-registry
[2026-05-18T17:04:48Z] push: done branch=ticket/T108-t108-multi-project-onboarding-and-project-registry
[2026-05-18T17:05:23Z] commit-checkpoint: skipped missing scope paths: package.json, package-lock.json
[2026-05-18T17:05:23Z] commit-checkpoint: refused — nothing to commit in runs/
[2026-05-18T17:05:23Z] push: pushing branch=ticket/T108-t108-multi-project-onboarding-and-project-registry
[2026-05-18T17:05:24Z] push: done branch=ticket/T108-t108-multi-project-onboarding-and-project-registry
[2026-05-18T17:05:59Z] commit-checkpoint: skipped missing scope paths: package.json, package-lock.json
[2026-05-18T17:05:59Z] commit-checkpoint: refused — nothing to commit in runs/
[2026-05-18T17:05:59Z] push: pushing branch=ticket/T108-t108-multi-project-onboarding-and-project-registry
[2026-05-18T17:06:00Z] push: done branch=ticket/T108-t108-multi-project-onboarding-and-project-registry
[2026-05-18T17:06:35Z] commit-checkpoint: skipped missing scope paths: package.json, package-lock.json
[2026-05-18T17:06:35Z] commit-checkpoint: refused — nothing to commit in runs/
[2026-05-18T17:06:35Z] push: pushing branch=ticket/T108-t108-multi-project-onboarding-and-project-registry
[2026-05-18T17:06:36Z] push: done branch=ticket/T108-t108-multi-project-onboarding-and-project-registry
[2026-05-18T17:07:10Z] commit-checkpoint: skipped missing scope paths: package.json, package-lock.json
[2026-05-18T17:07:10Z] commit-checkpoint: refused — nothing to commit in runs/
[2026-05-18T17:07:11Z] push: pushing branch=ticket/T108-t108-multi-project-onboarding-and-project-registry
[2026-05-18T17:07:12Z] push: done branch=ticket/T108-t108-multi-project-onboarding-and-project-registry
[2026-05-18T17:07:46Z] commit-checkpoint: skipped missing scope paths: package.json, package-lock.json
[2026-05-18T17:07:46Z] commit-checkpoint: refused — nothing to commit in runs/
[2026-05-18T17:07:46Z] push: pushing branch=ticket/T108-t108-multi-project-onboarding-and-project-registry
[2026-05-18T17:07:48Z] push: done branch=ticket/T108-t108-multi-project-onboarding-and-project-registry
[2026-05-18T17:08:22Z] commit-checkpoint: skipped missing scope paths: package.json, package-lock.json
[2026-05-18T17:08:22Z] commit-checkpoint: refused — nothing to commit in runs/
[2026-05-18T17:08:22Z] push: pushing branch=ticket/T108-t108-multi-project-onboarding-and-project-registry
[2026-05-18T17:08:24Z] push: done branch=ticket/T108-t108-multi-project-onboarding-and-project-registry
[2026-05-18T17:08:58Z] commit-checkpoint: skipped missing scope paths: package.json, package-lock.json
[2026-05-18T17:08:58Z] commit-checkpoint: refused — nothing to commit in runs/
[2026-05-18T17:08:58Z] push: pushing branch=ticket/T108-t108-multi-project-onboarding-and-project-registry
[2026-05-18T17:09:00Z] push: done branch=ticket/T108-t108-multi-project-onboarding-and-project-registry
[2026-05-18T17:09:34Z] commit-checkpoint: skipped missing scope paths: package.json, package-lock.json
[2026-05-18T17:09:34Z] commit-checkpoint: refused — nothing to commit in runs/
[2026-05-18T17:09:34Z] push: pushing branch=ticket/T108-t108-multi-project-onboarding-and-project-registry
[2026-05-18T17:09:36Z] push: done branch=ticket/T108-t108-multi-project-onboarding-and-project-registry
[2026-05-18T17:10:10Z] commit-checkpoint: skipped missing scope paths: package.json, package-lock.json
[2026-05-18T17:10:10Z] commit-checkpoint: refused — nothing to commit in runs/
[2026-05-18T17:10:10Z] push: pushing branch=ticket/T108-t108-multi-project-onboarding-and-project-registry
[2026-05-18T17:10:12Z] push: done branch=ticket/T108-t108-multi-project-onboarding-and-project-registry
[2026-05-18T17:10:47Z] commit-checkpoint: skipped missing scope paths: package.json, package-lock.json
[2026-05-18T17:10:47Z] commit-checkpoint: refused — nothing to commit in runs/
[2026-05-18T17:10:47Z] push: pushing branch=ticket/T108-t108-multi-project-onboarding-and-project-registry
[2026-05-18T17:10:49Z] push: done branch=ticket/T108-t108-multi-project-onboarding-and-project-registry
[2026-05-18T17:11:23Z] commit-checkpoint: skipped missing scope paths: package.json, package-lock.json
[2026-05-18T17:11:23Z] commit-checkpoint: refused — nothing to commit in runs/
[2026-05-18T17:11:23Z] push: pushing branch=ticket/T108-t108-multi-project-onboarding-and-project-registry
[2026-05-18T17:11:25Z] push: done branch=ticket/T108-t108-multi-project-onboarding-and-project-registry
[2026-05-18T17:11:59Z] commit-checkpoint: skipped missing scope paths: package.json, package-lock.json
[2026-05-18T17:11:59Z] commit-checkpoint: refused — nothing to commit in runs/
[2026-05-18T17:11:59Z] push: pushing branch=ticket/T108-t108-multi-project-onboarding-and-project-registry
[2026-05-18T17:12:01Z] push: done branch=ticket/T108-t108-multi-project-onboarding-and-project-registry
[2026-05-18T17:12:35Z] commit-checkpoint: skipped missing scope paths: package.json, package-lock.json
[2026-05-18T17:12:35Z] commit-checkpoint: refused — nothing to commit in runs/
[2026-05-18T17:12:35Z] push: pushing branch=ticket/T108-t108-multi-project-onboarding-and-project-registry
[2026-05-18T17:12:37Z] push: done branch=ticket/T108-t108-multi-project-onboarding-and-project-registry
[2026-05-18T17:13:11Z] commit-checkpoint: skipped missing scope paths: package.json, package-lock.json
[2026-05-18T17:13:11Z] commit-checkpoint: refused — nothing to commit in runs/
[2026-05-18T17:13:11Z] push: pushing branch=ticket/T108-t108-multi-project-onboarding-and-project-registry
[2026-05-18T17:13:13Z] push: done branch=ticket/T108-t108-multi-project-onboarding-and-project-registry
[2026-05-18T17:13:47Z] commit-checkpoint: skipped missing scope paths: package.json, package-lock.json
[2026-05-18T17:13:47Z] commit-checkpoint: refused — nothing to commit in runs/
[2026-05-18T17:13:47Z] push: pushing branch=ticket/T108-t108-multi-project-onboarding-and-project-registry
[2026-05-18T17:13:49Z] push: done branch=ticket/T108-t108-multi-project-onboarding-and-project-registry
[2026-05-18T17:14:23Z] commit-checkpoint: skipped missing scope paths: package.json, package-lock.json
[2026-05-18T17:14:23Z] commit-checkpoint: refused — nothing to commit in runs/
[2026-05-18T17:14:23Z] push: pushing branch=ticket/T108-t108-multi-project-onboarding-and-project-registry
[2026-05-18T17:14:25Z] push: done branch=ticket/T108-t108-multi-project-onboarding-and-project-registry
[2026-05-18T17:14:59Z] commit-checkpoint: skipped missing scope paths: package.json, package-lock.json
[2026-05-18T17:14:59Z] commit-checkpoint: refused — nothing to commit in runs/
[2026-05-18T17:14:59Z] push: pushing branch=ticket/T108-t108-multi-project-onboarding-and-project-registry
[2026-05-18T17:15:01Z] push: done branch=ticket/T108-t108-multi-project-onboarding-and-project-registry
[2026-05-18T17:15:35Z] commit-checkpoint: skipped missing scope paths: package.json, package-lock.json
[2026-05-18T17:15:35Z] commit-checkpoint: refused — nothing to commit in runs/
[2026-05-18T17:15:35Z] push: pushing branch=ticket/T108-t108-multi-project-onboarding-and-project-registry
[2026-05-18T17:15:37Z] push: done branch=ticket/T108-t108-multi-project-onboarding-and-project-registry
[2026-05-18T17:16:11Z] commit-checkpoint: skipped missing scope paths: package.json, package-lock.json
[2026-05-18T17:16:11Z] commit-checkpoint: refused — nothing to commit in runs/
[2026-05-18T17:16:11Z] push: pushing branch=ticket/T108-t108-multi-project-onboarding-and-project-registry
[2026-05-18T17:16:12Z] push: done branch=ticket/T108-t108-multi-project-onboarding-and-project-registry
[2026-05-18T17:16:47Z] commit-checkpoint: skipped missing scope paths: package.json, package-lock.json
[2026-05-18T17:16:47Z] commit-checkpoint: refused — nothing to commit in runs/
[2026-05-18T17:16:47Z] push: pushing branch=ticket/T108-t108-multi-project-onboarding-and-project-registry
[2026-05-18T17:16:48Z] push: done branch=ticket/T108-t108-multi-project-onboarding-and-project-registry
[2026-05-18T17:17:23Z] commit-checkpoint: skipped missing scope paths: package.json, package-lock.json
[2026-05-18T17:17:23Z] commit-checkpoint: refused — nothing to commit in runs/
[2026-05-18T17:17:23Z] push: pushing branch=ticket/T108-t108-multi-project-onboarding-and-project-registry
[2026-05-18T17:17:24Z] push: done branch=ticket/T108-t108-multi-project-onboarding-and-project-registry
[2026-05-18T17:17:58Z] commit-checkpoint: skipped missing scope paths: package.json, package-lock.json
[2026-05-18T17:17:58Z] commit-checkpoint: refused — nothing to commit in runs/
[2026-05-18T17:17:59Z] push: pushing branch=ticket/T108-t108-multi-project-onboarding-and-project-registry
[2026-05-18T17:18:00Z] push: done branch=ticket/T108-t108-multi-project-onboarding-and-project-registry
[2026-05-18T17:18:35Z] commit-checkpoint: skipped missing scope paths: package.json, package-lock.json
[2026-05-18T17:18:35Z] commit-checkpoint: refused — nothing to commit in runs/
[2026-05-18T17:18:35Z] push: pushing branch=ticket/T108-t108-multi-project-onboarding-and-project-registry
[2026-05-18T17:18:36Z] push: done branch=ticket/T108-t108-multi-project-onboarding-and-project-registry
[2026-05-18T17:19:11Z] commit-checkpoint: skipped missing scope paths: package.json, package-lock.json
[2026-05-18T17:19:11Z] commit-checkpoint: refused — nothing to commit in runs/
[2026-05-18T17:19:11Z] push: pushing branch=ticket/T108-t108-multi-project-onboarding-and-project-registry
[2026-05-18T17:19:12Z] push: done branch=ticket/T108-t108-multi-project-onboarding-and-project-registry
[2026-05-18T17:19:46Z] commit-checkpoint: skipped missing scope paths: package.json, package-lock.json
[2026-05-18T17:19:46Z] commit-checkpoint: refused — nothing to commit in runs/
[2026-05-18T17:19:46Z] push: pushing branch=ticket/T108-t108-multi-project-onboarding-and-project-registry
[2026-05-18T17:19:48Z] push: done branch=ticket/T108-t108-multi-project-onboarding-and-project-registry
[2026-05-18T17:20:22Z] commit-checkpoint: skipped missing scope paths: package.json, package-lock.json
[2026-05-18T17:20:22Z] commit-checkpoint: refused — nothing to commit in runs/
[2026-05-18T17:20:22Z] push: pushing branch=ticket/T108-t108-multi-project-onboarding-and-project-registry
[2026-05-18T17:20:24Z] push: done branch=ticket/T108-t108-multi-project-onboarding-and-project-registry
[2026-05-18T17:20:58Z] commit-checkpoint: skipped missing scope paths: package.json, package-lock.json
[2026-05-18T17:20:58Z] commit-checkpoint: refused — nothing to commit in runs/
[2026-05-18T17:20:58Z] push: pushing branch=ticket/T108-t108-multi-project-onboarding-and-project-registry
[2026-05-18T17:20:59Z] push: done branch=ticket/T108-t108-multi-project-onboarding-and-project-registry
[2026-05-18T17:21:34Z] commit-checkpoint: skipped missing scope paths: package.json, package-lock.json
[2026-05-18T17:21:34Z] commit-checkpoint: refused — nothing to commit in runs/
[2026-05-18T17:21:34Z] push: pushing branch=ticket/T108-t108-multi-project-onboarding-and-project-registry
[2026-05-18T17:21:35Z] push: done branch=ticket/T108-t108-multi-project-onboarding-and-project-registry
[2026-05-18T17:22:09Z] commit-checkpoint: skipped missing scope paths: package.json, package-lock.json
[2026-05-18T17:22:10Z] commit-checkpoint: refused — nothing to commit in runs/
[2026-05-18T17:22:10Z] push: pushing branch=ticket/T108-t108-multi-project-onboarding-and-project-registry
[2026-05-18T17:22:11Z] push: done branch=ticket/T108-t108-multi-project-onboarding-and-project-registry
[2026-05-18T17:22:46Z] commit-checkpoint: skipped missing scope paths: package.json, package-lock.json
[2026-05-18T17:22:46Z] commit-checkpoint: refused — nothing to commit in runs/
[2026-05-18T17:22:46Z] push: pushing branch=ticket/T108-t108-multi-project-onboarding-and-project-registry
[2026-05-18T17:22:47Z] push: done branch=ticket/T108-t108-multi-project-onboarding-and-project-registry
[2026-05-18T17:23:22Z] commit-checkpoint: skipped missing scope paths: package.json, package-lock.json
[2026-05-18T17:23:22Z] commit-checkpoint: refused — nothing to commit in runs/
[2026-05-18T17:23:22Z] push: pushing branch=ticket/T108-t108-multi-project-onboarding-and-project-registry
[2026-05-18T17:23:23Z] push: done branch=ticket/T108-t108-multi-project-onboarding-and-project-registry
[2026-05-18T17:23:57Z] commit-checkpoint: skipped missing scope paths: package.json, package-lock.json
[2026-05-18T17:23:57Z] commit-checkpoint: refused — nothing to commit in runs/
[2026-05-18T17:23:57Z] push: pushing branch=ticket/T108-t108-multi-project-onboarding-and-project-registry
[2026-05-18T17:23:59Z] push: done branch=ticket/T108-t108-multi-project-onboarding-and-project-registry
[2026-05-18T17:24:33Z] commit-checkpoint: skipped missing scope paths: package.json, package-lock.json
[2026-05-18T17:24:33Z] commit-checkpoint: refused — nothing to commit in runs/
[2026-05-18T17:24:33Z] push: pushing branch=ticket/T108-t108-multi-project-onboarding-and-project-registry
[2026-05-18T17:24:35Z] push: done branch=ticket/T108-t108-multi-project-onboarding-and-project-registry
[2026-05-18T17:25:09Z] commit-checkpoint: skipped missing scope paths: package.json, package-lock.json
[2026-05-18T17:25:09Z] commit-checkpoint: refused — nothing to commit in runs/
[2026-05-18T17:25:09Z] push: pushing branch=ticket/T108-t108-multi-project-onboarding-and-project-registry
[2026-05-18T17:25:11Z] push: done branch=ticket/T108-t108-multi-project-onboarding-and-project-registry
[2026-05-18T17:25:45Z] commit-checkpoint: skipped missing scope paths: package.json, package-lock.json
[2026-05-18T17:25:45Z] commit-checkpoint: refused — nothing to commit in runs/
[2026-05-18T17:25:45Z] push: pushing branch=ticket/T108-t108-multi-project-onboarding-and-project-registry
[2026-05-18T17:25:47Z] push: done branch=ticket/T108-t108-multi-project-onboarding-and-project-registry
[2026-05-18T17:26:21Z] commit-checkpoint: skipped missing scope paths: package.json, package-lock.json
[2026-05-18T17:26:21Z] commit-checkpoint: refused — nothing to commit in runs/
[2026-05-18T17:26:21Z] push: pushing branch=ticket/T108-t108-multi-project-onboarding-and-project-registry
[2026-05-18T17:26:22Z] push: done branch=ticket/T108-t108-multi-project-onboarding-and-project-registry
[2026-05-18T17:26:57Z] commit-checkpoint: skipped missing scope paths: package.json, package-lock.json
[2026-05-18T17:26:57Z] commit-checkpoint: refused — nothing to commit in runs/
[2026-05-18T17:26:57Z] push: pushing branch=ticket/T108-t108-multi-project-onboarding-and-project-registry
[2026-05-18T17:26:59Z] push: done branch=ticket/T108-t108-multi-project-onboarding-and-project-registry
[2026-05-18T17:27:33Z] commit-checkpoint: skipped missing scope paths: package.json, package-lock.json
[2026-05-18T17:27:33Z] commit-checkpoint: refused — nothing to commit in runs/
[2026-05-18T17:27:33Z] push: pushing branch=ticket/T108-t108-multi-project-onboarding-and-project-registry
[2026-05-18T17:27:34Z] push: done branch=ticket/T108-t108-multi-project-onboarding-and-project-registry
[2026-05-18T17:28:09Z] commit-checkpoint: skipped missing scope paths: package.json, package-lock.json
[2026-05-18T17:28:09Z] commit-checkpoint: refused — nothing to commit in runs/
[2026-05-18T17:28:09Z] push: pushing branch=ticket/T108-t108-multi-project-onboarding-and-project-registry
[2026-05-18T17:28:10Z] push: done branch=ticket/T108-t108-multi-project-onboarding-and-project-registry
[2026-05-18T17:28:44Z] commit-checkpoint: skipped missing scope paths: package.json, package-lock.json
[2026-05-18T17:28:44Z] commit-checkpoint: refused — nothing to commit in runs/
[2026-05-18T17:28:44Z] push: pushing branch=ticket/T108-t108-multi-project-onboarding-and-project-registry
[2026-05-18T17:28:46Z] push: done branch=ticket/T108-t108-multi-project-onboarding-and-project-registry
[2026-05-18T17:29:20Z] commit-checkpoint: skipped missing scope paths: package.json, package-lock.json
[2026-05-18T17:29:20Z] commit-checkpoint: refused — nothing to commit in runs/
[2026-05-18T17:29:20Z] push: pushing branch=ticket/T108-t108-multi-project-onboarding-and-project-registry
[2026-05-18T17:29:22Z] push: done branch=ticket/T108-t108-multi-project-onboarding-and-project-registry
[2026-05-18T17:29:56Z] commit-checkpoint: skipped missing scope paths: package.json, package-lock.json
[2026-05-18T17:29:56Z] commit-checkpoint: refused — nothing to commit in runs/
[2026-05-18T17:29:56Z] push: pushing branch=ticket/T108-t108-multi-project-onboarding-and-project-registry
[2026-05-18T17:29:58Z] push: done branch=ticket/T108-t108-multi-project-onboarding-and-project-registry
[2026-05-18T17:30:32Z] commit-checkpoint: skipped missing scope paths: package.json, package-lock.json
[2026-05-18T17:30:32Z] commit-checkpoint: refused — nothing to commit in runs/
[2026-05-18T17:30:32Z] push: pushing branch=ticket/T108-t108-multi-project-onboarding-and-project-registry
[2026-05-18T17:30:34Z] push: done branch=ticket/T108-t108-multi-project-onboarding-and-project-registry
[2026-05-18T17:31:08Z] commit-checkpoint: skipped missing scope paths: package.json, package-lock.json
[2026-05-18T17:31:08Z] commit-checkpoint: refused — nothing to commit in runs/
[2026-05-18T17:31:08Z] push: pushing branch=ticket/T108-t108-multi-project-onboarding-and-project-registry
[2026-05-18T17:31:09Z] push: done branch=ticket/T108-t108-multi-project-onboarding-and-project-registry
[2026-05-18T17:31:44Z] commit-checkpoint: skipped missing scope paths: package.json, package-lock.json
[2026-05-18T17:31:44Z] commit-checkpoint: refused — nothing to commit in runs/
[2026-05-18T17:31:44Z] push: pushing branch=ticket/T108-t108-multi-project-onboarding-and-project-registry
[2026-05-18T17:31:45Z] push: done branch=ticket/T108-t108-multi-project-onboarding-and-project-registry
[2026-05-18T17:32:20Z] commit-checkpoint: skipped missing scope paths: package.json, package-lock.json
[2026-05-18T17:32:20Z] commit-checkpoint: refused — nothing to commit in runs/
[2026-05-18T17:32:20Z] push: pushing branch=ticket/T108-t108-multi-project-onboarding-and-project-registry
[2026-05-18T17:32:21Z] push: done branch=ticket/T108-t108-multi-project-onboarding-and-project-registry
[2026-05-18T17:32:55Z] commit-checkpoint: skipped missing scope paths: package.json, package-lock.json
[2026-05-18T17:32:55Z] commit-checkpoint: refused — nothing to commit in runs/
[2026-05-18T17:32:55Z] push: pushing branch=ticket/T108-t108-multi-project-onboarding-and-project-registry
[2026-05-18T17:32:57Z] push: done branch=ticket/T108-t108-multi-project-onboarding-and-project-registry
[2026-05-18T17:33:31Z] commit-checkpoint: skipped missing scope paths: package.json, package-lock.json
[2026-05-18T17:33:31Z] commit-checkpoint: refused — nothing to commit in runs/
[2026-05-18T17:33:31Z] push: pushing branch=ticket/T108-t108-multi-project-onboarding-and-project-registry
[2026-05-18T17:33:33Z] push: done branch=ticket/T108-t108-multi-project-onboarding-and-project-registry
[2026-05-18T17:34:07Z] commit-checkpoint: skipped missing scope paths: package.json, package-lock.json
[2026-05-18T17:34:07Z] commit-checkpoint: refused — nothing to commit in runs/
[2026-05-18T17:34:07Z] push: pushing branch=ticket/T108-t108-multi-project-onboarding-and-project-registry
[2026-05-18T17:34:09Z] push: done branch=ticket/T108-t108-multi-project-onboarding-and-project-registry
[2026-05-18T17:34:43Z] commit-checkpoint: skipped missing scope paths: package.json, package-lock.json
[2026-05-18T17:34:43Z] commit-checkpoint: refused — nothing to commit in runs/
[2026-05-18T17:34:43Z] push: pushing branch=ticket/T108-t108-multi-project-onboarding-and-project-registry
[2026-05-18T17:34:44Z] push: done branch=ticket/T108-t108-multi-project-onboarding-and-project-registry
[2026-05-18T17:35:19Z] commit-checkpoint: skipped missing scope paths: package.json, package-lock.json
[2026-05-18T17:35:19Z] commit-checkpoint: refused — nothing to commit in runs/
[2026-05-18T17:35:19Z] push: pushing branch=ticket/T108-t108-multi-project-onboarding-and-project-registry
[2026-05-18T17:35:20Z] push: done branch=ticket/T108-t108-multi-project-onboarding-and-project-registry
[2026-05-18T17:35:54Z] commit-checkpoint: skipped missing scope paths: package.json, package-lock.json
[2026-05-18T17:35:55Z] commit-checkpoint: refused — nothing to commit in runs/
[2026-05-18T17:35:55Z] push: pushing branch=ticket/T108-t108-multi-project-onboarding-and-project-registry
[2026-05-18T17:35:56Z] push: done branch=ticket/T108-t108-multi-project-onboarding-and-project-registry
[2026-05-18T17:36:30Z] commit-checkpoint: skipped missing scope paths: package.json, package-lock.json
[2026-05-18T17:36:30Z] commit-checkpoint: refused — nothing to commit in runs/
[2026-05-18T17:36:30Z] push: pushing branch=ticket/T108-t108-multi-project-onboarding-and-project-registry
[2026-05-18T17:36:32Z] push: done branch=ticket/T108-t108-multi-project-onboarding-and-project-registry
[2026-05-18T17:37:06Z] commit-checkpoint: skipped missing scope paths: package.json, package-lock.json
[2026-05-18T17:37:06Z] commit-checkpoint: refused — nothing to commit in runs/
[2026-05-18T17:37:06Z] push: pushing branch=ticket/T108-t108-multi-project-onboarding-and-project-registry
[2026-05-18T17:37:08Z] push: done branch=ticket/T108-t108-multi-project-onboarding-and-project-registry
[2026-05-18T17:37:42Z] commit-checkpoint: skipped missing scope paths: package.json, package-lock.json
[2026-05-18T17:37:42Z] commit-checkpoint: refused — nothing to commit in runs/
[2026-05-18T17:37:42Z] push: pushing branch=ticket/T108-t108-multi-project-onboarding-and-project-registry
[2026-05-18T17:37:44Z] push: done branch=ticket/T108-t108-multi-project-onboarding-and-project-registry
[2026-05-18T17:38:18Z] commit-checkpoint: skipped missing scope paths: package.json, package-lock.json
[2026-05-18T17:38:18Z] commit-checkpoint: refused — nothing to commit in runs/
[2026-05-18T17:38:18Z] push: pushing branch=ticket/T108-t108-multi-project-onboarding-and-project-registry
[2026-05-18T17:38:19Z] push: done branch=ticket/T108-t108-multi-project-onboarding-and-project-registry
[2026-05-18T17:38:54Z] commit-checkpoint: skipped missing scope paths: package.json, package-lock.json
[2026-05-18T17:38:54Z] commit-checkpoint: refused — nothing to commit in runs/
[2026-05-18T17:38:54Z] push: pushing branch=ticket/T108-t108-multi-project-onboarding-and-project-registry
[2026-05-18T17:38:55Z] push: done branch=ticket/T108-t108-multi-project-onboarding-and-project-registry
[2026-05-18T17:39:30Z] commit-checkpoint: skipped missing scope paths: package.json, package-lock.json
[2026-05-18T17:39:30Z] commit-checkpoint: refused — nothing to commit in runs/
[2026-05-18T17:39:30Z] push: pushing branch=ticket/T108-t108-multi-project-onboarding-and-project-registry
[2026-05-18T17:39:31Z] push: done branch=ticket/T108-t108-multi-project-onboarding-and-project-registry
[2026-05-18T17:40:06Z] commit-checkpoint: skipped missing scope paths: package.json, package-lock.json
[2026-05-18T17:40:06Z] commit-checkpoint: refused — nothing to commit in runs/
[2026-05-18T17:40:06Z] push: pushing branch=ticket/T108-t108-multi-project-onboarding-and-project-registry
[2026-05-18T17:40:07Z] push: done branch=ticket/T108-t108-multi-project-onboarding-and-project-registry
[2026-05-18T17:40:42Z] commit-checkpoint: skipped missing scope paths: package.json, package-lock.json
[2026-05-18T17:40:42Z] commit-checkpoint: refused — nothing to commit in runs/
[2026-05-18T17:40:42Z] push: pushing branch=ticket/T108-t108-multi-project-onboarding-and-project-registry
[2026-05-18T17:40:43Z] push: done branch=ticket/T108-t108-multi-project-onboarding-and-project-registry
[2026-05-18T17:41:17Z] commit-checkpoint: skipped missing scope paths: package.json, package-lock.json
[2026-05-18T17:41:17Z] commit-checkpoint: refused — nothing to commit in runs/
[2026-05-18T17:41:17Z] push: pushing branch=ticket/T108-t108-multi-project-onboarding-and-project-registry
[2026-05-18T17:41:19Z] push: done branch=ticket/T108-t108-multi-project-onboarding-and-project-registry
[2026-05-18T17:41:53Z] commit-checkpoint: skipped missing scope paths: package.json, package-lock.json
[2026-05-18T17:41:53Z] commit-checkpoint: refused — nothing to commit in runs/
[2026-05-18T17:41:53Z] push: pushing branch=ticket/T108-t108-multi-project-onboarding-and-project-registry
[2026-05-18T17:41:55Z] push: done branch=ticket/T108-t108-multi-project-onboarding-and-project-registry
[2026-05-18T17:42:29Z] commit-checkpoint: skipped missing scope paths: package.json, package-lock.json
[2026-05-18T17:42:29Z] commit-checkpoint: refused — nothing to commit in runs/
[2026-05-18T17:42:29Z] push: pushing branch=ticket/T108-t108-multi-project-onboarding-and-project-registry
[2026-05-18T17:42:30Z] push: done branch=ticket/T108-t108-multi-project-onboarding-and-project-registry
[2026-05-18T17:43:05Z] commit-checkpoint: skipped missing scope paths: package.json, package-lock.json
[2026-05-18T17:43:05Z] commit-checkpoint: refused — nothing to commit in runs/
[2026-05-18T17:43:05Z] push: pushing branch=ticket/T108-t108-multi-project-onboarding-and-project-registry
[2026-05-18T17:43:06Z] push: done branch=ticket/T108-t108-multi-project-onboarding-and-project-registry
[2026-05-18T17:43:41Z] commit-checkpoint: skipped missing scope paths: package.json, package-lock.json
[2026-05-18T17:43:41Z] commit-checkpoint: refused — nothing to commit in runs/
[2026-05-18T17:43:41Z] push: pushing branch=ticket/T108-t108-multi-project-onboarding-and-project-registry
[2026-05-18T17:43:42Z] push: done branch=ticket/T108-t108-multi-project-onboarding-and-project-registry
[2026-05-18T17:44:17Z] commit-checkpoint: skipped missing scope paths: package.json, package-lock.json
[2026-05-18T17:44:17Z] commit-checkpoint: refused — nothing to commit in runs/
[2026-05-18T17:44:17Z] push: pushing branch=ticket/T108-t108-multi-project-onboarding-and-project-registry
[2026-05-18T17:44:18Z] push: done branch=ticket/T108-t108-multi-project-onboarding-and-project-registry
[2026-05-18T17:44:52Z] commit-checkpoint: skipped missing scope paths: package.json, package-lock.json
[2026-05-18T17:44:52Z] commit-checkpoint: refused — nothing to commit in runs/
[2026-05-18T17:44:53Z] push: pushing branch=ticket/T108-t108-multi-project-onboarding-and-project-registry
[2026-05-18T17:44:54Z] push: done branch=ticket/T108-t108-multi-project-onboarding-and-project-registry
[2026-05-18T17:45:28Z] commit-checkpoint: skipped missing scope paths: package.json, package-lock.json
[2026-05-18T17:45:28Z] commit-checkpoint: refused — nothing to commit in runs/
[2026-05-18T17:45:28Z] push: pushing branch=ticket/T108-t108-multi-project-onboarding-and-project-registry
[2026-05-18T17:45:30Z] push: done branch=ticket/T108-t108-multi-project-onboarding-and-project-registry
[2026-05-18T17:46:04Z] commit-checkpoint: skipped missing scope paths: package.json, package-lock.json
[2026-05-18T17:46:04Z] commit-checkpoint: refused — nothing to commit in runs/
[2026-05-18T17:46:04Z] push: pushing branch=ticket/T108-t108-multi-project-onboarding-and-project-registry
[2026-05-18T17:46:06Z] push: done branch=ticket/T108-t108-multi-project-onboarding-and-project-registry
[2026-05-18T17:46:40Z] commit-checkpoint: skipped missing scope paths: package.json, package-lock.json
[2026-05-18T17:46:40Z] commit-checkpoint: refused — nothing to commit in runs/
[2026-05-18T17:46:40Z] push: pushing branch=ticket/T108-t108-multi-project-onboarding-and-project-registry
[2026-05-18T17:46:42Z] push: done branch=ticket/T108-t108-multi-project-onboarding-and-project-registry
[2026-05-18T17:47:16Z] commit-checkpoint: skipped missing scope paths: package.json, package-lock.json
[2026-05-18T17:47:16Z] commit-checkpoint: refused — nothing to commit in runs/
[2026-05-18T17:47:16Z] push: pushing branch=ticket/T108-t108-multi-project-onboarding-and-project-registry
[2026-05-18T17:47:18Z] push: done branch=ticket/T108-t108-multi-project-onboarding-and-project-registry
[2026-05-18T17:47:52Z] commit-checkpoint: skipped missing scope paths: package.json, package-lock.json
[2026-05-18T17:47:52Z] commit-checkpoint: refused — nothing to commit in runs/
[2026-05-18T17:47:52Z] push: pushing branch=ticket/T108-t108-multi-project-onboarding-and-project-registry
[2026-05-18T17:47:54Z] push: done branch=ticket/T108-t108-multi-project-onboarding-and-project-registry
[2026-05-18T17:48:28Z] commit-checkpoint: skipped missing scope paths: package.json, package-lock.json
[2026-05-18T17:48:28Z] commit-checkpoint: refused — nothing to commit in runs/
[2026-05-18T17:48:28Z] push: pushing branch=ticket/T108-t108-multi-project-onboarding-and-project-registry
[2026-05-18T17:48:29Z] push: done branch=ticket/T108-t108-multi-project-onboarding-and-project-registry
[2026-05-18T17:49:04Z] commit-checkpoint: skipped missing scope paths: package.json, package-lock.json
[2026-05-18T17:49:04Z] commit-checkpoint: refused — nothing to commit in runs/
[2026-05-18T17:49:04Z] push: pushing branch=ticket/T108-t108-multi-project-onboarding-and-project-registry
[2026-05-18T17:49:05Z] push: done branch=ticket/T108-t108-multi-project-onboarding-and-project-registry
[2026-05-18T17:49:40Z] commit-checkpoint: skipped missing scope paths: package.json, package-lock.json
[2026-05-18T17:49:40Z] commit-checkpoint: refused — nothing to commit in runs/
[2026-05-18T17:49:40Z] push: pushing branch=ticket/T108-t108-multi-project-onboarding-and-project-registry
[2026-05-18T17:49:41Z] push: done branch=ticket/T108-t108-multi-project-onboarding-and-project-registry
[2026-05-18T17:50:15Z] commit-checkpoint: skipped missing scope paths: package.json, package-lock.json
[2026-05-18T17:50:15Z] commit-checkpoint: refused — nothing to commit in runs/
[2026-05-18T17:50:15Z] push: pushing branch=ticket/T108-t108-multi-project-onboarding-and-project-registry
[2026-05-18T17:50:17Z] push: done branch=ticket/T108-t108-multi-project-onboarding-and-project-registry
[2026-05-18T17:50:51Z] commit-checkpoint: skipped missing scope paths: package.json, package-lock.json
[2026-05-18T17:50:51Z] commit-checkpoint: refused — nothing to commit in runs/
[2026-05-18T17:50:51Z] push: pushing branch=ticket/T108-t108-multi-project-onboarding-and-project-registry
[2026-05-18T17:50:53Z] push: done branch=ticket/T108-t108-multi-project-onboarding-and-project-registry
[2026-05-18T17:51:27Z] commit-checkpoint: skipped missing scope paths: package.json, package-lock.json
[2026-05-18T17:51:27Z] commit-checkpoint: refused — nothing to commit in runs/
[2026-05-18T17:51:27Z] push: pushing branch=ticket/T108-t108-multi-project-onboarding-and-project-registry
[2026-05-18T17:51:29Z] push: done branch=ticket/T108-t108-multi-project-onboarding-and-project-registry
[2026-05-18T17:52:03Z] commit-checkpoint: skipped missing scope paths: package.json, package-lock.json
[2026-05-18T17:52:03Z] commit-checkpoint: refused — nothing to commit in runs/
[2026-05-18T17:52:03Z] push: pushing branch=ticket/T108-t108-multi-project-onboarding-and-project-registry
[2026-05-18T17:52:05Z] push: done branch=ticket/T108-t108-multi-project-onboarding-and-project-registry
[2026-05-18T17:52:39Z] commit-checkpoint: skipped missing scope paths: package.json, package-lock.json
[2026-05-18T17:52:39Z] commit-checkpoint: refused — nothing to commit in runs/
[2026-05-18T17:52:39Z] push: pushing branch=ticket/T108-t108-multi-project-onboarding-and-project-registry
[2026-05-18T17:52:41Z] push: done branch=ticket/T108-t108-multi-project-onboarding-and-project-registry
[2026-05-18T17:53:15Z] commit-checkpoint: skipped missing scope paths: package.json, package-lock.json
[2026-05-18T17:53:15Z] commit-checkpoint: refused — nothing to commit in runs/
[2026-05-18T17:53:15Z] push: pushing branch=ticket/T108-t108-multi-project-onboarding-and-project-registry
[2026-05-18T17:53:16Z] push: done branch=ticket/T108-t108-multi-project-onboarding-and-project-registry
[2026-05-18T17:53:50Z] commit-checkpoint: skipped missing scope paths: package.json, package-lock.json
[2026-05-18T17:53:50Z] commit-checkpoint: refused — nothing to commit in runs/
[2026-05-18T17:53:50Z] push: pushing branch=ticket/T108-t108-multi-project-onboarding-and-project-registry
[2026-05-18T17:53:52Z] push: done branch=ticket/T108-t108-multi-project-onboarding-and-project-registry
[2026-05-18T17:54:26Z] commit-checkpoint: skipped missing scope paths: package.json, package-lock.json
[2026-05-18T17:54:26Z] commit-checkpoint: refused — nothing to commit in runs/
[2026-05-18T17:54:27Z] push: pushing branch=ticket/T108-t108-multi-project-onboarding-and-project-registry
[2026-05-18T17:54:28Z] push: done branch=ticket/T108-t108-multi-project-onboarding-and-project-registry
[2026-05-18T17:55:03Z] commit-checkpoint: skipped missing scope paths: package.json, package-lock.json
[2026-05-18T17:55:03Z] commit-checkpoint: refused — nothing to commit in runs/
[2026-05-18T17:55:03Z] push: pushing branch=ticket/T108-t108-multi-project-onboarding-and-project-registry
[2026-05-18T17:55:04Z] push: done branch=ticket/T108-t108-multi-project-onboarding-and-project-registry
[2026-05-18T17:55:39Z] commit-checkpoint: skipped missing scope paths: package.json, package-lock.json
[2026-05-18T17:55:39Z] commit-checkpoint: refused — nothing to commit in runs/
[2026-05-18T17:55:39Z] push: pushing branch=ticket/T108-t108-multi-project-onboarding-and-project-registry
[2026-05-18T17:55:40Z] push: done branch=ticket/T108-t108-multi-project-onboarding-and-project-registry
[2026-05-18T17:56:15Z] commit-checkpoint: skipped missing scope paths: package.json, package-lock.json
[2026-05-18T17:56:15Z] commit-checkpoint: refused — nothing to commit in runs/
[2026-05-18T17:56:15Z] push: pushing branch=ticket/T108-t108-multi-project-onboarding-and-project-registry
[2026-05-18T17:56:16Z] push: done branch=ticket/T108-t108-multi-project-onboarding-and-project-registry
[2026-05-18T17:56:51Z] commit-checkpoint: skipped missing scope paths: package.json, package-lock.json
[2026-05-18T17:56:51Z] commit-checkpoint: refused — nothing to commit in runs/
[2026-05-18T17:56:51Z] push: pushing branch=ticket/T108-t108-multi-project-onboarding-and-project-registry
[2026-05-18T17:56:52Z] push: done branch=ticket/T108-t108-multi-project-onboarding-and-project-registry
[2026-05-18T17:57:26Z] commit-checkpoint: skipped missing scope paths: package.json, package-lock.json
[2026-05-18T17:57:26Z] commit-checkpoint: refused — nothing to commit in runs/
[2026-05-18T17:57:27Z] push: pushing branch=ticket/T108-t108-multi-project-onboarding-and-project-registry
[2026-05-18T17:57:28Z] push: done branch=ticket/T108-t108-multi-project-onboarding-and-project-registry
[2026-05-18T17:58:02Z] commit-checkpoint: skipped missing scope paths: package.json, package-lock.json
[2026-05-18T17:58:02Z] commit-checkpoint: refused — nothing to commit in runs/
[2026-05-18T17:58:02Z] push: pushing branch=ticket/T108-t108-multi-project-onboarding-and-project-registry
[2026-05-18T17:58:04Z] push: done branch=ticket/T108-t108-multi-project-onboarding-and-project-registry
[2026-05-18T17:58:38Z] commit-checkpoint: skipped missing scope paths: package.json, package-lock.json
[2026-05-18T17:58:38Z] commit-checkpoint: refused — nothing to commit in runs/
[2026-05-18T17:58:38Z] push: pushing branch=ticket/T108-t108-multi-project-onboarding-and-project-registry
[2026-05-18T17:58:40Z] push: done branch=ticket/T108-t108-multi-project-onboarding-and-project-registry
[2026-05-18T17:59:14Z] commit-checkpoint: skipped missing scope paths: package.json, package-lock.json
[2026-05-18T17:59:14Z] commit-checkpoint: refused — nothing to commit in runs/
[2026-05-18T17:59:14Z] push: pushing branch=ticket/T108-t108-multi-project-onboarding-and-project-registry
[2026-05-18T17:59:16Z] push: done branch=ticket/T108-t108-multi-project-onboarding-and-project-registry
[2026-05-18T17:59:50Z] commit-checkpoint: skipped missing scope paths: package.json, package-lock.json
[2026-05-18T17:59:50Z] commit-checkpoint: refused — nothing to commit in runs/
[2026-05-18T17:59:50Z] push: pushing branch=ticket/T108-t108-multi-project-onboarding-and-project-registry
[2026-05-18T17:59:52Z] push: done branch=ticket/T108-t108-multi-project-onboarding-and-project-registry
[2026-05-18T18:00:26Z] commit-checkpoint: skipped missing scope paths: package.json, package-lock.json
[2026-05-18T18:00:26Z] commit-checkpoint: refused — nothing to commit in runs/
[2026-05-18T18:00:26Z] push: pushing branch=ticket/T108-t108-multi-project-onboarding-and-project-registry
[2026-05-18T18:00:28Z] push: done branch=ticket/T108-t108-multi-project-onboarding-and-project-registry
[2026-05-18T18:01:02Z] commit-checkpoint: skipped missing scope paths: package.json, package-lock.json
[2026-05-18T18:01:02Z] commit-checkpoint: refused — nothing to commit in runs/
[2026-05-18T18:01:02Z] push: pushing branch=ticket/T108-t108-multi-project-onboarding-and-project-registry
[2026-05-18T18:01:04Z] push: done branch=ticket/T108-t108-multi-project-onboarding-and-project-registry
[2026-05-18T18:01:38Z] commit-checkpoint: skipped missing scope paths: package.json, package-lock.json
[2026-05-18T18:01:38Z] commit-checkpoint: refused — nothing to commit in runs/
[2026-05-18T18:01:38Z] push: pushing branch=ticket/T108-t108-multi-project-onboarding-and-project-registry
[2026-05-18T18:01:39Z] push: done branch=ticket/T108-t108-multi-project-onboarding-and-project-registry
[2026-05-18T18:02:14Z] commit-checkpoint: skipped missing scope paths: package.json, package-lock.json
[2026-05-18T18:02:14Z] commit-checkpoint: refused — nothing to commit in runs/
[2026-05-18T18:02:14Z] push: pushing branch=ticket/T108-t108-multi-project-onboarding-and-project-registry
[2026-05-18T18:02:15Z] push: done branch=ticket/T108-t108-multi-project-onboarding-and-project-registry
[2026-05-18T18:02:49Z] commit-checkpoint: skipped missing scope paths: package.json, package-lock.json
[2026-05-18T18:02:49Z] commit-checkpoint: refused — nothing to commit in runs/
[2026-05-18T18:02:49Z] push: pushing branch=ticket/T108-t108-multi-project-onboarding-and-project-registry
[2026-05-18T18:02:51Z] push: done branch=ticket/T108-t108-multi-project-onboarding-and-project-registry
[2026-05-18T18:03:25Z] commit-checkpoint: skipped missing scope paths: package.json, package-lock.json
[2026-05-18T18:03:25Z] commit-checkpoint: refused — nothing to commit in runs/
[2026-05-18T18:03:25Z] push: pushing branch=ticket/T108-t108-multi-project-onboarding-and-project-registry
[2026-05-18T18:03:27Z] push: done branch=ticket/T108-t108-multi-project-onboarding-and-project-registry
[2026-05-18T18:04:01Z] commit-checkpoint: skipped missing scope paths: package.json, package-lock.json
[2026-05-18T18:04:01Z] commit-checkpoint: refused — nothing to commit in runs/
[2026-05-18T18:04:01Z] push: pushing branch=ticket/T108-t108-multi-project-onboarding-and-project-registry
[2026-05-18T18:04:03Z] push: done branch=ticket/T108-t108-multi-project-onboarding-and-project-registry
[2026-05-18T18:04:37Z] commit-checkpoint: skipped missing scope paths: package.json, package-lock.json
[2026-05-18T18:04:37Z] commit-checkpoint: refused — nothing to commit in runs/
[2026-05-18T18:04:37Z] push: pushing branch=ticket/T108-t108-multi-project-onboarding-and-project-registry
[2026-05-18T18:04:39Z] push: done branch=ticket/T108-t108-multi-project-onboarding-and-project-registry
[2026-05-18T18:05:13Z] commit-checkpoint: skipped missing scope paths: package.json, package-lock.json
[2026-05-18T18:05:13Z] commit-checkpoint: refused — nothing to commit in runs/
[2026-05-18T18:05:13Z] push: pushing branch=ticket/T108-t108-multi-project-onboarding-and-project-registry
[2026-05-18T18:05:14Z] push: done branch=ticket/T108-t108-multi-project-onboarding-and-project-registry
[2026-05-18T18:05:49Z] commit-checkpoint: skipped missing scope paths: package.json, package-lock.json
[2026-05-18T18:05:49Z] commit-checkpoint: refused — nothing to commit in runs/
[2026-05-18T18:05:49Z] push: pushing branch=ticket/T108-t108-multi-project-onboarding-and-project-registry
[2026-05-18T18:05:50Z] push: done branch=ticket/T108-t108-multi-project-onboarding-and-project-registry
[2026-05-18T18:06:25Z] commit-checkpoint: skipped missing scope paths: package.json, package-lock.json
[2026-05-18T18:06:25Z] commit-checkpoint: refused — nothing to commit in runs/
[2026-05-18T18:06:25Z] push: pushing branch=ticket/T108-t108-multi-project-onboarding-and-project-registry
[2026-05-18T18:06:26Z] push: done branch=ticket/T108-t108-multi-project-onboarding-and-project-registry
[2026-05-18T18:07:01Z] commit-checkpoint: skipped missing scope paths: package.json, package-lock.json
[2026-05-18T18:07:01Z] commit-checkpoint: refused — nothing to commit in runs/
[2026-05-18T18:07:01Z] push: pushing branch=ticket/T108-t108-multi-project-onboarding-and-project-registry
[2026-05-18T18:07:02Z] push: done branch=ticket/T108-t108-multi-project-onboarding-and-project-registry
[2026-05-18T18:07:37Z] commit-checkpoint: skipped missing scope paths: package.json, package-lock.json
[2026-05-18T18:07:37Z] commit-checkpoint: refused — nothing to commit in runs/
[2026-05-18T18:07:37Z] push: pushing branch=ticket/T108-t108-multi-project-onboarding-and-project-registry
[2026-05-18T18:07:38Z] push: done branch=ticket/T108-t108-multi-project-onboarding-and-project-registry
[2026-05-18T18:08:13Z] commit-checkpoint: skipped missing scope paths: package.json, package-lock.json
[2026-05-18T18:08:13Z] commit-checkpoint: refused — nothing to commit in runs/
[2026-05-18T18:08:13Z] push: pushing branch=ticket/T108-t108-multi-project-onboarding-and-project-registry
[2026-05-18T18:08:14Z] push: done branch=ticket/T108-t108-multi-project-onboarding-and-project-registry
[2026-05-18T18:08:49Z] commit-checkpoint: skipped missing scope paths: package.json, package-lock.json
[2026-05-18T18:08:49Z] commit-checkpoint: refused — nothing to commit in runs/
[2026-05-18T18:08:49Z] push: pushing branch=ticket/T108-t108-multi-project-onboarding-and-project-registry
[2026-05-18T18:08:50Z] push: done branch=ticket/T108-t108-multi-project-onboarding-and-project-registry
[2026-05-18T18:09:24Z] commit-checkpoint: skipped missing scope paths: package.json, package-lock.json
[2026-05-18T18:09:24Z] commit-checkpoint: refused — nothing to commit in runs/
[2026-05-18T18:09:25Z] push: pushing branch=ticket/T108-t108-multi-project-onboarding-and-project-registry
[2026-05-18T18:09:26Z] push: done branch=ticket/T108-t108-multi-project-onboarding-and-project-registry
[2026-05-18T18:10:00Z] commit-checkpoint: skipped missing scope paths: package.json, package-lock.json
[2026-05-18T18:10:00Z] commit-checkpoint: refused — nothing to commit in runs/
[2026-05-18T18:10:00Z] push: pushing branch=ticket/T108-t108-multi-project-onboarding-and-project-registry
[2026-05-18T18:10:03Z] push: done branch=ticket/T108-t108-multi-project-onboarding-and-project-registry
[2026-05-18T18:10:37Z] commit-checkpoint: skipped missing scope paths: package.json, package-lock.json
[2026-05-18T18:10:37Z] commit-checkpoint: refused — nothing to commit in runs/
[2026-05-18T18:10:37Z] push: pushing branch=ticket/T108-t108-multi-project-onboarding-and-project-registry
[2026-05-18T18:10:39Z] push: done branch=ticket/T108-t108-multi-project-onboarding-and-project-registry
[2026-05-18T18:11:13Z] commit-checkpoint: skipped missing scope paths: package.json, package-lock.json
[2026-05-18T18:11:13Z] commit-checkpoint: refused — nothing to commit in runs/
[2026-05-18T18:11:13Z] push: pushing branch=ticket/T108-t108-multi-project-onboarding-and-project-registry
[2026-05-18T18:11:14Z] push: done branch=ticket/T108-t108-multi-project-onboarding-and-project-registry
[2026-05-18T18:11:49Z] commit-checkpoint: skipped missing scope paths: package.json, package-lock.json
[2026-05-18T18:11:49Z] commit-checkpoint: refused — nothing to commit in runs/
[2026-05-18T18:11:49Z] push: pushing branch=ticket/T108-t108-multi-project-onboarding-and-project-registry
[2026-05-18T18:11:50Z] push: done branch=ticket/T108-t108-multi-project-onboarding-and-project-registry
[2026-05-18T18:12:24Z] commit-checkpoint: skipped missing scope paths: package.json, package-lock.json
[2026-05-18T18:12:24Z] commit-checkpoint: refused — nothing to commit in runs/
[2026-05-18T18:12:25Z] push: pushing branch=ticket/T108-t108-multi-project-onboarding-and-project-registry
[2026-05-18T18:12:26Z] push: done branch=ticket/T108-t108-multi-project-onboarding-and-project-registry
[2026-05-18T18:13:00Z] commit-checkpoint: skipped missing scope paths: package.json, package-lock.json
[2026-05-18T18:13:00Z] commit-checkpoint: refused — nothing to commit in runs/
[2026-05-18T18:13:01Z] push: pushing branch=ticket/T108-t108-multi-project-onboarding-and-project-registry
[2026-05-18T18:13:02Z] push: done branch=ticket/T108-t108-multi-project-onboarding-and-project-registry
[2026-05-18T18:13:36Z] commit-checkpoint: skipped missing scope paths: package.json, package-lock.json
[2026-05-18T18:13:36Z] commit-checkpoint: refused — nothing to commit in runs/
[2026-05-18T18:13:36Z] push: pushing branch=ticket/T108-t108-multi-project-onboarding-and-project-registry
[2026-05-18T18:13:38Z] push: done branch=ticket/T108-t108-multi-project-onboarding-and-project-registry
[2026-05-18T18:14:12Z] commit-checkpoint: skipped missing scope paths: package.json, package-lock.json
[2026-05-18T18:14:12Z] commit-checkpoint: refused — nothing to commit in runs/
[2026-05-18T18:14:12Z] push: pushing branch=ticket/T108-t108-multi-project-onboarding-and-project-registry
[2026-05-18T18:14:14Z] push: done branch=ticket/T108-t108-multi-project-onboarding-and-project-registry
[2026-05-18T18:14:48Z] commit-checkpoint: skipped missing scope paths: package.json, package-lock.json
[2026-05-18T18:14:48Z] commit-checkpoint: refused — nothing to commit in runs/
[2026-05-18T18:14:48Z] push: pushing branch=ticket/T108-t108-multi-project-onboarding-and-project-registry
[2026-05-18T18:14:50Z] push: done branch=ticket/T108-t108-multi-project-onboarding-and-project-registry
[2026-05-18T18:15:25Z] commit-checkpoint: skipped missing scope paths: package.json, package-lock.json
[2026-05-18T18:15:25Z] commit-checkpoint: refused — nothing to commit in runs/
[2026-05-18T18:15:25Z] push: pushing branch=ticket/T108-t108-multi-project-onboarding-and-project-registry
[2026-05-18T18:15:26Z] push: done branch=ticket/T108-t108-multi-project-onboarding-and-project-registry
[2026-05-18T18:16:01Z] commit-checkpoint: skipped missing scope paths: package.json, package-lock.json
[2026-05-18T18:16:01Z] commit-checkpoint: refused — nothing to commit in runs/
[2026-05-18T18:16:01Z] push: pushing branch=ticket/T108-t108-multi-project-onboarding-and-project-registry
[2026-05-18T18:16:02Z] push: done branch=ticket/T108-t108-multi-project-onboarding-and-project-registry
[2026-05-18T18:16:36Z] commit-checkpoint: skipped missing scope paths: package.json, package-lock.json
[2026-05-18T18:16:36Z] commit-checkpoint: refused — nothing to commit in runs/
[2026-05-18T18:16:37Z] push: pushing branch=ticket/T108-t108-multi-project-onboarding-and-project-registry
[2026-05-18T18:16:38Z] push: done branch=ticket/T108-t108-multi-project-onboarding-and-project-registry
[2026-05-18T18:17:12Z] commit-checkpoint: skipped missing scope paths: package.json, package-lock.json
[2026-05-18T18:17:12Z] commit-checkpoint: refused — nothing to commit in runs/
[2026-05-18T18:17:12Z] push: pushing branch=ticket/T108-t108-multi-project-onboarding-and-project-registry
[2026-05-18T18:17:14Z] push: done branch=ticket/T108-t108-multi-project-onboarding-and-project-registry
[2026-05-18T18:17:48Z] commit-checkpoint: skipped missing scope paths: package.json, package-lock.json
[2026-05-18T18:17:48Z] commit-checkpoint: refused — nothing to commit in runs/
[2026-05-18T18:17:48Z] push: pushing branch=ticket/T108-t108-multi-project-onboarding-and-project-registry
[2026-05-18T18:17:50Z] push: done branch=ticket/T108-t108-multi-project-onboarding-and-project-registry
[2026-05-18T18:18:24Z] commit-checkpoint: skipped missing scope paths: package.json, package-lock.json
[2026-05-18T18:18:24Z] commit-checkpoint: refused — nothing to commit in runs/
[2026-05-18T18:18:25Z] push: pushing branch=ticket/T108-t108-multi-project-onboarding-and-project-registry
[2026-05-18T18:18:26Z] push: done branch=ticket/T108-t108-multi-project-onboarding-and-project-registry
[2026-05-18T18:19:00Z] commit-checkpoint: skipped missing scope paths: package.json, package-lock.json
[2026-05-18T18:19:00Z] commit-checkpoint: refused — nothing to commit in runs/
[2026-05-18T18:19:00Z] push: pushing branch=ticket/T108-t108-multi-project-onboarding-and-project-registry
[2026-05-18T18:19:02Z] push: done branch=ticket/T108-t108-multi-project-onboarding-and-project-registry
[2026-05-18T18:19:36Z] commit-checkpoint: skipped missing scope paths: package.json, package-lock.json
[2026-05-18T18:19:36Z] commit-checkpoint: refused — nothing to commit in runs/
[2026-05-18T18:19:36Z] push: pushing branch=ticket/T108-t108-multi-project-onboarding-and-project-registry
[2026-05-18T18:19:38Z] push: done branch=ticket/T108-t108-multi-project-onboarding-and-project-registry
[2026-05-18T18:20:12Z] commit-checkpoint: skipped missing scope paths: package.json, package-lock.json
[2026-05-18T18:20:12Z] commit-checkpoint: refused — nothing to commit in runs/
[2026-05-18T18:20:12Z] push: pushing branch=ticket/T108-t108-multi-project-onboarding-and-project-registry
[2026-05-18T18:20:14Z] push: done branch=ticket/T108-t108-multi-project-onboarding-and-project-registry
[2026-05-18T18:20:48Z] commit-checkpoint: skipped missing scope paths: package.json, package-lock.json
[2026-05-18T18:20:48Z] commit-checkpoint: refused — nothing to commit in runs/
[2026-05-18T18:20:48Z] push: pushing branch=ticket/T108-t108-multi-project-onboarding-and-project-registry
[2026-05-18T18:20:49Z] push: done branch=ticket/T108-t108-multi-project-onboarding-and-project-registry
[2026-05-18T18:21:24Z] commit-checkpoint: skipped missing scope paths: package.json, package-lock.json
[2026-05-18T18:21:24Z] commit-checkpoint: refused — nothing to commit in runs/
[2026-05-18T18:21:24Z] push: pushing branch=ticket/T108-t108-multi-project-onboarding-and-project-registry
[2026-05-18T18:21:25Z] push: done branch=ticket/T108-t108-multi-project-onboarding-and-project-registry
[2026-05-18T18:22:00Z] commit-checkpoint: skipped missing scope paths: package.json, package-lock.json
[2026-05-18T18:22:00Z] commit-checkpoint: refused — nothing to commit in runs/
[2026-05-18T18:22:00Z] push: pushing branch=ticket/T108-t108-multi-project-onboarding-and-project-registry
[2026-05-18T18:22:01Z] push: done branch=ticket/T108-t108-multi-project-onboarding-and-project-registry
[2026-05-18T18:22:36Z] commit-checkpoint: skipped missing scope paths: package.json, package-lock.json
[2026-05-18T18:22:36Z] commit-checkpoint: refused — nothing to commit in runs/
[2026-05-18T18:22:36Z] push: pushing branch=ticket/T108-t108-multi-project-onboarding-and-project-registry
[2026-05-18T18:22:37Z] push: done branch=ticket/T108-t108-multi-project-onboarding-and-project-registry
[2026-05-18T18:23:12Z] commit-checkpoint: skipped missing scope paths: package.json, package-lock.json
[2026-05-18T18:23:12Z] commit-checkpoint: refused — nothing to commit in runs/
[2026-05-18T18:23:12Z] push: pushing branch=ticket/T108-t108-multi-project-onboarding-and-project-registry
[2026-05-18T18:23:13Z] push: done branch=ticket/T108-t108-multi-project-onboarding-and-project-registry
[2026-05-18T18:23:47Z] commit-checkpoint: skipped missing scope paths: package.json, package-lock.json
[2026-05-18T18:23:47Z] commit-checkpoint: refused — nothing to commit in runs/
[2026-05-18T18:23:48Z] push: pushing branch=ticket/T108-t108-multi-project-onboarding-and-project-registry
[2026-05-18T18:23:49Z] push: done branch=ticket/T108-t108-multi-project-onboarding-and-project-registry
[2026-05-18T18:24:24Z] commit-checkpoint: skipped missing scope paths: package.json, package-lock.json
[2026-05-18T18:24:24Z] commit-checkpoint: refused — nothing to commit in runs/
[2026-05-18T18:24:24Z] push: pushing branch=ticket/T108-t108-multi-project-onboarding-and-project-registry
[2026-05-18T18:24:25Z] push: done branch=ticket/T108-t108-multi-project-onboarding-and-project-registry
[2026-05-18T18:25:00Z] commit-checkpoint: skipped missing scope paths: package.json, package-lock.json
[2026-05-18T18:25:00Z] commit-checkpoint: refused — nothing to commit in runs/
[2026-05-18T18:25:00Z] push: pushing branch=ticket/T108-t108-multi-project-onboarding-and-project-registry
[2026-05-18T18:25:01Z] push: done branch=ticket/T108-t108-multi-project-onboarding-and-project-registry
[2026-05-18T18:25:36Z] commit-checkpoint: skipped missing scope paths: package.json, package-lock.json
[2026-05-18T18:25:36Z] commit-checkpoint: refused — nothing to commit in runs/
[2026-05-18T18:25:36Z] push: pushing branch=ticket/T108-t108-multi-project-onboarding-and-project-registry
[2026-05-18T18:25:37Z] push: done branch=ticket/T108-t108-multi-project-onboarding-and-project-registry
[2026-05-18T18:26:12Z] commit-checkpoint: skipped missing scope paths: package.json, package-lock.json
[2026-05-18T18:26:12Z] commit-checkpoint: refused — nothing to commit in runs/
[2026-05-18T18:26:12Z] push: pushing branch=ticket/T108-t108-multi-project-onboarding-and-project-registry
[2026-05-18T18:26:13Z] push: done branch=ticket/T108-t108-multi-project-onboarding-and-project-registry
[2026-05-18T18:26:47Z] commit-checkpoint: skipped missing scope paths: package.json, package-lock.json
[2026-05-18T18:26:47Z] commit-checkpoint: refused — nothing to commit in runs/
[2026-05-18T18:26:48Z] push: pushing branch=ticket/T108-t108-multi-project-onboarding-and-project-registry
[2026-05-18T18:26:49Z] push: done branch=ticket/T108-t108-multi-project-onboarding-and-project-registry
[2026-05-18T18:27:23Z] commit-checkpoint: skipped missing scope paths: package.json, package-lock.json
[2026-05-18T18:27:23Z] commit-checkpoint: refused — nothing to commit in runs/
[2026-05-18T18:27:23Z] push: pushing branch=ticket/T108-t108-multi-project-onboarding-and-project-registry
[2026-05-18T18:27:25Z] push: done branch=ticket/T108-t108-multi-project-onboarding-and-project-registry
[2026-05-18T18:27:59Z] commit-checkpoint: skipped missing scope paths: package.json, package-lock.json
[2026-05-18T18:27:59Z] commit-checkpoint: refused — nothing to commit in runs/
[2026-05-18T18:27:59Z] push: pushing branch=ticket/T108-t108-multi-project-onboarding-and-project-registry
[2026-05-18T18:28:01Z] push: done branch=ticket/T108-t108-multi-project-onboarding-and-project-registry
[2026-05-18T18:28:35Z] commit-checkpoint: skipped missing scope paths: package.json, package-lock.json
[2026-05-18T18:28:35Z] commit-checkpoint: refused — nothing to commit in runs/
[2026-05-18T18:28:35Z] push: pushing branch=ticket/T108-t108-multi-project-onboarding-and-project-registry
[2026-05-18T18:28:37Z] push: done branch=ticket/T108-t108-multi-project-onboarding-and-project-registry
[2026-05-18T18:29:11Z] commit-checkpoint: skipped missing scope paths: package.json, package-lock.json
[2026-05-18T18:29:11Z] commit-checkpoint: refused — nothing to commit in runs/
[2026-05-18T18:29:11Z] push: pushing branch=ticket/T108-t108-multi-project-onboarding-and-project-registry
[2026-05-18T18:29:12Z] push: done branch=ticket/T108-t108-multi-project-onboarding-and-project-registry
[2026-05-18T18:29:47Z] commit-checkpoint: skipped missing scope paths: package.json, package-lock.json
[2026-05-18T18:29:47Z] commit-checkpoint: refused — nothing to commit in runs/
[2026-05-18T18:29:47Z] push: pushing branch=ticket/T108-t108-multi-project-onboarding-and-project-registry
[2026-05-18T18:29:48Z] push: done branch=ticket/T108-t108-multi-project-onboarding-and-project-registry
[2026-05-18T18:30:22Z] commit-checkpoint: skipped missing scope paths: package.json, package-lock.json
[2026-05-18T18:30:22Z] commit-checkpoint: refused — nothing to commit in runs/
[2026-05-18T18:30:23Z] push: pushing branch=ticket/T108-t108-multi-project-onboarding-and-project-registry
[2026-05-18T18:30:24Z] push: done branch=ticket/T108-t108-multi-project-onboarding-and-project-registry
[2026-05-18T18:30:58Z] commit-checkpoint: skipped missing scope paths: package.json, package-lock.json
[2026-05-18T18:30:58Z] commit-checkpoint: refused — nothing to commit in runs/
[2026-05-18T18:30:58Z] push: pushing branch=ticket/T108-t108-multi-project-onboarding-and-project-registry
[2026-05-18T18:31:00Z] push: done branch=ticket/T108-t108-multi-project-onboarding-and-project-registry
[2026-05-18T18:31:34Z] commit-checkpoint: skipped missing scope paths: package.json, package-lock.json
[2026-05-18T18:31:34Z] commit-checkpoint: refused — nothing to commit in runs/
[2026-05-18T18:31:34Z] push: pushing branch=ticket/T108-t108-multi-project-onboarding-and-project-registry
[2026-05-18T18:31:36Z] push: done branch=ticket/T108-t108-multi-project-onboarding-and-project-registry
[2026-05-18T18:32:10Z] commit-checkpoint: skipped missing scope paths: package.json, package-lock.json
[2026-05-18T18:32:10Z] commit-checkpoint: refused — nothing to commit in runs/
[2026-05-18T18:32:10Z] push: pushing branch=ticket/T108-t108-multi-project-onboarding-and-project-registry
[2026-05-18T18:32:12Z] push: done branch=ticket/T108-t108-multi-project-onboarding-and-project-registry
[2026-05-18T18:32:46Z] commit-checkpoint: skipped missing scope paths: package.json, package-lock.json
[2026-05-18T18:32:46Z] commit-checkpoint: refused — nothing to commit in runs/
[2026-05-18T18:32:46Z] push: pushing branch=ticket/T108-t108-multi-project-onboarding-and-project-registry
[2026-05-18T18:32:48Z] push: done branch=ticket/T108-t108-multi-project-onboarding-and-project-registry
[2026-05-18T18:33:22Z] commit-checkpoint: skipped missing scope paths: package.json, package-lock.json
[2026-05-18T18:33:22Z] commit-checkpoint: refused — nothing to commit in runs/
[2026-05-18T18:33:22Z] push: pushing branch=ticket/T108-t108-multi-project-onboarding-and-project-registry
[2026-05-18T18:33:24Z] push: done branch=ticket/T108-t108-multi-project-onboarding-and-project-registry
[2026-05-18T18:33:58Z] commit-checkpoint: skipped missing scope paths: package.json, package-lock.json
[2026-05-18T18:33:58Z] commit-checkpoint: refused — nothing to commit in runs/
[2026-05-18T18:33:58Z] push: pushing branch=ticket/T108-t108-multi-project-onboarding-and-project-registry
[2026-05-18T18:34:00Z] push: done branch=ticket/T108-t108-multi-project-onboarding-and-project-registry
[2026-05-18T18:34:34Z] commit-checkpoint: skipped missing scope paths: package.json, package-lock.json
[2026-05-18T18:34:34Z] commit-checkpoint: refused — nothing to commit in runs/
[2026-05-18T18:34:34Z] push: pushing branch=ticket/T108-t108-multi-project-onboarding-and-project-registry
[2026-05-18T18:34:35Z] push: done branch=ticket/T108-t108-multi-project-onboarding-and-project-registry
[2026-05-18T18:35:10Z] commit-checkpoint: skipped missing scope paths: package.json, package-lock.json
[2026-05-18T18:35:10Z] commit-checkpoint: refused — nothing to commit in runs/
[2026-05-18T18:35:10Z] push: pushing branch=ticket/T108-t108-multi-project-onboarding-and-project-registry
[2026-05-18T18:35:11Z] push: done branch=ticket/T108-t108-multi-project-onboarding-and-project-registry
[2026-05-18T18:35:46Z] commit-checkpoint: skipped missing scope paths: package.json, package-lock.json
[2026-05-18T18:35:46Z] commit-checkpoint: refused — nothing to commit in runs/
[2026-05-18T18:35:46Z] push: pushing branch=ticket/T108-t108-multi-project-onboarding-and-project-registry
[2026-05-18T18:35:47Z] push: done branch=ticket/T108-t108-multi-project-onboarding-and-project-registry
[2026-05-18T18:36:22Z] commit-checkpoint: skipped missing scope paths: package.json, package-lock.json
[2026-05-18T18:36:22Z] commit-checkpoint: refused — nothing to commit in runs/
[2026-05-18T18:36:22Z] push: pushing branch=ticket/T108-t108-multi-project-onboarding-and-project-registry
[2026-05-18T18:36:23Z] push: done branch=ticket/T108-t108-multi-project-onboarding-and-project-registry
[2026-05-18T18:36:58Z] commit-checkpoint: skipped missing scope paths: package.json, package-lock.json
[2026-05-18T18:36:58Z] commit-checkpoint: refused — nothing to commit in runs/
[2026-05-18T18:36:58Z] push: pushing branch=ticket/T108-t108-multi-project-onboarding-and-project-registry
[2026-05-18T18:36:59Z] push: done branch=ticket/T108-t108-multi-project-onboarding-and-project-registry
[2026-05-18T18:37:34Z] commit-checkpoint: skipped missing scope paths: package.json, package-lock.json
[2026-05-18T18:37:34Z] commit-checkpoint: refused — nothing to commit in runs/
[2026-05-18T18:37:34Z] push: pushing branch=ticket/T108-t108-multi-project-onboarding-and-project-registry
[2026-05-18T18:37:35Z] push: done branch=ticket/T108-t108-multi-project-onboarding-and-project-registry
[2026-05-18T18:38:10Z] commit-checkpoint: skipped missing scope paths: package.json, package-lock.json
[2026-05-18T18:38:10Z] commit-checkpoint: refused — nothing to commit in runs/
[2026-05-18T18:38:10Z] push: pushing branch=ticket/T108-t108-multi-project-onboarding-and-project-registry
[2026-05-18T18:38:11Z] push: done branch=ticket/T108-t108-multi-project-onboarding-and-project-registry
[2026-05-18T18:38:45Z] commit-checkpoint: skipped missing scope paths: package.json, package-lock.json
[2026-05-18T18:38:45Z] commit-checkpoint: refused — nothing to commit in runs/
[2026-05-18T18:38:45Z] push: pushing branch=ticket/T108-t108-multi-project-onboarding-and-project-registry
[2026-05-18T18:38:47Z] push: done branch=ticket/T108-t108-multi-project-onboarding-and-project-registry
[2026-05-18T18:39:21Z] commit-checkpoint: skipped missing scope paths: package.json, package-lock.json
[2026-05-18T18:39:21Z] commit-checkpoint: refused — nothing to commit in runs/
[2026-05-18T18:39:21Z] push: pushing branch=ticket/T108-t108-multi-project-onboarding-and-project-registry
[2026-05-18T18:39:23Z] push: done branch=ticket/T108-t108-multi-project-onboarding-and-project-registry
[2026-05-18T18:39:58Z] commit-checkpoint: skipped missing scope paths: package.json, package-lock.json
[2026-05-18T18:39:58Z] commit-checkpoint: refused — nothing to commit in runs/
[2026-05-18T18:39:58Z] push: pushing branch=ticket/T108-t108-multi-project-onboarding-and-project-registry
[2026-05-18T18:39:59Z] push: done branch=ticket/T108-t108-multi-project-onboarding-and-project-registry
[2026-05-18T18:40:33Z] commit-checkpoint: skipped missing scope paths: package.json, package-lock.json
[2026-05-18T18:40:33Z] commit-checkpoint: refused — nothing to commit in runs/
[2026-05-18T18:40:34Z] push: pushing branch=ticket/T108-t108-multi-project-onboarding-and-project-registry
[2026-05-18T18:40:35Z] push: done branch=ticket/T108-t108-multi-project-onboarding-and-project-registry
[2026-05-18T18:41:09Z] commit-checkpoint: skipped missing scope paths: package.json, package-lock.json
[2026-05-18T18:41:09Z] commit-checkpoint: refused — nothing to commit in runs/
[2026-05-18T18:41:10Z] push: pushing branch=ticket/T108-t108-multi-project-onboarding-and-project-registry
[2026-05-18T18:41:11Z] push: done branch=ticket/T108-t108-multi-project-onboarding-and-project-registry
[2026-05-18T18:41:45Z] commit-checkpoint: skipped missing scope paths: package.json, package-lock.json
[2026-05-18T18:41:45Z] commit-checkpoint: refused — nothing to commit in runs/
[2026-05-18T18:41:45Z] push: pushing branch=ticket/T108-t108-multi-project-onboarding-and-project-registry
[2026-05-18T18:41:47Z] push: done branch=ticket/T108-t108-multi-project-onboarding-and-project-registry
[2026-05-18T18:42:21Z] commit-checkpoint: skipped missing scope paths: package.json, package-lock.json
[2026-05-18T18:42:21Z] commit-checkpoint: refused — nothing to commit in runs/
[2026-05-18T18:42:21Z] push: pushing branch=ticket/T108-t108-multi-project-onboarding-and-project-registry
[2026-05-18T18:42:23Z] push: done branch=ticket/T108-t108-multi-project-onboarding-and-project-registry
[2026-05-18T18:42:57Z] commit-checkpoint: skipped missing scope paths: package.json, package-lock.json
[2026-05-18T18:42:57Z] commit-checkpoint: refused — nothing to commit in runs/
[2026-05-18T18:42:57Z] push: pushing branch=ticket/T108-t108-multi-project-onboarding-and-project-registry
[2026-05-18T18:42:58Z] push: done branch=ticket/T108-t108-multi-project-onboarding-and-project-registry
[2026-05-18T18:43:32Z] commit-checkpoint: skipped missing scope paths: package.json, package-lock.json
[2026-05-18T18:43:33Z] commit-checkpoint: refused — nothing to commit in runs/
[2026-05-18T18:43:33Z] push: pushing branch=ticket/T108-t108-multi-project-onboarding-and-project-registry
[2026-05-18T18:43:34Z] push: done branch=ticket/T108-t108-multi-project-onboarding-and-project-registry
[2026-05-18T18:44:09Z] commit-checkpoint: skipped missing scope paths: package.json, package-lock.json
[2026-05-18T18:44:09Z] commit-checkpoint: refused — nothing to commit in runs/
[2026-05-18T18:44:09Z] push: pushing branch=ticket/T108-t108-multi-project-onboarding-and-project-registry
[2026-05-18T18:44:10Z] push: done branch=ticket/T108-t108-multi-project-onboarding-and-project-registry
[2026-05-18T18:44:44Z] commit-checkpoint: skipped missing scope paths: package.json, package-lock.json
[2026-05-18T18:44:44Z] commit-checkpoint: refused — nothing to commit in runs/
[2026-05-18T18:44:44Z] push: pushing branch=ticket/T108-t108-multi-project-onboarding-and-project-registry
[2026-05-18T18:44:46Z] push: done branch=ticket/T108-t108-multi-project-onboarding-and-project-registry
[2026-05-18T18:45:20Z] commit-checkpoint: skipped missing scope paths: package.json, package-lock.json
[2026-05-18T18:45:20Z] commit-checkpoint: refused — nothing to commit in runs/
[2026-05-18T18:45:20Z] push: pushing branch=ticket/T108-t108-multi-project-onboarding-and-project-registry
[2026-05-18T18:45:22Z] push: done branch=ticket/T108-t108-multi-project-onboarding-and-project-registry
[2026-05-18T18:45:56Z] commit-checkpoint: skipped missing scope paths: package.json, package-lock.json
[2026-05-18T18:45:56Z] commit-checkpoint: refused — nothing to commit in runs/
[2026-05-18T18:45:56Z] push: pushing branch=ticket/T108-t108-multi-project-onboarding-and-project-registry
[2026-05-18T18:45:58Z] push: done branch=ticket/T108-t108-multi-project-onboarding-and-project-registry
[2026-05-18T18:46:32Z] commit-checkpoint: skipped missing scope paths: package.json, package-lock.json
[2026-05-18T18:46:32Z] commit-checkpoint: refused — nothing to commit in runs/
[2026-05-18T18:46:32Z] push: pushing branch=ticket/T108-t108-multi-project-onboarding-and-project-registry
[2026-05-18T18:46:34Z] push: done branch=ticket/T108-t108-multi-project-onboarding-and-project-registry
[2026-05-18T18:47:08Z] commit-checkpoint: skipped missing scope paths: package.json, package-lock.json
[2026-05-18T18:47:08Z] commit-checkpoint: refused — nothing to commit in runs/
[2026-05-18T18:47:08Z] push: pushing branch=ticket/T108-t108-multi-project-onboarding-and-project-registry
[2026-05-18T18:47:10Z] push: done branch=ticket/T108-t108-multi-project-onboarding-and-project-registry
[2026-05-18T18:47:44Z] commit-checkpoint: skipped missing scope paths: package.json, package-lock.json
[2026-05-18T18:47:44Z] commit-checkpoint: refused — nothing to commit in runs/
[2026-05-18T18:47:44Z] push: pushing branch=ticket/T108-t108-multi-project-onboarding-and-project-registry
[2026-05-18T18:47:45Z] push: done branch=ticket/T108-t108-multi-project-onboarding-and-project-registry
[2026-05-18T18:48:20Z] commit-checkpoint: skipped missing scope paths: package.json, package-lock.json
[2026-05-18T18:48:20Z] commit-checkpoint: refused — nothing to commit in runs/
[2026-05-18T18:48:20Z] push: pushing branch=ticket/T108-t108-multi-project-onboarding-and-project-registry
[2026-05-18T18:48:21Z] push: done branch=ticket/T108-t108-multi-project-onboarding-and-project-registry
[2026-05-18T18:48:55Z] commit-checkpoint: skipped missing scope paths: package.json, package-lock.json
[2026-05-18T18:48:55Z] commit-checkpoint: refused — nothing to commit in runs/
[2026-05-18T18:48:56Z] push: pushing branch=ticket/T108-t108-multi-project-onboarding-and-project-registry
[2026-05-18T18:48:57Z] push: done branch=ticket/T108-t108-multi-project-onboarding-and-project-registry
[2026-05-18T18:49:32Z] commit-checkpoint: skipped missing scope paths: package.json, package-lock.json
[2026-05-18T18:49:32Z] commit-checkpoint: refused — nothing to commit in runs/
[2026-05-18T18:49:32Z] push: pushing branch=ticket/T108-t108-multi-project-onboarding-and-project-registry
[2026-05-18T18:49:33Z] push: done branch=ticket/T108-t108-multi-project-onboarding-and-project-registry
[2026-05-18T18:50:08Z] commit-checkpoint: skipped missing scope paths: package.json, package-lock.json
[2026-05-18T18:50:08Z] commit-checkpoint: refused — nothing to commit in runs/
[2026-05-18T18:50:08Z] push: pushing branch=ticket/T108-t108-multi-project-onboarding-and-project-registry
[2026-05-18T18:50:10Z] push: done branch=ticket/T108-t108-multi-project-onboarding-and-project-registry
[2026-05-18T18:50:44Z] commit-checkpoint: skipped missing scope paths: package.json, package-lock.json
[2026-05-18T18:50:44Z] commit-checkpoint: refused — nothing to commit in runs/
[2026-05-18T18:50:44Z] push: pushing branch=ticket/T108-t108-multi-project-onboarding-and-project-registry
[2026-05-18T18:50:45Z] push: done branch=ticket/T108-t108-multi-project-onboarding-and-project-registry
[2026-05-18T18:51:19Z] commit-checkpoint: skipped missing scope paths: package.json, package-lock.json
[2026-05-18T18:51:19Z] commit-checkpoint: refused — nothing to commit in runs/
[2026-05-18T18:51:19Z] push: pushing branch=ticket/T108-t108-multi-project-onboarding-and-project-registry
[2026-05-18T18:51:21Z] push: done branch=ticket/T108-t108-multi-project-onboarding-and-project-registry
[2026-05-18T18:51:55Z] commit-checkpoint: skipped missing scope paths: package.json, package-lock.json
[2026-05-18T18:51:55Z] commit-checkpoint: refused — nothing to commit in runs/
[2026-05-18T18:51:55Z] push: pushing branch=ticket/T108-t108-multi-project-onboarding-and-project-registry
[2026-05-18T18:51:57Z] push: done branch=ticket/T108-t108-multi-project-onboarding-and-project-registry
[2026-05-18T18:52:31Z] commit-checkpoint: skipped missing scope paths: package.json, package-lock.json
[2026-05-18T18:52:31Z] commit-checkpoint: refused — nothing to commit in runs/
[2026-05-18T18:52:31Z] push: pushing branch=ticket/T108-t108-multi-project-onboarding-and-project-registry
[2026-05-18T18:52:33Z] push: done branch=ticket/T108-t108-multi-project-onboarding-and-project-registry
[2026-05-18T18:53:08Z] commit-checkpoint: skipped missing scope paths: package.json, package-lock.json
[2026-05-18T18:53:08Z] commit-checkpoint: refused — nothing to commit in runs/
[2026-05-18T18:53:08Z] push: pushing branch=ticket/T108-t108-multi-project-onboarding-and-project-registry
[2026-05-18T18:53:09Z] push: done branch=ticket/T108-t108-multi-project-onboarding-and-project-registry
[2026-05-18T18:53:44Z] commit-checkpoint: skipped missing scope paths: package.json, package-lock.json
[2026-05-18T18:53:44Z] commit-checkpoint: refused — nothing to commit in runs/
[2026-05-18T18:53:44Z] push: pushing branch=ticket/T108-t108-multi-project-onboarding-and-project-registry
[2026-05-18T18:53:45Z] push: done branch=ticket/T108-t108-multi-project-onboarding-and-project-registry
[2026-05-18T18:54:19Z] commit-checkpoint: skipped missing scope paths: package.json, package-lock.json
[2026-05-18T18:54:19Z] commit-checkpoint: refused — nothing to commit in runs/
[2026-05-18T18:54:19Z] push: pushing branch=ticket/T108-t108-multi-project-onboarding-and-project-registry
[2026-05-18T18:54:21Z] push: done branch=ticket/T108-t108-multi-project-onboarding-and-project-registry
[2026-05-18T18:54:55Z] commit-checkpoint: skipped missing scope paths: package.json, package-lock.json
[2026-05-18T18:54:55Z] commit-checkpoint: refused — nothing to commit in runs/
[2026-05-18T18:54:55Z] push: pushing branch=ticket/T108-t108-multi-project-onboarding-and-project-registry
[2026-05-18T18:54:57Z] push: done branch=ticket/T108-t108-multi-project-onboarding-and-project-registry
[2026-05-18T18:55:31Z] commit-checkpoint: skipped missing scope paths: package.json, package-lock.json
[2026-05-18T18:55:31Z] commit-checkpoint: refused — nothing to commit in runs/
[2026-05-18T18:55:31Z] push: pushing branch=ticket/T108-t108-multi-project-onboarding-and-project-registry
[2026-05-18T18:55:33Z] push: done branch=ticket/T108-t108-multi-project-onboarding-and-project-registry
[2026-05-18T18:56:07Z] commit-checkpoint: skipped missing scope paths: package.json, package-lock.json
[2026-05-18T18:56:07Z] commit-checkpoint: refused — nothing to commit in runs/
[2026-05-18T18:56:07Z] push: pushing branch=ticket/T108-t108-multi-project-onboarding-and-project-registry
[2026-05-18T18:56:09Z] push: done branch=ticket/T108-t108-multi-project-onboarding-and-project-registry
[2026-05-18T18:56:43Z] commit-checkpoint: skipped missing scope paths: package.json, package-lock.json
[2026-05-18T18:56:43Z] commit-checkpoint: refused — nothing to commit in runs/
[2026-05-18T18:56:43Z] push: pushing branch=ticket/T108-t108-multi-project-onboarding-and-project-registry
[2026-05-18T18:56:45Z] push: done branch=ticket/T108-t108-multi-project-onboarding-and-project-registry
[2026-05-18T18:57:19Z] commit-checkpoint: skipped missing scope paths: package.json, package-lock.json
[2026-05-18T18:57:19Z] commit-checkpoint: refused — nothing to commit in runs/
[2026-05-18T18:57:19Z] push: pushing branch=ticket/T108-t108-multi-project-onboarding-and-project-registry
[2026-05-18T18:57:21Z] push: done branch=ticket/T108-t108-multi-project-onboarding-and-project-registry
[2026-05-18T18:57:55Z] commit-checkpoint: skipped missing scope paths: package.json, package-lock.json
[2026-05-18T18:57:55Z] commit-checkpoint: refused — nothing to commit in runs/
[2026-05-18T18:57:55Z] push: pushing branch=ticket/T108-t108-multi-project-onboarding-and-project-registry
[2026-05-18T18:57:56Z] push: done branch=ticket/T108-t108-multi-project-onboarding-and-project-registry
[2026-05-18T18:58:31Z] commit-checkpoint: skipped missing scope paths: package.json, package-lock.json
[2026-05-18T18:58:31Z] commit-checkpoint: refused — nothing to commit in runs/
[2026-05-18T18:58:31Z] push: pushing branch=ticket/T108-t108-multi-project-onboarding-and-project-registry
[2026-05-18T18:58:32Z] push: done branch=ticket/T108-t108-multi-project-onboarding-and-project-registry
[2026-05-18T18:59:07Z] commit-checkpoint: skipped missing scope paths: package.json, package-lock.json
[2026-05-18T18:59:07Z] commit-checkpoint: refused — nothing to commit in runs/
[2026-05-18T18:59:07Z] push: pushing branch=ticket/T108-t108-multi-project-onboarding-and-project-registry
[2026-05-18T18:59:08Z] push: done branch=ticket/T108-t108-multi-project-onboarding-and-project-registry
[2026-05-18T18:59:43Z] commit-checkpoint: skipped missing scope paths: package.json, package-lock.json
[2026-05-18T18:59:43Z] commit-checkpoint: refused — nothing to commit in runs/
[2026-05-18T18:59:43Z] push: pushing branch=ticket/T108-t108-multi-project-onboarding-and-project-registry
[2026-05-18T18:59:44Z] push: done branch=ticket/T108-t108-multi-project-onboarding-and-project-registry
[2026-05-18T19:00:19Z] commit-checkpoint: skipped missing scope paths: package.json, package-lock.json
[2026-05-18T19:00:19Z] commit-checkpoint: refused — nothing to commit in runs/
[2026-05-18T19:00:19Z] push: pushing branch=ticket/T108-t108-multi-project-onboarding-and-project-registry
[2026-05-18T19:00:20Z] push: done branch=ticket/T108-t108-multi-project-onboarding-and-project-registry
[2026-05-18T19:00:55Z] commit-checkpoint: skipped missing scope paths: package.json, package-lock.json
[2026-05-18T19:00:55Z] commit-checkpoint: refused — nothing to commit in runs/
[2026-05-18T19:00:55Z] push: pushing branch=ticket/T108-t108-multi-project-onboarding-and-project-registry
[2026-05-18T19:00:57Z] push: done branch=ticket/T108-t108-multi-project-onboarding-and-project-registry
[2026-05-18T19:01:31Z] commit-checkpoint: skipped missing scope paths: package.json, package-lock.json
[2026-05-18T19:01:31Z] commit-checkpoint: refused — nothing to commit in runs/
[2026-05-18T19:01:31Z] push: pushing branch=ticket/T108-t108-multi-project-onboarding-and-project-registry
[2026-05-18T19:01:32Z] push: done branch=ticket/T108-t108-multi-project-onboarding-and-project-registry
[2026-05-18T19:02:06Z] commit-checkpoint: skipped missing scope paths: package.json, package-lock.json
[2026-05-18T19:02:06Z] commit-checkpoint: refused — nothing to commit in runs/
[2026-05-18T19:02:07Z] push: pushing branch=ticket/T108-t108-multi-project-onboarding-and-project-registry
[2026-05-18T19:02:08Z] push: done branch=ticket/T108-t108-multi-project-onboarding-and-project-registry
[2026-05-18T19:02:42Z] commit-checkpoint: skipped missing scope paths: package.json, package-lock.json
[2026-05-18T19:02:42Z] commit-checkpoint: refused — nothing to commit in runs/
[2026-05-18T19:02:42Z] push: pushing branch=ticket/T108-t108-multi-project-onboarding-and-project-registry
[2026-05-18T19:02:44Z] push: done branch=ticket/T108-t108-multi-project-onboarding-and-project-registry
[2026-05-18T19:03:18Z] commit-checkpoint: skipped missing scope paths: package.json, package-lock.json
[2026-05-18T19:03:18Z] commit-checkpoint: refused — nothing to commit in runs/
[2026-05-18T19:03:18Z] push: pushing branch=ticket/T108-t108-multi-project-onboarding-and-project-registry
[2026-05-18T19:03:20Z] push: done branch=ticket/T108-t108-multi-project-onboarding-and-project-registry
[2026-05-18T19:03:54Z] commit-checkpoint: skipped missing scope paths: package.json, package-lock.json
[2026-05-18T19:03:54Z] commit-checkpoint: refused — nothing to commit in runs/
[2026-05-18T19:03:54Z] push: pushing branch=ticket/T108-t108-multi-project-onboarding-and-project-registry
[2026-05-18T19:03:56Z] push: done branch=ticket/T108-t108-multi-project-onboarding-and-project-registry
[2026-05-18T19:04:30Z] commit-checkpoint: skipped missing scope paths: package.json, package-lock.json
[2026-05-18T19:04:30Z] commit-checkpoint: refused — nothing to commit in runs/
[2026-05-18T19:04:30Z] push: pushing branch=ticket/T108-t108-multi-project-onboarding-and-project-registry
[2026-05-18T19:04:32Z] push: done branch=ticket/T108-t108-multi-project-onboarding-and-project-registry
[2026-05-18T19:05:07Z] commit-checkpoint: skipped missing scope paths: package.json, package-lock.json
[2026-05-18T19:05:07Z] commit-checkpoint: refused — nothing to commit in runs/
[2026-05-18T19:05:07Z] push: pushing branch=ticket/T108-t108-multi-project-onboarding-and-project-registry
[2026-05-18T19:05:08Z] push: done branch=ticket/T108-t108-multi-project-onboarding-and-project-registry
[2026-05-18T19:05:43Z] commit-checkpoint: skipped missing scope paths: package.json, package-lock.json
[2026-05-18T19:05:43Z] commit-checkpoint: refused — nothing to commit in runs/
[2026-05-18T19:05:43Z] push: pushing branch=ticket/T108-t108-multi-project-onboarding-and-project-registry
[2026-05-18T19:05:44Z] push: done branch=ticket/T108-t108-multi-project-onboarding-and-project-registry
[2026-05-18T19:06:19Z] commit-checkpoint: skipped missing scope paths: package.json, package-lock.json
[2026-05-18T19:06:19Z] commit-checkpoint: refused — nothing to commit in runs/
[2026-05-18T19:06:19Z] push: pushing branch=ticket/T108-t108-multi-project-onboarding-and-project-registry
[2026-05-18T19:06:20Z] push: done branch=ticket/T108-t108-multi-project-onboarding-and-project-registry
[2026-05-18T19:06:55Z] commit-checkpoint: skipped missing scope paths: package.json, package-lock.json
[2026-05-18T19:06:55Z] commit-checkpoint: refused — nothing to commit in runs/
[2026-05-18T19:06:55Z] push: pushing branch=ticket/T108-t108-multi-project-onboarding-and-project-registry
[2026-05-18T19:06:56Z] push: done branch=ticket/T108-t108-multi-project-onboarding-and-project-registry
[2026-05-18T19:07:31Z] commit-checkpoint: skipped missing scope paths: package.json, package-lock.json
[2026-05-18T19:07:31Z] commit-checkpoint: refused — nothing to commit in runs/
[2026-05-18T19:07:31Z] push: pushing branch=ticket/T108-t108-multi-project-onboarding-and-project-registry
[2026-05-18T19:07:32Z] push: done branch=ticket/T108-t108-multi-project-onboarding-and-project-registry
[2026-05-18T19:08:07Z] commit-checkpoint: skipped missing scope paths: package.json, package-lock.json
[2026-05-18T19:08:07Z] commit-checkpoint: refused — nothing to commit in runs/
[2026-05-18T19:08:07Z] push: pushing branch=ticket/T108-t108-multi-project-onboarding-and-project-registry
[2026-05-18T19:08:08Z] push: done branch=ticket/T108-t108-multi-project-onboarding-and-project-registry
[2026-05-18T19:08:43Z] commit-checkpoint: skipped missing scope paths: package.json, package-lock.json
[2026-05-18T19:08:43Z] commit-checkpoint: refused — nothing to commit in runs/
[2026-05-18T19:08:43Z] push: pushing branch=ticket/T108-t108-multi-project-onboarding-and-project-registry
[2026-05-18T19:08:44Z] push: done branch=ticket/T108-t108-multi-project-onboarding-and-project-registry
[2026-05-18T19:09:18Z] commit-checkpoint: skipped missing scope paths: package.json, package-lock.json
[2026-05-18T19:09:18Z] commit-checkpoint: refused — nothing to commit in runs/
[2026-05-18T19:09:18Z] push: pushing branch=ticket/T108-t108-multi-project-onboarding-and-project-registry
[2026-05-18T19:09:20Z] push: done branch=ticket/T108-t108-multi-project-onboarding-and-project-registry
[2026-05-18T19:09:55Z] commit-checkpoint: skipped missing scope paths: package.json, package-lock.json
[2026-05-18T19:09:55Z] commit-checkpoint: refused — nothing to commit in runs/
[2026-05-18T19:09:55Z] push: pushing branch=ticket/T108-t108-multi-project-onboarding-and-project-registry
[2026-05-18T19:09:56Z] push: done branch=ticket/T108-t108-multi-project-onboarding-and-project-registry
[2026-05-18T19:10:30Z] commit-checkpoint: skipped missing scope paths: package.json, package-lock.json
[2026-05-18T19:10:30Z] commit-checkpoint: refused — nothing to commit in runs/
[2026-05-18T19:10:31Z] push: pushing branch=ticket/T108-t108-multi-project-onboarding-and-project-registry
[2026-05-18T19:10:32Z] push: done branch=ticket/T108-t108-multi-project-onboarding-and-project-registry
[2026-05-18T19:11:06Z] commit-checkpoint: skipped missing scope paths: package.json, package-lock.json
[2026-05-18T19:11:06Z] commit-checkpoint: refused — nothing to commit in runs/
[2026-05-18T19:11:06Z] push: pushing branch=ticket/T108-t108-multi-project-onboarding-and-project-registry
[2026-05-18T19:11:08Z] push: done branch=ticket/T108-t108-multi-project-onboarding-and-project-registry
[2026-05-18T19:11:43Z] commit-checkpoint: skipped missing scope paths: package.json, package-lock.json
[2026-05-18T19:11:43Z] commit-checkpoint: refused — nothing to commit in runs/
[2026-05-18T19:11:43Z] push: pushing branch=ticket/T108-t108-multi-project-onboarding-and-project-registry
[2026-05-18T19:11:44Z] push: done branch=ticket/T108-t108-multi-project-onboarding-and-project-registry
[2026-05-18T19:12:19Z] commit-checkpoint: skipped missing scope paths: package.json, package-lock.json
[2026-05-18T19:12:19Z] commit-checkpoint: refused — nothing to commit in runs/
[2026-05-18T19:12:19Z] push: pushing branch=ticket/T108-t108-multi-project-onboarding-and-project-registry
[2026-05-18T19:12:20Z] push: done branch=ticket/T108-t108-multi-project-onboarding-and-project-registry
[2026-05-18T19:12:55Z] commit-checkpoint: skipped missing scope paths: package.json, package-lock.json
[2026-05-18T19:12:55Z] commit-checkpoint: refused — nothing to commit in runs/
[2026-05-18T19:12:55Z] push: pushing branch=ticket/T108-t108-multi-project-onboarding-and-project-registry
[2026-05-18T19:12:56Z] push: done branch=ticket/T108-t108-multi-project-onboarding-and-project-registry
[2026-05-18T19:13:30Z] commit-checkpoint: skipped missing scope paths: package.json, package-lock.json
[2026-05-18T19:13:30Z] commit-checkpoint: refused — nothing to commit in runs/
[2026-05-18T19:13:30Z] push: pushing branch=ticket/T108-t108-multi-project-onboarding-and-project-registry
[2026-05-18T19:13:32Z] push: done branch=ticket/T108-t108-multi-project-onboarding-and-project-registry
[2026-05-18T19:14:06Z] commit-checkpoint: skipped missing scope paths: package.json, package-lock.json
[2026-05-18T19:14:06Z] commit-checkpoint: refused — nothing to commit in runs/
[2026-05-18T19:14:06Z] push: pushing branch=ticket/T108-t108-multi-project-onboarding-and-project-registry
[2026-05-18T19:14:08Z] push: done branch=ticket/T108-t108-multi-project-onboarding-and-project-registry
[2026-05-18T19:14:42Z] commit-checkpoint: skipped missing scope paths: package.json, package-lock.json
[2026-05-18T19:14:42Z] commit-checkpoint: refused — nothing to commit in runs/
[2026-05-18T19:14:43Z] push: pushing branch=ticket/T108-t108-multi-project-onboarding-and-project-registry
[2026-05-18T19:14:44Z] push: done branch=ticket/T108-t108-multi-project-onboarding-and-project-registry
[2026-05-18T19:15:18Z] commit-checkpoint: skipped missing scope paths: package.json, package-lock.json
[2026-05-18T19:15:18Z] commit-checkpoint: refused — nothing to commit in runs/
[2026-05-18T19:15:18Z] push: pushing branch=ticket/T108-t108-multi-project-onboarding-and-project-registry
[2026-05-18T19:15:20Z] push: done branch=ticket/T108-t108-multi-project-onboarding-and-project-registry
[2026-05-18T19:15:54Z] commit-checkpoint: skipped missing scope paths: package.json, package-lock.json
[2026-05-18T19:15:54Z] commit-checkpoint: refused — nothing to commit in runs/
[2026-05-18T19:15:54Z] push: pushing branch=ticket/T108-t108-multi-project-onboarding-and-project-registry
[2026-05-18T19:15:56Z] push: done branch=ticket/T108-t108-multi-project-onboarding-and-project-registry
[2026-05-18T19:16:30Z] commit-checkpoint: skipped missing scope paths: package.json, package-lock.json
[2026-05-18T19:16:30Z] commit-checkpoint: refused — nothing to commit in runs/
[2026-05-18T19:16:30Z] push: pushing branch=ticket/T108-t108-multi-project-onboarding-and-project-registry
[2026-05-18T19:16:32Z] push: done branch=ticket/T108-t108-multi-project-onboarding-and-project-registry
[2026-05-18T19:17:06Z] commit-checkpoint: skipped missing scope paths: package.json, package-lock.json
[2026-05-18T19:17:06Z] commit-checkpoint: refused — nothing to commit in runs/
[2026-05-18T19:17:06Z] push: pushing branch=ticket/T108-t108-multi-project-onboarding-and-project-registry
[2026-05-18T19:17:08Z] push: done branch=ticket/T108-t108-multi-project-onboarding-and-project-registry
[2026-05-18T19:17:42Z] commit-checkpoint: skipped missing scope paths: package.json, package-lock.json
[2026-05-18T19:17:42Z] commit-checkpoint: refused — nothing to commit in runs/
[2026-05-18T19:17:42Z] push: pushing branch=ticket/T108-t108-multi-project-onboarding-and-project-registry
[2026-05-18T19:17:43Z] push: done branch=ticket/T108-t108-multi-project-onboarding-and-project-registry
[2026-05-18T19:18:18Z] commit-checkpoint: skipped missing scope paths: package.json, package-lock.json
[2026-05-18T19:18:18Z] commit-checkpoint: refused — nothing to commit in runs/
[2026-05-18T19:18:18Z] push: pushing branch=ticket/T108-t108-multi-project-onboarding-and-project-registry
[2026-05-18T19:18:19Z] push: done branch=ticket/T108-t108-multi-project-onboarding-and-project-registry
[2026-05-18T19:18:53Z] commit-checkpoint: skipped missing scope paths: package.json, package-lock.json
[2026-05-18T19:18:53Z] commit-checkpoint: refused — nothing to commit in runs/
[2026-05-18T19:18:53Z] push: pushing branch=ticket/T108-t108-multi-project-onboarding-and-project-registry
[2026-05-18T19:18:55Z] push: done branch=ticket/T108-t108-multi-project-onboarding-and-project-registry
[2026-05-18T19:19:29Z] commit-checkpoint: skipped missing scope paths: package.json, package-lock.json
[2026-05-18T19:19:29Z] commit-checkpoint: refused — nothing to commit in runs/
[2026-05-18T19:19:29Z] push: pushing branch=ticket/T108-t108-multi-project-onboarding-and-project-registry
[2026-05-18T19:19:31Z] push: done branch=ticket/T108-t108-multi-project-onboarding-and-project-registry
[2026-05-18T19:20:05Z] commit-checkpoint: skipped missing scope paths: package.json, package-lock.json
[2026-05-18T19:20:05Z] commit-checkpoint: refused — nothing to commit in runs/
[2026-05-18T19:20:05Z] push: pushing branch=ticket/T108-t108-multi-project-onboarding-and-project-registry
[2026-05-18T19:20:07Z] push: done branch=ticket/T108-t108-multi-project-onboarding-and-project-registry
[2026-05-18T19:20:41Z] commit-checkpoint: skipped missing scope paths: package.json, package-lock.json
[2026-05-18T19:20:41Z] commit-checkpoint: refused — nothing to commit in runs/
[2026-05-18T19:20:41Z] push: pushing branch=ticket/T108-t108-multi-project-onboarding-and-project-registry
[2026-05-18T19:20:43Z] push: done branch=ticket/T108-t108-multi-project-onboarding-and-project-registry
[2026-05-18T19:21:17Z] commit-checkpoint: skipped missing scope paths: package.json, package-lock.json
[2026-05-18T19:21:17Z] commit-checkpoint: refused — nothing to commit in runs/
[2026-05-18T19:21:17Z] push: pushing branch=ticket/T108-t108-multi-project-onboarding-and-project-registry
[2026-05-18T19:21:18Z] push: done branch=ticket/T108-t108-multi-project-onboarding-and-project-registry
[2026-05-18T19:21:53Z] commit-checkpoint: skipped missing scope paths: package.json, package-lock.json
[2026-05-18T19:21:53Z] commit-checkpoint: refused — nothing to commit in runs/
[2026-05-18T19:21:53Z] push: pushing branch=ticket/T108-t108-multi-project-onboarding-and-project-registry
[2026-05-18T19:21:54Z] push: done branch=ticket/T108-t108-multi-project-onboarding-and-project-registry
[2026-05-18T19:22:29Z] commit-checkpoint: skipped missing scope paths: package.json, package-lock.json
[2026-05-18T19:22:29Z] commit-checkpoint: refused — nothing to commit in runs/
[2026-05-18T19:22:29Z] push: pushing branch=ticket/T108-t108-multi-project-onboarding-and-project-registry
[2026-05-18T19:22:30Z] push: done branch=ticket/T108-t108-multi-project-onboarding-and-project-registry
[2026-05-18T19:23:05Z] commit-checkpoint: skipped missing scope paths: package.json, package-lock.json
[2026-05-18T19:23:05Z] commit-checkpoint: refused — nothing to commit in runs/
[2026-05-18T19:23:05Z] push: pushing branch=ticket/T108-t108-multi-project-onboarding-and-project-registry
[2026-05-18T19:23:07Z] push: done branch=ticket/T108-t108-multi-project-onboarding-and-project-registry
[2026-05-18T19:23:41Z] commit-checkpoint: skipped missing scope paths: package.json, package-lock.json
[2026-05-18T19:23:41Z] commit-checkpoint: refused — nothing to commit in runs/
[2026-05-18T19:23:41Z] push: pushing branch=ticket/T108-t108-multi-project-onboarding-and-project-registry
[2026-05-18T19:23:42Z] push: done branch=ticket/T108-t108-multi-project-onboarding-and-project-registry
[2026-05-18T19:24:17Z] commit-checkpoint: skipped missing scope paths: package.json, package-lock.json
[2026-05-18T19:24:17Z] commit-checkpoint: refused — nothing to commit in runs/
[2026-05-18T19:24:17Z] push: pushing branch=ticket/T108-t108-multi-project-onboarding-and-project-registry
[2026-05-18T19:24:19Z] push: done branch=ticket/T108-t108-multi-project-onboarding-and-project-registry
[2026-05-18T19:24:53Z] commit-checkpoint: skipped missing scope paths: package.json, package-lock.json
[2026-05-18T19:24:53Z] commit-checkpoint: refused — nothing to commit in runs/
[2026-05-18T19:24:53Z] push: pushing branch=ticket/T108-t108-multi-project-onboarding-and-project-registry
[2026-05-18T19:24:55Z] push: done branch=ticket/T108-t108-multi-project-onboarding-and-project-registry
[2026-05-18T19:25:29Z] commit-checkpoint: skipped missing scope paths: package.json, package-lock.json
[2026-05-18T19:25:29Z] commit-checkpoint: refused — nothing to commit in runs/
[2026-05-18T19:25:29Z] push: pushing branch=ticket/T108-t108-multi-project-onboarding-and-project-registry
[2026-05-18T19:25:30Z] push: done branch=ticket/T108-t108-multi-project-onboarding-and-project-registry
[2026-05-18T19:26:05Z] commit-checkpoint: skipped missing scope paths: package.json, package-lock.json
[2026-05-18T19:26:05Z] commit-checkpoint: refused — nothing to commit in runs/
[2026-05-18T19:26:05Z] push: pushing branch=ticket/T108-t108-multi-project-onboarding-and-project-registry
[2026-05-18T19:26:06Z] push: done branch=ticket/T108-t108-multi-project-onboarding-and-project-registry
[2026-05-18T19:26:41Z] commit-checkpoint: skipped missing scope paths: package.json, package-lock.json
[2026-05-18T19:26:41Z] commit-checkpoint: refused — nothing to commit in runs/
[2026-05-18T19:26:41Z] push: pushing branch=ticket/T108-t108-multi-project-onboarding-and-project-registry
[2026-05-18T19:26:42Z] push: done branch=ticket/T108-t108-multi-project-onboarding-and-project-registry
[2026-05-18T19:27:17Z] commit-checkpoint: skipped missing scope paths: package.json, package-lock.json
[2026-05-18T19:27:17Z] commit-checkpoint: refused — nothing to commit in runs/
[2026-05-18T19:27:17Z] push: pushing branch=ticket/T108-t108-multi-project-onboarding-and-project-registry
[2026-05-18T19:27:18Z] push: done branch=ticket/T108-t108-multi-project-onboarding-and-project-registry
[2026-05-18T19:27:53Z] commit-checkpoint: skipped missing scope paths: package.json, package-lock.json
[2026-05-18T19:27:53Z] commit-checkpoint: refused — nothing to commit in runs/
[2026-05-18T19:27:53Z] push: pushing branch=ticket/T108-t108-multi-project-onboarding-and-project-registry
[2026-05-18T19:27:54Z] push: done branch=ticket/T108-t108-multi-project-onboarding-and-project-registry
[2026-05-18T19:28:28Z] commit-checkpoint: skipped missing scope paths: package.json, package-lock.json
[2026-05-18T19:28:29Z] commit-checkpoint: refused — nothing to commit in runs/
[2026-05-18T19:28:29Z] push: pushing branch=ticket/T108-t108-multi-project-onboarding-and-project-registry
[2026-05-18T19:28:30Z] push: done branch=ticket/T108-t108-multi-project-onboarding-and-project-registry
[2026-05-18T19:29:04Z] commit-checkpoint: skipped missing scope paths: package.json, package-lock.json
[2026-05-18T19:29:04Z] commit-checkpoint: refused — nothing to commit in runs/
[2026-05-18T19:29:05Z] push: pushing branch=ticket/T108-t108-multi-project-onboarding-and-project-registry
[2026-05-18T19:29:06Z] push: done branch=ticket/T108-t108-multi-project-onboarding-and-project-registry
[2026-05-18T19:29:40Z] commit-checkpoint: skipped missing scope paths: package.json, package-lock.json
[2026-05-18T19:29:40Z] commit-checkpoint: refused — nothing to commit in runs/
[2026-05-18T19:29:40Z] push: pushing branch=ticket/T108-t108-multi-project-onboarding-and-project-registry
[2026-05-18T19:29:42Z] push: done branch=ticket/T108-t108-multi-project-onboarding-and-project-registry
[2026-05-18T19:30:16Z] commit-checkpoint: skipped missing scope paths: package.json, package-lock.json
[2026-05-18T19:30:16Z] commit-checkpoint: refused — nothing to commit in runs/
[2026-05-18T19:30:16Z] push: pushing branch=ticket/T108-t108-multi-project-onboarding-and-project-registry
[2026-05-18T19:30:18Z] push: done branch=ticket/T108-t108-multi-project-onboarding-and-project-registry
[2026-05-18T19:30:52Z] commit-checkpoint: skipped missing scope paths: package.json, package-lock.json
[2026-05-18T19:30:52Z] commit-checkpoint: refused — nothing to commit in runs/
[2026-05-18T19:30:52Z] push: pushing branch=ticket/T108-t108-multi-project-onboarding-and-project-registry
[2026-05-18T19:30:54Z] push: done branch=ticket/T108-t108-multi-project-onboarding-and-project-registry
[2026-05-18T19:31:28Z] commit-checkpoint: skipped missing scope paths: package.json, package-lock.json
[2026-05-18T19:31:28Z] commit-checkpoint: refused — nothing to commit in runs/
[2026-05-18T19:31:28Z] push: pushing branch=ticket/T108-t108-multi-project-onboarding-and-project-registry
[2026-05-18T19:31:29Z] push: done branch=ticket/T108-t108-multi-project-onboarding-and-project-registry
[2026-05-18T19:32:04Z] commit-checkpoint: skipped missing scope paths: package.json, package-lock.json
[2026-05-18T19:32:04Z] commit-checkpoint: refused — nothing to commit in runs/
[2026-05-18T19:32:04Z] push: pushing branch=ticket/T108-t108-multi-project-onboarding-and-project-registry
[2026-05-18T19:32:05Z] push: done branch=ticket/T108-t108-multi-project-onboarding-and-project-registry
[2026-05-18T19:32:40Z] commit-checkpoint: skipped missing scope paths: package.json, package-lock.json
[2026-05-18T19:32:40Z] commit-checkpoint: refused — nothing to commit in runs/
[2026-05-18T19:32:40Z] push: pushing branch=ticket/T108-t108-multi-project-onboarding-and-project-registry
[2026-05-18T19:32:41Z] push: done branch=ticket/T108-t108-multi-project-onboarding-and-project-registry
[2026-05-18T19:33:15Z] commit-checkpoint: skipped missing scope paths: package.json, package-lock.json
[2026-05-18T19:33:15Z] commit-checkpoint: refused — nothing to commit in runs/
[2026-05-18T19:33:16Z] push: pushing branch=ticket/T108-t108-multi-project-onboarding-and-project-registry
[2026-05-18T19:33:17Z] push: done branch=ticket/T108-t108-multi-project-onboarding-and-project-registry
[2026-05-18T19:33:51Z] commit-checkpoint: skipped missing scope paths: package.json, package-lock.json
[2026-05-18T19:33:51Z] commit-checkpoint: refused — nothing to commit in runs/
[2026-05-18T19:33:51Z] push: pushing branch=ticket/T108-t108-multi-project-onboarding-and-project-registry
[2026-05-18T19:33:53Z] push: done branch=ticket/T108-t108-multi-project-onboarding-and-project-registry
[2026-05-18T19:34:27Z] commit-checkpoint: skipped missing scope paths: package.json, package-lock.json
[2026-05-18T19:34:27Z] commit-checkpoint: refused — nothing to commit in runs/
[2026-05-18T19:34:27Z] push: pushing branch=ticket/T108-t108-multi-project-onboarding-and-project-registry
[2026-05-18T19:34:29Z] push: done branch=ticket/T108-t108-multi-project-onboarding-and-project-registry
[2026-05-18T19:35:03Z] commit-checkpoint: skipped missing scope paths: package.json, package-lock.json
[2026-05-18T19:35:03Z] commit-checkpoint: refused — nothing to commit in runs/
[2026-05-18T19:35:03Z] push: pushing branch=ticket/T108-t108-multi-project-onboarding-and-project-registry
[2026-05-18T19:35:05Z] push: done branch=ticket/T108-t108-multi-project-onboarding-and-project-registry
[2026-05-18T19:35:39Z] commit-checkpoint: skipped missing scope paths: package.json, package-lock.json
[2026-05-18T19:35:39Z] commit-checkpoint: refused — nothing to commit in runs/
[2026-05-18T19:35:39Z] push: pushing branch=ticket/T108-t108-multi-project-onboarding-and-project-registry
[2026-05-18T19:35:41Z] push: done branch=ticket/T108-t108-multi-project-onboarding-and-project-registry
[2026-05-18T19:36:15Z] commit-checkpoint: skipped missing scope paths: package.json, package-lock.json
[2026-05-18T19:36:15Z] commit-checkpoint: refused — nothing to commit in runs/
[2026-05-18T19:36:15Z] push: pushing branch=ticket/T108-t108-multi-project-onboarding-and-project-registry
[2026-05-18T19:36:17Z] push: done branch=ticket/T108-t108-multi-project-onboarding-and-project-registry
[2026-05-18T19:36:51Z] commit-checkpoint: skipped missing scope paths: package.json, package-lock.json
[2026-05-18T19:36:51Z] commit-checkpoint: refused — nothing to commit in runs/
[2026-05-18T19:36:51Z] push: pushing branch=ticket/T108-t108-multi-project-onboarding-and-project-registry
[2026-05-18T19:36:53Z] push: done branch=ticket/T108-t108-multi-project-onboarding-and-project-registry
[2026-05-18T19:37:27Z] commit-checkpoint: skipped missing scope paths: package.json, package-lock.json
[2026-05-18T19:37:27Z] commit-checkpoint: refused — nothing to commit in runs/
[2026-05-18T19:37:27Z] push: pushing branch=ticket/T108-t108-multi-project-onboarding-and-project-registry
[2026-05-18T19:37:29Z] push: done branch=ticket/T108-t108-multi-project-onboarding-and-project-registry
[2026-05-18T19:38:03Z] commit-checkpoint: skipped missing scope paths: package.json, package-lock.json
[2026-05-18T19:38:03Z] commit-checkpoint: refused — nothing to commit in runs/
[2026-05-18T19:38:03Z] push: pushing branch=ticket/T108-t108-multi-project-onboarding-and-project-registry
[2026-05-18T19:38:05Z] push: done branch=ticket/T108-t108-multi-project-onboarding-and-project-registry
[2026-05-18T19:38:39Z] commit-checkpoint: skipped missing scope paths: package.json, package-lock.json
[2026-05-18T19:38:39Z] commit-checkpoint: refused — nothing to commit in runs/
[2026-05-18T19:38:39Z] push: pushing branch=ticket/T108-t108-multi-project-onboarding-and-project-registry
[2026-05-18T19:38:41Z] push: done branch=ticket/T108-t108-multi-project-onboarding-and-project-registry
[2026-05-18T19:39:15Z] commit-checkpoint: skipped missing scope paths: package.json, package-lock.json
[2026-05-18T19:39:15Z] commit-checkpoint: refused — nothing to commit in runs/
[2026-05-18T19:39:15Z] push: pushing branch=ticket/T108-t108-multi-project-onboarding-and-project-registry
[2026-05-18T19:39:16Z] push: done branch=ticket/T108-t108-multi-project-onboarding-and-project-registry
[2026-05-18T19:39:51Z] commit-checkpoint: skipped missing scope paths: package.json, package-lock.json
[2026-05-18T19:39:51Z] commit-checkpoint: refused — nothing to commit in runs/
[2026-05-18T19:39:51Z] push: pushing branch=ticket/T108-t108-multi-project-onboarding-and-project-registry
[2026-05-18T19:39:52Z] push: done branch=ticket/T108-t108-multi-project-onboarding-and-project-registry
[2026-05-18T19:40:27Z] commit-checkpoint: skipped missing scope paths: package.json, package-lock.json
[2026-05-18T19:40:27Z] commit-checkpoint: refused — nothing to commit in runs/
[2026-05-18T19:40:27Z] push: pushing branch=ticket/T108-t108-multi-project-onboarding-and-project-registry
[2026-05-18T19:40:28Z] push: done branch=ticket/T108-t108-multi-project-onboarding-and-project-registry
[2026-05-18T19:41:03Z] commit-checkpoint: skipped missing scope paths: package.json, package-lock.json
[2026-05-18T19:41:03Z] commit-checkpoint: refused — nothing to commit in runs/
[2026-05-18T19:41:03Z] push: pushing branch=ticket/T108-t108-multi-project-onboarding-and-project-registry
[2026-05-18T19:41:04Z] push: done branch=ticket/T108-t108-multi-project-onboarding-and-project-registry
[2026-05-18T19:41:39Z] commit-checkpoint: skipped missing scope paths: package.json, package-lock.json
[2026-05-18T19:41:39Z] commit-checkpoint: refused — nothing to commit in runs/
[2026-05-18T19:41:39Z] push: pushing branch=ticket/T108-t108-multi-project-onboarding-and-project-registry
[2026-05-18T19:41:40Z] push: done branch=ticket/T108-t108-multi-project-onboarding-and-project-registry
[2026-05-18T19:42:14Z] commit-checkpoint: skipped missing scope paths: package.json, package-lock.json
[2026-05-18T19:42:14Z] commit-checkpoint: refused — nothing to commit in runs/
[2026-05-18T19:42:14Z] push: pushing branch=ticket/T108-t108-multi-project-onboarding-and-project-registry
[2026-05-18T19:42:16Z] push: done branch=ticket/T108-t108-multi-project-onboarding-and-project-registry
[2026-05-18T19:42:50Z] commit-checkpoint: skipped missing scope paths: package.json, package-lock.json
[2026-05-18T19:42:50Z] commit-checkpoint: refused — nothing to commit in runs/
[2026-05-18T19:42:50Z] push: pushing branch=ticket/T108-t108-multi-project-onboarding-and-project-registry
[2026-05-18T19:42:52Z] push: done branch=ticket/T108-t108-multi-project-onboarding-and-project-registry
[2026-05-18T19:43:26Z] commit-checkpoint: skipped missing scope paths: package.json, package-lock.json
[2026-05-18T19:43:26Z] commit-checkpoint: refused — nothing to commit in runs/
[2026-05-18T19:43:26Z] push: pushing branch=ticket/T108-t108-multi-project-onboarding-and-project-registry
[2026-05-18T19:43:28Z] push: done branch=ticket/T108-t108-multi-project-onboarding-and-project-registry
[2026-05-18T19:44:02Z] commit-checkpoint: skipped missing scope paths: package.json, package-lock.json
[2026-05-18T19:44:02Z] commit-checkpoint: refused — nothing to commit in runs/
[2026-05-18T19:44:02Z] push: pushing branch=ticket/T108-t108-multi-project-onboarding-and-project-registry
[2026-05-18T19:44:04Z] push: done branch=ticket/T108-t108-multi-project-onboarding-and-project-registry
[2026-05-18T19:44:38Z] commit-checkpoint: skipped missing scope paths: package.json, package-lock.json
[2026-05-18T19:44:38Z] commit-checkpoint: refused — nothing to commit in runs/
[2026-05-18T19:44:38Z] push: pushing branch=ticket/T108-t108-multi-project-onboarding-and-project-registry
[2026-05-18T19:44:40Z] push: done branch=ticket/T108-t108-multi-project-onboarding-and-project-registry
[2026-05-18T19:45:14Z] commit-checkpoint: skipped missing scope paths: package.json, package-lock.json
[2026-05-18T19:45:14Z] commit-checkpoint: refused — nothing to commit in runs/
[2026-05-18T19:45:14Z] push: pushing branch=ticket/T108-t108-multi-project-onboarding-and-project-registry
[2026-05-18T19:45:16Z] push: done branch=ticket/T108-t108-multi-project-onboarding-and-project-registry
[2026-05-18T19:45:50Z] commit-checkpoint: skipped missing scope paths: package.json, package-lock.json
[2026-05-18T19:45:50Z] commit-checkpoint: refused — nothing to commit in runs/
[2026-05-18T19:45:50Z] push: pushing branch=ticket/T108-t108-multi-project-onboarding-and-project-registry
[2026-05-18T19:45:52Z] push: done branch=ticket/T108-t108-multi-project-onboarding-and-project-registry
[2026-05-18T19:46:26Z] commit-checkpoint: skipped missing scope paths: package.json, package-lock.json
[2026-05-18T19:46:26Z] commit-checkpoint: refused — nothing to commit in runs/
[2026-05-18T19:46:26Z] push: pushing branch=ticket/T108-t108-multi-project-onboarding-and-project-registry
[2026-05-18T19:46:28Z] push: done branch=ticket/T108-t108-multi-project-onboarding-and-project-registry
[2026-05-18T19:47:02Z] commit-checkpoint: skipped missing scope paths: package.json, package-lock.json
[2026-05-18T19:47:02Z] commit-checkpoint: refused — nothing to commit in runs/
[2026-05-18T19:47:02Z] push: pushing branch=ticket/T108-t108-multi-project-onboarding-and-project-registry
[2026-05-18T19:47:04Z] push: done branch=ticket/T108-t108-multi-project-onboarding-and-project-registry
[2026-05-18T19:47:38Z] commit-checkpoint: skipped missing scope paths: package.json, package-lock.json
[2026-05-18T19:47:38Z] commit-checkpoint: refused — nothing to commit in runs/
[2026-05-18T19:47:38Z] push: pushing branch=ticket/T108-t108-multi-project-onboarding-and-project-registry
[2026-05-18T19:47:39Z] push: done branch=ticket/T108-t108-multi-project-onboarding-and-project-registry
[2026-05-18T19:48:14Z] commit-checkpoint: skipped missing scope paths: package.json, package-lock.json
[2026-05-18T19:48:14Z] commit-checkpoint: refused — nothing to commit in runs/
[2026-05-18T19:48:14Z] push: pushing branch=ticket/T108-t108-multi-project-onboarding-and-project-registry
[2026-05-18T19:48:15Z] push: done branch=ticket/T108-t108-multi-project-onboarding-and-project-registry
[2026-05-18T19:48:50Z] commit-checkpoint: skipped missing scope paths: package.json, package-lock.json
[2026-05-18T19:48:50Z] commit-checkpoint: refused — nothing to commit in runs/
[2026-05-18T19:48:50Z] push: pushing branch=ticket/T108-t108-multi-project-onboarding-and-project-registry
[2026-05-18T19:48:51Z] push: done branch=ticket/T108-t108-multi-project-onboarding-and-project-registry
[2026-05-18T19:49:25Z] commit-checkpoint: skipped missing scope paths: package.json, package-lock.json
[2026-05-18T19:49:25Z] commit-checkpoint: refused — nothing to commit in runs/
[2026-05-18T19:49:25Z] push: pushing branch=ticket/T108-t108-multi-project-onboarding-and-project-registry
[2026-05-18T19:49:27Z] push: done branch=ticket/T108-t108-multi-project-onboarding-and-project-registry
[2026-05-18T19:50:01Z] commit-checkpoint: skipped missing scope paths: package.json, package-lock.json
[2026-05-18T19:50:01Z] commit-checkpoint: refused — nothing to commit in runs/
[2026-05-18T19:50:02Z] push: pushing branch=ticket/T108-t108-multi-project-onboarding-and-project-registry
[2026-05-18T19:50:03Z] push: done branch=ticket/T108-t108-multi-project-onboarding-and-project-registry
[2026-05-18T19:50:38Z] commit-checkpoint: skipped missing scope paths: package.json, package-lock.json
[2026-05-18T19:50:38Z] commit-checkpoint: refused — nothing to commit in runs/
[2026-05-18T19:50:38Z] push: pushing branch=ticket/T108-t108-multi-project-onboarding-and-project-registry
[2026-05-18T19:50:39Z] push: done branch=ticket/T108-t108-multi-project-onboarding-and-project-registry
[2026-05-18T19:51:14Z] commit-checkpoint: skipped missing scope paths: package.json, package-lock.json
[2026-05-18T19:51:14Z] commit-checkpoint: refused — nothing to commit in runs/
[2026-05-18T19:51:14Z] push: pushing branch=ticket/T108-t108-multi-project-onboarding-and-project-registry
[2026-05-18T19:51:16Z] push: done branch=ticket/T108-t108-multi-project-onboarding-and-project-registry
[2026-05-18T19:51:50Z] commit-checkpoint: skipped missing scope paths: package.json, package-lock.json
[2026-05-18T19:51:50Z] commit-checkpoint: refused — nothing to commit in runs/
[2026-05-18T19:51:50Z] push: pushing branch=ticket/T108-t108-multi-project-onboarding-and-project-registry
[2026-05-18T19:51:52Z] push: done branch=ticket/T108-t108-multi-project-onboarding-and-project-registry
[2026-05-18T19:52:26Z] commit-checkpoint: skipped missing scope paths: package.json, package-lock.json
[2026-05-18T19:52:26Z] commit-checkpoint: refused — nothing to commit in runs/
[2026-05-18T19:52:26Z] push: pushing branch=ticket/T108-t108-multi-project-onboarding-and-project-registry
[2026-05-18T19:52:27Z] push: done branch=ticket/T108-t108-multi-project-onboarding-and-project-registry
[2026-05-18T19:53:02Z] commit-checkpoint: skipped missing scope paths: package.json, package-lock.json
[2026-05-18T19:53:02Z] commit-checkpoint: refused — nothing to commit in runs/
[2026-05-18T19:53:02Z] push: pushing branch=ticket/T108-t108-multi-project-onboarding-and-project-registry
[2026-05-18T19:53:03Z] push: done branch=ticket/T108-t108-multi-project-onboarding-and-project-registry
[2026-05-18T19:53:37Z] commit-checkpoint: skipped missing scope paths: package.json, package-lock.json
[2026-05-18T19:53:37Z] commit-checkpoint: refused — nothing to commit in runs/
[2026-05-18T19:53:38Z] push: pushing branch=ticket/T108-t108-multi-project-onboarding-and-project-registry
[2026-05-18T19:53:39Z] push: done branch=ticket/T108-t108-multi-project-onboarding-and-project-registry
[2026-05-18T19:54:13Z] commit-checkpoint: skipped missing scope paths: package.json, package-lock.json
[2026-05-18T19:54:13Z] commit-checkpoint: refused — nothing to commit in runs/
[2026-05-18T19:54:13Z] push: pushing branch=ticket/T108-t108-multi-project-onboarding-and-project-registry
[2026-05-18T19:54:15Z] push: done branch=ticket/T108-t108-multi-project-onboarding-and-project-registry
[2026-05-18T19:54:49Z] commit-checkpoint: skipped missing scope paths: package.json, package-lock.json
[2026-05-18T19:54:49Z] commit-checkpoint: refused — nothing to commit in runs/
[2026-05-18T19:54:49Z] push: pushing branch=ticket/T108-t108-multi-project-onboarding-and-project-registry
[2026-05-18T19:54:51Z] push: done branch=ticket/T108-t108-multi-project-onboarding-and-project-registry
[2026-05-18T19:55:25Z] commit-checkpoint: skipped missing scope paths: package.json, package-lock.json
[2026-05-18T19:55:25Z] commit-checkpoint: refused — nothing to commit in runs/
[2026-05-18T19:55:25Z] push: pushing branch=ticket/T108-t108-multi-project-onboarding-and-project-registry
[2026-05-18T19:55:27Z] push: done branch=ticket/T108-t108-multi-project-onboarding-and-project-registry
[2026-05-18T19:56:01Z] commit-checkpoint: skipped missing scope paths: package.json, package-lock.json
[2026-05-18T19:56:01Z] commit-checkpoint: refused — nothing to commit in runs/
[2026-05-18T19:56:01Z] push: pushing branch=ticket/T108-t108-multi-project-onboarding-and-project-registry
[2026-05-18T19:56:03Z] push: done branch=ticket/T108-t108-multi-project-onboarding-and-project-registry
[2026-05-18T19:56:37Z] commit-checkpoint: skipped missing scope paths: package.json, package-lock.json
[2026-05-18T19:56:37Z] commit-checkpoint: refused — nothing to commit in runs/
[2026-05-18T19:56:37Z] push: pushing branch=ticket/T108-t108-multi-project-onboarding-and-project-registry
[2026-05-18T19:56:38Z] push: done branch=ticket/T108-t108-multi-project-onboarding-and-project-registry
[2026-05-18T19:57:13Z] commit-checkpoint: skipped missing scope paths: package.json, package-lock.json
[2026-05-18T19:57:13Z] commit-checkpoint: refused — nothing to commit in runs/
[2026-05-18T19:57:13Z] push: pushing branch=ticket/T108-t108-multi-project-onboarding-and-project-registry
[2026-05-18T19:57:14Z] push: done branch=ticket/T108-t108-multi-project-onboarding-and-project-registry
[2026-05-18T19:57:49Z] commit-checkpoint: skipped missing scope paths: package.json, package-lock.json
[2026-05-18T19:57:49Z] commit-checkpoint: refused — nothing to commit in runs/
[2026-05-18T19:57:49Z] push: pushing branch=ticket/T108-t108-multi-project-onboarding-and-project-registry
[2026-05-18T19:57:50Z] push: done branch=ticket/T108-t108-multi-project-onboarding-and-project-registry
[2026-05-18T19:58:25Z] commit-checkpoint: skipped missing scope paths: package.json, package-lock.json
[2026-05-18T19:58:25Z] commit-checkpoint: refused — nothing to commit in runs/
[2026-05-18T19:58:25Z] push: pushing branch=ticket/T108-t108-multi-project-onboarding-and-project-registry
[2026-05-18T19:58:26Z] push: done branch=ticket/T108-t108-multi-project-onboarding-and-project-registry
[2026-05-18T19:59:00Z] commit-checkpoint: skipped missing scope paths: package.json, package-lock.json
[2026-05-18T19:59:00Z] commit-checkpoint: refused — nothing to commit in runs/
[2026-05-18T19:59:00Z] push: pushing branch=ticket/T108-t108-multi-project-onboarding-and-project-registry
[2026-05-18T19:59:02Z] push: done branch=ticket/T108-t108-multi-project-onboarding-and-project-registry
[2026-05-18T19:59:36Z] commit-checkpoint: skipped missing scope paths: package.json, package-lock.json
[2026-05-18T19:59:36Z] commit-checkpoint: refused — nothing to commit in runs/
[2026-05-18T19:59:36Z] push: pushing branch=ticket/T108-t108-multi-project-onboarding-and-project-registry
[2026-05-18T19:59:38Z] push: done branch=ticket/T108-t108-multi-project-onboarding-and-project-registry
[2026-05-18T20:00:12Z] commit-checkpoint: skipped missing scope paths: package.json, package-lock.json
[2026-05-18T20:00:12Z] commit-checkpoint: refused — nothing to commit in runs/
[2026-05-18T20:00:12Z] push: pushing branch=ticket/T108-t108-multi-project-onboarding-and-project-registry
[2026-05-18T20:00:14Z] push: done branch=ticket/T108-t108-multi-project-onboarding-and-project-registry
[2026-05-18T20:00:48Z] commit-checkpoint: skipped missing scope paths: package.json, package-lock.json
[2026-05-18T20:00:48Z] commit-checkpoint: refused — nothing to commit in runs/
[2026-05-18T20:00:48Z] push: pushing branch=ticket/T108-t108-multi-project-onboarding-and-project-registry
[2026-05-18T20:00:49Z] push: done branch=ticket/T108-t108-multi-project-onboarding-and-project-registry
[2026-05-18T20:01:24Z] commit-checkpoint: skipped missing scope paths: package.json, package-lock.json
[2026-05-18T20:01:24Z] commit-checkpoint: refused — nothing to commit in runs/
[2026-05-18T20:01:24Z] push: pushing branch=ticket/T108-t108-multi-project-onboarding-and-project-registry
[2026-05-18T20:01:25Z] push: done branch=ticket/T108-t108-multi-project-onboarding-and-project-registry
[2026-05-18T20:01:59Z] commit-checkpoint: skipped missing scope paths: package.json, package-lock.json
[2026-05-18T20:01:59Z] commit-checkpoint: refused — nothing to commit in runs/
[2026-05-18T20:01:59Z] push: pushing branch=ticket/T108-t108-multi-project-onboarding-and-project-registry
[2026-05-18T20:02:01Z] push: done branch=ticket/T108-t108-multi-project-onboarding-and-project-registry
[2026-05-18T20:02:36Z] commit-checkpoint: skipped missing scope paths: package.json, package-lock.json
[2026-05-18T20:02:36Z] commit-checkpoint: refused — nothing to commit in runs/
[2026-05-18T20:02:36Z] push: pushing branch=ticket/T108-t108-multi-project-onboarding-and-project-registry
[2026-05-18T20:02:37Z] push: done branch=ticket/T108-t108-multi-project-onboarding-and-project-registry
[2026-05-18T20:03:11Z] commit-checkpoint: skipped missing scope paths: package.json, package-lock.json
[2026-05-18T20:03:12Z] commit-checkpoint: refused — nothing to commit in runs/
[2026-05-18T20:03:12Z] push: pushing branch=ticket/T108-t108-multi-project-onboarding-and-project-registry
[2026-05-18T20:03:13Z] push: done branch=ticket/T108-t108-multi-project-onboarding-and-project-registry
[2026-05-18T20:03:47Z] commit-checkpoint: skipped missing scope paths: package.json, package-lock.json
[2026-05-18T20:03:47Z] commit-checkpoint: refused — nothing to commit in runs/
[2026-05-18T20:03:47Z] push: pushing branch=ticket/T108-t108-multi-project-onboarding-and-project-registry
[2026-05-18T20:03:49Z] push: done branch=ticket/T108-t108-multi-project-onboarding-and-project-registry
[2026-05-18T20:04:23Z] commit-checkpoint: skipped missing scope paths: package.json, package-lock.json
[2026-05-18T20:04:23Z] commit-checkpoint: refused — nothing to commit in runs/
[2026-05-18T20:04:23Z] push: pushing branch=ticket/T108-t108-multi-project-onboarding-and-project-registry
[2026-05-18T20:04:25Z] push: done branch=ticket/T108-t108-multi-project-onboarding-and-project-registry
[2026-05-18T20:04:59Z] commit-checkpoint: skipped missing scope paths: package.json, package-lock.json
[2026-05-18T20:04:59Z] commit-checkpoint: refused — nothing to commit in runs/
[2026-05-18T20:04:59Z] push: pushing branch=ticket/T108-t108-multi-project-onboarding-and-project-registry
[2026-05-18T20:05:01Z] push: done branch=ticket/T108-t108-multi-project-onboarding-and-project-registry
[2026-05-18T20:05:35Z] commit-checkpoint: skipped missing scope paths: package.json, package-lock.json
[2026-05-18T20:05:35Z] commit-checkpoint: refused — nothing to commit in runs/
[2026-05-18T20:05:35Z] push: pushing branch=ticket/T108-t108-multi-project-onboarding-and-project-registry
[2026-05-18T20:05:37Z] push: done branch=ticket/T108-t108-multi-project-onboarding-and-project-registry
[2026-05-18T20:06:11Z] commit-checkpoint: skipped missing scope paths: package.json, package-lock.json
[2026-05-18T20:06:11Z] commit-checkpoint: refused — nothing to commit in runs/
[2026-05-18T20:06:11Z] push: pushing branch=ticket/T108-t108-multi-project-onboarding-and-project-registry
[2026-05-18T20:06:13Z] push: done branch=ticket/T108-t108-multi-project-onboarding-and-project-registry
[2026-05-18T20:06:47Z] commit-checkpoint: skipped missing scope paths: package.json, package-lock.json
[2026-05-18T20:06:47Z] commit-checkpoint: refused — nothing to commit in runs/
[2026-05-18T20:06:47Z] push: pushing branch=ticket/T108-t108-multi-project-onboarding-and-project-registry
[2026-05-18T20:06:49Z] push: done branch=ticket/T108-t108-multi-project-onboarding-and-project-registry
[2026-05-18T20:07:23Z] commit-checkpoint: skipped missing scope paths: package.json, package-lock.json
[2026-05-18T20:07:23Z] commit-checkpoint: refused — nothing to commit in runs/
[2026-05-18T20:07:23Z] push: pushing branch=ticket/T108-t108-multi-project-onboarding-and-project-registry
[2026-05-18T20:07:24Z] push: done branch=ticket/T108-t108-multi-project-onboarding-and-project-registry
[2026-05-18T20:07:59Z] commit-checkpoint: skipped missing scope paths: package.json, package-lock.json
[2026-05-18T20:07:59Z] commit-checkpoint: refused — nothing to commit in runs/
[2026-05-18T20:07:59Z] push: pushing branch=ticket/T108-t108-multi-project-onboarding-and-project-registry
[2026-05-18T20:08:00Z] push: done branch=ticket/T108-t108-multi-project-onboarding-and-project-registry
[2026-05-18T20:08:35Z] commit-checkpoint: skipped missing scope paths: package.json, package-lock.json
[2026-05-18T20:08:35Z] commit-checkpoint: refused — nothing to commit in runs/
[2026-05-18T20:08:35Z] push: pushing branch=ticket/T108-t108-multi-project-onboarding-and-project-registry
[2026-05-18T20:08:36Z] push: done branch=ticket/T108-t108-multi-project-onboarding-and-project-registry
[2026-05-18T20:09:11Z] commit-checkpoint: skipped missing scope paths: package.json, package-lock.json
[2026-05-18T20:09:11Z] commit-checkpoint: refused — nothing to commit in runs/
[2026-05-18T20:09:11Z] push: pushing branch=ticket/T108-t108-multi-project-onboarding-and-project-registry
[2026-05-18T20:09:12Z] push: done branch=ticket/T108-t108-multi-project-onboarding-and-project-registry
[2026-05-18T20:09:47Z] commit-checkpoint: skipped missing scope paths: package.json, package-lock.json
[2026-05-18T20:09:47Z] commit-checkpoint: refused — nothing to commit in runs/
[2026-05-18T20:09:47Z] push: pushing branch=ticket/T108-t108-multi-project-onboarding-and-project-registry
[2026-05-18T20:09:48Z] push: done branch=ticket/T108-t108-multi-project-onboarding-and-project-registry
[2026-05-18T20:10:22Z] commit-checkpoint: skipped missing scope paths: package.json, package-lock.json
[2026-05-18T20:10:22Z] commit-checkpoint: refused — nothing to commit in runs/
[2026-05-18T20:10:22Z] push: pushing branch=ticket/T108-t108-multi-project-onboarding-and-project-registry
[2026-05-18T20:10:24Z] push: done branch=ticket/T108-t108-multi-project-onboarding-and-project-registry
[2026-05-18T20:10:58Z] commit-checkpoint: skipped missing scope paths: package.json, package-lock.json
[2026-05-18T20:10:58Z] commit-checkpoint: refused — nothing to commit in runs/
[2026-05-18T20:10:58Z] push: pushing branch=ticket/T108-t108-multi-project-onboarding-and-project-registry
[2026-05-18T20:11:00Z] push: done branch=ticket/T108-t108-multi-project-onboarding-and-project-registry
[2026-05-18T20:11:34Z] commit-checkpoint: skipped missing scope paths: package.json, package-lock.json
[2026-05-18T20:11:34Z] commit-checkpoint: refused — nothing to commit in runs/
[2026-05-18T20:11:34Z] push: pushing branch=ticket/T108-t108-multi-project-onboarding-and-project-registry
[2026-05-18T20:11:36Z] push: done branch=ticket/T108-t108-multi-project-onboarding-and-project-registry
[2026-05-18T20:12:10Z] commit-checkpoint: skipped missing scope paths: package.json, package-lock.json
[2026-05-18T20:12:10Z] commit-checkpoint: refused — nothing to commit in runs/
[2026-05-18T20:12:10Z] push: pushing branch=ticket/T108-t108-multi-project-onboarding-and-project-registry
[2026-05-18T20:12:12Z] push: done branch=ticket/T108-t108-multi-project-onboarding-and-project-registry
[2026-05-18T20:12:46Z] commit-checkpoint: skipped missing scope paths: package.json, package-lock.json
[2026-05-18T20:12:46Z] commit-checkpoint: refused — nothing to commit in runs/
[2026-05-18T20:12:46Z] push: pushing branch=ticket/T108-t108-multi-project-onboarding-and-project-registry
[2026-05-18T20:12:47Z] push: done branch=ticket/T108-t108-multi-project-onboarding-and-project-registry
[2026-05-18T20:13:22Z] commit-checkpoint: skipped missing scope paths: package.json, package-lock.json
[2026-05-18T20:13:22Z] commit-checkpoint: refused — nothing to commit in runs/
[2026-05-18T20:13:22Z] push: pushing branch=ticket/T108-t108-multi-project-onboarding-and-project-registry
[2026-05-18T20:13:23Z] push: done branch=ticket/T108-t108-multi-project-onboarding-and-project-registry
[2026-05-18T20:13:58Z] commit-checkpoint: skipped missing scope paths: package.json, package-lock.json
[2026-05-18T20:13:58Z] commit-checkpoint: refused — nothing to commit in runs/
[2026-05-18T20:13:58Z] push: pushing branch=ticket/T108-t108-multi-project-onboarding-and-project-registry
[2026-05-18T20:13:59Z] push: done branch=ticket/T108-t108-multi-project-onboarding-and-project-registry
[2026-05-18T20:14:34Z] commit-checkpoint: skipped missing scope paths: package.json, package-lock.json
[2026-05-18T20:14:34Z] commit-checkpoint: refused — nothing to commit in runs/
[2026-05-18T20:14:34Z] push: pushing branch=ticket/T108-t108-multi-project-onboarding-and-project-registry
[2026-05-18T20:14:35Z] push: done branch=ticket/T108-t108-multi-project-onboarding-and-project-registry
[2026-05-18T20:15:10Z] commit-checkpoint: skipped missing scope paths: package.json, package-lock.json
[2026-05-18T20:15:10Z] commit-checkpoint: refused — nothing to commit in runs/
[2026-05-18T20:15:10Z] push: pushing branch=ticket/T108-t108-multi-project-onboarding-and-project-registry
[2026-05-18T20:15:11Z] push: done branch=ticket/T108-t108-multi-project-onboarding-and-project-registry
[2026-05-18T20:15:45Z] commit-checkpoint: skipped missing scope paths: package.json, package-lock.json
[2026-05-18T20:15:45Z] commit-checkpoint: refused — nothing to commit in runs/
[2026-05-18T20:15:46Z] push: pushing branch=ticket/T108-t108-multi-project-onboarding-and-project-registry
[2026-05-18T20:15:47Z] push: done branch=ticket/T108-t108-multi-project-onboarding-and-project-registry
[2026-05-18T20:16:21Z] commit-checkpoint: skipped missing scope paths: package.json, package-lock.json
[2026-05-18T20:16:21Z] commit-checkpoint: refused — nothing to commit in runs/
[2026-05-18T20:16:21Z] push: pushing branch=ticket/T108-t108-multi-project-onboarding-and-project-registry
[2026-05-18T20:16:23Z] push: done branch=ticket/T108-t108-multi-project-onboarding-and-project-registry
[2026-05-18T20:16:57Z] commit-checkpoint: skipped missing scope paths: package.json, package-lock.json
[2026-05-18T20:16:57Z] commit-checkpoint: refused — nothing to commit in runs/
[2026-05-18T20:16:57Z] push: pushing branch=ticket/T108-t108-multi-project-onboarding-and-project-registry
[2026-05-18T20:16:59Z] push: done branch=ticket/T108-t108-multi-project-onboarding-and-project-registry
[2026-05-18T20:17:33Z] commit-checkpoint: skipped missing scope paths: package.json, package-lock.json
[2026-05-18T20:17:33Z] commit-checkpoint: refused — nothing to commit in runs/
[2026-05-18T20:17:33Z] push: pushing branch=ticket/T108-t108-multi-project-onboarding-and-project-registry
[2026-05-18T20:17:35Z] push: done branch=ticket/T108-t108-multi-project-onboarding-and-project-registry
[2026-05-18T20:18:09Z] commit-checkpoint: skipped missing scope paths: package.json, package-lock.json
[2026-05-18T20:18:09Z] commit-checkpoint: refused — nothing to commit in runs/
[2026-05-18T20:18:09Z] push: pushing branch=ticket/T108-t108-multi-project-onboarding-and-project-registry
[2026-05-18T20:18:11Z] push: done branch=ticket/T108-t108-multi-project-onboarding-and-project-registry
[2026-05-18T20:18:45Z] commit-checkpoint: skipped missing scope paths: package.json, package-lock.json
[2026-05-18T20:18:45Z] commit-checkpoint: refused — nothing to commit in runs/
[2026-05-18T20:18:45Z] push: pushing branch=ticket/T108-t108-multi-project-onboarding-and-project-registry
[2026-05-18T20:18:47Z] push: done branch=ticket/T108-t108-multi-project-onboarding-and-project-registry
[2026-05-18T20:19:21Z] commit-checkpoint: skipped missing scope paths: package.json, package-lock.json
[2026-05-18T20:19:21Z] commit-checkpoint: refused — nothing to commit in runs/
[2026-05-18T20:19:21Z] push: pushing branch=ticket/T108-t108-multi-project-onboarding-and-project-registry
[2026-05-18T20:19:22Z] push: done branch=ticket/T108-t108-multi-project-onboarding-and-project-registry
[2026-05-18T20:19:57Z] commit-checkpoint: skipped missing scope paths: package.json, package-lock.json
[2026-05-18T20:19:57Z] commit-checkpoint: refused — nothing to commit in runs/
[2026-05-18T20:19:57Z] push: pushing branch=ticket/T108-t108-multi-project-onboarding-and-project-registry
[2026-05-18T20:19:58Z] push: done branch=ticket/T108-t108-multi-project-onboarding-and-project-registry
[2026-05-18T20:20:33Z] commit-checkpoint: skipped missing scope paths: package.json, package-lock.json
[2026-05-18T20:20:33Z] commit-checkpoint: refused — nothing to commit in runs/
[2026-05-18T20:20:33Z] push: pushing branch=ticket/T108-t108-multi-project-onboarding-and-project-registry
[2026-05-18T20:20:34Z] push: done branch=ticket/T108-t108-multi-project-onboarding-and-project-registry
[2026-05-18T20:21:09Z] commit-checkpoint: skipped missing scope paths: package.json, package-lock.json
[2026-05-18T20:21:09Z] commit-checkpoint: refused — nothing to commit in runs/
[2026-05-18T20:21:09Z] push: pushing branch=ticket/T108-t108-multi-project-onboarding-and-project-registry
[2026-05-18T20:21:10Z] push: done branch=ticket/T108-t108-multi-project-onboarding-and-project-registry
[2026-05-18T20:21:45Z] commit-checkpoint: skipped missing scope paths: package.json, package-lock.json
[2026-05-18T20:21:45Z] commit-checkpoint: refused — nothing to commit in runs/
[2026-05-18T20:21:45Z] push: pushing branch=ticket/T108-t108-multi-project-onboarding-and-project-registry
[2026-05-18T20:21:46Z] push: done branch=ticket/T108-t108-multi-project-onboarding-and-project-registry
[2026-05-18T20:22:21Z] commit-checkpoint: skipped missing scope paths: package.json, package-lock.json
[2026-05-18T20:22:21Z] commit-checkpoint: refused — nothing to commit in runs/
[2026-05-18T20:22:21Z] push: pushing branch=ticket/T108-t108-multi-project-onboarding-and-project-registry
[2026-05-18T20:22:22Z] push: done branch=ticket/T108-t108-multi-project-onboarding-and-project-registry
[2026-05-18T20:22:56Z] commit-checkpoint: skipped missing scope paths: package.json, package-lock.json
[2026-05-18T20:22:56Z] commit-checkpoint: refused — nothing to commit in runs/
[2026-05-18T20:22:56Z] push: pushing branch=ticket/T108-t108-multi-project-onboarding-and-project-registry
[2026-05-18T20:22:58Z] push: done branch=ticket/T108-t108-multi-project-onboarding-and-project-registry
[2026-05-18T20:23:32Z] commit-checkpoint: skipped missing scope paths: package.json, package-lock.json
[2026-05-18T20:23:32Z] commit-checkpoint: refused — nothing to commit in runs/
[2026-05-18T20:23:32Z] push: pushing branch=ticket/T108-t108-multi-project-onboarding-and-project-registry
[2026-05-18T20:23:34Z] push: done branch=ticket/T108-t108-multi-project-onboarding-and-project-registry
[2026-05-18T20:24:08Z] commit-checkpoint: skipped missing scope paths: package.json, package-lock.json
[2026-05-18T20:24:08Z] commit-checkpoint: refused — nothing to commit in runs/
[2026-05-18T20:24:09Z] push: pushing branch=ticket/T108-t108-multi-project-onboarding-and-project-registry
[2026-05-18T20:24:10Z] push: done branch=ticket/T108-t108-multi-project-onboarding-and-project-registry
[2026-05-18T20:24:45Z] commit-checkpoint: skipped missing scope paths: package.json, package-lock.json
[2026-05-18T20:24:45Z] commit-checkpoint: refused — nothing to commit in runs/
[2026-05-18T20:24:45Z] push: pushing branch=ticket/T108-t108-multi-project-onboarding-and-project-registry
[2026-05-18T20:24:46Z] push: done branch=ticket/T108-t108-multi-project-onboarding-and-project-registry
[2026-05-18T20:25:21Z] commit-checkpoint: skipped missing scope paths: package.json, package-lock.json
[2026-05-18T20:25:21Z] commit-checkpoint: refused — nothing to commit in runs/
[2026-05-18T20:25:21Z] push: pushing branch=ticket/T108-t108-multi-project-onboarding-and-project-registry
[2026-05-18T20:25:22Z] push: done branch=ticket/T108-t108-multi-project-onboarding-and-project-registry
[2026-05-18T20:25:56Z] commit-checkpoint: skipped missing scope paths: package.json, package-lock.json
[2026-05-18T20:25:56Z] commit-checkpoint: refused — nothing to commit in runs/
[2026-05-18T20:25:57Z] push: pushing branch=ticket/T108-t108-multi-project-onboarding-and-project-registry
[2026-05-18T20:25:58Z] push: done branch=ticket/T108-t108-multi-project-onboarding-and-project-registry
[2026-05-18T20:26:32Z] commit-checkpoint: skipped missing scope paths: package.json, package-lock.json
[2026-05-18T20:26:32Z] commit-checkpoint: refused — nothing to commit in runs/
[2026-05-18T20:26:32Z] push: pushing branch=ticket/T108-t108-multi-project-onboarding-and-project-registry
[2026-05-18T20:26:34Z] push: done branch=ticket/T108-t108-multi-project-onboarding-and-project-registry
[2026-05-18T20:27:08Z] commit-checkpoint: skipped missing scope paths: package.json, package-lock.json
[2026-05-18T20:27:08Z] commit-checkpoint: refused — nothing to commit in runs/
[2026-05-18T20:27:08Z] push: pushing branch=ticket/T108-t108-multi-project-onboarding-and-project-registry
[2026-05-18T20:27:10Z] push: done branch=ticket/T108-t108-multi-project-onboarding-and-project-registry
[2026-05-18T20:27:44Z] commit-checkpoint: skipped missing scope paths: package.json, package-lock.json
[2026-05-18T20:27:44Z] commit-checkpoint: refused — nothing to commit in runs/
[2026-05-18T20:27:44Z] push: pushing branch=ticket/T108-t108-multi-project-onboarding-and-project-registry
[2026-05-18T20:27:45Z] push: done branch=ticket/T108-t108-multi-project-onboarding-and-project-registry
[2026-05-18T20:28:20Z] commit-checkpoint: skipped missing scope paths: package.json, package-lock.json
[2026-05-18T20:28:20Z] commit-checkpoint: refused — nothing to commit in runs/
[2026-05-18T20:28:20Z] push: pushing branch=ticket/T108-t108-multi-project-onboarding-and-project-registry
[2026-05-18T20:28:21Z] push: done branch=ticket/T108-t108-multi-project-onboarding-and-project-registry
[2026-05-18T20:28:56Z] commit-checkpoint: skipped missing scope paths: package.json, package-lock.json
[2026-05-18T20:28:56Z] commit-checkpoint: refused — nothing to commit in runs/
[2026-05-18T20:28:56Z] push: pushing branch=ticket/T108-t108-multi-project-onboarding-and-project-registry
[2026-05-18T20:28:58Z] push: done branch=ticket/T108-t108-multi-project-onboarding-and-project-registry
[2026-05-18T20:29:32Z] commit-checkpoint: skipped missing scope paths: package.json, package-lock.json
[2026-05-18T20:29:32Z] commit-checkpoint: refused — nothing to commit in runs/
[2026-05-18T20:29:32Z] push: pushing branch=ticket/T108-t108-multi-project-onboarding-and-project-registry
[2026-05-18T20:29:33Z] push: done branch=ticket/T108-t108-multi-project-onboarding-and-project-registry
[2026-05-18T20:30:08Z] commit-checkpoint: skipped missing scope paths: package.json, package-lock.json
[2026-05-18T20:30:08Z] commit-checkpoint: refused — nothing to commit in runs/
[2026-05-18T20:30:08Z] push: pushing branch=ticket/T108-t108-multi-project-onboarding-and-project-registry
[2026-05-18T20:30:09Z] push: done branch=ticket/T108-t108-multi-project-onboarding-and-project-registry
[2026-05-18T20:30:43Z] commit-checkpoint: skipped missing scope paths: package.json, package-lock.json
[2026-05-18T20:30:44Z] commit-checkpoint: refused — nothing to commit in runs/
[2026-05-18T20:30:44Z] push: pushing branch=ticket/T108-t108-multi-project-onboarding-and-project-registry
[2026-05-18T20:30:45Z] push: done branch=ticket/T108-t108-multi-project-onboarding-and-project-registry
[2026-05-18T20:31:19Z] commit-checkpoint: skipped missing scope paths: package.json, package-lock.json
[2026-05-18T20:31:19Z] commit-checkpoint: refused — nothing to commit in runs/
[2026-05-18T20:31:20Z] push: pushing branch=ticket/T108-t108-multi-project-onboarding-and-project-registry
[2026-05-18T20:31:21Z] push: done branch=ticket/T108-t108-multi-project-onboarding-and-project-registry
[2026-05-18T20:31:55Z] commit-checkpoint: skipped missing scope paths: package.json, package-lock.json
[2026-05-18T20:31:55Z] commit-checkpoint: refused — nothing to commit in runs/
[2026-05-18T20:31:55Z] push: pushing branch=ticket/T108-t108-multi-project-onboarding-and-project-registry
[2026-05-18T20:31:57Z] push: done branch=ticket/T108-t108-multi-project-onboarding-and-project-registry
[2026-05-18T20:32:31Z] commit-checkpoint: skipped missing scope paths: package.json, package-lock.json
[2026-05-18T20:32:31Z] commit-checkpoint: refused — nothing to commit in runs/
[2026-05-18T20:32:31Z] push: pushing branch=ticket/T108-t108-multi-project-onboarding-and-project-registry
[2026-05-18T20:32:33Z] push: done branch=ticket/T108-t108-multi-project-onboarding-and-project-registry
[2026-05-18T20:33:07Z] commit-checkpoint: skipped missing scope paths: package.json, package-lock.json
[2026-05-18T20:33:07Z] commit-checkpoint: refused — nothing to commit in runs/
[2026-05-18T20:33:07Z] push: pushing branch=ticket/T108-t108-multi-project-onboarding-and-project-registry
[2026-05-18T20:33:08Z] push: done branch=ticket/T108-t108-multi-project-onboarding-and-project-registry
[2026-05-18T20:33:43Z] commit-checkpoint: skipped missing scope paths: package.json, package-lock.json
[2026-05-18T20:33:43Z] commit-checkpoint: refused — nothing to commit in runs/
[2026-05-18T20:33:43Z] push: pushing branch=ticket/T108-t108-multi-project-onboarding-and-project-registry
[2026-05-18T20:33:44Z] push: done branch=ticket/T108-t108-multi-project-onboarding-and-project-registry
[2026-05-18T20:34:18Z] commit-checkpoint: skipped missing scope paths: package.json, package-lock.json
[2026-05-18T20:34:18Z] commit-checkpoint: refused — nothing to commit in runs/
[2026-05-18T20:34:18Z] push: pushing branch=ticket/T108-t108-multi-project-onboarding-and-project-registry
[2026-05-18T20:34:20Z] push: done branch=ticket/T108-t108-multi-project-onboarding-and-project-registry
[2026-05-18T20:34:54Z] commit-checkpoint: skipped missing scope paths: package.json, package-lock.json
[2026-05-18T20:34:54Z] commit-checkpoint: refused — nothing to commit in runs/
[2026-05-18T20:34:54Z] push: pushing branch=ticket/T108-t108-multi-project-onboarding-and-project-registry
[2026-05-18T20:34:56Z] push: done branch=ticket/T108-t108-multi-project-onboarding-and-project-registry
[2026-05-18T20:35:30Z] commit-checkpoint: skipped missing scope paths: package.json, package-lock.json
[2026-05-18T20:35:30Z] commit-checkpoint: refused — nothing to commit in runs/
[2026-05-18T20:35:30Z] push: pushing branch=ticket/T108-t108-multi-project-onboarding-and-project-registry
[2026-05-18T20:35:32Z] push: done branch=ticket/T108-t108-multi-project-onboarding-and-project-registry
[2026-05-18T20:36:06Z] commit-checkpoint: skipped missing scope paths: package.json, package-lock.json
[2026-05-18T20:36:06Z] commit-checkpoint: refused — nothing to commit in runs/
[2026-05-18T20:36:06Z] push: pushing branch=ticket/T108-t108-multi-project-onboarding-and-project-registry
[2026-05-18T20:36:08Z] push: done branch=ticket/T108-t108-multi-project-onboarding-and-project-registry
[2026-05-18T20:36:42Z] commit-checkpoint: skipped missing scope paths: package.json, package-lock.json
[2026-05-18T20:36:42Z] commit-checkpoint: refused — nothing to commit in runs/
[2026-05-18T20:36:42Z] push: pushing branch=ticket/T108-t108-multi-project-onboarding-and-project-registry
[2026-05-18T20:36:44Z] push: done branch=ticket/T108-t108-multi-project-onboarding-and-project-registry
[2026-05-18T20:37:18Z] commit-checkpoint: skipped missing scope paths: package.json, package-lock.json
[2026-05-18T20:37:18Z] commit-checkpoint: refused — nothing to commit in runs/
[2026-05-18T20:37:18Z] push: pushing branch=ticket/T108-t108-multi-project-onboarding-and-project-registry
[2026-05-18T20:37:20Z] push: done branch=ticket/T108-t108-multi-project-onboarding-and-project-registry
[2026-05-18T20:37:54Z] commit-checkpoint: skipped missing scope paths: package.json, package-lock.json
[2026-05-18T20:37:54Z] commit-checkpoint: refused — nothing to commit in runs/
[2026-05-18T20:37:54Z] push: pushing branch=ticket/T108-t108-multi-project-onboarding-and-project-registry
[2026-05-18T20:37:56Z] push: done branch=ticket/T108-t108-multi-project-onboarding-and-project-registry
[2026-05-18T20:38:30Z] commit-checkpoint: skipped missing scope paths: package.json, package-lock.json
[2026-05-18T20:38:30Z] commit-checkpoint: refused — nothing to commit in runs/
[2026-05-18T20:38:30Z] push: pushing branch=ticket/T108-t108-multi-project-onboarding-and-project-registry
[2026-05-18T20:38:32Z] push: done branch=ticket/T108-t108-multi-project-onboarding-and-project-registry
[2026-05-18T20:39:06Z] commit-checkpoint: skipped missing scope paths: package.json, package-lock.json
[2026-05-18T20:39:06Z] commit-checkpoint: refused — nothing to commit in runs/
[2026-05-18T20:39:06Z] push: pushing branch=ticket/T108-t108-multi-project-onboarding-and-project-registry
[2026-05-18T20:39:07Z] push: done branch=ticket/T108-t108-multi-project-onboarding-and-project-registry
[2026-05-18T20:39:41Z] commit-checkpoint: skipped missing scope paths: package.json, package-lock.json
[2026-05-18T20:39:41Z] commit-checkpoint: refused — nothing to commit in runs/
[2026-05-18T20:39:42Z] push: pushing branch=ticket/T108-t108-multi-project-onboarding-and-project-registry
[2026-05-18T20:39:43Z] push: done branch=ticket/T108-t108-multi-project-onboarding-and-project-registry
[2026-05-18T20:40:18Z] commit-checkpoint: skipped missing scope paths: package.json, package-lock.json
[2026-05-18T20:40:18Z] commit-checkpoint: refused — nothing to commit in runs/
[2026-05-18T20:40:18Z] push: pushing branch=ticket/T108-t108-multi-project-onboarding-and-project-registry
[2026-05-18T20:40:19Z] push: done branch=ticket/T108-t108-multi-project-onboarding-and-project-registry
[2026-05-18T20:40:53Z] commit-checkpoint: skipped missing scope paths: package.json, package-lock.json
[2026-05-18T20:40:53Z] commit-checkpoint: refused — nothing to commit in runs/
[2026-05-18T20:40:53Z] push: pushing branch=ticket/T108-t108-multi-project-onboarding-and-project-registry
[2026-05-18T20:40:55Z] push: done branch=ticket/T108-t108-multi-project-onboarding-and-project-registry
[2026-05-18T20:41:30Z] commit-checkpoint: skipped missing scope paths: package.json, package-lock.json
[2026-05-18T20:41:30Z] commit-checkpoint: refused — nothing to commit in runs/
[2026-05-18T20:41:30Z] push: pushing branch=ticket/T108-t108-multi-project-onboarding-and-project-registry
[2026-05-18T20:41:31Z] push: done branch=ticket/T108-t108-multi-project-onboarding-and-project-registry
[2026-05-18T20:42:06Z] commit-checkpoint: skipped missing scope paths: package.json, package-lock.json
[2026-05-18T20:42:06Z] commit-checkpoint: refused — nothing to commit in runs/
[2026-05-18T20:42:06Z] push: pushing branch=ticket/T108-t108-multi-project-onboarding-and-project-registry
[2026-05-18T20:42:07Z] push: done branch=ticket/T108-t108-multi-project-onboarding-and-project-registry
[2026-05-18T20:42:42Z] commit-checkpoint: skipped missing scope paths: package.json, package-lock.json
[2026-05-18T20:42:42Z] commit-checkpoint: refused — nothing to commit in runs/
[2026-05-18T20:42:42Z] push: pushing branch=ticket/T108-t108-multi-project-onboarding-and-project-registry
[2026-05-18T20:42:43Z] push: done branch=ticket/T108-t108-multi-project-onboarding-and-project-registry
[2026-05-18T20:43:17Z] commit-checkpoint: skipped missing scope paths: package.json, package-lock.json
[2026-05-18T20:43:17Z] commit-checkpoint: refused — nothing to commit in runs/
[2026-05-18T20:43:17Z] push: pushing branch=ticket/T108-t108-multi-project-onboarding-and-project-registry
[2026-05-18T20:43:19Z] push: done branch=ticket/T108-t108-multi-project-onboarding-and-project-registry
[2026-05-18T20:43:53Z] commit-checkpoint: skipped missing scope paths: package.json, package-lock.json
[2026-05-18T20:43:53Z] commit-checkpoint: refused — nothing to commit in runs/
[2026-05-18T20:43:53Z] push: pushing branch=ticket/T108-t108-multi-project-onboarding-and-project-registry
[2026-05-18T20:43:55Z] push: done branch=ticket/T108-t108-multi-project-onboarding-and-project-registry
[2026-05-18T20:44:29Z] commit-checkpoint: skipped missing scope paths: package.json, package-lock.json
[2026-05-18T20:44:29Z] commit-checkpoint: refused — nothing to commit in runs/
[2026-05-18T20:44:29Z] push: pushing branch=ticket/T108-t108-multi-project-onboarding-and-project-registry
[2026-05-18T20:44:31Z] push: done branch=ticket/T108-t108-multi-project-onboarding-and-project-registry
[2026-05-18T20:45:05Z] commit-checkpoint: skipped missing scope paths: package.json, package-lock.json
[2026-05-18T20:45:05Z] commit-checkpoint: refused — nothing to commit in runs/
[2026-05-18T20:45:05Z] push: pushing branch=ticket/T108-t108-multi-project-onboarding-and-project-registry
[2026-05-18T20:45:07Z] push: done branch=ticket/T108-t108-multi-project-onboarding-and-project-registry
[2026-05-18T20:45:41Z] commit-checkpoint: skipped missing scope paths: package.json, package-lock.json
[2026-05-18T20:45:41Z] commit-checkpoint: refused — nothing to commit in runs/
[2026-05-18T20:45:41Z] push: pushing branch=ticket/T108-t108-multi-project-onboarding-and-project-registry
[2026-05-18T20:45:43Z] push: done branch=ticket/T108-t108-multi-project-onboarding-and-project-registry
[2026-05-18T20:46:17Z] commit-checkpoint: skipped missing scope paths: package.json, package-lock.json
[2026-05-18T20:46:17Z] commit-checkpoint: refused — nothing to commit in runs/
[2026-05-18T20:46:17Z] push: pushing branch=ticket/T108-t108-multi-project-onboarding-and-project-registry
[2026-05-18T20:46:18Z] push: done branch=ticket/T108-t108-multi-project-onboarding-and-project-registry
[2026-05-18T20:46:53Z] commit-checkpoint: skipped missing scope paths: package.json, package-lock.json
[2026-05-18T20:46:53Z] commit-checkpoint: refused — nothing to commit in runs/
[2026-05-18T20:46:53Z] push: pushing branch=ticket/T108-t108-multi-project-onboarding-and-project-registry
[2026-05-18T20:46:54Z] push: done branch=ticket/T108-t108-multi-project-onboarding-and-project-registry
[2026-05-18T20:47:28Z] commit-checkpoint: skipped missing scope paths: package.json, package-lock.json
[2026-05-18T20:47:28Z] commit-checkpoint: refused — nothing to commit in runs/
[2026-05-18T20:47:29Z] push: pushing branch=ticket/T108-t108-multi-project-onboarding-and-project-registry
[2026-05-18T20:47:30Z] push: done branch=ticket/T108-t108-multi-project-onboarding-and-project-registry
[2026-05-18T20:48:04Z] commit-checkpoint: skipped missing scope paths: package.json, package-lock.json
[2026-05-18T20:48:04Z] commit-checkpoint: refused — nothing to commit in runs/
[2026-05-18T20:48:04Z] push: pushing branch=ticket/T108-t108-multi-project-onboarding-and-project-registry
[2026-05-18T20:48:06Z] push: done branch=ticket/T108-t108-multi-project-onboarding-and-project-registry
[2026-05-18T20:48:40Z] commit-checkpoint: skipped missing scope paths: package.json, package-lock.json
[2026-05-18T20:48:40Z] commit-checkpoint: refused — nothing to commit in runs/
[2026-05-18T20:48:40Z] push: pushing branch=ticket/T108-t108-multi-project-onboarding-and-project-registry
[2026-05-18T20:48:42Z] push: done branch=ticket/T108-t108-multi-project-onboarding-and-project-registry
[2026-05-18T20:49:16Z] commit-checkpoint: skipped missing scope paths: package.json, package-lock.json
[2026-05-18T20:49:16Z] commit-checkpoint: refused — nothing to commit in runs/
[2026-05-18T20:49:16Z] push: pushing branch=ticket/T108-t108-multi-project-onboarding-and-project-registry
[2026-05-18T20:49:18Z] push: done branch=ticket/T108-t108-multi-project-onboarding-and-project-registry
[2026-05-18T20:49:52Z] commit-checkpoint: skipped missing scope paths: package.json, package-lock.json
[2026-05-18T20:49:52Z] commit-checkpoint: refused — nothing to commit in runs/
[2026-05-18T20:49:52Z] push: pushing branch=ticket/T108-t108-multi-project-onboarding-and-project-registry
[2026-05-18T20:49:54Z] push: done branch=ticket/T108-t108-multi-project-onboarding-and-project-registry
[2026-05-18T20:50:28Z] commit-checkpoint: skipped missing scope paths: package.json, package-lock.json
[2026-05-18T20:50:28Z] commit-checkpoint: refused — nothing to commit in runs/
[2026-05-18T20:50:28Z] push: pushing branch=ticket/T108-t108-multi-project-onboarding-and-project-registry
[2026-05-18T20:50:29Z] push: done branch=ticket/T108-t108-multi-project-onboarding-and-project-registry
[2026-05-18T20:51:04Z] commit-checkpoint: skipped missing scope paths: package.json, package-lock.json
[2026-05-18T20:51:04Z] commit-checkpoint: refused — nothing to commit in runs/
[2026-05-18T20:51:04Z] push: pushing branch=ticket/T108-t108-multi-project-onboarding-and-project-registry
[2026-05-18T20:51:05Z] push: done branch=ticket/T108-t108-multi-project-onboarding-and-project-registry
[2026-05-18T20:51:39Z] commit-checkpoint: skipped missing scope paths: package.json, package-lock.json
[2026-05-18T20:51:39Z] commit-checkpoint: refused — nothing to commit in runs/
[2026-05-18T20:51:40Z] push: pushing branch=ticket/T108-t108-multi-project-onboarding-and-project-registry
[2026-05-18T20:51:41Z] push: done branch=ticket/T108-t108-multi-project-onboarding-and-project-registry
[2026-05-18T20:52:15Z] commit-checkpoint: skipped missing scope paths: package.json, package-lock.json
[2026-05-18T20:52:15Z] commit-checkpoint: refused — nothing to commit in runs/
[2026-05-18T20:52:15Z] push: pushing branch=ticket/T108-t108-multi-project-onboarding-and-project-registry
[2026-05-18T20:52:17Z] push: done branch=ticket/T108-t108-multi-project-onboarding-and-project-registry
[2026-05-18T20:52:51Z] commit-checkpoint: skipped missing scope paths: package.json, package-lock.json
[2026-05-18T20:52:51Z] commit-checkpoint: refused — nothing to commit in runs/
[2026-05-18T20:52:51Z] push: pushing branch=ticket/T108-t108-multi-project-onboarding-and-project-registry
[2026-05-18T20:52:53Z] push: done branch=ticket/T108-t108-multi-project-onboarding-and-project-registry
[2026-05-18T20:53:27Z] commit-checkpoint: skipped missing scope paths: package.json, package-lock.json
[2026-05-18T20:53:27Z] commit-checkpoint: refused — nothing to commit in runs/
[2026-05-18T20:53:27Z] push: pushing branch=ticket/T108-t108-multi-project-onboarding-and-project-registry
[2026-05-18T20:53:29Z] push: done branch=ticket/T108-t108-multi-project-onboarding-and-project-registry
[2026-05-18T20:54:03Z] commit-checkpoint: skipped missing scope paths: package.json, package-lock.json
[2026-05-18T20:54:03Z] commit-checkpoint: refused — nothing to commit in runs/
[2026-05-18T20:54:03Z] push: pushing branch=ticket/T108-t108-multi-project-onboarding-and-project-registry
[2026-05-18T20:54:05Z] push: done branch=ticket/T108-t108-multi-project-onboarding-and-project-registry
[2026-05-18T20:54:39Z] commit-checkpoint: skipped missing scope paths: package.json, package-lock.json
[2026-05-18T20:54:39Z] commit-checkpoint: refused — nothing to commit in runs/
[2026-05-18T20:54:39Z] push: pushing branch=ticket/T108-t108-multi-project-onboarding-and-project-registry
[2026-05-18T20:54:41Z] push: done branch=ticket/T108-t108-multi-project-onboarding-and-project-registry
[2026-05-18T20:55:15Z] commit-checkpoint: skipped missing scope paths: package.json, package-lock.json
[2026-05-18T20:55:15Z] commit-checkpoint: refused — nothing to commit in runs/
[2026-05-18T20:55:15Z] push: pushing branch=ticket/T108-t108-multi-project-onboarding-and-project-registry
[2026-05-18T20:55:16Z] push: done branch=ticket/T108-t108-multi-project-onboarding-and-project-registry
[2026-05-18T20:55:51Z] commit-checkpoint: skipped missing scope paths: package.json, package-lock.json
[2026-05-18T20:55:51Z] commit-checkpoint: refused — nothing to commit in runs/
[2026-05-18T20:55:51Z] push: pushing branch=ticket/T108-t108-multi-project-onboarding-and-project-registry
[2026-05-18T20:55:52Z] push: done branch=ticket/T108-t108-multi-project-onboarding-and-project-registry
[2026-05-18T20:56:26Z] commit-checkpoint: skipped missing scope paths: package.json, package-lock.json
[2026-05-18T20:56:26Z] commit-checkpoint: refused — nothing to commit in runs/
[2026-05-18T20:56:26Z] push: pushing branch=ticket/T108-t108-multi-project-onboarding-and-project-registry
[2026-05-18T20:56:28Z] push: done branch=ticket/T108-t108-multi-project-onboarding-and-project-registry
[2026-05-18T20:57:02Z] commit-checkpoint: skipped missing scope paths: package.json, package-lock.json
[2026-05-18T20:57:02Z] commit-checkpoint: refused — nothing to commit in runs/
[2026-05-18T20:57:02Z] push: pushing branch=ticket/T108-t108-multi-project-onboarding-and-project-registry
[2026-05-18T20:57:04Z] push: done branch=ticket/T108-t108-multi-project-onboarding-and-project-registry
[2026-05-18T20:57:38Z] commit-checkpoint: skipped missing scope paths: package.json, package-lock.json
[2026-05-18T20:57:38Z] commit-checkpoint: refused — nothing to commit in runs/
[2026-05-18T20:57:38Z] push: pushing branch=ticket/T108-t108-multi-project-onboarding-and-project-registry
[2026-05-18T20:57:40Z] push: done branch=ticket/T108-t108-multi-project-onboarding-and-project-registry
[2026-05-18T20:58:14Z] commit-checkpoint: skipped missing scope paths: package.json, package-lock.json
[2026-05-18T20:58:14Z] commit-checkpoint: refused — nothing to commit in runs/
[2026-05-18T20:58:14Z] push: pushing branch=ticket/T108-t108-multi-project-onboarding-and-project-registry
[2026-05-18T20:58:15Z] push: done branch=ticket/T108-t108-multi-project-onboarding-and-project-registry
[2026-05-18T20:58:50Z] commit-checkpoint: skipped missing scope paths: package.json, package-lock.json
[2026-05-18T20:58:50Z] commit-checkpoint: refused — nothing to commit in runs/
[2026-05-18T20:58:50Z] push: pushing branch=ticket/T108-t108-multi-project-onboarding-and-project-registry
[2026-05-18T20:58:51Z] push: done branch=ticket/T108-t108-multi-project-onboarding-and-project-registry
[2026-05-18T20:59:25Z] commit-checkpoint: skipped missing scope paths: package.json, package-lock.json
[2026-05-18T20:59:25Z] commit-checkpoint: refused — nothing to commit in runs/
[2026-05-18T20:59:25Z] push: pushing branch=ticket/T108-t108-multi-project-onboarding-and-project-registry
[2026-05-18T20:59:27Z] push: done branch=ticket/T108-t108-multi-project-onboarding-and-project-registry
[2026-05-18T21:00:01Z] commit-checkpoint: skipped missing scope paths: package.json, package-lock.json
[2026-05-18T21:00:01Z] commit-checkpoint: refused — nothing to commit in runs/
[2026-05-18T21:00:01Z] push: pushing branch=ticket/T108-t108-multi-project-onboarding-and-project-registry
[2026-05-18T21:00:04Z] push: done branch=ticket/T108-t108-multi-project-onboarding-and-project-registry
[2026-05-18T21:00:38Z] commit-checkpoint: skipped missing scope paths: package.json, package-lock.json
[2026-05-18T21:00:38Z] commit-checkpoint: refused — nothing to commit in runs/
[2026-05-18T21:00:38Z] push: pushing branch=ticket/T108-t108-multi-project-onboarding-and-project-registry
[2026-05-18T21:00:40Z] push: done branch=ticket/T108-t108-multi-project-onboarding-and-project-registry
[2026-05-18T21:01:14Z] commit-checkpoint: skipped missing scope paths: package.json, package-lock.json
[2026-05-18T21:01:14Z] commit-checkpoint: refused — nothing to commit in runs/
[2026-05-18T21:01:14Z] push: pushing branch=ticket/T108-t108-multi-project-onboarding-and-project-registry
[2026-05-18T21:01:16Z] push: done branch=ticket/T108-t108-multi-project-onboarding-and-project-registry
[2026-05-18T21:01:50Z] commit-checkpoint: skipped missing scope paths: package.json, package-lock.json
[2026-05-18T21:01:50Z] commit-checkpoint: refused — nothing to commit in runs/
[2026-05-18T21:01:50Z] push: pushing branch=ticket/T108-t108-multi-project-onboarding-and-project-registry
[2026-05-18T21:01:52Z] push: done branch=ticket/T108-t108-multi-project-onboarding-and-project-registry
[2026-05-18T21:02:26Z] commit-checkpoint: skipped missing scope paths: package.json, package-lock.json
[2026-05-18T21:02:26Z] commit-checkpoint: refused — nothing to commit in runs/
[2026-05-18T21:02:26Z] push: pushing branch=ticket/T108-t108-multi-project-onboarding-and-project-registry
[2026-05-18T21:02:27Z] push: done branch=ticket/T108-t108-multi-project-onboarding-and-project-registry
[2026-05-18T21:03:02Z] commit-checkpoint: skipped missing scope paths: package.json, package-lock.json
[2026-05-18T21:03:02Z] commit-checkpoint: refused — nothing to commit in runs/
[2026-05-18T21:03:02Z] push: pushing branch=ticket/T108-t108-multi-project-onboarding-and-project-registry
[2026-05-18T21:03:03Z] push: done branch=ticket/T108-t108-multi-project-onboarding-and-project-registry
[2026-05-18T21:03:38Z] commit-checkpoint: skipped missing scope paths: package.json, package-lock.json
[2026-05-18T21:03:38Z] commit-checkpoint: refused — nothing to commit in runs/
[2026-05-18T21:03:38Z] push: pushing branch=ticket/T108-t108-multi-project-onboarding-and-project-registry
[2026-05-18T21:03:39Z] push: done branch=ticket/T108-t108-multi-project-onboarding-and-project-registry
[2026-05-18T21:04:13Z] commit-checkpoint: skipped missing scope paths: package.json, package-lock.json
[2026-05-18T21:04:13Z] commit-checkpoint: refused — nothing to commit in runs/
[2026-05-18T21:04:13Z] push: pushing branch=ticket/T108-t108-multi-project-onboarding-and-project-registry
[2026-05-18T21:04:15Z] push: done branch=ticket/T108-t108-multi-project-onboarding-and-project-registry
[2026-05-18T21:04:49Z] commit-checkpoint: skipped missing scope paths: package.json, package-lock.json
[2026-05-18T21:04:49Z] commit-checkpoint: refused — nothing to commit in runs/
[2026-05-18T21:04:49Z] push: pushing branch=ticket/T108-t108-multi-project-onboarding-and-project-registry
[2026-05-18T21:04:51Z] push: done branch=ticket/T108-t108-multi-project-onboarding-and-project-registry
[2026-05-18T21:05:25Z] commit-checkpoint: skipped missing scope paths: package.json, package-lock.json
[2026-05-18T21:05:25Z] commit-checkpoint: refused — nothing to commit in runs/
[2026-05-18T21:05:25Z] push: pushing branch=ticket/T108-t108-multi-project-onboarding-and-project-registry
[2026-05-18T21:05:27Z] push: done branch=ticket/T108-t108-multi-project-onboarding-and-project-registry
[2026-05-18T21:06:01Z] commit-checkpoint: skipped missing scope paths: package.json, package-lock.json
[2026-05-18T21:06:01Z] commit-checkpoint: refused — nothing to commit in runs/
[2026-05-18T21:06:01Z] push: pushing branch=ticket/T108-t108-multi-project-onboarding-and-project-registry
[2026-05-18T21:06:03Z] push: done branch=ticket/T108-t108-multi-project-onboarding-and-project-registry
[2026-05-18T21:06:37Z] commit-checkpoint: skipped missing scope paths: package.json, package-lock.json
[2026-05-18T21:06:37Z] commit-checkpoint: refused — nothing to commit in runs/
[2026-05-18T21:06:37Z] push: pushing branch=ticket/T108-t108-multi-project-onboarding-and-project-registry
[2026-05-18T21:06:39Z] push: done branch=ticket/T108-t108-multi-project-onboarding-and-project-registry
[2026-05-18T21:07:13Z] commit-checkpoint: skipped missing scope paths: package.json, package-lock.json
[2026-05-18T21:07:13Z] commit-checkpoint: refused — nothing to commit in runs/
[2026-05-18T21:07:13Z] push: pushing branch=ticket/T108-t108-multi-project-onboarding-and-project-registry
[2026-05-18T21:07:14Z] push: done branch=ticket/T108-t108-multi-project-onboarding-and-project-registry
[2026-05-18T21:07:49Z] commit-checkpoint: skipped missing scope paths: package.json, package-lock.json
[2026-05-18T21:07:49Z] commit-checkpoint: refused — nothing to commit in runs/
[2026-05-18T21:07:49Z] push: pushing branch=ticket/T108-t108-multi-project-onboarding-and-project-registry
[2026-05-18T21:07:50Z] push: done branch=ticket/T108-t108-multi-project-onboarding-and-project-registry
[2026-05-18T21:08:24Z] commit-checkpoint: skipped missing scope paths: package.json, package-lock.json
[2026-05-18T21:08:24Z] commit-checkpoint: refused — nothing to commit in runs/
[2026-05-18T21:08:24Z] push: pushing branch=ticket/T108-t108-multi-project-onboarding-and-project-registry
[2026-05-18T21:08:26Z] push: done branch=ticket/T108-t108-multi-project-onboarding-and-project-registry
[2026-05-18T21:09:00Z] commit-checkpoint: skipped missing scope paths: package.json, package-lock.json
[2026-05-18T21:09:00Z] commit-checkpoint: refused — nothing to commit in runs/
[2026-05-18T21:09:00Z] push: pushing branch=ticket/T108-t108-multi-project-onboarding-and-project-registry
[2026-05-18T21:09:02Z] push: done branch=ticket/T108-t108-multi-project-onboarding-and-project-registry
[2026-05-18T21:09:35Z] commit-checkpoint: skipped missing scope paths: package.json, package-lock.json
[2026-05-18T21:09:36Z] commit-checkpoint: refused — nothing to commit in runs/
[2026-05-18T21:09:36Z] push: pushing branch=ticket/T108-t108-multi-project-onboarding-and-project-registry
[2026-05-18T21:09:37Z] push: done branch=ticket/T108-t108-multi-project-onboarding-and-project-registry
[2026-05-18T21:10:11Z] commit-checkpoint: skipped missing scope paths: package.json, package-lock.json
[2026-05-18T21:10:11Z] commit-checkpoint: refused — nothing to commit in runs/
[2026-05-18T21:10:11Z] push: pushing branch=ticket/T108-t108-multi-project-onboarding-and-project-registry
[2026-05-18T21:10:13Z] push: done branch=ticket/T108-t108-multi-project-onboarding-and-project-registry
[2026-05-18T21:10:47Z] commit-checkpoint: skipped missing scope paths: package.json, package-lock.json
[2026-05-18T21:10:47Z] commit-checkpoint: refused — nothing to commit in runs/
[2026-05-18T21:10:47Z] push: pushing branch=ticket/T108-t108-multi-project-onboarding-and-project-registry
[2026-05-18T21:10:49Z] push: done branch=ticket/T108-t108-multi-project-onboarding-and-project-registry
[2026-05-18T21:11:23Z] commit-checkpoint: skipped missing scope paths: package.json, package-lock.json
[2026-05-18T21:11:23Z] commit-checkpoint: refused — nothing to commit in runs/
[2026-05-18T21:11:23Z] push: pushing branch=ticket/T108-t108-multi-project-onboarding-and-project-registry
[2026-05-18T21:11:25Z] push: done branch=ticket/T108-t108-multi-project-onboarding-and-project-registry
[2026-05-18T21:11:59Z] commit-checkpoint: skipped missing scope paths: package.json, package-lock.json
[2026-05-18T21:11:59Z] commit-checkpoint: refused — nothing to commit in runs/
[2026-05-18T21:11:59Z] push: pushing branch=ticket/T108-t108-multi-project-onboarding-and-project-registry
[2026-05-18T21:12:01Z] push: done branch=ticket/T108-t108-multi-project-onboarding-and-project-registry
[2026-05-18T21:12:35Z] commit-checkpoint: skipped missing scope paths: package.json, package-lock.json
[2026-05-18T21:12:35Z] commit-checkpoint: refused — nothing to commit in runs/
[2026-05-18T21:12:35Z] push: pushing branch=ticket/T108-t108-multi-project-onboarding-and-project-registry
[2026-05-18T21:12:37Z] push: done branch=ticket/T108-t108-multi-project-onboarding-and-project-registry
[2026-05-18T21:13:11Z] commit-checkpoint: skipped missing scope paths: package.json, package-lock.json
[2026-05-18T21:13:11Z] commit-checkpoint: refused — nothing to commit in runs/
[2026-05-18T21:13:11Z] push: pushing branch=ticket/T108-t108-multi-project-onboarding-and-project-registry
[2026-05-18T21:13:13Z] push: done branch=ticket/T108-t108-multi-project-onboarding-and-project-registry
[2026-05-18T21:13:47Z] commit-checkpoint: skipped missing scope paths: package.json, package-lock.json
[2026-05-18T21:13:47Z] commit-checkpoint: refused — nothing to commit in runs/
[2026-05-18T21:13:47Z] push: pushing branch=ticket/T108-t108-multi-project-onboarding-and-project-registry
[2026-05-18T21:13:48Z] push: done branch=ticket/T108-t108-multi-project-onboarding-and-project-registry
[2026-05-18T21:14:22Z] commit-checkpoint: skipped missing scope paths: package.json, package-lock.json
[2026-05-18T21:14:23Z] commit-checkpoint: refused — nothing to commit in runs/
[2026-05-18T21:14:23Z] push: pushing branch=ticket/T108-t108-multi-project-onboarding-and-project-registry
[2026-05-18T21:14:24Z] push: done branch=ticket/T108-t108-multi-project-onboarding-and-project-registry
[2026-05-18T21:14:58Z] commit-checkpoint: skipped missing scope paths: package.json, package-lock.json
[2026-05-18T21:14:58Z] commit-checkpoint: refused — nothing to commit in runs/
[2026-05-18T21:14:58Z] push: pushing branch=ticket/T108-t108-multi-project-onboarding-and-project-registry
[2026-05-18T21:15:00Z] push: done branch=ticket/T108-t108-multi-project-onboarding-and-project-registry
[2026-05-18T21:15:34Z] commit-checkpoint: skipped missing scope paths: package.json, package-lock.json
[2026-05-18T21:15:34Z] commit-checkpoint: refused — nothing to commit in runs/
[2026-05-18T21:15:34Z] push: pushing branch=ticket/T108-t108-multi-project-onboarding-and-project-registry
[2026-05-18T21:15:36Z] push: done branch=ticket/T108-t108-multi-project-onboarding-and-project-registry
